complaint_id,customer_id,complaint_type,status
COMP000001,CUST045989,LOAN_ISSUE,OPEN
COMP000002,CUST092874,UPI_ISSUE,CLOSED
COMP000003,CUST089664,FRAUD_ALERT,OPEN
COMP000004,CUST004481,UPI_ISSUE,CLOSED
COMP000005,CUST089925,LOAN_ISSUE,CLOSED
COMP000006,CUST051959,LOAN_ISSUE,CLOSED
COMP000007,CUST084787,LOAN_ISSUE,CLOSED
COMP000008,CUST079716,UPI_ISSUE,OPEN
COMP000009,CUST005124,UPI_ISSUE,CLOSED
COMP000010,CUST014182,LOAN_ISSUE,OPEN
COMP000011,CUST015761,CARD_ISSUE,CLOSED
COMP000012,CUST034428,LOAN_ISSUE,CLOSED
COMP000013,CUST045766,CARD_ISSUE,CLOSED
COMP000014,CUST052874,UPI_ISSUE,CLOSED
COMP000015,CUST019083,FRAUD_ALERT,CLOSED
COMP000016,CUST013090,FRAUD_ALERT,CLOSED
COMP000017,CUST076984,LOAN_ISSUE,OPEN
COMP000018,CUST019089,LOAN_ISSUE,OPEN
COMP000019,CUST071714,CARD_ISSUE,CLOSED
COMP000020,CUST054893,CARD_ISSUE,CLOSED
COMP000021,CUST025722,UPI_ISSUE,OPEN
COMP000022,CUST091150,LOAN_ISSUE,CLOSED
COMP000023,CUST052319,UPI_ISSUE,CLOSED
COMP000024,CUST043177,CARD_ISSUE,OPEN
COMP000025,CUST020865,CARD_ISSUE,OPEN
COMP000026,CUST004753,CARD_ISSUE,CLOSED
COMP000027,CUST073443,LOAN_ISSUE,OPEN
COMP000028,CUST044718,UPI_ISSUE,OPEN
COMP000029,CUST026995,UPI_ISSUE,CLOSED
COMP000030,CUST012279,FRAUD_ALERT,OPEN
COMP000031,CUST059082,UPI_ISSUE,OPEN
COMP000032,CUST077444,FRAUD_ALERT,OPEN
COMP000033,CUST044127,LOAN_ISSUE,CLOSED
COMP000034,CUST091789,UPI_ISSUE,CLOSED
COMP000035,CUST001121,FRAUD_ALERT,CLOSED
COMP000036,CUST054379,FRAUD_ALERT,OPEN
COMP000037,CUST010068,UPI_ISSUE,CLOSED
COMP000038,CUST042262,FRAUD_ALERT,CLOSED
COMP000039,CUST010269,CARD_ISSUE,OPEN
COMP000040,CUST003981,FRAUD_ALERT,OPEN
COMP000041,CUST009649,UPI_ISSUE,OPEN
COMP000042,CUST033311,LOAN_ISSUE,CLOSED
COMP000043,CUST082872,CARD_ISSUE,CLOSED
COMP000044,CUST017607,LOAN_ISSUE,CLOSED
COMP000045,CUST075477,CARD_ISSUE,CLOSED
COMP000046,CUST007049,LOAN_ISSUE,CLOSED
COMP000047,CUST072745,UPI_ISSUE,OPEN
COMP000048,CUST084657,FRAUD_ALERT,CLOSED
COMP000049,CUST004825,FRAUD_ALERT,CLOSED
COMP000050,CUST030365,CARD_ISSUE,OPEN
COMP000051,CUST009562,UPI_ISSUE,CLOSED
COMP000052,CUST002101,UPI_ISSUE,CLOSED
COMP000053,CUST050900,FRAUD_ALERT,OPEN
COMP000054,CUST046820,LOAN_ISSUE,OPEN
COMP000055,CUST032517,UPI_ISSUE,OPEN
COMP000056,CUST046093,CARD_ISSUE,CLOSED
COMP000057,CUST031210,FRAUD_ALERT,CLOSED
COMP000058,CUST033657,UPI_ISSUE,CLOSED
COMP000059,CUST089513,FRAUD_ALERT,CLOSED
COMP000060,CUST065552,CARD_ISSUE,OPEN
COMP000061,CUST041213,UPI_ISSUE,OPEN
COMP000062,CUST023785,CARD_ISSUE,CLOSED
COMP000063,CUST079900,FRAUD_ALERT,CLOSED
COMP000064,CUST091042,UPI_ISSUE,OPEN
COMP000065,CUST099628,LOAN_ISSUE,OPEN
COMP000066,CUST050601,LOAN_ISSUE,CLOSED
COMP000067,CUST022321,UPI_ISSUE,OPEN
COMP000068,CUST028653,UPI_ISSUE,OPEN
COMP000069,CUST081441,CARD_ISSUE,CLOSED
COMP000070,CUST046240,CARD_ISSUE,OPEN
COMP000071,CUST003945,LOAN_ISSUE,CLOSED
COMP000072,CUST062471,FRAUD_ALERT,OPEN
COMP000073,CUST033464,UPI_ISSUE,OPEN
COMP000074,CUST004813,CARD_ISSUE,CLOSED
COMP000075,CUST067040,FRAUD_ALERT,OPEN
COMP000076,CUST096211,LOAN_ISSUE,CLOSED
COMP000077,CUST048836,FRAUD_ALERT,OPEN
COMP000078,CUST044671,UPI_ISSUE,CLOSED
COMP000079,CUST036810,UPI_ISSUE,CLOSED
COMP000080,CUST016857,UPI_ISSUE,OPEN
COMP000081,CUST087316,CARD_ISSUE,OPEN
COMP000082,CUST023919,UPI_ISSUE,CLOSED
COMP000083,CUST023810,FRAUD_ALERT,OPEN
COMP000084,CUST044279,LOAN_ISSUE,CLOSED
COMP000085,CUST082811,CARD_ISSUE,CLOSED
COMP000086,CUST042560,FRAUD_ALERT,OPEN
COMP000087,CUST071984,LOAN_ISSUE,OPEN
COMP000088,CUST013868,CARD_ISSUE,OPEN
COMP000089,CUST046938,LOAN_ISSUE,OPEN
COMP000090,CUST001997,FRAUD_ALERT,CLOSED
COMP000091,CUST007588,CARD_ISSUE,OPEN
COMP000092,CUST004498,UPI_ISSUE,CLOSED
COMP000093,CUST041744,FRAUD_ALERT,OPEN
COMP000094,CUST085851,FRAUD_ALERT,CLOSED
COMP000095,CUST046655,CARD_ISSUE,CLOSED
COMP000096,CUST010159,FRAUD_ALERT,OPEN
COMP000097,CUST088244,UPI_ISSUE,CLOSED
COMP000098,CUST033533,LOAN_ISSUE,OPEN
COMP000099,CUST000712,CARD_ISSUE,OPEN
COMP000100,CUST027874,FRAUD_ALERT,CLOSED
COMP000101,CUST008996,UPI_ISSUE,CLOSED
COMP000102,CUST049614,FRAUD_ALERT,CLOSED
COMP000103,CUST096406,FRAUD_ALERT,CLOSED
COMP000104,CUST009141,LOAN_ISSUE,CLOSED
COMP000105,CUST018362,LOAN_ISSUE,OPEN
COMP000106,CUST045910,CARD_ISSUE,OPEN
COMP000107,CUST087084,UPI_ISSUE,OPEN
COMP000108,CUST021495,CARD_ISSUE,OPEN
COMP000109,CUST007182,UPI_ISSUE,OPEN
COMP000110,CUST038599,CARD_ISSUE,CLOSED
COMP000111,CUST021725,FRAUD_ALERT,CLOSED
COMP000112,CUST019722,FRAUD_ALERT,CLOSED
COMP000113,CUST098704,CARD_ISSUE,CLOSED
COMP000114,CUST083845,UPI_ISSUE,CLOSED
COMP000115,CUST002591,UPI_ISSUE,OPEN
COMP000116,CUST096976,UPI_ISSUE,OPEN
COMP000117,CUST043806,LOAN_ISSUE,CLOSED
COMP000118,CUST034191,LOAN_ISSUE,OPEN
COMP000119,CUST036598,UPI_ISSUE,CLOSED
COMP000120,CUST096410,CARD_ISSUE,CLOSED
COMP000121,CUST066142,CARD_ISSUE,OPEN
COMP000122,CUST070257,LOAN_ISSUE,OPEN
COMP000123,CUST049639,LOAN_ISSUE,OPEN
COMP000124,CUST016985,CARD_ISSUE,OPEN
COMP000125,CUST059494,CARD_ISSUE,OPEN
COMP000126,CUST001027,CARD_ISSUE,OPEN
COMP000127,CUST090644,FRAUD_ALERT,OPEN
COMP000128,CUST091272,LOAN_ISSUE,OPEN
COMP000129,CUST076327,UPI_ISSUE,OPEN
COMP000130,CUST003701,CARD_ISSUE,OPEN
COMP000131,CUST054678,FRAUD_ALERT,CLOSED
COMP000132,CUST041559,CARD_ISSUE,CLOSED
COMP000133,CUST051234,LOAN_ISSUE,OPEN
COMP000134,CUST038991,FRAUD_ALERT,OPEN
COMP000135,CUST017278,LOAN_ISSUE,OPEN
COMP000136,CUST075585,CARD_ISSUE,OPEN
COMP000137,CUST025592,UPI_ISSUE,OPEN
COMP000138,CUST002146,FRAUD_ALERT,OPEN
COMP000139,CUST086996,FRAUD_ALERT,OPEN
COMP000140,CUST032460,CARD_ISSUE,OPEN
COMP000141,CUST032609,FRAUD_ALERT,CLOSED
COMP000142,CUST060743,CARD_ISSUE,OPEN
COMP000143,CUST036912,CARD_ISSUE,OPEN
COMP000144,CUST085302,LOAN_ISSUE,OPEN
COMP000145,CUST089387,UPI_ISSUE,CLOSED
COMP000146,CUST009139,LOAN_ISSUE,CLOSED
COMP000147,CUST082629,CARD_ISSUE,OPEN
COMP000148,CUST021029,LOAN_ISSUE,OPEN
COMP000149,CUST076761,UPI_ISSUE,OPEN
COMP000150,CUST049833,CARD_ISSUE,CLOSED
COMP000151,CUST002229,LOAN_ISSUE,CLOSED
COMP000152,CUST078533,CARD_ISSUE,OPEN
COMP000153,CUST097801,FRAUD_ALERT,OPEN
COMP000154,CUST068637,FRAUD_ALERT,CLOSED
COMP000155,CUST039242,UPI_ISSUE,CLOSED
COMP000156,CUST082466,FRAUD_ALERT,CLOSED
COMP000157,CUST096488,FRAUD_ALERT,OPEN
COMP000158,CUST074280,CARD_ISSUE,CLOSED
COMP000159,CUST095170,LOAN_ISSUE,CLOSED
COMP000160,CUST091019,UPI_ISSUE,CLOSED
COMP000161,CUST095240,FRAUD_ALERT,CLOSED
COMP000162,CUST024647,LOAN_ISSUE,CLOSED
COMP000163,CUST039514,LOAN_ISSUE,OPEN
COMP000164,CUST095239,UPI_ISSUE,OPEN
COMP000165,CUST048903,LOAN_ISSUE,CLOSED
COMP000166,CUST076213,LOAN_ISSUE,CLOSED
COMP000167,CUST080140,FRAUD_ALERT,OPEN
COMP000168,CUST020134,CARD_ISSUE,CLOSED
COMP000169,CUST074516,CARD_ISSUE,CLOSED
COMP000170,CUST039221,UPI_ISSUE,OPEN
COMP000171,CUST036189,LOAN_ISSUE,OPEN
COMP000172,CUST060313,UPI_ISSUE,OPEN
COMP000173,CUST044678,UPI_ISSUE,CLOSED
COMP000174,CUST088523,FRAUD_ALERT,OPEN
COMP000175,CUST060094,FRAUD_ALERT,CLOSED
COMP000176,CUST054754,CARD_ISSUE,CLOSED
COMP000177,CUST016529,LOAN_ISSUE,CLOSED
COMP000178,CUST085193,FRAUD_ALERT,CLOSED
COMP000179,CUST026847,LOAN_ISSUE,OPEN
COMP000180,CUST035965,LOAN_ISSUE,OPEN
COMP000181,CUST013343,UPI_ISSUE,CLOSED
COMP000182,CUST045039,CARD_ISSUE,CLOSED
COMP000183,CUST024004,UPI_ISSUE,CLOSED
COMP000184,CUST040079,UPI_ISSUE,OPEN
COMP000185,CUST080697,CARD_ISSUE,CLOSED
COMP000186,CUST074020,CARD_ISSUE,CLOSED
COMP000187,CUST006944,FRAUD_ALERT,OPEN
COMP000188,CUST021688,UPI_ISSUE,OPEN
COMP000189,CUST046354,UPI_ISSUE,CLOSED
COMP000190,CUST098826,LOAN_ISSUE,CLOSED
COMP000191,CUST077437,UPI_ISSUE,CLOSED
COMP000192,CUST025088,FRAUD_ALERT,OPEN
COMP000193,CUST005479,LOAN_ISSUE,OPEN
COMP000194,CUST023536,LOAN_ISSUE,OPEN
COMP000195,CUST055221,UPI_ISSUE,CLOSED
COMP000196,CUST075737,UPI_ISSUE,CLOSED
COMP000197,CUST043387,UPI_ISSUE,OPEN
COMP000198,CUST029829,FRAUD_ALERT,OPEN
COMP000199,CUST048800,CARD_ISSUE,CLOSED
COMP000200,CUST043769,LOAN_ISSUE,OPEN
COMP000201,CUST096261,FRAUD_ALERT,CLOSED
COMP000202,CUST023244,CARD_ISSUE,CLOSED
COMP000203,CUST092158,LOAN_ISSUE,CLOSED
COMP000204,CUST056432,CARD_ISSUE,OPEN
COMP000205,CUST049762,CARD_ISSUE,OPEN
COMP000206,CUST067304,FRAUD_ALERT,OPEN
COMP000207,CUST084116,LOAN_ISSUE,OPEN
COMP000208,CUST095700,UPI_ISSUE,OPEN
COMP000209,CUST084239,FRAUD_ALERT,OPEN
COMP000210,CUST037423,FRAUD_ALERT,CLOSED
COMP000211,CUST029451,UPI_ISSUE,CLOSED
COMP000212,CUST046394,CARD_ISSUE,OPEN
COMP000213,CUST054469,FRAUD_ALERT,CLOSED
COMP000214,CUST010032,FRAUD_ALERT,OPEN
COMP000215,CUST024780,FRAUD_ALERT,CLOSED
COMP000216,CUST090350,UPI_ISSUE,OPEN
COMP000217,CUST001542,UPI_ISSUE,OPEN
COMP000218,CUST013876,FRAUD_ALERT,OPEN
COMP000219,CUST049072,CARD_ISSUE,CLOSED
COMP000220,CUST021343,UPI_ISSUE,CLOSED
COMP000221,CUST073102,CARD_ISSUE,CLOSED
COMP000222,CUST073532,CARD_ISSUE,OPEN
COMP000223,CUST044427,UPI_ISSUE,CLOSED
COMP000224,CUST077447,CARD_ISSUE,CLOSED
COMP000225,CUST018039,UPI_ISSUE,OPEN
COMP000226,CUST016459,CARD_ISSUE,OPEN
COMP000227,CUST040966,UPI_ISSUE,CLOSED
COMP000228,CUST008379,LOAN_ISSUE,CLOSED
COMP000229,CUST020343,CARD_ISSUE,CLOSED
COMP000230,CUST023733,UPI_ISSUE,CLOSED
COMP000231,CUST056528,FRAUD_ALERT,OPEN
COMP000232,CUST039805,CARD_ISSUE,OPEN
COMP000233,CUST030899,UPI_ISSUE,OPEN
COMP000234,CUST046323,CARD_ISSUE,OPEN
COMP000235,CUST084384,CARD_ISSUE,OPEN
COMP000236,CUST078571,LOAN_ISSUE,OPEN
COMP000237,CUST025302,FRAUD_ALERT,OPEN
COMP000238,CUST000351,FRAUD_ALERT,OPEN
COMP000239,CUST049574,FRAUD_ALERT,OPEN
COMP000240,CUST013652,CARD_ISSUE,CLOSED
COMP000241,CUST041074,LOAN_ISSUE,CLOSED
COMP000242,CUST092497,UPI_ISSUE,CLOSED
COMP000243,CUST086026,UPI_ISSUE,OPEN
COMP000244,CUST075002,UPI_ISSUE,OPEN
COMP000245,CUST059823,FRAUD_ALERT,CLOSED
COMP000246,CUST003162,LOAN_ISSUE,OPEN
COMP000247,CUST096641,UPI_ISSUE,OPEN
COMP000248,CUST035961,UPI_ISSUE,OPEN
COMP000249,CUST016036,LOAN_ISSUE,CLOSED
COMP000250,CUST074595,FRAUD_ALERT,OPEN
COMP000251,CUST056335,LOAN_ISSUE,CLOSED
COMP000252,CUST087189,UPI_ISSUE,CLOSED
COMP000253,CUST039896,LOAN_ISSUE,OPEN
COMP000254,CUST083834,UPI_ISSUE,CLOSED
COMP000255,CUST099653,UPI_ISSUE,OPEN
COMP000256,CUST035468,FRAUD_ALERT,OPEN
COMP000257,CUST065308,LOAN_ISSUE,CLOSED
COMP000258,CUST035890,CARD_ISSUE,OPEN
COMP000259,CUST046706,UPI_ISSUE,OPEN
COMP000260,CUST086036,FRAUD_ALERT,CLOSED
COMP000261,CUST011891,CARD_ISSUE,OPEN
COMP000262,CUST042612,FRAUD_ALERT,CLOSED
COMP000263,CUST010816,FRAUD_ALERT,CLOSED
COMP000264,CUST025753,UPI_ISSUE,OPEN
COMP000265,CUST004641,CARD_ISSUE,OPEN
COMP000266,CUST068095,LOAN_ISSUE,CLOSED
COMP000267,CUST060786,LOAN_ISSUE,CLOSED
COMP000268,CUST038265,FRAUD_ALERT,OPEN
COMP000269,CUST026163,LOAN_ISSUE,CLOSED
COMP000270,CUST029654,LOAN_ISSUE,OPEN
COMP000271,CUST076674,UPI_ISSUE,CLOSED
COMP000272,CUST097277,FRAUD_ALERT,OPEN
COMP000273,CUST083703,CARD_ISSUE,CLOSED
COMP000274,CUST030977,LOAN_ISSUE,OPEN
COMP000275,CUST035931,FRAUD_ALERT,OPEN
COMP000276,CUST003593,FRAUD_ALERT,OPEN
COMP000277,CUST095934,UPI_ISSUE,OPEN
COMP000278,CUST019549,FRAUD_ALERT,OPEN
COMP000279,CUST034299,FRAUD_ALERT,OPEN
COMP000280,CUST088550,UPI_ISSUE,OPEN
COMP000281,CUST081547,UPI_ISSUE,OPEN
COMP000282,CUST040933,FRAUD_ALERT,OPEN
COMP000283,CUST072367,UPI_ISSUE,OPEN
COMP000284,CUST037447,FRAUD_ALERT,CLOSED
COMP000285,CUST081138,FRAUD_ALERT,CLOSED
COMP000286,CUST011783,CARD_ISSUE,CLOSED
COMP000287,CUST016885,CARD_ISSUE,OPEN
COMP000288,CUST074923,UPI_ISSUE,CLOSED
COMP000289,CUST061185,FRAUD_ALERT,OPEN
COMP000290,CUST013683,FRAUD_ALERT,CLOSED
COMP000291,CUST064417,UPI_ISSUE,CLOSED
COMP000292,CUST099384,UPI_ISSUE,CLOSED
COMP000293,CUST006738,CARD_ISSUE,CLOSED
COMP000294,CUST029247,UPI_ISSUE,OPEN
COMP000295,CUST022420,UPI_ISSUE,CLOSED
COMP000296,CUST065799,UPI_ISSUE,OPEN
COMP000297,CUST027314,CARD_ISSUE,CLOSED
COMP000298,CUST094671,CARD_ISSUE,CLOSED
COMP000299,CUST038952,LOAN_ISSUE,OPEN
COMP000300,CUST080303,CARD_ISSUE,CLOSED
COMP000301,CUST030392,LOAN_ISSUE,OPEN
COMP000302,CUST022620,UPI_ISSUE,OPEN
COMP000303,CUST011446,FRAUD_ALERT,CLOSED
COMP000304,CUST029098,UPI_ISSUE,CLOSED
COMP000305,CUST080457,CARD_ISSUE,CLOSED
COMP000306,CUST040728,LOAN_ISSUE,OPEN
COMP000307,CUST042142,FRAUD_ALERT,CLOSED
COMP000308,CUST039780,FRAUD_ALERT,OPEN
COMP000309,CUST022639,CARD_ISSUE,OPEN
COMP000310,CUST035133,UPI_ISSUE,OPEN
COMP000311,CUST039051,UPI_ISSUE,OPEN
COMP000312,CUST054874,UPI_ISSUE,CLOSED
COMP000313,CUST051001,FRAUD_ALERT,OPEN
COMP000314,CUST094355,UPI_ISSUE,CLOSED
COMP000315,CUST038297,CARD_ISSUE,OPEN
COMP000316,CUST098449,UPI_ISSUE,CLOSED
COMP000317,CUST019429,CARD_ISSUE,CLOSED
COMP000318,CUST055973,UPI_ISSUE,CLOSED
COMP000319,CUST060131,LOAN_ISSUE,OPEN
COMP000320,CUST012477,UPI_ISSUE,OPEN
COMP000321,CUST084764,UPI_ISSUE,CLOSED
COMP000322,CUST051712,CARD_ISSUE,CLOSED
COMP000323,CUST085462,FRAUD_ALERT,CLOSED
COMP000324,CUST038272,CARD_ISSUE,OPEN
COMP000325,CUST037496,CARD_ISSUE,CLOSED
COMP000326,CUST069328,UPI_ISSUE,CLOSED
COMP000327,CUST031767,CARD_ISSUE,OPEN
COMP000328,CUST095950,FRAUD_ALERT,OPEN
COMP000329,CUST073106,CARD_ISSUE,OPEN
COMP000330,CUST033190,UPI_ISSUE,CLOSED
COMP000331,CUST035300,FRAUD_ALERT,OPEN
COMP000332,CUST089388,CARD_ISSUE,CLOSED
COMP000333,CUST050625,LOAN_ISSUE,OPEN
COMP000334,CUST011692,FRAUD_ALERT,OPEN
COMP000335,CUST057489,LOAN_ISSUE,CLOSED
COMP000336,CUST075775,FRAUD_ALERT,CLOSED
COMP000337,CUST091000,CARD_ISSUE,CLOSED
COMP000338,CUST067216,UPI_ISSUE,CLOSED
COMP000339,CUST034574,UPI_ISSUE,CLOSED
COMP000340,CUST083149,UPI_ISSUE,CLOSED
COMP000341,CUST063659,LOAN_ISSUE,OPEN
COMP000342,CUST029537,FRAUD_ALERT,OPEN
COMP000343,CUST043269,CARD_ISSUE,OPEN
COMP000344,CUST093428,UPI_ISSUE,CLOSED
COMP000345,CUST020723,FRAUD_ALERT,CLOSED
COMP000346,CUST003397,CARD_ISSUE,CLOSED
COMP000347,CUST073932,UPI_ISSUE,OPEN
COMP000348,CUST012561,CARD_ISSUE,OPEN
COMP000349,CUST057023,LOAN_ISSUE,CLOSED
COMP000350,CUST051027,UPI_ISSUE,OPEN
COMP000351,CUST097134,LOAN_ISSUE,CLOSED
COMP000352,CUST049518,CARD_ISSUE,OPEN
COMP000353,CUST061072,CARD_ISSUE,CLOSED
COMP000354,CUST099154,UPI_ISSUE,OPEN
COMP000355,CUST022176,LOAN_ISSUE,CLOSED
COMP000356,CUST047856,CARD_ISSUE,OPEN
COMP000357,CUST063744,UPI_ISSUE,OPEN
COMP000358,CUST039134,UPI_ISSUE,CLOSED
COMP000359,CUST073240,CARD_ISSUE,OPEN
COMP000360,CUST052993,UPI_ISSUE,OPEN
COMP000361,CUST068641,FRAUD_ALERT,OPEN
COMP000362,CUST096564,FRAUD_ALERT,OPEN
COMP000363,CUST010135,FRAUD_ALERT,OPEN
COMP000364,CUST047485,UPI_ISSUE,OPEN
COMP000365,CUST091164,CARD_ISSUE,CLOSED
COMP000366,CUST021585,CARD_ISSUE,OPEN
COMP000367,CUST070921,CARD_ISSUE,OPEN
COMP000368,CUST052375,UPI_ISSUE,CLOSED
COMP000369,CUST040641,UPI_ISSUE,OPEN
COMP000370,CUST045204,FRAUD_ALERT,CLOSED
COMP000371,CUST017858,LOAN_ISSUE,CLOSED
COMP000372,CUST023374,UPI_ISSUE,CLOSED
COMP000373,CUST068015,FRAUD_ALERT,OPEN
COMP000374,CUST077602,LOAN_ISSUE,CLOSED
COMP000375,CUST088835,LOAN_ISSUE,OPEN
COMP000376,CUST000521,FRAUD_ALERT,CLOSED
COMP000377,CUST013785,FRAUD_ALERT,CLOSED
COMP000378,CUST084067,CARD_ISSUE,CLOSED
COMP000379,CUST027973,FRAUD_ALERT,CLOSED
COMP000380,CUST022838,CARD_ISSUE,OPEN
COMP000381,CUST097657,CARD_ISSUE,CLOSED
COMP000382,CUST015223,LOAN_ISSUE,OPEN
COMP000383,CUST082699,UPI_ISSUE,CLOSED
COMP000384,CUST043940,FRAUD_ALERT,CLOSED
COMP000385,CUST031839,LOAN_ISSUE,CLOSED
COMP000386,CUST074370,LOAN_ISSUE,OPEN
COMP000387,CUST053897,CARD_ISSUE,CLOSED
COMP000388,CUST074931,LOAN_ISSUE,OPEN
COMP000389,CUST005896,CARD_ISSUE,OPEN
COMP000390,CUST047179,UPI_ISSUE,CLOSED
COMP000391,CUST066760,FRAUD_ALERT,OPEN
COMP000392,CUST084371,LOAN_ISSUE,CLOSED
COMP000393,CUST088414,FRAUD_ALERT,OPEN
COMP000394,CUST097282,FRAUD_ALERT,CLOSED
COMP000395,CUST001693,FRAUD_ALERT,OPEN
COMP000396,CUST027723,UPI_ISSUE,CLOSED
COMP000397,CUST097452,UPI_ISSUE,CLOSED
COMP000398,CUST018585,UPI_ISSUE,OPEN
COMP000399,CUST061786,FRAUD_ALERT,OPEN
COMP000400,CUST090413,UPI_ISSUE,CLOSED
COMP000401,CUST031377,UPI_ISSUE,CLOSED
COMP000402,CUST033655,UPI_ISSUE,CLOSED
COMP000403,CUST091669,LOAN_ISSUE,CLOSED
COMP000404,CUST040043,FRAUD_ALERT,CLOSED
COMP000405,CUST038762,CARD_ISSUE,CLOSED
COMP000406,CUST037459,CARD_ISSUE,CLOSED
COMP000407,CUST026739,FRAUD_ALERT,CLOSED
COMP000408,CUST069973,FRAUD_ALERT,CLOSED
COMP000409,CUST055388,UPI_ISSUE,CLOSED
COMP000410,CUST021630,UPI_ISSUE,OPEN
COMP000411,CUST057189,CARD_ISSUE,CLOSED
COMP000412,CUST080060,FRAUD_ALERT,OPEN
COMP000413,CUST012320,UPI_ISSUE,CLOSED
COMP000414,CUST047465,UPI_ISSUE,OPEN
COMP000415,CUST058121,UPI_ISSUE,CLOSED
COMP000416,CUST076897,CARD_ISSUE,OPEN
COMP000417,CUST024788,CARD_ISSUE,CLOSED
COMP000418,CUST007701,FRAUD_ALERT,CLOSED
COMP000419,CUST024178,CARD_ISSUE,CLOSED
COMP000420,CUST053146,LOAN_ISSUE,CLOSED
COMP000421,CUST048962,CARD_ISSUE,OPEN
COMP000422,CUST096445,CARD_ISSUE,CLOSED
COMP000423,CUST086865,FRAUD_ALERT,CLOSED
COMP000424,CUST086818,LOAN_ISSUE,CLOSED
COMP000425,CUST063878,CARD_ISSUE,CLOSED
COMP000426,CUST007817,LOAN_ISSUE,OPEN
COMP000427,CUST039609,FRAUD_ALERT,CLOSED
COMP000428,CUST017550,FRAUD_ALERT,CLOSED
COMP000429,CUST056391,CARD_ISSUE,CLOSED
COMP000430,CUST008626,LOAN_ISSUE,CLOSED
COMP000431,CUST091718,CARD_ISSUE,CLOSED
COMP000432,CUST092840,FRAUD_ALERT,CLOSED
COMP000433,CUST025662,FRAUD_ALERT,CLOSED
COMP000434,CUST016483,FRAUD_ALERT,CLOSED
COMP000435,CUST040485,CARD_ISSUE,CLOSED
COMP000436,CUST000423,UPI_ISSUE,CLOSED
COMP000437,CUST029934,FRAUD_ALERT,OPEN
COMP000438,CUST036017,CARD_ISSUE,CLOSED
COMP000439,CUST074682,LOAN_ISSUE,CLOSED
COMP000440,CUST090542,FRAUD_ALERT,CLOSED
COMP000441,CUST098316,FRAUD_ALERT,OPEN
COMP000442,CUST029936,UPI_ISSUE,OPEN
COMP000443,CUST049071,UPI_ISSUE,CLOSED
COMP000444,CUST075593,FRAUD_ALERT,OPEN
COMP000445,CUST058940,LOAN_ISSUE,OPEN
COMP000446,CUST083312,CARD_ISSUE,CLOSED
COMP000447,CUST020256,LOAN_ISSUE,CLOSED
COMP000448,CUST082255,LOAN_ISSUE,OPEN
COMP000449,CUST048593,LOAN_ISSUE,OPEN
COMP000450,CUST007585,UPI_ISSUE,CLOSED
COMP000451,CUST086966,UPI_ISSUE,OPEN
COMP000452,CUST069007,FRAUD_ALERT,CLOSED
COMP000453,CUST066560,LOAN_ISSUE,CLOSED
COMP000454,CUST095548,CARD_ISSUE,OPEN
COMP000455,CUST000641,UPI_ISSUE,OPEN
COMP000456,CUST053594,CARD_ISSUE,OPEN
COMP000457,CUST030930,FRAUD_ALERT,CLOSED
COMP000458,CUST055798,CARD_ISSUE,CLOSED
COMP000459,CUST040865,UPI_ISSUE,CLOSED
COMP000460,CUST086627,CARD_ISSUE,OPEN
COMP000461,CUST017620,FRAUD_ALERT,CLOSED
COMP000462,CUST046545,LOAN_ISSUE,CLOSED
COMP000463,CUST072218,CARD_ISSUE,OPEN
COMP000464,CUST082186,FRAUD_ALERT,CLOSED
COMP000465,CUST044459,UPI_ISSUE,OPEN
COMP000466,CUST024895,CARD_ISSUE,CLOSED
COMP000467,CUST095063,CARD_ISSUE,CLOSED
COMP000468,CUST078462,LOAN_ISSUE,CLOSED
COMP000469,CUST054390,CARD_ISSUE,OPEN
COMP000470,CUST088508,LOAN_ISSUE,OPEN
COMP000471,CUST071854,UPI_ISSUE,CLOSED
COMP000472,CUST075113,LOAN_ISSUE,CLOSED
COMP000473,CUST027801,LOAN_ISSUE,CLOSED
COMP000474,CUST039622,CARD_ISSUE,OPEN
COMP000475,CUST048139,UPI_ISSUE,CLOSED
COMP000476,CUST033724,CARD_ISSUE,OPEN
COMP000477,CUST059744,CARD_ISSUE,CLOSED
COMP000478,CUST013918,CARD_ISSUE,CLOSED
COMP000479,CUST021405,UPI_ISSUE,OPEN
COMP000480,CUST024171,UPI_ISSUE,OPEN
COMP000481,CUST027547,LOAN_ISSUE,OPEN
COMP000482,CUST083384,LOAN_ISSUE,CLOSED
COMP000483,CUST039762,CARD_ISSUE,CLOSED
COMP000484,CUST094337,UPI_ISSUE,OPEN
COMP000485,CUST045243,LOAN_ISSUE,OPEN
COMP000486,CUST080693,UPI_ISSUE,OPEN
COMP000487,CUST042016,LOAN_ISSUE,CLOSED
COMP000488,CUST060344,UPI_ISSUE,CLOSED
COMP000489,CUST049215,UPI_ISSUE,CLOSED
COMP000490,CUST077751,FRAUD_ALERT,OPEN
COMP000491,CUST009985,LOAN_ISSUE,OPEN
COMP000492,CUST030206,CARD_ISSUE,CLOSED
COMP000493,CUST014869,FRAUD_ALERT,CLOSED
COMP000494,CUST084502,UPI_ISSUE,CLOSED
COMP000495,CUST042898,LOAN_ISSUE,OPEN
COMP000496,CUST052014,CARD_ISSUE,OPEN
COMP000497,CUST066740,CARD_ISSUE,OPEN
COMP000498,CUST083864,LOAN_ISSUE,OPEN
COMP000499,CUST019335,FRAUD_ALERT,CLOSED
COMP000500,CUST009585,LOAN_ISSUE,OPEN
COMP000501,CUST089926,LOAN_ISSUE,OPEN
COMP000502,CUST032925,FRAUD_ALERT,CLOSED
COMP000503,CUST029921,CARD_ISSUE,OPEN
COMP000504,CUST051814,FRAUD_ALERT,OPEN
COMP000505,CUST009566,UPI_ISSUE,CLOSED
COMP000506,CUST002999,UPI_ISSUE,OPEN
COMP000507,CUST051809,UPI_ISSUE,OPEN
COMP000508,CUST001824,FRAUD_ALERT,CLOSED
COMP000509,CUST033454,CARD_ISSUE,CLOSED
COMP000510,CUST092639,LOAN_ISSUE,OPEN
COMP000511,CUST035570,FRAUD_ALERT,CLOSED
COMP000512,CUST095966,LOAN_ISSUE,OPEN
COMP000513,CUST097587,LOAN_ISSUE,CLOSED
COMP000514,CUST024074,LOAN_ISSUE,OPEN
COMP000515,CUST007836,FRAUD_ALERT,CLOSED
COMP000516,CUST030421,LOAN_ISSUE,CLOSED
COMP000517,CUST044675,FRAUD_ALERT,CLOSED
COMP000518,CUST006653,FRAUD_ALERT,CLOSED
COMP000519,CUST090285,UPI_ISSUE,CLOSED
COMP000520,CUST047641,CARD_ISSUE,OPEN
COMP000521,CUST002756,FRAUD_ALERT,OPEN
COMP000522,CUST072635,FRAUD_ALERT,OPEN
COMP000523,CUST046178,CARD_ISSUE,CLOSED
COMP000524,CUST070793,UPI_ISSUE,CLOSED
COMP000525,CUST060247,UPI_ISSUE,CLOSED
COMP000526,CUST013801,CARD_ISSUE,OPEN
COMP000527,CUST033560,LOAN_ISSUE,CLOSED
COMP000528,CUST096217,LOAN_ISSUE,OPEN
COMP000529,CUST065616,FRAUD_ALERT,CLOSED
COMP000530,CUST048835,LOAN_ISSUE,OPEN
COMP000531,CUST094350,CARD_ISSUE,CLOSED
COMP000532,CUST079229,CARD_ISSUE,CLOSED
COMP000533,CUST049516,UPI_ISSUE,OPEN
COMP000534,CUST044673,LOAN_ISSUE,CLOSED
COMP000535,CUST003342,FRAUD_ALERT,CLOSED
COMP000536,CUST091706,UPI_ISSUE,OPEN
COMP000537,CUST088990,CARD_ISSUE,OPEN
COMP000538,CUST004196,UPI_ISSUE,CLOSED
COMP000539,CUST031849,UPI_ISSUE,CLOSED
COMP000540,CUST094432,FRAUD_ALERT,CLOSED
COMP000541,CUST047157,LOAN_ISSUE,CLOSED
COMP000542,CUST061496,CARD_ISSUE,OPEN
COMP000543,CUST046717,CARD_ISSUE,OPEN
COMP000544,CUST000753,LOAN_ISSUE,OPEN
COMP000545,CUST091291,UPI_ISSUE,CLOSED
COMP000546,CUST099366,FRAUD_ALERT,CLOSED
COMP000547,CUST031729,UPI_ISSUE,OPEN
COMP000548,CUST016129,LOAN_ISSUE,CLOSED
COMP000549,CUST078609,FRAUD_ALERT,OPEN
COMP000550,CUST006782,CARD_ISSUE,OPEN
COMP000551,CUST090477,CARD_ISSUE,CLOSED
COMP000552,CUST043444,LOAN_ISSUE,CLOSED
COMP000553,CUST094187,FRAUD_ALERT,OPEN
COMP000554,CUST062861,LOAN_ISSUE,CLOSED
COMP000555,CUST053214,CARD_ISSUE,OPEN
COMP000556,CUST024716,CARD_ISSUE,CLOSED
COMP000557,CUST079820,CARD_ISSUE,CLOSED
COMP000558,CUST096259,CARD_ISSUE,CLOSED
COMP000559,CUST078899,UPI_ISSUE,CLOSED
COMP000560,CUST087518,FRAUD_ALERT,CLOSED
COMP000561,CUST042758,UPI_ISSUE,OPEN
COMP000562,CUST066751,FRAUD_ALERT,OPEN
COMP000563,CUST004332,FRAUD_ALERT,OPEN
COMP000564,CUST096923,LOAN_ISSUE,OPEN
COMP000565,CUST015912,LOAN_ISSUE,CLOSED
COMP000566,CUST056240,CARD_ISSUE,CLOSED
COMP000567,CUST035120,FRAUD_ALERT,CLOSED
COMP000568,CUST020536,CARD_ISSUE,OPEN
COMP000569,CUST089907,FRAUD_ALERT,OPEN
COMP000570,CUST096127,FRAUD_ALERT,CLOSED
COMP000571,CUST063253,FRAUD_ALERT,OPEN
COMP000572,CUST083344,LOAN_ISSUE,CLOSED
COMP000573,CUST064180,LOAN_ISSUE,OPEN
COMP000574,CUST004507,FRAUD_ALERT,OPEN
COMP000575,CUST096106,UPI_ISSUE,CLOSED
COMP000576,CUST003559,LOAN_ISSUE,CLOSED
COMP000577,CUST002443,LOAN_ISSUE,OPEN
COMP000578,CUST060120,LOAN_ISSUE,OPEN
COMP000579,CUST058662,CARD_ISSUE,CLOSED
COMP000580,CUST042992,CARD_ISSUE,CLOSED
COMP000581,CUST081665,UPI_ISSUE,OPEN
COMP000582,CUST024663,CARD_ISSUE,OPEN
COMP000583,CUST098121,UPI_ISSUE,CLOSED
COMP000584,CUST059850,UPI_ISSUE,OPEN
COMP000585,CUST017057,UPI_ISSUE,CLOSED
COMP000586,CUST085346,CARD_ISSUE,CLOSED
COMP000587,CUST012803,LOAN_ISSUE,CLOSED
COMP000588,CUST074348,CARD_ISSUE,CLOSED
COMP000589,CUST081364,UPI_ISSUE,CLOSED
COMP000590,CUST059255,UPI_ISSUE,CLOSED
COMP000591,CUST035055,FRAUD_ALERT,CLOSED
COMP000592,CUST071880,CARD_ISSUE,CLOSED
COMP000593,CUST022494,LOAN_ISSUE,OPEN
COMP000594,CUST026469,LOAN_ISSUE,OPEN
COMP000595,CUST056774,UPI_ISSUE,OPEN
COMP000596,CUST072518,UPI_ISSUE,CLOSED
COMP000597,CUST045472,UPI_ISSUE,OPEN
COMP000598,CUST055584,LOAN_ISSUE,CLOSED
COMP000599,CUST020056,LOAN_ISSUE,OPEN
COMP000600,CUST034526,UPI_ISSUE,CLOSED
COMP000601,CUST008001,UPI_ISSUE,CLOSED
COMP000602,CUST008225,UPI_ISSUE,CLOSED
COMP000603,CUST059457,UPI_ISSUE,CLOSED
COMP000604,CUST040535,FRAUD_ALERT,CLOSED
COMP000605,CUST038860,CARD_ISSUE,CLOSED
COMP000606,CUST053576,LOAN_ISSUE,CLOSED
COMP000607,CUST089871,LOAN_ISSUE,CLOSED
COMP000608,CUST090925,UPI_ISSUE,CLOSED
COMP000609,CUST029395,FRAUD_ALERT,OPEN
COMP000610,CUST010690,UPI_ISSUE,CLOSED
COMP000611,CUST000186,FRAUD_ALERT,OPEN
COMP000612,CUST037248,CARD_ISSUE,OPEN
COMP000613,CUST099993,LOAN_ISSUE,CLOSED
COMP000614,CUST043953,FRAUD_ALERT,CLOSED
COMP000615,CUST072052,FRAUD_ALERT,CLOSED
COMP000616,CUST041351,FRAUD_ALERT,CLOSED
COMP000617,CUST020348,UPI_ISSUE,CLOSED
COMP000618,CUST037349,CARD_ISSUE,OPEN
COMP000619,CUST009575,LOAN_ISSUE,CLOSED
COMP000620,CUST062228,LOAN_ISSUE,CLOSED
COMP000621,CUST020824,UPI_ISSUE,CLOSED
COMP000622,CUST064281,LOAN_ISSUE,OPEN
COMP000623,CUST046831,FRAUD_ALERT,CLOSED
COMP000624,CUST024100,CARD_ISSUE,CLOSED
COMP000625,CUST016461,UPI_ISSUE,CLOSED
COMP000626,CUST044459,LOAN_ISSUE,CLOSED
COMP000627,CUST055902,LOAN_ISSUE,CLOSED
COMP000628,CUST067501,LOAN_ISSUE,CLOSED
COMP000629,CUST087457,LOAN_ISSUE,OPEN
COMP000630,CUST064062,FRAUD_ALERT,OPEN
COMP000631,CUST093178,CARD_ISSUE,OPEN
COMP000632,CUST094425,CARD_ISSUE,CLOSED
COMP000633,CUST092386,UPI_ISSUE,OPEN
COMP000634,CUST049392,UPI_ISSUE,CLOSED
COMP000635,CUST058868,UPI_ISSUE,CLOSED
COMP000636,CUST045493,FRAUD_ALERT,OPEN
COMP000637,CUST044503,LOAN_ISSUE,CLOSED
COMP000638,CUST051341,LOAN_ISSUE,CLOSED
COMP000639,CUST061844,CARD_ISSUE,OPEN
COMP000640,CUST038272,UPI_ISSUE,OPEN
COMP000641,CUST029164,CARD_ISSUE,OPEN
COMP000642,CUST036324,LOAN_ISSUE,CLOSED
COMP000643,CUST077568,CARD_ISSUE,OPEN
COMP000644,CUST010216,LOAN_ISSUE,CLOSED
COMP000645,CUST068207,UPI_ISSUE,CLOSED
COMP000646,CUST039005,UPI_ISSUE,OPEN
COMP000647,CUST088427,CARD_ISSUE,OPEN
COMP000648,CUST003356,CARD_ISSUE,CLOSED
COMP000649,CUST074659,LOAN_ISSUE,CLOSED
COMP000650,CUST069636,FRAUD_ALERT,OPEN
COMP000651,CUST069266,FRAUD_ALERT,CLOSED
COMP000652,CUST083285,CARD_ISSUE,CLOSED
COMP000653,CUST027030,CARD_ISSUE,OPEN
COMP000654,CUST082359,LOAN_ISSUE,OPEN
COMP000655,CUST036276,CARD_ISSUE,CLOSED
COMP000656,CUST066053,UPI_ISSUE,OPEN
COMP000657,CUST072620,CARD_ISSUE,OPEN
COMP000658,CUST014207,UPI_ISSUE,OPEN
COMP000659,CUST013283,UPI_ISSUE,CLOSED
COMP000660,CUST049736,FRAUD_ALERT,OPEN
COMP000661,CUST012291,UPI_ISSUE,OPEN
COMP000662,CUST093975,UPI_ISSUE,CLOSED
COMP000663,CUST067707,FRAUD_ALERT,OPEN
COMP000664,CUST026007,UPI_ISSUE,OPEN
COMP000665,CUST058625,CARD_ISSUE,CLOSED
COMP000666,CUST082745,UPI_ISSUE,OPEN
COMP000667,CUST042639,FRAUD_ALERT,CLOSED
COMP000668,CUST036031,FRAUD_ALERT,CLOSED
COMP000669,CUST077005,CARD_ISSUE,CLOSED
COMP000670,CUST025489,FRAUD_ALERT,CLOSED
COMP000671,CUST068764,FRAUD_ALERT,OPEN
COMP000672,CUST049922,CARD_ISSUE,CLOSED
COMP000673,CUST063067,UPI_ISSUE,CLOSED
COMP000674,CUST062562,CARD_ISSUE,CLOSED
COMP000675,CUST069576,UPI_ISSUE,OPEN
COMP000676,CUST034106,LOAN_ISSUE,CLOSED
COMP000677,CUST029205,CARD_ISSUE,OPEN
COMP000678,CUST049646,UPI_ISSUE,CLOSED
COMP000679,CUST081102,FRAUD_ALERT,OPEN
COMP000680,CUST072652,FRAUD_ALERT,OPEN
COMP000681,CUST035172,UPI_ISSUE,CLOSED
COMP000682,CUST052584,CARD_ISSUE,CLOSED
COMP000683,CUST012501,CARD_ISSUE,CLOSED
COMP000684,CUST065295,CARD_ISSUE,CLOSED
COMP000685,CUST045350,CARD_ISSUE,CLOSED
COMP000686,CUST005703,CARD_ISSUE,CLOSED
COMP000687,CUST012919,CARD_ISSUE,CLOSED
COMP000688,CUST081910,LOAN_ISSUE,OPEN
COMP000689,CUST025277,CARD_ISSUE,CLOSED
COMP000690,CUST044608,UPI_ISSUE,OPEN
COMP000691,CUST028665,FRAUD_ALERT,CLOSED
COMP000692,CUST066023,LOAN_ISSUE,CLOSED
COMP000693,CUST026330,FRAUD_ALERT,OPEN
COMP000694,CUST038849,CARD_ISSUE,OPEN
COMP000695,CUST077447,UPI_ISSUE,OPEN
COMP000696,CUST028301,LOAN_ISSUE,CLOSED
COMP000697,CUST047939,UPI_ISSUE,CLOSED
COMP000698,CUST007810,LOAN_ISSUE,OPEN
COMP000699,CUST068170,LOAN_ISSUE,OPEN
COMP000700,CUST016869,CARD_ISSUE,OPEN
COMP000701,CUST025225,CARD_ISSUE,CLOSED
COMP000702,CUST056069,LOAN_ISSUE,CLOSED
COMP000703,CUST051305,CARD_ISSUE,OPEN
COMP000704,CUST035199,CARD_ISSUE,OPEN
COMP000705,CUST053781,UPI_ISSUE,OPEN
COMP000706,CUST056875,UPI_ISSUE,OPEN
COMP000707,CUST097928,UPI_ISSUE,CLOSED
COMP000708,CUST060150,FRAUD_ALERT,CLOSED
COMP000709,CUST059195,LOAN_ISSUE,OPEN
COMP000710,CUST017760,UPI_ISSUE,CLOSED
COMP000711,CUST059006,CARD_ISSUE,CLOSED
COMP000712,CUST074634,FRAUD_ALERT,OPEN
COMP000713,CUST062517,FRAUD_ALERT,CLOSED
COMP000714,CUST083188,LOAN_ISSUE,CLOSED
COMP000715,CUST017207,LOAN_ISSUE,CLOSED
COMP000716,CUST011568,CARD_ISSUE,OPEN
COMP000717,CUST098051,FRAUD_ALERT,OPEN
COMP000718,CUST078066,CARD_ISSUE,OPEN
COMP000719,CUST078093,FRAUD_ALERT,CLOSED
COMP000720,CUST059294,LOAN_ISSUE,CLOSED
COMP000721,CUST001054,CARD_ISSUE,CLOSED
COMP000722,CUST062791,LOAN_ISSUE,OPEN
COMP000723,CUST021687,UPI_ISSUE,OPEN
COMP000724,CUST021518,LOAN_ISSUE,OPEN
COMP000725,CUST053303,FRAUD_ALERT,CLOSED
COMP000726,CUST066354,LOAN_ISSUE,OPEN
COMP000727,CUST074516,UPI_ISSUE,OPEN
COMP000728,CUST039751,FRAUD_ALERT,CLOSED
COMP000729,CUST023281,LOAN_ISSUE,CLOSED
COMP000730,CUST047043,FRAUD_ALERT,OPEN
COMP000731,CUST023304,CARD_ISSUE,OPEN
COMP000732,CUST042110,UPI_ISSUE,CLOSED
COMP000733,CUST039549,CARD_ISSUE,CLOSED
COMP000734,CUST043662,CARD_ISSUE,OPEN
COMP000735,CUST021196,UPI_ISSUE,CLOSED
COMP000736,CUST040552,UPI_ISSUE,OPEN
COMP000737,CUST066035,UPI_ISSUE,CLOSED
COMP000738,CUST038387,UPI_ISSUE,OPEN
COMP000739,CUST036668,UPI_ISSUE,OPEN
COMP000740,CUST098370,UPI_ISSUE,CLOSED
COMP000741,CUST037588,UPI_ISSUE,OPEN
COMP000742,CUST004190,CARD_ISSUE,OPEN
COMP000743,CUST098351,FRAUD_ALERT,CLOSED
COMP000744,CUST032572,UPI_ISSUE,OPEN
COMP000745,CUST085361,FRAUD_ALERT,OPEN
COMP000746,CUST056550,LOAN_ISSUE,CLOSED
COMP000747,CUST051933,UPI_ISSUE,OPEN
COMP000748,CUST081786,FRAUD_ALERT,CLOSED
COMP000749,CUST000820,UPI_ISSUE,OPEN
COMP000750,CUST084634,FRAUD_ALERT,OPEN
COMP000751,CUST011108,LOAN_ISSUE,CLOSED
COMP000752,CUST075726,CARD_ISSUE,CLOSED
COMP000753,CUST031329,UPI_ISSUE,CLOSED
COMP000754,CUST049749,UPI_ISSUE,OPEN
COMP000755,CUST071482,LOAN_ISSUE,OPEN
COMP000756,CUST053358,LOAN_ISSUE,OPEN
COMP000757,CUST091001,UPI_ISSUE,CLOSED
COMP000758,CUST018228,UPI_ISSUE,OPEN
COMP000759,CUST087266,UPI_ISSUE,OPEN
COMP000760,CUST059545,FRAUD_ALERT,CLOSED
COMP000761,CUST013657,CARD_ISSUE,CLOSED
COMP000762,CUST077067,LOAN_ISSUE,CLOSED
COMP000763,CUST014954,CARD_ISSUE,CLOSED
COMP000764,CUST092414,FRAUD_ALERT,CLOSED
COMP000765,CUST034305,FRAUD_ALERT,CLOSED
COMP000766,CUST012716,FRAUD_ALERT,OPEN
COMP000767,CUST079551,FRAUD_ALERT,OPEN
COMP000768,CUST089909,UPI_ISSUE,OPEN
COMP000769,CUST082519,CARD_ISSUE,CLOSED
COMP000770,CUST095710,LOAN_ISSUE,CLOSED
COMP000771,CUST089628,LOAN_ISSUE,OPEN
COMP000772,CUST053025,UPI_ISSUE,OPEN
COMP000773,CUST074083,UPI_ISSUE,OPEN
COMP000774,CUST013556,CARD_ISSUE,CLOSED
COMP000775,CUST009754,CARD_ISSUE,OPEN
COMP000776,CUST067234,FRAUD_ALERT,CLOSED
COMP000777,CUST079745,FRAUD_ALERT,OPEN
COMP000778,CUST026715,LOAN_ISSUE,OPEN
COMP000779,CUST032755,FRAUD_ALERT,OPEN
COMP000780,CUST023735,CARD_ISSUE,OPEN
COMP000781,CUST047574,FRAUD_ALERT,OPEN
COMP000782,CUST010233,LOAN_ISSUE,CLOSED
COMP000783,CUST069758,LOAN_ISSUE,OPEN
COMP000784,CUST033209,FRAUD_ALERT,CLOSED
COMP000785,CUST037258,FRAUD_ALERT,OPEN
COMP000786,CUST039325,CARD_ISSUE,OPEN
COMP000787,CUST022029,UPI_ISSUE,CLOSED
COMP000788,CUST091715,LOAN_ISSUE,OPEN
COMP000789,CUST009329,CARD_ISSUE,OPEN
COMP000790,CUST007729,LOAN_ISSUE,OPEN
COMP000791,CUST038357,CARD_ISSUE,CLOSED
COMP000792,CUST016535,CARD_ISSUE,OPEN
COMP000793,CUST018346,CARD_ISSUE,OPEN
COMP000794,CUST045264,UPI_ISSUE,OPEN
COMP000795,CUST005576,FRAUD_ALERT,CLOSED
COMP000796,CUST093604,FRAUD_ALERT,OPEN
COMP000797,CUST095738,FRAUD_ALERT,CLOSED
COMP000798,CUST053560,CARD_ISSUE,OPEN
COMP000799,CUST046820,CARD_ISSUE,OPEN
COMP000800,CUST023948,UPI_ISSUE,OPEN
COMP000801,CUST056136,CARD_ISSUE,OPEN
COMP000802,CUST048747,LOAN_ISSUE,CLOSED
COMP000803,CUST041528,UPI_ISSUE,OPEN
COMP000804,CUST005755,FRAUD_ALERT,OPEN
COMP000805,CUST033900,CARD_ISSUE,CLOSED
COMP000806,CUST028394,FRAUD_ALERT,CLOSED
COMP000807,CUST047667,FRAUD_ALERT,OPEN
COMP000808,CUST088592,UPI_ISSUE,CLOSED
COMP000809,CUST059091,LOAN_ISSUE,OPEN
COMP000810,CUST028400,CARD_ISSUE,OPEN
COMP000811,CUST095335,UPI_ISSUE,CLOSED
COMP000812,CUST035698,UPI_ISSUE,CLOSED
COMP000813,CUST082161,UPI_ISSUE,OPEN
COMP000814,CUST081913,CARD_ISSUE,OPEN
COMP000815,CUST049354,CARD_ISSUE,CLOSED
COMP000816,CUST017912,UPI_ISSUE,CLOSED
COMP000817,CUST075142,LOAN_ISSUE,OPEN
COMP000818,CUST045816,FRAUD_ALERT,CLOSED
COMP000819,CUST090806,LOAN_ISSUE,CLOSED
COMP000820,CUST003294,CARD_ISSUE,OPEN
COMP000821,CUST054619,CARD_ISSUE,OPEN
COMP000822,CUST096955,CARD_ISSUE,OPEN
COMP000823,CUST030994,FRAUD_ALERT,CLOSED
COMP000824,CUST025388,LOAN_ISSUE,OPEN
COMP000825,CUST055992,FRAUD_ALERT,OPEN
COMP000826,CUST042106,LOAN_ISSUE,CLOSED
COMP000827,CUST037642,CARD_ISSUE,CLOSED
COMP000828,CUST056576,UPI_ISSUE,CLOSED
COMP000829,CUST094173,CARD_ISSUE,CLOSED
COMP000830,CUST048865,LOAN_ISSUE,OPEN
COMP000831,CUST069981,UPI_ISSUE,CLOSED
COMP000832,CUST041244,LOAN_ISSUE,OPEN
COMP000833,CUST055280,UPI_ISSUE,OPEN
COMP000834,CUST007837,FRAUD_ALERT,CLOSED
COMP000835,CUST080305,UPI_ISSUE,OPEN
COMP000836,CUST055440,LOAN_ISSUE,CLOSED
COMP000837,CUST019230,UPI_ISSUE,CLOSED
COMP000838,CUST063045,CARD_ISSUE,OPEN
COMP000839,CUST073057,UPI_ISSUE,OPEN
COMP000840,CUST069730,LOAN_ISSUE,CLOSED
COMP000841,CUST020506,UPI_ISSUE,CLOSED
COMP000842,CUST013244,CARD_ISSUE,CLOSED
COMP000843,CUST075460,FRAUD_ALERT,OPEN
COMP000844,CUST008224,UPI_ISSUE,OPEN
COMP000845,CUST084881,LOAN_ISSUE,CLOSED
COMP000846,CUST022503,CARD_ISSUE,CLOSED
COMP000847,CUST064379,LOAN_ISSUE,CLOSED
COMP000848,CUST047063,LOAN_ISSUE,CLOSED
COMP000849,CUST074646,LOAN_ISSUE,OPEN
COMP000850,CUST015877,CARD_ISSUE,CLOSED
COMP000851,CUST096976,CARD_ISSUE,OPEN
COMP000852,CUST067585,FRAUD_ALERT,OPEN
COMP000853,CUST033792,LOAN_ISSUE,OPEN
COMP000854,CUST015235,FRAUD_ALERT,OPEN
COMP000855,CUST099224,LOAN_ISSUE,OPEN
COMP000856,CUST026422,UPI_ISSUE,CLOSED
COMP000857,CUST048567,CARD_ISSUE,OPEN
COMP000858,CUST031203,FRAUD_ALERT,CLOSED
COMP000859,CUST086782,UPI_ISSUE,OPEN
COMP000860,CUST022446,LOAN_ISSUE,OPEN
COMP000861,CUST033286,UPI_ISSUE,CLOSED
COMP000862,CUST013841,CARD_ISSUE,CLOSED
COMP000863,CUST068809,FRAUD_ALERT,CLOSED
COMP000864,CUST077535,LOAN_ISSUE,CLOSED
COMP000865,CUST076844,FRAUD_ALERT,OPEN
COMP000866,CUST011873,CARD_ISSUE,CLOSED
COMP000867,CUST003550,UPI_ISSUE,CLOSED
COMP000868,CUST082240,LOAN_ISSUE,OPEN
COMP000869,CUST033076,CARD_ISSUE,CLOSED
COMP000870,CUST068497,FRAUD_ALERT,OPEN
COMP000871,CUST058603,FRAUD_ALERT,OPEN
COMP000872,CUST009225,CARD_ISSUE,CLOSED
COMP000873,CUST011900,LOAN_ISSUE,OPEN
COMP000874,CUST006200,LOAN_ISSUE,CLOSED
COMP000875,CUST080215,FRAUD_ALERT,OPEN
COMP000876,CUST000496,UPI_ISSUE,OPEN
COMP000877,CUST067369,UPI_ISSUE,OPEN
COMP000878,CUST010155,CARD_ISSUE,OPEN
COMP000879,CUST024305,FRAUD_ALERT,CLOSED
COMP000880,CUST014320,FRAUD_ALERT,CLOSED
COMP000881,CUST003084,FRAUD_ALERT,CLOSED
COMP000882,CUST099913,CARD_ISSUE,OPEN
COMP000883,CUST083375,CARD_ISSUE,OPEN
COMP000884,CUST043039,LOAN_ISSUE,CLOSED
COMP000885,CUST084990,CARD_ISSUE,CLOSED
COMP000886,CUST015631,UPI_ISSUE,CLOSED
COMP000887,CUST010025,UPI_ISSUE,OPEN
COMP000888,CUST056536,CARD_ISSUE,CLOSED
COMP000889,CUST059643,CARD_ISSUE,CLOSED
COMP000890,CUST099580,LOAN_ISSUE,CLOSED
COMP000891,CUST036947,CARD_ISSUE,CLOSED
COMP000892,CUST000963,CARD_ISSUE,CLOSED
COMP000893,CUST036615,CARD_ISSUE,OPEN
COMP000894,CUST022745,LOAN_ISSUE,CLOSED
COMP000895,CUST059757,FRAUD_ALERT,CLOSED
COMP000896,CUST078875,LOAN_ISSUE,OPEN
COMP000897,CUST027240,FRAUD_ALERT,CLOSED
COMP000898,CUST063926,FRAUD_ALERT,CLOSED
COMP000899,CUST020397,LOAN_ISSUE,OPEN
COMP000900,CUST062403,FRAUD_ALERT,CLOSED
COMP000901,CUST000624,LOAN_ISSUE,CLOSED
COMP000902,CUST083084,LOAN_ISSUE,OPEN
COMP000903,CUST055099,LOAN_ISSUE,CLOSED
COMP000904,CUST010157,FRAUD_ALERT,OPEN
COMP000905,CUST067578,CARD_ISSUE,OPEN
COMP000906,CUST013085,FRAUD_ALERT,CLOSED
COMP000907,CUST088013,UPI_ISSUE,OPEN
COMP000908,CUST026213,UPI_ISSUE,OPEN
COMP000909,CUST023895,FRAUD_ALERT,OPEN
COMP000910,CUST054440,CARD_ISSUE,CLOSED
COMP000911,CUST066223,LOAN_ISSUE,OPEN
COMP000912,CUST065297,CARD_ISSUE,CLOSED
COMP000913,CUST011054,CARD_ISSUE,OPEN
COMP000914,CUST058454,CARD_ISSUE,OPEN
COMP000915,CUST080669,CARD_ISSUE,CLOSED
COMP000916,CUST085213,CARD_ISSUE,OPEN
COMP000917,CUST060970,UPI_ISSUE,CLOSED
COMP000918,CUST042728,FRAUD_ALERT,OPEN
COMP000919,CUST062114,FRAUD_ALERT,OPEN
COMP000920,CUST074006,FRAUD_ALERT,CLOSED
COMP000921,CUST073688,FRAUD_ALERT,OPEN
COMP000922,CUST099298,UPI_ISSUE,OPEN
COMP000923,CUST087135,LOAN_ISSUE,OPEN
COMP000924,CUST092582,LOAN_ISSUE,OPEN
COMP000925,CUST073870,CARD_ISSUE,OPEN
COMP000926,CUST012384,UPI_ISSUE,OPEN
COMP000927,CUST045323,CARD_ISSUE,CLOSED
COMP000928,CUST066061,UPI_ISSUE,OPEN
COMP000929,CUST052842,LOAN_ISSUE,OPEN
COMP000930,CUST020418,UPI_ISSUE,CLOSED
COMP000931,CUST046411,FRAUD_ALERT,CLOSED
COMP000932,CUST098993,UPI_ISSUE,OPEN
COMP000933,CUST041352,UPI_ISSUE,CLOSED
COMP000934,CUST016232,LOAN_ISSUE,CLOSED
COMP000935,CUST084318,LOAN_ISSUE,OPEN
COMP000936,CUST075821,LOAN_ISSUE,OPEN
COMP000937,CUST042778,CARD_ISSUE,OPEN
COMP000938,CUST075945,FRAUD_ALERT,CLOSED
COMP000939,CUST066124,FRAUD_ALERT,CLOSED
COMP000940,CUST088098,CARD_ISSUE,OPEN
COMP000941,CUST074164,CARD_ISSUE,OPEN
COMP000942,CUST057503,UPI_ISSUE,CLOSED
COMP000943,CUST086181,UPI_ISSUE,CLOSED
COMP000944,CUST089686,LOAN_ISSUE,CLOSED
COMP000945,CUST068581,LOAN_ISSUE,CLOSED
COMP000946,CUST072148,CARD_ISSUE,OPEN
COMP000947,CUST094552,UPI_ISSUE,OPEN
COMP000948,CUST037126,LOAN_ISSUE,OPEN
COMP000949,CUST025540,UPI_ISSUE,CLOSED
COMP000950,CUST055915,LOAN_ISSUE,CLOSED
COMP000951,CUST070004,FRAUD_ALERT,OPEN
COMP000952,CUST036436,FRAUD_ALERT,OPEN
COMP000953,CUST053386,CARD_ISSUE,CLOSED
COMP000954,CUST010983,FRAUD_ALERT,CLOSED
COMP000955,CUST036094,CARD_ISSUE,OPEN
COMP000956,CUST025097,CARD_ISSUE,CLOSED
COMP000957,CUST069120,FRAUD_ALERT,CLOSED
COMP000958,CUST075080,CARD_ISSUE,CLOSED
COMP000959,CUST082172,UPI_ISSUE,OPEN
COMP000960,CUST005555,UPI_ISSUE,OPEN
COMP000961,CUST053762,FRAUD_ALERT,OPEN
COMP000962,CUST096852,FRAUD_ALERT,OPEN
COMP000963,CUST065642,CARD_ISSUE,OPEN
COMP000964,CUST074574,LOAN_ISSUE,OPEN
COMP000965,CUST051450,FRAUD_ALERT,OPEN
COMP000966,CUST041389,LOAN_ISSUE,CLOSED
COMP000967,CUST081348,FRAUD_ALERT,OPEN
COMP000968,CUST046262,CARD_ISSUE,OPEN
COMP000969,CUST050101,UPI_ISSUE,CLOSED
COMP000970,CUST083477,UPI_ISSUE,CLOSED
COMP000971,CUST013864,CARD_ISSUE,CLOSED
COMP000972,CUST086806,CARD_ISSUE,CLOSED
COMP000973,CUST025608,CARD_ISSUE,CLOSED
COMP000974,CUST044243,FRAUD_ALERT,CLOSED
COMP000975,CUST035267,FRAUD_ALERT,CLOSED
COMP000976,CUST020116,LOAN_ISSUE,CLOSED
COMP000977,CUST025435,LOAN_ISSUE,CLOSED
COMP000978,CUST095114,CARD_ISSUE,OPEN
COMP000979,CUST089387,CARD_ISSUE,OPEN
COMP000980,CUST071594,UPI_ISSUE,CLOSED
COMP000981,CUST028117,LOAN_ISSUE,OPEN
COMP000982,CUST016338,LOAN_ISSUE,CLOSED
COMP000983,CUST017596,FRAUD_ALERT,CLOSED
COMP000984,CUST033005,CARD_ISSUE,OPEN
COMP000985,CUST091793,UPI_ISSUE,CLOSED
COMP000986,CUST097179,FRAUD_ALERT,CLOSED
COMP000987,CUST090164,FRAUD_ALERT,CLOSED
COMP000988,CUST086091,UPI_ISSUE,CLOSED
COMP000989,CUST067753,LOAN_ISSUE,OPEN
COMP000990,CUST012881,LOAN_ISSUE,CLOSED
COMP000991,CUST073756,FRAUD_ALERT,CLOSED
COMP000992,CUST095785,UPI_ISSUE,OPEN
COMP000993,CUST050724,CARD_ISSUE,OPEN
COMP000994,CUST000930,CARD_ISSUE,CLOSED
COMP000995,CUST060617,FRAUD_ALERT,OPEN
COMP000996,CUST066145,FRAUD_ALERT,CLOSED
COMP000997,CUST023643,LOAN_ISSUE,OPEN
COMP000998,CUST097517,FRAUD_ALERT,CLOSED
COMP000999,CUST008111,CARD_ISSUE,OPEN
COMP001000,CUST040700,UPI_ISSUE,CLOSED
COMP001001,CUST052617,FRAUD_ALERT,CLOSED
COMP001002,CUST034721,CARD_ISSUE,OPEN
COMP001003,CUST035345,LOAN_ISSUE,OPEN
COMP001004,CUST087782,FRAUD_ALERT,OPEN
COMP001005,CUST038811,FRAUD_ALERT,OPEN
COMP001006,CUST032799,CARD_ISSUE,CLOSED
COMP001007,CUST081458,UPI_ISSUE,OPEN
COMP001008,CUST092679,LOAN_ISSUE,CLOSED
COMP001009,CUST070399,LOAN_ISSUE,CLOSED
COMP001010,CUST094741,CARD_ISSUE,OPEN
COMP001011,CUST064534,FRAUD_ALERT,OPEN
COMP001012,CUST047282,FRAUD_ALERT,CLOSED
COMP001013,CUST068020,LOAN_ISSUE,CLOSED
COMP001014,CUST075482,LOAN_ISSUE,CLOSED
COMP001015,CUST084329,UPI_ISSUE,OPEN
COMP001016,CUST056294,CARD_ISSUE,CLOSED
COMP001017,CUST061140,UPI_ISSUE,OPEN
COMP001018,CUST065457,LOAN_ISSUE,CLOSED
COMP001019,CUST035734,LOAN_ISSUE,CLOSED
COMP001020,CUST027398,LOAN_ISSUE,CLOSED
COMP001021,CUST054259,UPI_ISSUE,CLOSED
COMP001022,CUST078778,FRAUD_ALERT,OPEN
COMP001023,CUST081808,LOAN_ISSUE,CLOSED
COMP001024,CUST044246,CARD_ISSUE,OPEN
COMP001025,CUST005441,FRAUD_ALERT,OPEN
COMP001026,CUST074333,CARD_ISSUE,CLOSED
COMP001027,CUST062377,FRAUD_ALERT,CLOSED
COMP001028,CUST095184,UPI_ISSUE,OPEN
COMP001029,CUST031010,CARD_ISSUE,CLOSED
COMP001030,CUST041885,UPI_ISSUE,OPEN
COMP001031,CUST012439,UPI_ISSUE,OPEN
COMP001032,CUST008640,FRAUD_ALERT,CLOSED
COMP001033,CUST089352,LOAN_ISSUE,CLOSED
COMP001034,CUST019258,FRAUD_ALERT,OPEN
COMP001035,CUST038032,LOAN_ISSUE,CLOSED
COMP001036,CUST022917,LOAN_ISSUE,CLOSED
COMP001037,CUST046527,LOAN_ISSUE,OPEN
COMP001038,CUST038867,FRAUD_ALERT,CLOSED
COMP001039,CUST069945,LOAN_ISSUE,OPEN
COMP001040,CUST046316,CARD_ISSUE,OPEN
COMP001041,CUST022761,LOAN_ISSUE,OPEN
COMP001042,CUST091767,FRAUD_ALERT,CLOSED
COMP001043,CUST038164,FRAUD_ALERT,CLOSED
COMP001044,CUST038632,FRAUD_ALERT,CLOSED
COMP001045,CUST089086,CARD_ISSUE,CLOSED
COMP001046,CUST005174,CARD_ISSUE,CLOSED
COMP001047,CUST007714,UPI_ISSUE,CLOSED
COMP001048,CUST058511,CARD_ISSUE,OPEN
COMP001049,CUST035681,FRAUD_ALERT,OPEN
COMP001050,CUST049659,CARD_ISSUE,CLOSED
COMP001051,CUST052209,UPI_ISSUE,OPEN
COMP001052,CUST088160,UPI_ISSUE,OPEN
COMP001053,CUST034101,FRAUD_ALERT,OPEN
COMP001054,CUST086524,CARD_ISSUE,CLOSED
COMP001055,CUST074331,LOAN_ISSUE,CLOSED
COMP001056,CUST076969,CARD_ISSUE,CLOSED
COMP001057,CUST093050,LOAN_ISSUE,OPEN
COMP001058,CUST025876,FRAUD_ALERT,CLOSED
COMP001059,CUST026482,CARD_ISSUE,CLOSED
COMP001060,CUST090659,FRAUD_ALERT,OPEN
COMP001061,CUST071693,FRAUD_ALERT,OPEN
COMP001062,CUST049107,FRAUD_ALERT,CLOSED
COMP001063,CUST051621,UPI_ISSUE,CLOSED
COMP001064,CUST079371,CARD_ISSUE,CLOSED
COMP001065,CUST016763,FRAUD_ALERT,OPEN
COMP001066,CUST026264,UPI_ISSUE,CLOSED
COMP001067,CUST090707,CARD_ISSUE,OPEN
COMP001068,CUST047353,CARD_ISSUE,CLOSED
COMP001069,CUST071927,UPI_ISSUE,OPEN
COMP001070,CUST043242,CARD_ISSUE,CLOSED
COMP001071,CUST096179,FRAUD_ALERT,CLOSED
COMP001072,CUST058632,FRAUD_ALERT,CLOSED
COMP001073,CUST035348,FRAUD_ALERT,CLOSED
COMP001074,CUST046918,UPI_ISSUE,OPEN
COMP001075,CUST025275,FRAUD_ALERT,CLOSED
COMP001076,CUST066850,FRAUD_ALERT,OPEN
COMP001077,CUST087709,CARD_ISSUE,CLOSED
COMP001078,CUST015857,CARD_ISSUE,CLOSED
COMP001079,CUST037305,UPI_ISSUE,OPEN
COMP001080,CUST007283,CARD_ISSUE,CLOSED
COMP001081,CUST028912,UPI_ISSUE,OPEN
COMP001082,CUST018725,UPI_ISSUE,CLOSED
COMP001083,CUST097626,CARD_ISSUE,CLOSED
COMP001084,CUST007315,UPI_ISSUE,CLOSED
COMP001085,CUST084026,UPI_ISSUE,CLOSED
COMP001086,CUST096739,FRAUD_ALERT,CLOSED
COMP001087,CUST067276,LOAN_ISSUE,CLOSED
COMP001088,CUST004891,LOAN_ISSUE,OPEN
COMP001089,CUST022701,LOAN_ISSUE,OPEN
COMP001090,CUST016966,LOAN_ISSUE,CLOSED
COMP001091,CUST076233,FRAUD_ALERT,CLOSED
COMP001092,CUST088019,LOAN_ISSUE,CLOSED
COMP001093,CUST028687,UPI_ISSUE,OPEN
COMP001094,CUST041874,UPI_ISSUE,OPEN
COMP001095,CUST020440,CARD_ISSUE,CLOSED
COMP001096,CUST052717,CARD_ISSUE,CLOSED
COMP001097,CUST028892,LOAN_ISSUE,CLOSED
COMP001098,CUST027856,UPI_ISSUE,CLOSED
COMP001099,CUST007575,LOAN_ISSUE,OPEN
COMP001100,CUST010574,FRAUD_ALERT,OPEN
COMP001101,CUST098210,FRAUD_ALERT,OPEN
COMP001102,CUST077379,LOAN_ISSUE,CLOSED
COMP001103,CUST054602,CARD_ISSUE,CLOSED
COMP001104,CUST025902,FRAUD_ALERT,CLOSED
COMP001105,CUST036928,FRAUD_ALERT,CLOSED
COMP001106,CUST004259,LOAN_ISSUE,CLOSED
COMP001107,CUST090235,FRAUD_ALERT,OPEN
COMP001108,CUST093751,CARD_ISSUE,OPEN
COMP001109,CUST081564,FRAUD_ALERT,CLOSED
COMP001110,CUST068181,UPI_ISSUE,CLOSED
COMP001111,CUST000059,CARD_ISSUE,OPEN
COMP001112,CUST079624,UPI_ISSUE,OPEN
COMP001113,CUST018971,UPI_ISSUE,CLOSED
COMP001114,CUST073890,UPI_ISSUE,OPEN
COMP001115,CUST039370,LOAN_ISSUE,CLOSED
COMP001116,CUST093163,FRAUD_ALERT,CLOSED
COMP001117,CUST024381,FRAUD_ALERT,OPEN
COMP001118,CUST057007,UPI_ISSUE,CLOSED
COMP001119,CUST018134,LOAN_ISSUE,OPEN
COMP001120,CUST053899,FRAUD_ALERT,OPEN
COMP001121,CUST035478,FRAUD_ALERT,CLOSED
COMP001122,CUST025830,UPI_ISSUE,OPEN
COMP001123,CUST015707,CARD_ISSUE,OPEN
COMP001124,CUST022827,FRAUD_ALERT,OPEN
COMP001125,CUST065530,LOAN_ISSUE,OPEN
COMP001126,CUST084257,CARD_ISSUE,OPEN
COMP001127,CUST029901,FRAUD_ALERT,OPEN
COMP001128,CUST013295,FRAUD_ALERT,OPEN
COMP001129,CUST098099,LOAN_ISSUE,CLOSED
COMP001130,CUST072701,FRAUD_ALERT,OPEN
COMP001131,CUST017658,CARD_ISSUE,OPEN
COMP001132,CUST006028,UPI_ISSUE,CLOSED
COMP001133,CUST047774,LOAN_ISSUE,CLOSED
COMP001134,CUST080759,CARD_ISSUE,CLOSED
COMP001135,CUST097568,CARD_ISSUE,OPEN
COMP001136,CUST080871,FRAUD_ALERT,OPEN
COMP001137,CUST083861,UPI_ISSUE,OPEN
COMP001138,CUST020219,UPI_ISSUE,OPEN
COMP001139,CUST070906,UPI_ISSUE,OPEN
COMP001140,CUST009751,CARD_ISSUE,OPEN
COMP001141,CUST050916,LOAN_ISSUE,OPEN
COMP001142,CUST020984,FRAUD_ALERT,OPEN
COMP001143,CUST043460,CARD_ISSUE,OPEN
COMP001144,CUST008639,UPI_ISSUE,CLOSED
COMP001145,CUST007202,CARD_ISSUE,CLOSED
COMP001146,CUST016021,UPI_ISSUE,OPEN
COMP001147,CUST052612,LOAN_ISSUE,CLOSED
COMP001148,CUST003799,LOAN_ISSUE,CLOSED
COMP001149,CUST013177,LOAN_ISSUE,OPEN
COMP001150,CUST003144,LOAN_ISSUE,OPEN
COMP001151,CUST011626,FRAUD_ALERT,OPEN
COMP001152,CUST054781,FRAUD_ALERT,OPEN
COMP001153,CUST020150,CARD_ISSUE,OPEN
COMP001154,CUST084105,LOAN_ISSUE,OPEN
COMP001155,CUST082754,CARD_ISSUE,OPEN
COMP001156,CUST059526,FRAUD_ALERT,CLOSED
COMP001157,CUST054830,FRAUD_ALERT,CLOSED
COMP001158,CUST076055,LOAN_ISSUE,CLOSED
COMP001159,CUST074688,CARD_ISSUE,OPEN
COMP001160,CUST098270,UPI_ISSUE,OPEN
COMP001161,CUST035697,CARD_ISSUE,CLOSED
COMP001162,CUST002159,LOAN_ISSUE,CLOSED
COMP001163,CUST094258,FRAUD_ALERT,CLOSED
COMP001164,CUST056745,FRAUD_ALERT,OPEN
COMP001165,CUST091790,CARD_ISSUE,OPEN
COMP001166,CUST046924,UPI_ISSUE,CLOSED
COMP001167,CUST073260,UPI_ISSUE,OPEN
COMP001168,CUST057035,FRAUD_ALERT,OPEN
COMP001169,CUST019099,FRAUD_ALERT,OPEN
COMP001170,CUST085452,UPI_ISSUE,CLOSED
COMP001171,CUST047535,UPI_ISSUE,CLOSED
COMP001172,CUST000640,LOAN_ISSUE,CLOSED
COMP001173,CUST017984,FRAUD_ALERT,CLOSED
COMP001174,CUST021085,FRAUD_ALERT,OPEN
COMP001175,CUST019869,LOAN_ISSUE,OPEN
COMP001176,CUST012476,FRAUD_ALERT,CLOSED
COMP001177,CUST005637,LOAN_ISSUE,CLOSED
COMP001178,CUST036637,FRAUD_ALERT,OPEN
COMP001179,CUST076288,UPI_ISSUE,OPEN
COMP001180,CUST077561,FRAUD_ALERT,OPEN
COMP001181,CUST077119,FRAUD_ALERT,CLOSED
COMP001182,CUST044346,FRAUD_ALERT,OPEN
COMP001183,CUST066283,LOAN_ISSUE,OPEN
COMP001184,CUST095600,LOAN_ISSUE,OPEN
COMP001185,CUST071881,CARD_ISSUE,OPEN
COMP001186,CUST095674,CARD_ISSUE,CLOSED
COMP001187,CUST078408,CARD_ISSUE,CLOSED
COMP001188,CUST063513,LOAN_ISSUE,CLOSED
COMP001189,CUST071009,CARD_ISSUE,CLOSED
COMP001190,CUST065495,UPI_ISSUE,OPEN
COMP001191,CUST067325,UPI_ISSUE,OPEN
COMP001192,CUST083226,LOAN_ISSUE,CLOSED
COMP001193,CUST026896,UPI_ISSUE,CLOSED
COMP001194,CUST065226,FRAUD_ALERT,CLOSED
COMP001195,CUST082500,FRAUD_ALERT,CLOSED
COMP001196,CUST015254,LOAN_ISSUE,OPEN
COMP001197,CUST010784,FRAUD_ALERT,CLOSED
COMP001198,CUST024730,LOAN_ISSUE,OPEN
COMP001199,CUST010297,LOAN_ISSUE,OPEN
COMP001200,CUST047613,FRAUD_ALERT,OPEN
COMP001201,CUST042849,UPI_ISSUE,CLOSED
COMP001202,CUST066080,FRAUD_ALERT,OPEN
COMP001203,CUST010798,LOAN_ISSUE,CLOSED
COMP001204,CUST020851,CARD_ISSUE,CLOSED
COMP001205,CUST068671,CARD_ISSUE,OPEN
COMP001206,CUST042961,LOAN_ISSUE,OPEN
COMP001207,CUST030049,CARD_ISSUE,CLOSED
COMP001208,CUST003506,CARD_ISSUE,CLOSED
COMP001209,CUST020662,UPI_ISSUE,CLOSED
COMP001210,CUST001069,LOAN_ISSUE,CLOSED
COMP001211,CUST038185,LOAN_ISSUE,CLOSED
COMP001212,CUST065844,LOAN_ISSUE,CLOSED
COMP001213,CUST011557,CARD_ISSUE,CLOSED
COMP001214,CUST093711,UPI_ISSUE,CLOSED
COMP001215,CUST043614,CARD_ISSUE,OPEN
COMP001216,CUST038945,FRAUD_ALERT,OPEN
COMP001217,CUST082241,UPI_ISSUE,CLOSED
COMP001218,CUST050175,FRAUD_ALERT,OPEN
COMP001219,CUST093629,FRAUD_ALERT,OPEN
COMP001220,CUST049701,CARD_ISSUE,CLOSED
COMP001221,CUST086208,CARD_ISSUE,OPEN
COMP001222,CUST019197,CARD_ISSUE,OPEN
COMP001223,CUST071055,LOAN_ISSUE,OPEN
COMP001224,CUST074493,UPI_ISSUE,CLOSED
COMP001225,CUST099335,CARD_ISSUE,OPEN
COMP001226,CUST043083,LOAN_ISSUE,CLOSED
COMP001227,CUST056363,FRAUD_ALERT,OPEN
COMP001228,CUST068114,UPI_ISSUE,CLOSED
COMP001229,CUST088196,UPI_ISSUE,OPEN
COMP001230,CUST039968,FRAUD_ALERT,CLOSED
COMP001231,CUST001755,CARD_ISSUE,OPEN
COMP001232,CUST018874,LOAN_ISSUE,OPEN
COMP001233,CUST064703,CARD_ISSUE,OPEN
COMP001234,CUST056973,FRAUD_ALERT,OPEN
COMP001235,CUST069573,CARD_ISSUE,OPEN
COMP001236,CUST031511,UPI_ISSUE,CLOSED
COMP001237,CUST088817,UPI_ISSUE,CLOSED
COMP001238,CUST033164,FRAUD_ALERT,CLOSED
COMP001239,CUST048508,LOAN_ISSUE,CLOSED
COMP001240,CUST074582,FRAUD_ALERT,CLOSED
COMP001241,CUST027949,CARD_ISSUE,OPEN
COMP001242,CUST044894,UPI_ISSUE,CLOSED
COMP001243,CUST043552,FRAUD_ALERT,CLOSED
COMP001244,CUST006774,LOAN_ISSUE,OPEN
COMP001245,CUST091252,FRAUD_ALERT,CLOSED
COMP001246,CUST027754,LOAN_ISSUE,CLOSED
COMP001247,CUST082657,UPI_ISSUE,CLOSED
COMP001248,CUST013967,CARD_ISSUE,OPEN
COMP001249,CUST025716,LOAN_ISSUE,CLOSED
COMP001250,CUST071799,UPI_ISSUE,CLOSED
COMP001251,CUST083180,UPI_ISSUE,CLOSED
COMP001252,CUST055130,FRAUD_ALERT,OPEN
COMP001253,CUST043952,LOAN_ISSUE,OPEN
COMP001254,CUST066948,LOAN_ISSUE,OPEN
COMP001255,CUST077063,LOAN_ISSUE,CLOSED
COMP001256,CUST091701,LOAN_ISSUE,OPEN
COMP001257,CUST031144,FRAUD_ALERT,CLOSED
COMP001258,CUST069651,LOAN_ISSUE,CLOSED
COMP001259,CUST072323,CARD_ISSUE,OPEN
COMP001260,CUST068087,FRAUD_ALERT,CLOSED
COMP001261,CUST090119,UPI_ISSUE,OPEN
COMP001262,CUST043622,CARD_ISSUE,OPEN
COMP001263,CUST016725,LOAN_ISSUE,CLOSED
COMP001264,CUST069202,UPI_ISSUE,OPEN
COMP001265,CUST054748,CARD_ISSUE,OPEN
COMP001266,CUST050154,LOAN_ISSUE,CLOSED
COMP001267,CUST058010,UPI_ISSUE,OPEN
COMP001268,CUST004523,CARD_ISSUE,CLOSED
COMP001269,CUST056861,CARD_ISSUE,OPEN
COMP001270,CUST004722,FRAUD_ALERT,OPEN
COMP001271,CUST094350,LOAN_ISSUE,OPEN
COMP001272,CUST062247,LOAN_ISSUE,OPEN
COMP001273,CUST059587,LOAN_ISSUE,CLOSED
COMP001274,CUST090871,LOAN_ISSUE,OPEN
COMP001275,CUST041492,LOAN_ISSUE,CLOSED
COMP001276,CUST001556,UPI_ISSUE,CLOSED
COMP001277,CUST089445,UPI_ISSUE,CLOSED
COMP001278,CUST076049,FRAUD_ALERT,CLOSED
COMP001279,CUST086472,LOAN_ISSUE,OPEN
COMP001280,CUST003169,UPI_ISSUE,OPEN
COMP001281,CUST008672,UPI_ISSUE,OPEN
COMP001282,CUST060536,LOAN_ISSUE,CLOSED
COMP001283,CUST025939,LOAN_ISSUE,CLOSED
COMP001284,CUST027923,LOAN_ISSUE,OPEN
COMP001285,CUST098652,CARD_ISSUE,OPEN
COMP001286,CUST066776,FRAUD_ALERT,OPEN
COMP001287,CUST002691,LOAN_ISSUE,OPEN
COMP001288,CUST088705,FRAUD_ALERT,OPEN
COMP001289,CUST067370,FRAUD_ALERT,CLOSED
COMP001290,CUST074082,LOAN_ISSUE,CLOSED
COMP001291,CUST086645,CARD_ISSUE,OPEN
COMP001292,CUST066777,CARD_ISSUE,OPEN
COMP001293,CUST035425,CARD_ISSUE,OPEN
COMP001294,CUST054171,UPI_ISSUE,CLOSED
COMP001295,CUST058046,FRAUD_ALERT,CLOSED
COMP001296,CUST034342,FRAUD_ALERT,OPEN
COMP001297,CUST095326,FRAUD_ALERT,OPEN
COMP001298,CUST051424,UPI_ISSUE,CLOSED
COMP001299,CUST070673,LOAN_ISSUE,CLOSED
COMP001300,CUST089901,FRAUD_ALERT,OPEN
COMP001301,CUST005508,CARD_ISSUE,OPEN
COMP001302,CUST095944,UPI_ISSUE,CLOSED
COMP001303,CUST002326,CARD_ISSUE,CLOSED
COMP001304,CUST073714,CARD_ISSUE,OPEN
COMP001305,CUST096696,CARD_ISSUE,CLOSED
COMP001306,CUST062389,UPI_ISSUE,CLOSED
COMP001307,CUST010231,CARD_ISSUE,CLOSED
COMP001308,CUST081518,LOAN_ISSUE,CLOSED
COMP001309,CUST027345,UPI_ISSUE,CLOSED
COMP001310,CUST009565,LOAN_ISSUE,CLOSED
COMP001311,CUST053459,UPI_ISSUE,CLOSED
COMP001312,CUST043945,FRAUD_ALERT,OPEN
COMP001313,CUST063524,UPI_ISSUE,OPEN
COMP001314,CUST091706,UPI_ISSUE,OPEN
COMP001315,CUST065823,CARD_ISSUE,OPEN
COMP001316,CUST026308,UPI_ISSUE,CLOSED
COMP001317,CUST064974,FRAUD_ALERT,OPEN
COMP001318,CUST070602,FRAUD_ALERT,CLOSED
COMP001319,CUST056532,FRAUD_ALERT,CLOSED
COMP001320,CUST024926,UPI_ISSUE,CLOSED
COMP001321,CUST022788,LOAN_ISSUE,OPEN
COMP001322,CUST066736,UPI_ISSUE,OPEN
COMP001323,CUST050183,UPI_ISSUE,OPEN
COMP001324,CUST065187,FRAUD_ALERT,CLOSED
COMP001325,CUST073080,FRAUD_ALERT,CLOSED
COMP001326,CUST073560,CARD_ISSUE,CLOSED
COMP001327,CUST001218,FRAUD_ALERT,OPEN
COMP001328,CUST046001,CARD_ISSUE,OPEN
COMP001329,CUST005741,CARD_ISSUE,OPEN
COMP001330,CUST039427,CARD_ISSUE,CLOSED
COMP001331,CUST070090,CARD_ISSUE,CLOSED
COMP001332,CUST025419,CARD_ISSUE,OPEN
COMP001333,CUST011829,LOAN_ISSUE,CLOSED
COMP001334,CUST041156,LOAN_ISSUE,OPEN
COMP001335,CUST055239,LOAN_ISSUE,OPEN
COMP001336,CUST071221,LOAN_ISSUE,CLOSED
COMP001337,CUST074225,FRAUD_ALERT,OPEN
COMP001338,CUST055144,LOAN_ISSUE,OPEN
COMP001339,CUST001416,UPI_ISSUE,CLOSED
COMP001340,CUST079010,LOAN_ISSUE,OPEN
COMP001341,CUST056449,CARD_ISSUE,CLOSED
COMP001342,CUST036910,FRAUD_ALERT,OPEN
COMP001343,CUST080953,CARD_ISSUE,CLOSED
COMP001344,CUST060270,UPI_ISSUE,OPEN
COMP001345,CUST052552,FRAUD_ALERT,OPEN
COMP001346,CUST050105,UPI_ISSUE,OPEN
COMP001347,CUST084570,UPI_ISSUE,CLOSED
COMP001348,CUST009258,UPI_ISSUE,CLOSED
COMP001349,CUST086884,LOAN_ISSUE,OPEN
COMP001350,CUST043302,FRAUD_ALERT,CLOSED
COMP001351,CUST041056,UPI_ISSUE,OPEN
COMP001352,CUST044162,LOAN_ISSUE,OPEN
COMP001353,CUST057144,UPI_ISSUE,OPEN
COMP001354,CUST020456,UPI_ISSUE,CLOSED
COMP001355,CUST013494,LOAN_ISSUE,OPEN
COMP001356,CUST037718,CARD_ISSUE,CLOSED
COMP001357,CUST061070,LOAN_ISSUE,OPEN
COMP001358,CUST062776,FRAUD_ALERT,OPEN
COMP001359,CUST004088,FRAUD_ALERT,CLOSED
COMP001360,CUST089054,LOAN_ISSUE,OPEN
COMP001361,CUST003919,FRAUD_ALERT,CLOSED
COMP001362,CUST073098,LOAN_ISSUE,OPEN
COMP001363,CUST098171,UPI_ISSUE,CLOSED
COMP001364,CUST003297,FRAUD_ALERT,CLOSED
COMP001365,CUST025553,LOAN_ISSUE,CLOSED
COMP001366,CUST064299,LOAN_ISSUE,CLOSED
COMP001367,CUST049880,UPI_ISSUE,CLOSED
COMP001368,CUST022832,UPI_ISSUE,CLOSED
COMP001369,CUST085570,LOAN_ISSUE,CLOSED
COMP001370,CUST091876,LOAN_ISSUE,CLOSED
COMP001371,CUST026256,CARD_ISSUE,OPEN
COMP001372,CUST043619,FRAUD_ALERT,CLOSED
COMP001373,CUST074209,CARD_ISSUE,CLOSED
COMP001374,CUST014630,FRAUD_ALERT,OPEN
COMP001375,CUST014563,UPI_ISSUE,OPEN
COMP001376,CUST006327,CARD_ISSUE,CLOSED
COMP001377,CUST092929,CARD_ISSUE,OPEN
COMP001378,CUST064689,CARD_ISSUE,OPEN
COMP001379,CUST014892,CARD_ISSUE,CLOSED
COMP001380,CUST087061,UPI_ISSUE,OPEN
COMP001381,CUST051655,LOAN_ISSUE,CLOSED
COMP001382,CUST071689,CARD_ISSUE,OPEN
COMP001383,CUST062337,CARD_ISSUE,CLOSED
COMP001384,CUST081443,LOAN_ISSUE,CLOSED
COMP001385,CUST052252,LOAN_ISSUE,CLOSED
COMP001386,CUST092200,UPI_ISSUE,CLOSED
COMP001387,CUST092518,UPI_ISSUE,OPEN
COMP001388,CUST099580,UPI_ISSUE,CLOSED
COMP001389,CUST091987,LOAN_ISSUE,OPEN
COMP001390,CUST049144,CARD_ISSUE,OPEN
COMP001391,CUST000238,LOAN_ISSUE,OPEN
COMP001392,CUST047775,LOAN_ISSUE,OPEN
COMP001393,CUST016187,LOAN_ISSUE,CLOSED
COMP001394,CUST043996,FRAUD_ALERT,CLOSED
COMP001395,CUST089880,UPI_ISSUE,CLOSED
COMP001396,CUST068570,CARD_ISSUE,OPEN
COMP001397,CUST059687,LOAN_ISSUE,OPEN
COMP001398,CUST092965,LOAN_ISSUE,CLOSED
COMP001399,CUST023997,UPI_ISSUE,CLOSED
COMP001400,CUST019937,UPI_ISSUE,OPEN
COMP001401,CUST090823,FRAUD_ALERT,CLOSED
COMP001402,CUST083125,UPI_ISSUE,OPEN
COMP001403,CUST081860,CARD_ISSUE,OPEN
COMP001404,CUST070237,CARD_ISSUE,OPEN
COMP001405,CUST093597,LOAN_ISSUE,CLOSED
COMP001406,CUST092719,CARD_ISSUE,OPEN
COMP001407,CUST032830,CARD_ISSUE,OPEN
COMP001408,CUST093906,FRAUD_ALERT,OPEN
COMP001409,CUST095234,CARD_ISSUE,OPEN
COMP001410,CUST010635,CARD_ISSUE,CLOSED
COMP001411,CUST077131,LOAN_ISSUE,OPEN
COMP001412,CUST074114,UPI_ISSUE,CLOSED
COMP001413,CUST098023,CARD_ISSUE,CLOSED
COMP001414,CUST093759,LOAN_ISSUE,OPEN
COMP001415,CUST028288,FRAUD_ALERT,CLOSED
COMP001416,CUST023553,FRAUD_ALERT,CLOSED
COMP001417,CUST067229,LOAN_ISSUE,OPEN
COMP001418,CUST086028,FRAUD_ALERT,OPEN
COMP001419,CUST041050,CARD_ISSUE,CLOSED
COMP001420,CUST042804,UPI_ISSUE,CLOSED
COMP001421,CUST065528,FRAUD_ALERT,CLOSED
COMP001422,CUST054275,UPI_ISSUE,CLOSED
COMP001423,CUST009760,CARD_ISSUE,OPEN
COMP001424,CUST008804,LOAN_ISSUE,OPEN
COMP001425,CUST041160,LOAN_ISSUE,OPEN
COMP001426,CUST057809,FRAUD_ALERT,OPEN
COMP001427,CUST081126,UPI_ISSUE,CLOSED
COMP001428,CUST096351,FRAUD_ALERT,OPEN
COMP001429,CUST029830,LOAN_ISSUE,CLOSED
COMP001430,CUST054677,CARD_ISSUE,OPEN
COMP001431,CUST026949,UPI_ISSUE,CLOSED
COMP001432,CUST034189,LOAN_ISSUE,CLOSED
COMP001433,CUST026783,CARD_ISSUE,CLOSED
COMP001434,CUST052980,FRAUD_ALERT,CLOSED
COMP001435,CUST082465,FRAUD_ALERT,OPEN
COMP001436,CUST008516,UPI_ISSUE,CLOSED
COMP001437,CUST007549,FRAUD_ALERT,OPEN
COMP001438,CUST085437,FRAUD_ALERT,OPEN
COMP001439,CUST043239,CARD_ISSUE,CLOSED
COMP001440,CUST026608,FRAUD_ALERT,OPEN
COMP001441,CUST074319,FRAUD_ALERT,OPEN
COMP001442,CUST028453,FRAUD_ALERT,OPEN
COMP001443,CUST017803,FRAUD_ALERT,OPEN
COMP001444,CUST044308,LOAN_ISSUE,OPEN
COMP001445,CUST028658,LOAN_ISSUE,CLOSED
COMP001446,CUST036327,CARD_ISSUE,OPEN
COMP001447,CUST073672,LOAN_ISSUE,OPEN
COMP001448,CUST016413,LOAN_ISSUE,OPEN
COMP001449,CUST097460,LOAN_ISSUE,OPEN
COMP001450,CUST017496,UPI_ISSUE,OPEN
COMP001451,CUST080457,LOAN_ISSUE,OPEN
COMP001452,CUST092310,UPI_ISSUE,CLOSED
COMP001453,CUST075933,LOAN_ISSUE,OPEN
COMP001454,CUST086625,CARD_ISSUE,CLOSED
COMP001455,CUST060926,CARD_ISSUE,CLOSED
COMP001456,CUST050248,LOAN_ISSUE,CLOSED
COMP001457,CUST012730,LOAN_ISSUE,OPEN
COMP001458,CUST063666,UPI_ISSUE,CLOSED
COMP001459,CUST084740,FRAUD_ALERT,CLOSED
COMP001460,CUST085707,LOAN_ISSUE,CLOSED
COMP001461,CUST019119,UPI_ISSUE,OPEN
COMP001462,CUST066527,LOAN_ISSUE,CLOSED
COMP001463,CUST050515,CARD_ISSUE,OPEN
COMP001464,CUST073125,CARD_ISSUE,CLOSED
COMP001465,CUST009386,UPI_ISSUE,OPEN
COMP001466,CUST073457,CARD_ISSUE,CLOSED
COMP001467,CUST091811,CARD_ISSUE,CLOSED
COMP001468,CUST096680,FRAUD_ALERT,OPEN
COMP001469,CUST028582,FRAUD_ALERT,CLOSED
COMP001470,CUST082701,CARD_ISSUE,OPEN
COMP001471,CUST043443,FRAUD_ALERT,CLOSED
COMP001472,CUST093265,LOAN_ISSUE,CLOSED
COMP001473,CUST068973,UPI_ISSUE,CLOSED
COMP001474,CUST026671,UPI_ISSUE,OPEN
COMP001475,CUST019480,CARD_ISSUE,OPEN
COMP001476,CUST011548,CARD_ISSUE,OPEN
COMP001477,CUST049794,UPI_ISSUE,CLOSED
COMP001478,CUST082465,LOAN_ISSUE,CLOSED
COMP001479,CUST040400,LOAN_ISSUE,OPEN
COMP001480,CUST019719,LOAN_ISSUE,OPEN
COMP001481,CUST001745,FRAUD_ALERT,OPEN
COMP001482,CUST064990,FRAUD_ALERT,CLOSED
COMP001483,CUST041946,FRAUD_ALERT,CLOSED
COMP001484,CUST051838,FRAUD_ALERT,OPEN
COMP001485,CUST096306,UPI_ISSUE,OPEN
COMP001486,CUST034146,CARD_ISSUE,CLOSED
COMP001487,CUST005102,FRAUD_ALERT,CLOSED
COMP001488,CUST052246,FRAUD_ALERT,CLOSED
COMP001489,CUST046916,UPI_ISSUE,CLOSED
COMP001490,CUST077669,UPI_ISSUE,OPEN
COMP001491,CUST091838,CARD_ISSUE,CLOSED
COMP001492,CUST046918,LOAN_ISSUE,OPEN
COMP001493,CUST015879,LOAN_ISSUE,OPEN
COMP001494,CUST078503,CARD_ISSUE,OPEN
COMP001495,CUST030233,FRAUD_ALERT,OPEN
COMP001496,CUST030277,UPI_ISSUE,CLOSED
COMP001497,CUST070898,FRAUD_ALERT,OPEN
COMP001498,CUST008143,FRAUD_ALERT,CLOSED
COMP001499,CUST071801,UPI_ISSUE,CLOSED
COMP001500,CUST035891,LOAN_ISSUE,OPEN
COMP001501,CUST008959,LOAN_ISSUE,OPEN
COMP001502,CUST000702,LOAN_ISSUE,OPEN
COMP001503,CUST081355,LOAN_ISSUE,CLOSED
COMP001504,CUST021318,FRAUD_ALERT,OPEN
COMP001505,CUST065988,UPI_ISSUE,CLOSED
COMP001506,CUST025139,FRAUD_ALERT,OPEN
COMP001507,CUST097573,FRAUD_ALERT,CLOSED
COMP001508,CUST014135,CARD_ISSUE,OPEN
COMP001509,CUST038027,CARD_ISSUE,OPEN
COMP001510,CUST001843,UPI_ISSUE,CLOSED
COMP001511,CUST049542,LOAN_ISSUE,OPEN
COMP001512,CUST016281,LOAN_ISSUE,CLOSED
COMP001513,CUST031286,FRAUD_ALERT,CLOSED
COMP001514,CUST067035,UPI_ISSUE,OPEN
COMP001515,CUST083052,FRAUD_ALERT,CLOSED
COMP001516,CUST018918,CARD_ISSUE,OPEN
COMP001517,CUST055481,UPI_ISSUE,CLOSED
COMP001518,CUST076681,CARD_ISSUE,CLOSED
COMP001519,CUST091063,CARD_ISSUE,CLOSED
COMP001520,CUST091919,FRAUD_ALERT,OPEN
COMP001521,CUST010195,FRAUD_ALERT,OPEN
COMP001522,CUST020342,CARD_ISSUE,OPEN
COMP001523,CUST097459,UPI_ISSUE,OPEN
COMP001524,CUST079527,UPI_ISSUE,OPEN
COMP001525,CUST019330,CARD_ISSUE,CLOSED
COMP001526,CUST024096,CARD_ISSUE,OPEN
COMP001527,CUST007019,UPI_ISSUE,CLOSED
COMP001528,CUST087848,FRAUD_ALERT,OPEN
COMP001529,CUST068966,UPI_ISSUE,CLOSED
COMP001530,CUST000814,LOAN_ISSUE,CLOSED
COMP001531,CUST033727,CARD_ISSUE,CLOSED
COMP001532,CUST080200,FRAUD_ALERT,CLOSED
COMP001533,CUST065114,FRAUD_ALERT,OPEN
COMP001534,CUST015006,LOAN_ISSUE,CLOSED
COMP001535,CUST093731,CARD_ISSUE,OPEN
COMP001536,CUST018403,LOAN_ISSUE,OPEN
COMP001537,CUST081689,LOAN_ISSUE,CLOSED
COMP001538,CUST016679,LOAN_ISSUE,CLOSED
COMP001539,CUST051476,UPI_ISSUE,CLOSED
COMP001540,CUST099682,LOAN_ISSUE,CLOSED
COMP001541,CUST064384,CARD_ISSUE,OPEN
COMP001542,CUST078722,FRAUD_ALERT,CLOSED
COMP001543,CUST034946,FRAUD_ALERT,OPEN
COMP001544,CUST040296,CARD_ISSUE,CLOSED
COMP001545,CUST047348,LOAN_ISSUE,OPEN
COMP001546,CUST056158,UPI_ISSUE,OPEN
COMP001547,CUST065179,FRAUD_ALERT,CLOSED
COMP001548,CUST015953,LOAN_ISSUE,CLOSED
COMP001549,CUST038697,UPI_ISSUE,CLOSED
COMP001550,CUST063551,UPI_ISSUE,OPEN
COMP001551,CUST095232,FRAUD_ALERT,CLOSED
COMP001552,CUST035328,CARD_ISSUE,OPEN
COMP001553,CUST071607,UPI_ISSUE,CLOSED
COMP001554,CUST074464,CARD_ISSUE,CLOSED
COMP001555,CUST069755,FRAUD_ALERT,CLOSED
COMP001556,CUST026720,UPI_ISSUE,CLOSED
COMP001557,CUST077291,CARD_ISSUE,OPEN
COMP001558,CUST072938,FRAUD_ALERT,CLOSED
COMP001559,CUST032677,UPI_ISSUE,OPEN
COMP001560,CUST023722,CARD_ISSUE,OPEN
COMP001561,CUST012926,LOAN_ISSUE,OPEN
COMP001562,CUST041461,CARD_ISSUE,OPEN
COMP001563,CUST048869,LOAN_ISSUE,OPEN
COMP001564,CUST043880,LOAN_ISSUE,OPEN
COMP001565,CUST016724,UPI_ISSUE,OPEN
COMP001566,CUST051464,UPI_ISSUE,CLOSED
COMP001567,CUST040512,CARD_ISSUE,CLOSED
COMP001568,CUST031874,LOAN_ISSUE,CLOSED
COMP001569,CUST058793,CARD_ISSUE,OPEN
COMP001570,CUST030097,LOAN_ISSUE,OPEN
COMP001571,CUST090215,CARD_ISSUE,OPEN
COMP001572,CUST052543,LOAN_ISSUE,CLOSED
COMP001573,CUST016217,UPI_ISSUE,OPEN
COMP001574,CUST054038,UPI_ISSUE,CLOSED
COMP001575,CUST045851,FRAUD_ALERT,OPEN
COMP001576,CUST000245,UPI_ISSUE,CLOSED
COMP001577,CUST027579,CARD_ISSUE,CLOSED
COMP001578,CUST090675,CARD_ISSUE,CLOSED
COMP001579,CUST099448,FRAUD_ALERT,CLOSED
COMP001580,CUST061286,FRAUD_ALERT,OPEN
COMP001581,CUST032273,CARD_ISSUE,OPEN
COMP001582,CUST071128,UPI_ISSUE,CLOSED
COMP001583,CUST004780,LOAN_ISSUE,CLOSED
COMP001584,CUST094009,FRAUD_ALERT,OPEN
COMP001585,CUST017808,UPI_ISSUE,OPEN
COMP001586,CUST083615,FRAUD_ALERT,CLOSED
COMP001587,CUST071423,CARD_ISSUE,CLOSED
COMP001588,CUST002468,CARD_ISSUE,OPEN
COMP001589,CUST000119,FRAUD_ALERT,CLOSED
COMP001590,CUST024695,LOAN_ISSUE,OPEN
COMP001591,CUST054167,CARD_ISSUE,CLOSED
COMP001592,CUST057620,CARD_ISSUE,CLOSED
COMP001593,CUST065996,FRAUD_ALERT,CLOSED
COMP001594,CUST089130,FRAUD_ALERT,OPEN
COMP001595,CUST021604,LOAN_ISSUE,CLOSED
COMP001596,CUST099901,FRAUD_ALERT,OPEN
COMP001597,CUST048720,CARD_ISSUE,OPEN
COMP001598,CUST071665,LOAN_ISSUE,CLOSED
COMP001599,CUST029131,UPI_ISSUE,CLOSED
COMP001600,CUST068538,UPI_ISSUE,OPEN
COMP001601,CUST058841,LOAN_ISSUE,CLOSED
COMP001602,CUST077945,CARD_ISSUE,CLOSED
COMP001603,CUST041994,FRAUD_ALERT,OPEN
COMP001604,CUST075261,CARD_ISSUE,OPEN
COMP001605,CUST010691,FRAUD_ALERT,CLOSED
COMP001606,CUST094054,FRAUD_ALERT,CLOSED
COMP001607,CUST068861,CARD_ISSUE,OPEN
COMP001608,CUST048719,FRAUD_ALERT,OPEN
COMP001609,CUST021702,CARD_ISSUE,CLOSED
COMP001610,CUST061685,FRAUD_ALERT,OPEN
COMP001611,CUST014157,LOAN_ISSUE,OPEN
COMP001612,CUST095508,UPI_ISSUE,CLOSED
COMP001613,CUST044208,LOAN_ISSUE,CLOSED
COMP001614,CUST046074,LOAN_ISSUE,CLOSED
COMP001615,CUST010067,FRAUD_ALERT,OPEN
COMP001616,CUST085109,UPI_ISSUE,OPEN
COMP001617,CUST008968,UPI_ISSUE,OPEN
COMP001618,CUST002409,UPI_ISSUE,OPEN
COMP001619,CUST073944,LOAN_ISSUE,CLOSED
COMP001620,CUST026153,UPI_ISSUE,OPEN
COMP001621,CUST009697,FRAUD_ALERT,CLOSED
COMP001622,CUST088049,LOAN_ISSUE,CLOSED
COMP001623,CUST056691,FRAUD_ALERT,CLOSED
COMP001624,CUST042438,LOAN_ISSUE,CLOSED
COMP001625,CUST086376,FRAUD_ALERT,OPEN
COMP001626,CUST084398,LOAN_ISSUE,OPEN
COMP001627,CUST030594,UPI_ISSUE,OPEN
COMP001628,CUST049376,FRAUD_ALERT,OPEN
COMP001629,CUST002950,CARD_ISSUE,OPEN
COMP001630,CUST092364,FRAUD_ALERT,CLOSED
COMP001631,CUST002231,UPI_ISSUE,CLOSED
COMP001632,CUST021104,LOAN_ISSUE,OPEN
COMP001633,CUST070962,CARD_ISSUE,CLOSED
COMP001634,CUST077757,CARD_ISSUE,CLOSED
COMP001635,CUST018266,FRAUD_ALERT,CLOSED
COMP001636,CUST062436,UPI_ISSUE,CLOSED
COMP001637,CUST004529,CARD_ISSUE,OPEN
COMP001638,CUST006278,LOAN_ISSUE,CLOSED
COMP001639,CUST019627,CARD_ISSUE,CLOSED
COMP001640,CUST046240,FRAUD_ALERT,OPEN
COMP001641,CUST021379,LOAN_ISSUE,CLOSED
COMP001642,CUST066242,UPI_ISSUE,OPEN
COMP001643,CUST037949,FRAUD_ALERT,CLOSED
COMP001644,CUST096071,LOAN_ISSUE,OPEN
COMP001645,CUST029029,LOAN_ISSUE,CLOSED
COMP001646,CUST075331,UPI_ISSUE,CLOSED
COMP001647,CUST078128,UPI_ISSUE,CLOSED
COMP001648,CUST063022,UPI_ISSUE,OPEN
COMP001649,CUST057695,FRAUD_ALERT,CLOSED
COMP001650,CUST091896,CARD_ISSUE,OPEN
COMP001651,CUST047340,FRAUD_ALERT,OPEN
COMP001652,CUST015580,CARD_ISSUE,OPEN
COMP001653,CUST062772,LOAN_ISSUE,OPEN
COMP001654,CUST082062,CARD_ISSUE,CLOSED
COMP001655,CUST099811,CARD_ISSUE,OPEN
COMP001656,CUST007249,LOAN_ISSUE,OPEN
COMP001657,CUST076183,FRAUD_ALERT,OPEN
COMP001658,CUST002453,UPI_ISSUE,CLOSED
COMP001659,CUST074430,FRAUD_ALERT,OPEN
COMP001660,CUST034060,LOAN_ISSUE,CLOSED
COMP001661,CUST074492,LOAN_ISSUE,CLOSED
COMP001662,CUST099840,CARD_ISSUE,OPEN
COMP001663,CUST007893,UPI_ISSUE,CLOSED
COMP001664,CUST060344,UPI_ISSUE,CLOSED
COMP001665,CUST097367,FRAUD_ALERT,CLOSED
COMP001666,CUST057948,LOAN_ISSUE,OPEN
COMP001667,CUST085222,FRAUD_ALERT,CLOSED
COMP001668,CUST089121,LOAN_ISSUE,CLOSED
COMP001669,CUST056295,LOAN_ISSUE,OPEN
COMP001670,CUST031871,FRAUD_ALERT,CLOSED
COMP001671,CUST025268,UPI_ISSUE,OPEN
COMP001672,CUST032034,FRAUD_ALERT,CLOSED
COMP001673,CUST084031,LOAN_ISSUE,OPEN
COMP001674,CUST000025,UPI_ISSUE,OPEN
COMP001675,CUST011767,CARD_ISSUE,CLOSED
COMP001676,CUST018780,UPI_ISSUE,OPEN
COMP001677,CUST015619,CARD_ISSUE,CLOSED
COMP001678,CUST022778,FRAUD_ALERT,CLOSED
COMP001679,CUST063713,FRAUD_ALERT,CLOSED
COMP001680,CUST015897,FRAUD_ALERT,OPEN
COMP001681,CUST040951,CARD_ISSUE,OPEN
COMP001682,CUST034398,FRAUD_ALERT,OPEN
COMP001683,CUST069031,UPI_ISSUE,OPEN
COMP001684,CUST085093,UPI_ISSUE,CLOSED
COMP001685,CUST081902,UPI_ISSUE,OPEN
COMP001686,CUST063761,LOAN_ISSUE,CLOSED
COMP001687,CUST068855,UPI_ISSUE,OPEN
COMP001688,CUST031834,FRAUD_ALERT,OPEN
COMP001689,CUST095591,FRAUD_ALERT,OPEN
COMP001690,CUST008975,FRAUD_ALERT,OPEN
COMP001691,CUST067452,UPI_ISSUE,CLOSED
COMP001692,CUST025248,CARD_ISSUE,OPEN
COMP001693,CUST040939,FRAUD_ALERT,CLOSED
COMP001694,CUST054700,LOAN_ISSUE,OPEN
COMP001695,CUST088450,UPI_ISSUE,OPEN
COMP001696,CUST063303,UPI_ISSUE,CLOSED
COMP001697,CUST014913,UPI_ISSUE,CLOSED
COMP001698,CUST040210,FRAUD_ALERT,OPEN
COMP001699,CUST095133,CARD_ISSUE,OPEN
COMP001700,CUST053934,LOAN_ISSUE,CLOSED
COMP001701,CUST063055,CARD_ISSUE,CLOSED
COMP001702,CUST067073,CARD_ISSUE,CLOSED
COMP001703,CUST089565,LOAN_ISSUE,CLOSED
COMP001704,CUST021539,CARD_ISSUE,OPEN
COMP001705,CUST068980,UPI_ISSUE,CLOSED
COMP001706,CUST053766,UPI_ISSUE,CLOSED
COMP001707,CUST051802,FRAUD_ALERT,OPEN
COMP001708,CUST085759,CARD_ISSUE,OPEN
COMP001709,CUST056531,CARD_ISSUE,CLOSED
COMP001710,CUST045372,UPI_ISSUE,CLOSED
COMP001711,CUST001639,CARD_ISSUE,CLOSED
COMP001712,CUST024472,UPI_ISSUE,OPEN
COMP001713,CUST078225,UPI_ISSUE,OPEN
COMP001714,CUST044312,LOAN_ISSUE,OPEN
COMP001715,CUST039581,CARD_ISSUE,CLOSED
COMP001716,CUST067681,UPI_ISSUE,OPEN
COMP001717,CUST084767,CARD_ISSUE,OPEN
COMP001718,CUST002862,LOAN_ISSUE,OPEN
COMP001719,CUST050661,CARD_ISSUE,CLOSED
COMP001720,CUST016937,FRAUD_ALERT,OPEN
COMP001721,CUST032174,LOAN_ISSUE,OPEN
COMP001722,CUST050332,FRAUD_ALERT,CLOSED
COMP001723,CUST056669,FRAUD_ALERT,CLOSED
COMP001724,CUST086399,CARD_ISSUE,CLOSED
COMP001725,CUST023942,UPI_ISSUE,OPEN
COMP001726,CUST076013,CARD_ISSUE,OPEN
COMP001727,CUST094511,UPI_ISSUE,CLOSED
COMP001728,CUST051704,FRAUD_ALERT,OPEN
COMP001729,CUST041704,LOAN_ISSUE,OPEN
COMP001730,CUST058656,CARD_ISSUE,OPEN
COMP001731,CUST030869,CARD_ISSUE,CLOSED
COMP001732,CUST038787,FRAUD_ALERT,CLOSED
COMP001733,CUST095323,FRAUD_ALERT,CLOSED
COMP001734,CUST040631,UPI_ISSUE,OPEN
COMP001735,CUST071175,UPI_ISSUE,OPEN
COMP001736,CUST037013,LOAN_ISSUE,OPEN
COMP001737,CUST006861,LOAN_ISSUE,CLOSED
COMP001738,CUST083271,CARD_ISSUE,CLOSED
COMP001739,CUST089804,LOAN_ISSUE,CLOSED
COMP001740,CUST047067,LOAN_ISSUE,CLOSED
COMP001741,CUST031510,UPI_ISSUE,CLOSED
COMP001742,CUST049292,LOAN_ISSUE,CLOSED
COMP001743,CUST000808,LOAN_ISSUE,CLOSED
COMP001744,CUST068916,UPI_ISSUE,OPEN
COMP001745,CUST077112,UPI_ISSUE,CLOSED
COMP001746,CUST059183,UPI_ISSUE,OPEN
COMP001747,CUST085242,CARD_ISSUE,CLOSED
COMP001748,CUST080192,UPI_ISSUE,OPEN
COMP001749,CUST089207,UPI_ISSUE,CLOSED
COMP001750,CUST017187,CARD_ISSUE,OPEN
COMP001751,CUST057347,UPI_ISSUE,CLOSED
COMP001752,CUST002679,UPI_ISSUE,CLOSED
COMP001753,CUST015182,FRAUD_ALERT,OPEN
COMP001754,CUST054211,UPI_ISSUE,CLOSED
COMP001755,CUST036231,UPI_ISSUE,OPEN
COMP001756,CUST007488,UPI_ISSUE,OPEN
COMP001757,CUST041785,LOAN_ISSUE,OPEN
COMP001758,CUST043424,UPI_ISSUE,CLOSED
COMP001759,CUST059391,FRAUD_ALERT,OPEN
COMP001760,CUST013075,CARD_ISSUE,OPEN
COMP001761,CUST033192,FRAUD_ALERT,CLOSED
COMP001762,CUST072337,LOAN_ISSUE,CLOSED
COMP001763,CUST092449,LOAN_ISSUE,OPEN
COMP001764,CUST078429,UPI_ISSUE,OPEN
COMP001765,CUST053070,LOAN_ISSUE,CLOSED
COMP001766,CUST025853,FRAUD_ALERT,OPEN
COMP001767,CUST071922,FRAUD_ALERT,CLOSED
COMP001768,CUST072876,CARD_ISSUE,OPEN
COMP001769,CUST075600,LOAN_ISSUE,CLOSED
COMP001770,CUST043654,LOAN_ISSUE,OPEN
COMP001771,CUST031697,FRAUD_ALERT,OPEN
COMP001772,CUST036279,FRAUD_ALERT,OPEN
COMP001773,CUST034920,CARD_ISSUE,CLOSED
COMP001774,CUST029537,UPI_ISSUE,CLOSED
COMP001775,CUST074319,LOAN_ISSUE,OPEN
COMP001776,CUST030467,CARD_ISSUE,OPEN
COMP001777,CUST065647,CARD_ISSUE,OPEN
COMP001778,CUST089537,FRAUD_ALERT,OPEN
COMP001779,CUST029982,CARD_ISSUE,CLOSED
COMP001780,CUST018056,UPI_ISSUE,OPEN
COMP001781,CUST077559,CARD_ISSUE,CLOSED
COMP001782,CUST025488,FRAUD_ALERT,OPEN
COMP001783,CUST050436,CARD_ISSUE,OPEN
COMP001784,CUST092217,CARD_ISSUE,OPEN
COMP001785,CUST051325,CARD_ISSUE,CLOSED
COMP001786,CUST057509,LOAN_ISSUE,CLOSED
COMP001787,CUST053179,LOAN_ISSUE,OPEN
COMP001788,CUST041591,LOAN_ISSUE,CLOSED
COMP001789,CUST096243,CARD_ISSUE,CLOSED
COMP001790,CUST016073,CARD_ISSUE,OPEN
COMP001791,CUST024469,UPI_ISSUE,OPEN
COMP001792,CUST005878,FRAUD_ALERT,OPEN
COMP001793,CUST053352,FRAUD_ALERT,CLOSED
COMP001794,CUST041556,FRAUD_ALERT,CLOSED
COMP001795,CUST082296,FRAUD_ALERT,CLOSED
COMP001796,CUST016333,LOAN_ISSUE,OPEN
COMP001797,CUST008041,CARD_ISSUE,OPEN
COMP001798,CUST005102,CARD_ISSUE,CLOSED
COMP001799,CUST075197,LOAN_ISSUE,OPEN
COMP001800,CUST018946,CARD_ISSUE,OPEN
COMP001801,CUST060357,FRAUD_ALERT,OPEN
COMP001802,CUST023043,CARD_ISSUE,OPEN
COMP001803,CUST091266,LOAN_ISSUE,CLOSED
COMP001804,CUST031056,FRAUD_ALERT,CLOSED
COMP001805,CUST082205,UPI_ISSUE,CLOSED
COMP001806,CUST014292,CARD_ISSUE,OPEN
COMP001807,CUST091456,FRAUD_ALERT,CLOSED
COMP001808,CUST085585,FRAUD_ALERT,OPEN
COMP001809,CUST040241,CARD_ISSUE,OPEN
COMP001810,CUST095320,FRAUD_ALERT,OPEN
COMP001811,CUST092917,UPI_ISSUE,OPEN
COMP001812,CUST018139,UPI_ISSUE,OPEN
COMP001813,CUST040256,CARD_ISSUE,OPEN
COMP001814,CUST058189,UPI_ISSUE,CLOSED
COMP001815,CUST006385,CARD_ISSUE,CLOSED
COMP001816,CUST013218,LOAN_ISSUE,CLOSED
COMP001817,CUST073221,FRAUD_ALERT,CLOSED
COMP001818,CUST000855,UPI_ISSUE,OPEN
COMP001819,CUST053105,FRAUD_ALERT,OPEN
COMP001820,CUST015761,FRAUD_ALERT,OPEN
COMP001821,CUST099196,CARD_ISSUE,OPEN
COMP001822,CUST000329,CARD_ISSUE,CLOSED
COMP001823,CUST083341,FRAUD_ALERT,OPEN
COMP001824,CUST086607,CARD_ISSUE,OPEN
COMP001825,CUST016607,FRAUD_ALERT,CLOSED
COMP001826,CUST019834,FRAUD_ALERT,OPEN
COMP001827,CUST079564,CARD_ISSUE,OPEN
COMP001828,CUST095286,LOAN_ISSUE,OPEN
COMP001829,CUST018761,LOAN_ISSUE,OPEN
COMP001830,CUST054830,LOAN_ISSUE,CLOSED
COMP001831,CUST017926,CARD_ISSUE,OPEN
COMP001832,CUST005196,CARD_ISSUE,OPEN
COMP001833,CUST069020,FRAUD_ALERT,CLOSED
COMP001834,CUST041144,FRAUD_ALERT,OPEN
COMP001835,CUST003377,LOAN_ISSUE,CLOSED
COMP001836,CUST018652,FRAUD_ALERT,OPEN
COMP001837,CUST032438,LOAN_ISSUE,CLOSED
COMP001838,CUST041338,CARD_ISSUE,CLOSED
COMP001839,CUST035226,FRAUD_ALERT,OPEN
COMP001840,CUST078522,CARD_ISSUE,CLOSED
COMP001841,CUST096000,CARD_ISSUE,OPEN
COMP001842,CUST043068,FRAUD_ALERT,OPEN
COMP001843,CUST080806,CARD_ISSUE,CLOSED
COMP001844,CUST088834,UPI_ISSUE,CLOSED
COMP001845,CUST014854,UPI_ISSUE,CLOSED
COMP001846,CUST075067,FRAUD_ALERT,CLOSED
COMP001847,CUST047326,FRAUD_ALERT,CLOSED
COMP001848,CUST017648,UPI_ISSUE,OPEN
COMP001849,CUST053095,CARD_ISSUE,OPEN
COMP001850,CUST035297,LOAN_ISSUE,OPEN
COMP001851,CUST092668,FRAUD_ALERT,OPEN
COMP001852,CUST042935,LOAN_ISSUE,CLOSED
COMP001853,CUST072419,LOAN_ISSUE,OPEN
COMP001854,CUST052840,LOAN_ISSUE,OPEN
COMP001855,CUST023280,LOAN_ISSUE,CLOSED
COMP001856,CUST033912,UPI_ISSUE,CLOSED
COMP001857,CUST063437,LOAN_ISSUE,CLOSED
COMP001858,CUST064486,CARD_ISSUE,OPEN
COMP001859,CUST005971,LOAN_ISSUE,OPEN
COMP001860,CUST025696,UPI_ISSUE,CLOSED
COMP001861,CUST070262,LOAN_ISSUE,OPEN
COMP001862,CUST028810,FRAUD_ALERT,CLOSED
COMP001863,CUST094128,FRAUD_ALERT,OPEN
COMP001864,CUST012907,FRAUD_ALERT,CLOSED
COMP001865,CUST083040,UPI_ISSUE,OPEN
COMP001866,CUST053341,CARD_ISSUE,OPEN
COMP001867,CUST009510,UPI_ISSUE,CLOSED
COMP001868,CUST062321,UPI_ISSUE,OPEN
COMP001869,CUST008252,FRAUD_ALERT,CLOSED
COMP001870,CUST051485,CARD_ISSUE,OPEN
COMP001871,CUST046531,FRAUD_ALERT,CLOSED
COMP001872,CUST024632,FRAUD_ALERT,OPEN
COMP001873,CUST041291,FRAUD_ALERT,OPEN
COMP001874,CUST008017,LOAN_ISSUE,CLOSED
COMP001875,CUST043016,LOAN_ISSUE,CLOSED
COMP001876,CUST006047,UPI_ISSUE,OPEN
COMP001877,CUST011273,LOAN_ISSUE,OPEN
COMP001878,CUST025651,UPI_ISSUE,OPEN
COMP001879,CUST066708,CARD_ISSUE,OPEN
COMP001880,CUST058221,UPI_ISSUE,OPEN
COMP001881,CUST045557,LOAN_ISSUE,OPEN
COMP001882,CUST036848,CARD_ISSUE,CLOSED
COMP001883,CUST082551,CARD_ISSUE,CLOSED
COMP001884,CUST021639,FRAUD_ALERT,CLOSED
COMP001885,CUST085055,FRAUD_ALERT,CLOSED
COMP001886,CUST082647,UPI_ISSUE,CLOSED
COMP001887,CUST056570,CARD_ISSUE,CLOSED
COMP001888,CUST045072,FRAUD_ALERT,OPEN
COMP001889,CUST028055,LOAN_ISSUE,CLOSED
COMP001890,CUST026873,LOAN_ISSUE,OPEN
COMP001891,CUST086681,LOAN_ISSUE,OPEN
COMP001892,CUST048074,UPI_ISSUE,OPEN
COMP001893,CUST095642,CARD_ISSUE,OPEN
COMP001894,CUST069268,UPI_ISSUE,CLOSED
COMP001895,CUST014157,FRAUD_ALERT,OPEN
COMP001896,CUST077376,CARD_ISSUE,CLOSED
COMP001897,CUST014034,LOAN_ISSUE,OPEN
COMP001898,CUST019661,UPI_ISSUE,CLOSED
COMP001899,CUST034378,UPI_ISSUE,OPEN
COMP001900,CUST099806,FRAUD_ALERT,CLOSED
COMP001901,CUST078930,CARD_ISSUE,OPEN
COMP001902,CUST047103,FRAUD_ALERT,OPEN
COMP001903,CUST021046,UPI_ISSUE,OPEN
COMP001904,CUST024191,LOAN_ISSUE,CLOSED
COMP001905,CUST087916,LOAN_ISSUE,CLOSED
COMP001906,CUST090954,CARD_ISSUE,CLOSED
COMP001907,CUST096824,UPI_ISSUE,CLOSED
COMP001908,CUST062937,LOAN_ISSUE,CLOSED
COMP001909,CUST005691,LOAN_ISSUE,OPEN
COMP001910,CUST095094,LOAN_ISSUE,CLOSED
COMP001911,CUST033917,LOAN_ISSUE,CLOSED
COMP001912,CUST070926,UPI_ISSUE,CLOSED
COMP001913,CUST012733,CARD_ISSUE,CLOSED
COMP001914,CUST074349,FRAUD_ALERT,OPEN
COMP001915,CUST040194,LOAN_ISSUE,CLOSED
COMP001916,CUST034975,UPI_ISSUE,CLOSED
COMP001917,CUST083968,CARD_ISSUE,OPEN
COMP001918,CUST021121,UPI_ISSUE,CLOSED
COMP001919,CUST068290,FRAUD_ALERT,OPEN
COMP001920,CUST014275,FRAUD_ALERT,CLOSED
COMP001921,CUST036210,UPI_ISSUE,OPEN
COMP001922,CUST056668,LOAN_ISSUE,CLOSED
COMP001923,CUST009147,FRAUD_ALERT,OPEN
COMP001924,CUST053702,LOAN_ISSUE,OPEN
COMP001925,CUST052924,UPI_ISSUE,OPEN
COMP001926,CUST081038,LOAN_ISSUE,OPEN
COMP001927,CUST013484,FRAUD_ALERT,OPEN
COMP001928,CUST022495,UPI_ISSUE,CLOSED
COMP001929,CUST084201,FRAUD_ALERT,OPEN
COMP001930,CUST090749,CARD_ISSUE,OPEN
COMP001931,CUST070336,FRAUD_ALERT,OPEN
COMP001932,CUST031176,UPI_ISSUE,CLOSED
COMP001933,CUST066952,CARD_ISSUE,CLOSED
COMP001934,CUST056017,CARD_ISSUE,CLOSED
COMP001935,CUST068276,FRAUD_ALERT,CLOSED
COMP001936,CUST057523,UPI_ISSUE,CLOSED
COMP001937,CUST010995,CARD_ISSUE,OPEN
COMP001938,CUST037964,FRAUD_ALERT,CLOSED
COMP001939,CUST019523,CARD_ISSUE,CLOSED
COMP001940,CUST005702,UPI_ISSUE,CLOSED
COMP001941,CUST068061,LOAN_ISSUE,CLOSED
COMP001942,CUST072357,CARD_ISSUE,CLOSED
COMP001943,CUST047121,FRAUD_ALERT,OPEN
COMP001944,CUST006095,CARD_ISSUE,CLOSED
COMP001945,CUST063637,LOAN_ISSUE,OPEN
COMP001946,CUST014074,UPI_ISSUE,CLOSED
COMP001947,CUST057549,FRAUD_ALERT,OPEN
COMP001948,CUST054917,FRAUD_ALERT,CLOSED
COMP001949,CUST091656,FRAUD_ALERT,CLOSED
COMP001950,CUST096020,CARD_ISSUE,CLOSED
COMP001951,CUST049237,CARD_ISSUE,OPEN
COMP001952,CUST022875,CARD_ISSUE,OPEN
COMP001953,CUST095605,LOAN_ISSUE,CLOSED
COMP001954,CUST043043,UPI_ISSUE,OPEN
COMP001955,CUST049259,FRAUD_ALERT,CLOSED
COMP001956,CUST001495,UPI_ISSUE,OPEN
COMP001957,CUST092462,FRAUD_ALERT,OPEN
COMP001958,CUST043650,LOAN_ISSUE,CLOSED
COMP001959,CUST046185,CARD_ISSUE,OPEN
COMP001960,CUST052079,CARD_ISSUE,CLOSED
COMP001961,CUST027691,CARD_ISSUE,CLOSED
COMP001962,CUST028276,UPI_ISSUE,CLOSED
COMP001963,CUST064284,LOAN_ISSUE,OPEN
COMP001964,CUST087501,CARD_ISSUE,OPEN
COMP001965,CUST051199,CARD_ISSUE,OPEN
COMP001966,CUST022530,LOAN_ISSUE,CLOSED
COMP001967,CUST064215,CARD_ISSUE,OPEN
COMP001968,CUST013319,LOAN_ISSUE,CLOSED
COMP001969,CUST026321,UPI_ISSUE,OPEN
COMP001970,CUST095679,FRAUD_ALERT,OPEN
COMP001971,CUST019424,UPI_ISSUE,CLOSED
COMP001972,CUST085384,FRAUD_ALERT,CLOSED
COMP001973,CUST069276,LOAN_ISSUE,CLOSED
COMP001974,CUST014853,CARD_ISSUE,CLOSED
COMP001975,CUST090062,CARD_ISSUE,CLOSED
COMP001976,CUST057520,CARD_ISSUE,OPEN
COMP001977,CUST002592,FRAUD_ALERT,CLOSED
COMP001978,CUST014823,CARD_ISSUE,CLOSED
COMP001979,CUST013870,LOAN_ISSUE,OPEN
COMP001980,CUST012842,FRAUD_ALERT,OPEN
COMP001981,CUST098342,LOAN_ISSUE,OPEN
COMP001982,CUST027209,UPI_ISSUE,CLOSED
COMP001983,CUST066252,LOAN_ISSUE,OPEN
COMP001984,CUST089357,CARD_ISSUE,OPEN
COMP001985,CUST008963,LOAN_ISSUE,OPEN
COMP001986,CUST028869,UPI_ISSUE,CLOSED
COMP001987,CUST016412,UPI_ISSUE,OPEN
COMP001988,CUST094556,FRAUD_ALERT,OPEN
COMP001989,CUST062101,CARD_ISSUE,OPEN
COMP001990,CUST031067,LOAN_ISSUE,OPEN
COMP001991,CUST022168,UPI_ISSUE,CLOSED
COMP001992,CUST037008,FRAUD_ALERT,OPEN
COMP001993,CUST097349,FRAUD_ALERT,OPEN
COMP001994,CUST025913,LOAN_ISSUE,OPEN
COMP001995,CUST005102,FRAUD_ALERT,CLOSED
COMP001996,CUST057823,LOAN_ISSUE,CLOSED
COMP001997,CUST014905,LOAN_ISSUE,CLOSED
COMP001998,CUST037018,CARD_ISSUE,CLOSED
COMP001999,CUST027704,UPI_ISSUE,OPEN
COMP002000,CUST036926,FRAUD_ALERT,CLOSED
COMP002001,CUST057228,CARD_ISSUE,CLOSED
COMP002002,CUST066813,LOAN_ISSUE,CLOSED
COMP002003,CUST072567,FRAUD_ALERT,CLOSED
COMP002004,CUST041486,CARD_ISSUE,CLOSED
COMP002005,CUST099560,UPI_ISSUE,CLOSED
COMP002006,CUST054824,UPI_ISSUE,OPEN
COMP002007,CUST063957,UPI_ISSUE,OPEN
COMP002008,CUST096757,LOAN_ISSUE,CLOSED
COMP002009,CUST046335,UPI_ISSUE,OPEN
COMP002010,CUST038276,CARD_ISSUE,CLOSED
COMP002011,CUST072507,LOAN_ISSUE,OPEN
COMP002012,CUST096341,LOAN_ISSUE,OPEN
COMP002013,CUST008703,FRAUD_ALERT,CLOSED
COMP002014,CUST090599,UPI_ISSUE,CLOSED
COMP002015,CUST040958,LOAN_ISSUE,OPEN
COMP002016,CUST030521,LOAN_ISSUE,CLOSED
COMP002017,CUST064256,LOAN_ISSUE,OPEN
COMP002018,CUST023179,UPI_ISSUE,OPEN
COMP002019,CUST096397,CARD_ISSUE,CLOSED
COMP002020,CUST021066,UPI_ISSUE,CLOSED
COMP002021,CUST074536,CARD_ISSUE,OPEN
COMP002022,CUST028126,FRAUD_ALERT,OPEN
COMP002023,CUST050408,UPI_ISSUE,OPEN
COMP002024,CUST003281,FRAUD_ALERT,CLOSED
COMP002025,CUST018102,CARD_ISSUE,CLOSED
COMP002026,CUST039484,UPI_ISSUE,CLOSED
COMP002027,CUST055806,FRAUD_ALERT,OPEN
COMP002028,CUST004231,LOAN_ISSUE,CLOSED
COMP002029,CUST090159,FRAUD_ALERT,CLOSED
COMP002030,CUST057972,UPI_ISSUE,OPEN
COMP002031,CUST053757,LOAN_ISSUE,CLOSED
COMP002032,CUST035175,LOAN_ISSUE,CLOSED
COMP002033,CUST005121,LOAN_ISSUE,OPEN
COMP002034,CUST038139,FRAUD_ALERT,OPEN
COMP002035,CUST069962,LOAN_ISSUE,CLOSED
COMP002036,CUST020000,UPI_ISSUE,OPEN
COMP002037,CUST051583,LOAN_ISSUE,OPEN
COMP002038,CUST020407,CARD_ISSUE,OPEN
COMP002039,CUST093843,FRAUD_ALERT,CLOSED
COMP002040,CUST041266,LOAN_ISSUE,CLOSED
COMP002041,CUST043243,UPI_ISSUE,OPEN
COMP002042,CUST067349,LOAN_ISSUE,OPEN
COMP002043,CUST074606,LOAN_ISSUE,CLOSED
COMP002044,CUST021883,UPI_ISSUE,CLOSED
COMP002045,CUST075848,LOAN_ISSUE,CLOSED
COMP002046,CUST055684,UPI_ISSUE,CLOSED
COMP002047,CUST091678,LOAN_ISSUE,OPEN
COMP002048,CUST089279,FRAUD_ALERT,CLOSED
COMP002049,CUST004614,LOAN_ISSUE,OPEN
COMP002050,CUST076756,UPI_ISSUE,CLOSED
COMP002051,CUST049730,FRAUD_ALERT,CLOSED
COMP002052,CUST009174,UPI_ISSUE,OPEN
COMP002053,CUST064388,LOAN_ISSUE,CLOSED
COMP002054,CUST005307,FRAUD_ALERT,CLOSED
COMP002055,CUST099457,LOAN_ISSUE,OPEN
COMP002056,CUST088425,CARD_ISSUE,CLOSED
COMP002057,CUST042009,UPI_ISSUE,OPEN
COMP002058,CUST077283,CARD_ISSUE,OPEN
COMP002059,CUST064024,UPI_ISSUE,OPEN
COMP002060,CUST086205,CARD_ISSUE,CLOSED
COMP002061,CUST053262,CARD_ISSUE,CLOSED
COMP002062,CUST091087,FRAUD_ALERT,OPEN
COMP002063,CUST067887,FRAUD_ALERT,CLOSED
COMP002064,CUST042315,FRAUD_ALERT,CLOSED
COMP002065,CUST003303,LOAN_ISSUE,CLOSED
COMP002066,CUST057422,CARD_ISSUE,OPEN
COMP002067,CUST087928,UPI_ISSUE,CLOSED
COMP002068,CUST031939,UPI_ISSUE,CLOSED
COMP002069,CUST044580,UPI_ISSUE,OPEN
COMP002070,CUST092274,FRAUD_ALERT,OPEN
COMP002071,CUST004664,LOAN_ISSUE,OPEN
COMP002072,CUST021086,CARD_ISSUE,CLOSED
COMP002073,CUST078184,UPI_ISSUE,CLOSED
COMP002074,CUST067221,FRAUD_ALERT,OPEN
COMP002075,CUST032029,CARD_ISSUE,OPEN
COMP002076,CUST099732,CARD_ISSUE,CLOSED
COMP002077,CUST016318,UPI_ISSUE,CLOSED
COMP002078,CUST055301,LOAN_ISSUE,CLOSED
COMP002079,CUST005040,LOAN_ISSUE,CLOSED
COMP002080,CUST011965,CARD_ISSUE,CLOSED
COMP002081,CUST025747,CARD_ISSUE,CLOSED
COMP002082,CUST058015,UPI_ISSUE,OPEN
COMP002083,CUST067011,CARD_ISSUE,OPEN
COMP002084,CUST064319,CARD_ISSUE,OPEN
COMP002085,CUST044532,CARD_ISSUE,CLOSED
COMP002086,CUST030871,CARD_ISSUE,OPEN
COMP002087,CUST076815,LOAN_ISSUE,OPEN
COMP002088,CUST002344,FRAUD_ALERT,OPEN
COMP002089,CUST064732,CARD_ISSUE,CLOSED
COMP002090,CUST054364,FRAUD_ALERT,CLOSED
COMP002091,CUST097123,CARD_ISSUE,OPEN
COMP002092,CUST012756,LOAN_ISSUE,OPEN
COMP002093,CUST035266,UPI_ISSUE,CLOSED
COMP002094,CUST006876,FRAUD_ALERT,OPEN
COMP002095,CUST015509,CARD_ISSUE,OPEN
COMP002096,CUST062494,LOAN_ISSUE,OPEN
COMP002097,CUST018295,UPI_ISSUE,CLOSED
COMP002098,CUST088873,FRAUD_ALERT,OPEN
COMP002099,CUST055757,CARD_ISSUE,OPEN
COMP002100,CUST049986,LOAN_ISSUE,CLOSED
COMP002101,CUST088583,FRAUD_ALERT,CLOSED
COMP002102,CUST094066,LOAN_ISSUE,OPEN
COMP002103,CUST012750,UPI_ISSUE,CLOSED
COMP002104,CUST043227,LOAN_ISSUE,OPEN
COMP002105,CUST011438,LOAN_ISSUE,OPEN
COMP002106,CUST078436,LOAN_ISSUE,OPEN
COMP002107,CUST059783,UPI_ISSUE,OPEN
COMP002108,CUST031267,LOAN_ISSUE,OPEN
COMP002109,CUST018328,CARD_ISSUE,CLOSED
COMP002110,CUST048039,LOAN_ISSUE,CLOSED
COMP002111,CUST096695,LOAN_ISSUE,CLOSED
COMP002112,CUST059820,CARD_ISSUE,CLOSED
COMP002113,CUST086666,LOAN_ISSUE,CLOSED
COMP002114,CUST087314,FRAUD_ALERT,CLOSED
COMP002115,CUST027186,UPI_ISSUE,CLOSED
COMP002116,CUST032630,FRAUD_ALERT,OPEN
COMP002117,CUST047977,UPI_ISSUE,OPEN
COMP002118,CUST054360,CARD_ISSUE,CLOSED
COMP002119,CUST025074,LOAN_ISSUE,OPEN
COMP002120,CUST065681,UPI_ISSUE,CLOSED
COMP002121,CUST025256,UPI_ISSUE,CLOSED
COMP002122,CUST023755,LOAN_ISSUE,CLOSED
COMP002123,CUST081550,CARD_ISSUE,OPEN
COMP002124,CUST083732,FRAUD_ALERT,CLOSED
COMP002125,CUST030459,LOAN_ISSUE,CLOSED
COMP002126,CUST094615,LOAN_ISSUE,OPEN
COMP002127,CUST066942,LOAN_ISSUE,CLOSED
COMP002128,CUST037676,UPI_ISSUE,OPEN
COMP002129,CUST074946,UPI_ISSUE,OPEN
COMP002130,CUST006408,UPI_ISSUE,CLOSED
COMP002131,CUST070237,FRAUD_ALERT,CLOSED
COMP002132,CUST045569,FRAUD_ALERT,OPEN
COMP002133,CUST056383,UPI_ISSUE,OPEN
COMP002134,CUST007380,UPI_ISSUE,OPEN
COMP002135,CUST065227,CARD_ISSUE,CLOSED
COMP002136,CUST022531,LOAN_ISSUE,CLOSED
COMP002137,CUST014244,LOAN_ISSUE,OPEN
COMP002138,CUST007658,LOAN_ISSUE,OPEN
COMP002139,CUST065379,UPI_ISSUE,OPEN
COMP002140,CUST058316,FRAUD_ALERT,OPEN
COMP002141,CUST013873,UPI_ISSUE,CLOSED
COMP002142,CUST055996,LOAN_ISSUE,OPEN
COMP002143,CUST054063,LOAN_ISSUE,CLOSED
COMP002144,CUST069694,LOAN_ISSUE,OPEN
COMP002145,CUST045134,UPI_ISSUE,OPEN
COMP002146,CUST041680,UPI_ISSUE,CLOSED
COMP002147,CUST086892,FRAUD_ALERT,CLOSED
COMP002148,CUST059307,LOAN_ISSUE,CLOSED
COMP002149,CUST065145,LOAN_ISSUE,CLOSED
COMP002150,CUST081703,FRAUD_ALERT,CLOSED
COMP002151,CUST036930,LOAN_ISSUE,OPEN
COMP002152,CUST076614,FRAUD_ALERT,CLOSED
COMP002153,CUST086897,LOAN_ISSUE,OPEN
COMP002154,CUST082914,UPI_ISSUE,CLOSED
COMP002155,CUST037616,LOAN_ISSUE,CLOSED
COMP002156,CUST097738,LOAN_ISSUE,CLOSED
COMP002157,CUST087341,UPI_ISSUE,OPEN
COMP002158,CUST032425,FRAUD_ALERT,CLOSED
COMP002159,CUST040067,FRAUD_ALERT,OPEN
COMP002160,CUST014883,LOAN_ISSUE,CLOSED
COMP002161,CUST073759,FRAUD_ALERT,CLOSED
COMP002162,CUST070465,LOAN_ISSUE,CLOSED
COMP002163,CUST011753,LOAN_ISSUE,OPEN
COMP002164,CUST003657,UPI_ISSUE,CLOSED
COMP002165,CUST098869,CARD_ISSUE,OPEN
COMP002166,CUST079804,FRAUD_ALERT,CLOSED
COMP002167,CUST064275,UPI_ISSUE,OPEN
COMP002168,CUST009824,UPI_ISSUE,OPEN
COMP002169,CUST095424,LOAN_ISSUE,OPEN
COMP002170,CUST033691,LOAN_ISSUE,OPEN
COMP002171,CUST015827,FRAUD_ALERT,CLOSED
COMP002172,CUST049037,CARD_ISSUE,OPEN
COMP002173,CUST015765,FRAUD_ALERT,OPEN
COMP002174,CUST000689,UPI_ISSUE,OPEN
COMP002175,CUST057537,UPI_ISSUE,CLOSED
COMP002176,CUST088773,CARD_ISSUE,OPEN
COMP002177,CUST002573,FRAUD_ALERT,OPEN
COMP002178,CUST094097,CARD_ISSUE,CLOSED
COMP002179,CUST087582,UPI_ISSUE,CLOSED
COMP002180,CUST026536,LOAN_ISSUE,OPEN
COMP002181,CUST095141,CARD_ISSUE,CLOSED
COMP002182,CUST003805,UPI_ISSUE,CLOSED
COMP002183,CUST017400,FRAUD_ALERT,CLOSED
COMP002184,CUST057906,LOAN_ISSUE,OPEN
COMP002185,CUST073463,CARD_ISSUE,CLOSED
COMP002186,CUST066742,LOAN_ISSUE,OPEN
COMP002187,CUST012104,UPI_ISSUE,CLOSED
COMP002188,CUST058280,LOAN_ISSUE,OPEN
COMP002189,CUST036862,FRAUD_ALERT,OPEN
COMP002190,CUST051518,LOAN_ISSUE,OPEN
COMP002191,CUST079734,LOAN_ISSUE,CLOSED
COMP002192,CUST000396,LOAN_ISSUE,OPEN
COMP002193,CUST077608,LOAN_ISSUE,OPEN
COMP002194,CUST030075,CARD_ISSUE,OPEN
COMP002195,CUST056818,UPI_ISSUE,CLOSED
COMP002196,CUST007245,FRAUD_ALERT,OPEN
COMP002197,CUST073073,UPI_ISSUE,OPEN
COMP002198,CUST062054,LOAN_ISSUE,CLOSED
COMP002199,CUST022232,LOAN_ISSUE,CLOSED
COMP002200,CUST047678,UPI_ISSUE,CLOSED
COMP002201,CUST049370,UPI_ISSUE,CLOSED
COMP002202,CUST085857,FRAUD_ALERT,CLOSED
COMP002203,CUST087114,CARD_ISSUE,OPEN
COMP002204,CUST076692,UPI_ISSUE,CLOSED
COMP002205,CUST072759,CARD_ISSUE,OPEN
COMP002206,CUST006532,FRAUD_ALERT,CLOSED
COMP002207,CUST073842,UPI_ISSUE,CLOSED
COMP002208,CUST070812,CARD_ISSUE,OPEN
COMP002209,CUST044153,CARD_ISSUE,CLOSED
COMP002210,CUST069039,LOAN_ISSUE,OPEN
COMP002211,CUST069265,UPI_ISSUE,OPEN
COMP002212,CUST083657,LOAN_ISSUE,OPEN
COMP002213,CUST095373,CARD_ISSUE,CLOSED
COMP002214,CUST039683,FRAUD_ALERT,OPEN
COMP002215,CUST069447,FRAUD_ALERT,OPEN
COMP002216,CUST018447,UPI_ISSUE,CLOSED
COMP002217,CUST045460,UPI_ISSUE,CLOSED
COMP002218,CUST071243,FRAUD_ALERT,OPEN
COMP002219,CUST042386,LOAN_ISSUE,OPEN
COMP002220,CUST059539,LOAN_ISSUE,OPEN
COMP002221,CUST083122,UPI_ISSUE,CLOSED
COMP002222,CUST018392,UPI_ISSUE,OPEN
COMP002223,CUST088328,LOAN_ISSUE,OPEN
COMP002224,CUST008704,UPI_ISSUE,CLOSED
COMP002225,CUST045263,LOAN_ISSUE,OPEN
COMP002226,CUST090218,CARD_ISSUE,OPEN
COMP002227,CUST048651,LOAN_ISSUE,OPEN
COMP002228,CUST001781,LOAN_ISSUE,OPEN
COMP002229,CUST089845,CARD_ISSUE,CLOSED
COMP002230,CUST085787,CARD_ISSUE,OPEN
COMP002231,CUST026502,FRAUD_ALERT,CLOSED
COMP002232,CUST083895,CARD_ISSUE,CLOSED
COMP002233,CUST071064,LOAN_ISSUE,CLOSED
COMP002234,CUST022350,UPI_ISSUE,OPEN
COMP002235,CUST023254,FRAUD_ALERT,CLOSED
COMP002236,CUST019572,UPI_ISSUE,OPEN
COMP002237,CUST088878,LOAN_ISSUE,OPEN
COMP002238,CUST099164,FRAUD_ALERT,OPEN
COMP002239,CUST018967,UPI_ISSUE,OPEN
COMP002240,CUST015398,UPI_ISSUE,CLOSED
COMP002241,CUST023070,FRAUD_ALERT,CLOSED
COMP002242,CUST092390,FRAUD_ALERT,OPEN
COMP002243,CUST026625,UPI_ISSUE,CLOSED
COMP002244,CUST078373,CARD_ISSUE,OPEN
COMP002245,CUST062912,UPI_ISSUE,CLOSED
COMP002246,CUST051041,CARD_ISSUE,CLOSED
COMP002247,CUST097035,UPI_ISSUE,CLOSED
COMP002248,CUST032973,CARD_ISSUE,CLOSED
COMP002249,CUST076118,LOAN_ISSUE,CLOSED
COMP002250,CUST065832,CARD_ISSUE,OPEN
COMP002251,CUST057544,UPI_ISSUE,CLOSED
COMP002252,CUST054260,UPI_ISSUE,OPEN
COMP002253,CUST065601,FRAUD_ALERT,CLOSED
COMP002254,CUST006988,UPI_ISSUE,OPEN
COMP002255,CUST054058,FRAUD_ALERT,OPEN
COMP002256,CUST081028,CARD_ISSUE,OPEN
COMP002257,CUST018659,FRAUD_ALERT,CLOSED
COMP002258,CUST023743,CARD_ISSUE,OPEN
COMP002259,CUST077762,CARD_ISSUE,OPEN
COMP002260,CUST025945,LOAN_ISSUE,CLOSED
COMP002261,CUST043970,CARD_ISSUE,OPEN
COMP002262,CUST010014,LOAN_ISSUE,CLOSED
COMP002263,CUST039283,FRAUD_ALERT,CLOSED
COMP002264,CUST055613,LOAN_ISSUE,CLOSED
COMP002265,CUST039625,CARD_ISSUE,CLOSED
COMP002266,CUST032731,FRAUD_ALERT,CLOSED
COMP002267,CUST066625,UPI_ISSUE,CLOSED
COMP002268,CUST043845,UPI_ISSUE,CLOSED
COMP002269,CUST060606,LOAN_ISSUE,CLOSED
COMP002270,CUST042483,UPI_ISSUE,OPEN
COMP002271,CUST038296,CARD_ISSUE,CLOSED
COMP002272,CUST044401,CARD_ISSUE,CLOSED
COMP002273,CUST013388,FRAUD_ALERT,CLOSED
COMP002274,CUST089756,CARD_ISSUE,OPEN
COMP002275,CUST085300,CARD_ISSUE,CLOSED
COMP002276,CUST079886,CARD_ISSUE,CLOSED
COMP002277,CUST025723,CARD_ISSUE,OPEN
COMP002278,CUST033833,LOAN_ISSUE,CLOSED
COMP002279,CUST021099,UPI_ISSUE,OPEN
COMP002280,CUST021836,UPI_ISSUE,OPEN
COMP002281,CUST085824,FRAUD_ALERT,CLOSED
COMP002282,CUST024788,LOAN_ISSUE,OPEN
COMP002283,CUST077061,UPI_ISSUE,CLOSED
COMP002284,CUST009418,FRAUD_ALERT,CLOSED
COMP002285,CUST029347,LOAN_ISSUE,OPEN
COMP002286,CUST015699,CARD_ISSUE,CLOSED
COMP002287,CUST030745,UPI_ISSUE,OPEN
COMP002288,CUST080739,CARD_ISSUE,OPEN
COMP002289,CUST056170,CARD_ISSUE,OPEN
COMP002290,CUST074026,UPI_ISSUE,OPEN
COMP002291,CUST035329,CARD_ISSUE,OPEN
COMP002292,CUST014369,LOAN_ISSUE,CLOSED
COMP002293,CUST014093,FRAUD_ALERT,OPEN
COMP002294,CUST016144,UPI_ISSUE,OPEN
COMP002295,CUST043274,LOAN_ISSUE,OPEN
COMP002296,CUST096974,UPI_ISSUE,OPEN
COMP002297,CUST053778,CARD_ISSUE,CLOSED
COMP002298,CUST069711,FRAUD_ALERT,CLOSED
COMP002299,CUST090344,FRAUD_ALERT,CLOSED
COMP002300,CUST012549,LOAN_ISSUE,OPEN
COMP002301,CUST015759,CARD_ISSUE,CLOSED
COMP002302,CUST069476,CARD_ISSUE,CLOSED
COMP002303,CUST065914,UPI_ISSUE,OPEN
COMP002304,CUST065131,UPI_ISSUE,CLOSED
COMP002305,CUST065820,LOAN_ISSUE,CLOSED
COMP002306,CUST067310,LOAN_ISSUE,OPEN
COMP002307,CUST043877,LOAN_ISSUE,OPEN
COMP002308,CUST046066,UPI_ISSUE,CLOSED
COMP002309,CUST026861,FRAUD_ALERT,CLOSED
COMP002310,CUST000690,FRAUD_ALERT,CLOSED
COMP002311,CUST078112,LOAN_ISSUE,CLOSED
COMP002312,CUST050967,CARD_ISSUE,OPEN
COMP002313,CUST081281,LOAN_ISSUE,CLOSED
COMP002314,CUST058782,LOAN_ISSUE,OPEN
COMP002315,CUST020031,UPI_ISSUE,OPEN
COMP002316,CUST035136,FRAUD_ALERT,OPEN
COMP002317,CUST069732,UPI_ISSUE,CLOSED
COMP002318,CUST033650,LOAN_ISSUE,CLOSED
COMP002319,CUST055504,LOAN_ISSUE,CLOSED
COMP002320,CUST041947,FRAUD_ALERT,OPEN
COMP002321,CUST050277,LOAN_ISSUE,CLOSED
COMP002322,CUST007549,CARD_ISSUE,CLOSED
COMP002323,CUST073849,FRAUD_ALERT,OPEN
COMP002324,CUST048086,CARD_ISSUE,CLOSED
COMP002325,CUST072077,CARD_ISSUE,OPEN
COMP002326,CUST029789,LOAN_ISSUE,OPEN
COMP002327,CUST054631,FRAUD_ALERT,OPEN
COMP002328,CUST025579,UPI_ISSUE,CLOSED
COMP002329,CUST022113,UPI_ISSUE,CLOSED
COMP002330,CUST000045,LOAN_ISSUE,CLOSED
COMP002331,CUST017109,UPI_ISSUE,CLOSED
COMP002332,CUST021610,FRAUD_ALERT,CLOSED
COMP002333,CUST026104,CARD_ISSUE,CLOSED
COMP002334,CUST057993,LOAN_ISSUE,CLOSED
COMP002335,CUST050008,LOAN_ISSUE,OPEN
COMP002336,CUST073248,LOAN_ISSUE,CLOSED
COMP002337,CUST076808,CARD_ISSUE,CLOSED
COMP002338,CUST083165,CARD_ISSUE,CLOSED
COMP002339,CUST032847,LOAN_ISSUE,CLOSED
COMP002340,CUST079315,LOAN_ISSUE,CLOSED
COMP002341,CUST034851,UPI_ISSUE,CLOSED
COMP002342,CUST068579,CARD_ISSUE,OPEN
COMP002343,CUST097324,CARD_ISSUE,CLOSED
COMP002344,CUST065019,UPI_ISSUE,CLOSED
COMP002345,CUST031690,LOAN_ISSUE,OPEN
COMP002346,CUST075873,UPI_ISSUE,CLOSED
COMP002347,CUST055536,FRAUD_ALERT,CLOSED
COMP002348,CUST005042,UPI_ISSUE,OPEN
COMP002349,CUST022787,LOAN_ISSUE,CLOSED
COMP002350,CUST046166,CARD_ISSUE,OPEN
COMP002351,CUST072159,LOAN_ISSUE,CLOSED
COMP002352,CUST038028,LOAN_ISSUE,OPEN
COMP002353,CUST047394,CARD_ISSUE,OPEN
COMP002354,CUST025078,UPI_ISSUE,OPEN
COMP002355,CUST054938,LOAN_ISSUE,CLOSED
COMP002356,CUST037803,LOAN_ISSUE,CLOSED
COMP002357,CUST016953,LOAN_ISSUE,OPEN
COMP002358,CUST076185,LOAN_ISSUE,CLOSED
COMP002359,CUST018392,FRAUD_ALERT,CLOSED
COMP002360,CUST040806,FRAUD_ALERT,CLOSED
COMP002361,CUST031363,FRAUD_ALERT,OPEN
COMP002362,CUST076354,FRAUD_ALERT,CLOSED
COMP002363,CUST054704,LOAN_ISSUE,CLOSED
COMP002364,CUST035673,UPI_ISSUE,CLOSED
COMP002365,CUST087563,CARD_ISSUE,OPEN
COMP002366,CUST078097,UPI_ISSUE,CLOSED
COMP002367,CUST023785,FRAUD_ALERT,OPEN
COMP002368,CUST097414,LOAN_ISSUE,CLOSED
COMP002369,CUST033617,CARD_ISSUE,CLOSED
COMP002370,CUST034348,FRAUD_ALERT,OPEN
COMP002371,CUST090556,CARD_ISSUE,CLOSED
COMP002372,CUST084735,CARD_ISSUE,OPEN
COMP002373,CUST030356,CARD_ISSUE,OPEN
COMP002374,CUST029286,UPI_ISSUE,CLOSED
COMP002375,CUST027452,FRAUD_ALERT,OPEN
COMP002376,CUST011106,FRAUD_ALERT,CLOSED
COMP002377,CUST051169,LOAN_ISSUE,OPEN
COMP002378,CUST016860,UPI_ISSUE,OPEN
COMP002379,CUST011897,CARD_ISSUE,CLOSED
COMP002380,CUST030544,FRAUD_ALERT,OPEN
COMP002381,CUST001034,CARD_ISSUE,CLOSED
COMP002382,CUST003230,CARD_ISSUE,CLOSED
COMP002383,CUST090123,FRAUD_ALERT,CLOSED
COMP002384,CUST066901,UPI_ISSUE,CLOSED
COMP002385,CUST071251,FRAUD_ALERT,OPEN
COMP002386,CUST021265,UPI_ISSUE,CLOSED
COMP002387,CUST075469,LOAN_ISSUE,OPEN
COMP002388,CUST059881,FRAUD_ALERT,OPEN
COMP002389,CUST049870,CARD_ISSUE,OPEN
COMP002390,CUST093393,FRAUD_ALERT,CLOSED
COMP002391,CUST069209,UPI_ISSUE,CLOSED
COMP002392,CUST016585,FRAUD_ALERT,CLOSED
COMP002393,CUST022264,UPI_ISSUE,OPEN
COMP002394,CUST071249,FRAUD_ALERT,CLOSED
COMP002395,CUST039421,FRAUD_ALERT,OPEN
COMP002396,CUST071900,UPI_ISSUE,CLOSED
COMP002397,CUST047377,FRAUD_ALERT,OPEN
COMP002398,CUST018562,CARD_ISSUE,CLOSED
COMP002399,CUST026669,UPI_ISSUE,CLOSED
COMP002400,CUST068149,UPI_ISSUE,CLOSED
COMP002401,CUST048319,FRAUD_ALERT,OPEN
COMP002402,CUST098501,FRAUD_ALERT,CLOSED
COMP002403,CUST079734,FRAUD_ALERT,OPEN
COMP002404,CUST027820,LOAN_ISSUE,CLOSED
COMP002405,CUST031482,UPI_ISSUE,OPEN
COMP002406,CUST061680,LOAN_ISSUE,OPEN
COMP002407,CUST087810,FRAUD_ALERT,CLOSED
COMP002408,CUST064900,LOAN_ISSUE,OPEN
COMP002409,CUST064959,FRAUD_ALERT,CLOSED
COMP002410,CUST046958,CARD_ISSUE,OPEN
COMP002411,CUST090117,FRAUD_ALERT,CLOSED
COMP002412,CUST041197,CARD_ISSUE,OPEN
COMP002413,CUST042834,CARD_ISSUE,OPEN
COMP002414,CUST086052,LOAN_ISSUE,CLOSED
COMP002415,CUST022646,FRAUD_ALERT,OPEN
COMP002416,CUST094716,FRAUD_ALERT,CLOSED
COMP002417,CUST049879,CARD_ISSUE,OPEN
COMP002418,CUST031992,UPI_ISSUE,CLOSED
COMP002419,CUST044221,UPI_ISSUE,OPEN
COMP002420,CUST074232,FRAUD_ALERT,CLOSED
COMP002421,CUST021717,CARD_ISSUE,OPEN
COMP002422,CUST088533,FRAUD_ALERT,OPEN
COMP002423,CUST021412,FRAUD_ALERT,OPEN
COMP002424,CUST045786,UPI_ISSUE,CLOSED
COMP002425,CUST096420,UPI_ISSUE,CLOSED
COMP002426,CUST007158,CARD_ISSUE,CLOSED
COMP002427,CUST067124,UPI_ISSUE,OPEN
COMP002428,CUST056869,LOAN_ISSUE,CLOSED
COMP002429,CUST095428,UPI_ISSUE,CLOSED
COMP002430,CUST046549,FRAUD_ALERT,OPEN
COMP002431,CUST073172,CARD_ISSUE,CLOSED
COMP002432,CUST084207,FRAUD_ALERT,CLOSED
COMP002433,CUST042934,LOAN_ISSUE,OPEN
COMP002434,CUST091197,CARD_ISSUE,OPEN
COMP002435,CUST029708,UPI_ISSUE,OPEN
COMP002436,CUST056539,FRAUD_ALERT,CLOSED
COMP002437,CUST041714,FRAUD_ALERT,OPEN
COMP002438,CUST083196,CARD_ISSUE,OPEN
COMP002439,CUST034259,LOAN_ISSUE,OPEN
COMP002440,CUST027877,CARD_ISSUE,OPEN
COMP002441,CUST086772,FRAUD_ALERT,OPEN
COMP002442,CUST077126,UPI_ISSUE,CLOSED
COMP002443,CUST068413,CARD_ISSUE,OPEN
COMP002444,CUST008396,LOAN_ISSUE,OPEN
COMP002445,CUST028420,CARD_ISSUE,OPEN
COMP002446,CUST070088,FRAUD_ALERT,CLOSED
COMP002447,CUST044179,FRAUD_ALERT,CLOSED
COMP002448,CUST023627,FRAUD_ALERT,CLOSED
COMP002449,CUST047625,UPI_ISSUE,CLOSED
COMP002450,CUST029797,LOAN_ISSUE,OPEN
COMP002451,CUST049299,CARD_ISSUE,OPEN
COMP002452,CUST001582,CARD_ISSUE,CLOSED
COMP002453,CUST027331,LOAN_ISSUE,CLOSED
COMP002454,CUST055394,FRAUD_ALERT,CLOSED
COMP002455,CUST088919,CARD_ISSUE,CLOSED
COMP002456,CUST084551,FRAUD_ALERT,OPEN
COMP002457,CUST097338,LOAN_ISSUE,CLOSED
COMP002458,CUST077169,FRAUD_ALERT,CLOSED
COMP002459,CUST016539,UPI_ISSUE,CLOSED
COMP002460,CUST024280,FRAUD_ALERT,CLOSED
COMP002461,CUST030452,FRAUD_ALERT,OPEN
COMP002462,CUST014986,LOAN_ISSUE,CLOSED
COMP002463,CUST038523,LOAN_ISSUE,OPEN
COMP002464,CUST084617,CARD_ISSUE,CLOSED
COMP002465,CUST089595,LOAN_ISSUE,OPEN
COMP002466,CUST015553,CARD_ISSUE,OPEN
COMP002467,CUST000447,CARD_ISSUE,CLOSED
COMP002468,CUST072173,LOAN_ISSUE,CLOSED
COMP002469,CUST089498,FRAUD_ALERT,OPEN
COMP002470,CUST090428,FRAUD_ALERT,OPEN
COMP002471,CUST052187,LOAN_ISSUE,CLOSED
COMP002472,CUST015708,UPI_ISSUE,OPEN
COMP002473,CUST049222,FRAUD_ALERT,OPEN
COMP002474,CUST014039,UPI_ISSUE,OPEN
COMP002475,CUST022767,FRAUD_ALERT,OPEN
COMP002476,CUST079301,FRAUD_ALERT,OPEN
COMP002477,CUST049879,LOAN_ISSUE,OPEN
COMP002478,CUST017348,FRAUD_ALERT,CLOSED
COMP002479,CUST013109,FRAUD_ALERT,OPEN
COMP002480,CUST020229,UPI_ISSUE,OPEN
COMP002481,CUST053904,LOAN_ISSUE,CLOSED
COMP002482,CUST031350,CARD_ISSUE,CLOSED
COMP002483,CUST035522,CARD_ISSUE,OPEN
COMP002484,CUST049107,CARD_ISSUE,CLOSED
COMP002485,CUST080228,FRAUD_ALERT,CLOSED
COMP002486,CUST084951,UPI_ISSUE,CLOSED
COMP002487,CUST035572,FRAUD_ALERT,CLOSED
COMP002488,CUST086473,CARD_ISSUE,CLOSED
COMP002489,CUST023186,LOAN_ISSUE,CLOSED
COMP002490,CUST071666,CARD_ISSUE,OPEN
COMP002491,CUST019082,LOAN_ISSUE,CLOSED
COMP002492,CUST099686,CARD_ISSUE,CLOSED
COMP002493,CUST074591,LOAN_ISSUE,CLOSED
COMP002494,CUST022250,UPI_ISSUE,CLOSED
COMP002495,CUST006048,CARD_ISSUE,CLOSED
COMP002496,CUST057825,CARD_ISSUE,OPEN
COMP002497,CUST083452,CARD_ISSUE,OPEN
COMP002498,CUST084918,CARD_ISSUE,CLOSED
COMP002499,CUST092489,FRAUD_ALERT,OPEN
COMP002500,CUST090717,CARD_ISSUE,OPEN
COMP002501,CUST015518,FRAUD_ALERT,OPEN
COMP002502,CUST061320,UPI_ISSUE,CLOSED
COMP002503,CUST065046,LOAN_ISSUE,OPEN
COMP002504,CUST040755,UPI_ISSUE,CLOSED
COMP002505,CUST057724,LOAN_ISSUE,OPEN
COMP002506,CUST079103,UPI_ISSUE,OPEN
COMP002507,CUST094204,UPI_ISSUE,CLOSED
COMP002508,CUST053664,CARD_ISSUE,CLOSED
COMP002509,CUST039740,LOAN_ISSUE,OPEN
COMP002510,CUST007232,LOAN_ISSUE,CLOSED
COMP002511,CUST088289,FRAUD_ALERT,CLOSED
COMP002512,CUST018939,FRAUD_ALERT,OPEN
COMP002513,CUST037065,UPI_ISSUE,CLOSED
COMP002514,CUST076623,FRAUD_ALERT,CLOSED
COMP002515,CUST010152,UPI_ISSUE,CLOSED
COMP002516,CUST008860,UPI_ISSUE,OPEN
COMP002517,CUST045108,CARD_ISSUE,CLOSED
COMP002518,CUST021018,UPI_ISSUE,CLOSED
COMP002519,CUST022254,UPI_ISSUE,CLOSED
COMP002520,CUST021568,CARD_ISSUE,CLOSED
COMP002521,CUST018664,CARD_ISSUE,CLOSED
COMP002522,CUST074391,CARD_ISSUE,CLOSED
COMP002523,CUST089374,LOAN_ISSUE,OPEN
COMP002524,CUST088726,UPI_ISSUE,OPEN
COMP002525,CUST046184,UPI_ISSUE,CLOSED
COMP002526,CUST017271,FRAUD_ALERT,CLOSED
COMP002527,CUST005923,LOAN_ISSUE,OPEN
COMP002528,CUST087173,UPI_ISSUE,CLOSED
COMP002529,CUST077133,FRAUD_ALERT,CLOSED
COMP002530,CUST018946,UPI_ISSUE,OPEN
COMP002531,CUST016456,CARD_ISSUE,OPEN
COMP002532,CUST078410,UPI_ISSUE,CLOSED
COMP002533,CUST054393,CARD_ISSUE,OPEN
COMP002534,CUST087834,FRAUD_ALERT,CLOSED
COMP002535,CUST091138,LOAN_ISSUE,OPEN
COMP002536,CUST058881,FRAUD_ALERT,OPEN
COMP002537,CUST048465,LOAN_ISSUE,OPEN
COMP002538,CUST010854,LOAN_ISSUE,OPEN
COMP002539,CUST063538,CARD_ISSUE,OPEN
COMP002540,CUST079575,UPI_ISSUE,OPEN
COMP002541,CUST023776,UPI_ISSUE,CLOSED
COMP002542,CUST074007,FRAUD_ALERT,CLOSED
COMP002543,CUST076651,UPI_ISSUE,OPEN
COMP002544,CUST034326,FRAUD_ALERT,CLOSED
COMP002545,CUST019891,FRAUD_ALERT,CLOSED
COMP002546,CUST007819,CARD_ISSUE,CLOSED
COMP002547,CUST095005,CARD_ISSUE,CLOSED
COMP002548,CUST003447,LOAN_ISSUE,CLOSED
COMP002549,CUST062273,LOAN_ISSUE,OPEN
COMP002550,CUST098236,LOAN_ISSUE,CLOSED
COMP002551,CUST067861,FRAUD_ALERT,CLOSED
COMP002552,CUST053961,FRAUD_ALERT,OPEN
COMP002553,CUST058328,FRAUD_ALERT,OPEN
COMP002554,CUST075418,FRAUD_ALERT,OPEN
COMP002555,CUST013448,LOAN_ISSUE,OPEN
COMP002556,CUST098126,FRAUD_ALERT,CLOSED
COMP002557,CUST032278,FRAUD_ALERT,OPEN
COMP002558,CUST077712,FRAUD_ALERT,OPEN
COMP002559,CUST043434,LOAN_ISSUE,CLOSED
COMP002560,CUST025232,FRAUD_ALERT,OPEN
COMP002561,CUST010845,UPI_ISSUE,CLOSED
COMP002562,CUST066711,UPI_ISSUE,OPEN
COMP002563,CUST080472,UPI_ISSUE,CLOSED
COMP002564,CUST030459,CARD_ISSUE,CLOSED
COMP002565,CUST097718,CARD_ISSUE,CLOSED
COMP002566,CUST055390,UPI_ISSUE,OPEN
COMP002567,CUST066829,CARD_ISSUE,CLOSED
COMP002568,CUST055908,LOAN_ISSUE,CLOSED
COMP002569,CUST033376,LOAN_ISSUE,OPEN
COMP002570,CUST088809,LOAN_ISSUE,CLOSED
COMP002571,CUST081108,LOAN_ISSUE,CLOSED
COMP002572,CUST076933,CARD_ISSUE,OPEN
COMP002573,CUST043932,CARD_ISSUE,CLOSED
COMP002574,CUST001373,LOAN_ISSUE,CLOSED
COMP002575,CUST075739,LOAN_ISSUE,CLOSED
COMP002576,CUST068561,CARD_ISSUE,OPEN
COMP002577,CUST080043,CARD_ISSUE,CLOSED
COMP002578,CUST061771,UPI_ISSUE,CLOSED
COMP002579,CUST062339,CARD_ISSUE,OPEN
COMP002580,CUST050148,FRAUD_ALERT,OPEN
COMP002581,CUST032419,FRAUD_ALERT,OPEN
COMP002582,CUST007101,CARD_ISSUE,CLOSED
COMP002583,CUST098322,LOAN_ISSUE,OPEN
COMP002584,CUST006489,FRAUD_ALERT,CLOSED
COMP002585,CUST054014,LOAN_ISSUE,CLOSED
COMP002586,CUST061156,UPI_ISSUE,OPEN
COMP002587,CUST082514,LOAN_ISSUE,OPEN
COMP002588,CUST013066,UPI_ISSUE,OPEN
COMP002589,CUST095985,FRAUD_ALERT,OPEN
COMP002590,CUST093952,UPI_ISSUE,OPEN
COMP002591,CUST020665,LOAN_ISSUE,OPEN
COMP002592,CUST035512,CARD_ISSUE,OPEN
COMP002593,CUST034200,UPI_ISSUE,CLOSED
COMP002594,CUST056352,LOAN_ISSUE,OPEN
COMP002595,CUST061729,LOAN_ISSUE,OPEN
COMP002596,CUST017873,FRAUD_ALERT,OPEN
COMP002597,CUST030833,CARD_ISSUE,OPEN
COMP002598,CUST068152,UPI_ISSUE,CLOSED
COMP002599,CUST061782,LOAN_ISSUE,CLOSED
COMP002600,CUST072492,CARD_ISSUE,CLOSED
COMP002601,CUST052629,LOAN_ISSUE,OPEN
COMP002602,CUST091830,UPI_ISSUE,OPEN
COMP002603,CUST054511,FRAUD_ALERT,CLOSED
COMP002604,CUST029556,LOAN_ISSUE,CLOSED
COMP002605,CUST003465,UPI_ISSUE,CLOSED
COMP002606,CUST043224,FRAUD_ALERT,CLOSED
COMP002607,CUST084047,FRAUD_ALERT,OPEN
COMP002608,CUST066682,LOAN_ISSUE,CLOSED
COMP002609,CUST035514,FRAUD_ALERT,OPEN
COMP002610,CUST004918,FRAUD_ALERT,OPEN
COMP002611,CUST089706,CARD_ISSUE,CLOSED
COMP002612,CUST065595,FRAUD_ALERT,OPEN
COMP002613,CUST081723,FRAUD_ALERT,OPEN
COMP002614,CUST074580,CARD_ISSUE,CLOSED
COMP002615,CUST024815,LOAN_ISSUE,OPEN
COMP002616,CUST052314,FRAUD_ALERT,CLOSED
COMP002617,CUST040334,LOAN_ISSUE,CLOSED
COMP002618,CUST005237,CARD_ISSUE,CLOSED
COMP002619,CUST006169,UPI_ISSUE,CLOSED
COMP002620,CUST098397,UPI_ISSUE,CLOSED
COMP002621,CUST094632,LOAN_ISSUE,OPEN
COMP002622,CUST032177,UPI_ISSUE,OPEN
COMP002623,CUST058374,LOAN_ISSUE,OPEN
COMP002624,CUST052443,CARD_ISSUE,OPEN
COMP002625,CUST026975,UPI_ISSUE,CLOSED
COMP002626,CUST024898,UPI_ISSUE,CLOSED
COMP002627,CUST014848,CARD_ISSUE,CLOSED
COMP002628,CUST016240,CARD_ISSUE,OPEN
COMP002629,CUST083696,FRAUD_ALERT,OPEN
COMP002630,CUST013349,LOAN_ISSUE,OPEN
COMP002631,CUST006134,UPI_ISSUE,OPEN
COMP002632,CUST084964,LOAN_ISSUE,OPEN
COMP002633,CUST038454,CARD_ISSUE,CLOSED
COMP002634,CUST019136,LOAN_ISSUE,CLOSED
COMP002635,CUST004791,FRAUD_ALERT,CLOSED
COMP002636,CUST092918,LOAN_ISSUE,OPEN
COMP002637,CUST046082,LOAN_ISSUE,OPEN
COMP002638,CUST093797,LOAN_ISSUE,CLOSED
COMP002639,CUST017610,LOAN_ISSUE,OPEN
COMP002640,CUST026885,LOAN_ISSUE,CLOSED
COMP002641,CUST084957,LOAN_ISSUE,CLOSED
COMP002642,CUST043369,FRAUD_ALERT,OPEN
COMP002643,CUST059867,UPI_ISSUE,OPEN
COMP002644,CUST098729,FRAUD_ALERT,CLOSED
COMP002645,CUST006291,UPI_ISSUE,CLOSED
COMP002646,CUST099597,UPI_ISSUE,CLOSED
COMP002647,CUST077425,UPI_ISSUE,CLOSED
COMP002648,CUST027087,FRAUD_ALERT,CLOSED
COMP002649,CUST082393,CARD_ISSUE,OPEN
COMP002650,CUST033777,UPI_ISSUE,CLOSED
COMP002651,CUST084531,CARD_ISSUE,CLOSED
COMP002652,CUST031336,LOAN_ISSUE,CLOSED
COMP002653,CUST000395,UPI_ISSUE,CLOSED
COMP002654,CUST046718,UPI_ISSUE,CLOSED
COMP002655,CUST024706,FRAUD_ALERT,CLOSED
COMP002656,CUST047106,CARD_ISSUE,CLOSED
COMP002657,CUST092252,LOAN_ISSUE,CLOSED
COMP002658,CUST099910,CARD_ISSUE,CLOSED
COMP002659,CUST069476,FRAUD_ALERT,OPEN
COMP002660,CUST051327,CARD_ISSUE,OPEN
COMP002661,CUST046540,LOAN_ISSUE,OPEN
COMP002662,CUST016704,LOAN_ISSUE,OPEN
COMP002663,CUST003357,LOAN_ISSUE,OPEN
COMP002664,CUST026076,LOAN_ISSUE,CLOSED
COMP002665,CUST010461,FRAUD_ALERT,OPEN
COMP002666,CUST052894,CARD_ISSUE,CLOSED
COMP002667,CUST036546,UPI_ISSUE,OPEN
COMP002668,CUST049765,FRAUD_ALERT,CLOSED
COMP002669,CUST068707,LOAN_ISSUE,OPEN
COMP002670,CUST041258,LOAN_ISSUE,OPEN
COMP002671,CUST027999,LOAN_ISSUE,OPEN
COMP002672,CUST067819,FRAUD_ALERT,CLOSED
COMP002673,CUST071207,LOAN_ISSUE,CLOSED
COMP002674,CUST071725,LOAN_ISSUE,CLOSED
COMP002675,CUST025146,FRAUD_ALERT,OPEN
COMP002676,CUST089502,CARD_ISSUE,OPEN
COMP002677,CUST039566,CARD_ISSUE,CLOSED
COMP002678,CUST045402,LOAN_ISSUE,CLOSED
COMP002679,CUST009475,LOAN_ISSUE,OPEN
COMP002680,CUST046726,CARD_ISSUE,CLOSED
COMP002681,CUST035456,UPI_ISSUE,CLOSED
COMP002682,CUST020291,CARD_ISSUE,OPEN
COMP002683,CUST040286,LOAN_ISSUE,CLOSED
COMP002684,CUST018731,LOAN_ISSUE,CLOSED
COMP002685,CUST056197,FRAUD_ALERT,OPEN
COMP002686,CUST043907,LOAN_ISSUE,OPEN
COMP002687,CUST005932,LOAN_ISSUE,OPEN
COMP002688,CUST099188,LOAN_ISSUE,OPEN
COMP002689,CUST066479,UPI_ISSUE,CLOSED
COMP002690,CUST063326,LOAN_ISSUE,OPEN
COMP002691,CUST003355,UPI_ISSUE,OPEN
COMP002692,CUST034358,CARD_ISSUE,OPEN
COMP002693,CUST060350,LOAN_ISSUE,OPEN
COMP002694,CUST008936,FRAUD_ALERT,OPEN
COMP002695,CUST035379,UPI_ISSUE,CLOSED
COMP002696,CUST001329,CARD_ISSUE,CLOSED
COMP002697,CUST096636,CARD_ISSUE,CLOSED
COMP002698,CUST050550,LOAN_ISSUE,CLOSED
COMP002699,CUST062643,UPI_ISSUE,CLOSED
COMP002700,CUST086911,CARD_ISSUE,OPEN
COMP002701,CUST067729,FRAUD_ALERT,CLOSED
COMP002702,CUST019897,FRAUD_ALERT,CLOSED
COMP002703,CUST012624,CARD_ISSUE,OPEN
COMP002704,CUST014693,FRAUD_ALERT,OPEN
COMP002705,CUST012974,CARD_ISSUE,OPEN
COMP002706,CUST053514,LOAN_ISSUE,OPEN
COMP002707,CUST015237,CARD_ISSUE,OPEN
COMP002708,CUST035563,FRAUD_ALERT,OPEN
COMP002709,CUST080700,LOAN_ISSUE,OPEN
COMP002710,CUST013407,CARD_ISSUE,OPEN
COMP002711,CUST062146,UPI_ISSUE,CLOSED
COMP002712,CUST029635,CARD_ISSUE,CLOSED
COMP002713,CUST015978,FRAUD_ALERT,CLOSED
COMP002714,CUST036799,FRAUD_ALERT,OPEN
COMP002715,CUST060837,CARD_ISSUE,OPEN
COMP002716,CUST077515,LOAN_ISSUE,CLOSED
COMP002717,CUST084263,CARD_ISSUE,CLOSED
COMP002718,CUST027386,CARD_ISSUE,CLOSED
COMP002719,CUST047174,UPI_ISSUE,CLOSED
COMP002720,CUST066308,LOAN_ISSUE,CLOSED
COMP002721,CUST058752,UPI_ISSUE,CLOSED
COMP002722,CUST037686,LOAN_ISSUE,CLOSED
COMP002723,CUST027846,UPI_ISSUE,CLOSED
COMP002724,CUST043235,UPI_ISSUE,CLOSED
COMP002725,CUST009518,CARD_ISSUE,CLOSED
COMP002726,CUST061531,LOAN_ISSUE,OPEN
COMP002727,CUST041263,UPI_ISSUE,OPEN
COMP002728,CUST075465,CARD_ISSUE,CLOSED
COMP002729,CUST029258,CARD_ISSUE,OPEN
COMP002730,CUST024466,UPI_ISSUE,OPEN
COMP002731,CUST085175,LOAN_ISSUE,CLOSED
COMP002732,CUST099399,LOAN_ISSUE,OPEN
COMP002733,CUST029575,UPI_ISSUE,CLOSED
COMP002734,CUST073602,UPI_ISSUE,OPEN
COMP002735,CUST047502,FRAUD_ALERT,OPEN
COMP002736,CUST064789,LOAN_ISSUE,OPEN
COMP002737,CUST032705,LOAN_ISSUE,OPEN
COMP002738,CUST028277,UPI_ISSUE,CLOSED
COMP002739,CUST083404,UPI_ISSUE,OPEN
COMP002740,CUST085781,CARD_ISSUE,OPEN
COMP002741,CUST083513,LOAN_ISSUE,OPEN
COMP002742,CUST003527,UPI_ISSUE,CLOSED
COMP002743,CUST085399,LOAN_ISSUE,OPEN
COMP002744,CUST096293,FRAUD_ALERT,OPEN
COMP002745,CUST038260,UPI_ISSUE,OPEN
COMP002746,CUST095268,UPI_ISSUE,OPEN
COMP002747,CUST002628,UPI_ISSUE,CLOSED
COMP002748,CUST018110,FRAUD_ALERT,OPEN
COMP002749,CUST044235,CARD_ISSUE,OPEN
COMP002750,CUST093823,FRAUD_ALERT,OPEN
COMP002751,CUST068197,UPI_ISSUE,CLOSED
COMP002752,CUST023069,FRAUD_ALERT,OPEN
COMP002753,CUST085724,UPI_ISSUE,OPEN
COMP002754,CUST088311,LOAN_ISSUE,OPEN
COMP002755,CUST014381,UPI_ISSUE,CLOSED
COMP002756,CUST079831,LOAN_ISSUE,CLOSED
COMP002757,CUST063567,LOAN_ISSUE,OPEN
COMP002758,CUST018800,CARD_ISSUE,OPEN
COMP002759,CUST063772,LOAN_ISSUE,OPEN
COMP002760,CUST057064,LOAN_ISSUE,OPEN
COMP002761,CUST028273,CARD_ISSUE,OPEN
COMP002762,CUST001258,LOAN_ISSUE,OPEN
COMP002763,CUST036737,LOAN_ISSUE,CLOSED
COMP002764,CUST025725,CARD_ISSUE,CLOSED
COMP002765,CUST008500,FRAUD_ALERT,CLOSED
COMP002766,CUST055653,UPI_ISSUE,OPEN
COMP002767,CUST007171,CARD_ISSUE,CLOSED
COMP002768,CUST002240,UPI_ISSUE,OPEN
COMP002769,CUST023945,FRAUD_ALERT,OPEN
COMP002770,CUST036188,CARD_ISSUE,OPEN
COMP002771,CUST014767,CARD_ISSUE,CLOSED
COMP002772,CUST007404,FRAUD_ALERT,CLOSED
COMP002773,CUST025939,LOAN_ISSUE,CLOSED
COMP002774,CUST059171,CARD_ISSUE,CLOSED
COMP002775,CUST008349,LOAN_ISSUE,OPEN
COMP002776,CUST027892,CARD_ISSUE,CLOSED
COMP002777,CUST064534,UPI_ISSUE,CLOSED
COMP002778,CUST085391,CARD_ISSUE,CLOSED
COMP002779,CUST028194,LOAN_ISSUE,CLOSED
COMP002780,CUST008879,FRAUD_ALERT,OPEN
COMP002781,CUST090365,FRAUD_ALERT,OPEN
COMP002782,CUST072574,FRAUD_ALERT,OPEN
COMP002783,CUST058046,LOAN_ISSUE,CLOSED
COMP002784,CUST056154,LOAN_ISSUE,OPEN
COMP002785,CUST076821,UPI_ISSUE,CLOSED
COMP002786,CUST050215,FRAUD_ALERT,OPEN
COMP002787,CUST061196,LOAN_ISSUE,OPEN
COMP002788,CUST072302,UPI_ISSUE,OPEN
COMP002789,CUST013974,CARD_ISSUE,OPEN
COMP002790,CUST098299,LOAN_ISSUE,CLOSED
COMP002791,CUST086873,UPI_ISSUE,OPEN
COMP002792,CUST041851,UPI_ISSUE,OPEN
COMP002793,CUST058458,UPI_ISSUE,CLOSED
COMP002794,CUST066821,FRAUD_ALERT,OPEN
COMP002795,CUST049980,LOAN_ISSUE,OPEN
COMP002796,CUST063123,LOAN_ISSUE,OPEN
COMP002797,CUST060316,CARD_ISSUE,OPEN
COMP002798,CUST056602,UPI_ISSUE,CLOSED
COMP002799,CUST066949,LOAN_ISSUE,CLOSED
COMP002800,CUST088194,FRAUD_ALERT,CLOSED
COMP002801,CUST041135,LOAN_ISSUE,OPEN
COMP002802,CUST040212,LOAN_ISSUE,CLOSED
COMP002803,CUST099288,UPI_ISSUE,OPEN
COMP002804,CUST027902,LOAN_ISSUE,OPEN
COMP002805,CUST014053,UPI_ISSUE,CLOSED
COMP002806,CUST037725,LOAN_ISSUE,CLOSED
COMP002807,CUST066666,UPI_ISSUE,CLOSED
COMP002808,CUST028603,UPI_ISSUE,CLOSED
COMP002809,CUST068213,LOAN_ISSUE,OPEN
COMP002810,CUST079094,FRAUD_ALERT,OPEN
COMP002811,CUST069986,LOAN_ISSUE,CLOSED
COMP002812,CUST022892,LOAN_ISSUE,OPEN
COMP002813,CUST050631,FRAUD_ALERT,CLOSED
COMP002814,CUST068984,CARD_ISSUE,OPEN
COMP002815,CUST079534,CARD_ISSUE,OPEN
COMP002816,CUST052653,CARD_ISSUE,CLOSED
COMP002817,CUST006456,LOAN_ISSUE,CLOSED
COMP002818,CUST096735,FRAUD_ALERT,CLOSED
COMP002819,CUST021761,FRAUD_ALERT,OPEN
COMP002820,CUST033874,CARD_ISSUE,OPEN
COMP002821,CUST097918,UPI_ISSUE,CLOSED
COMP002822,CUST084606,FRAUD_ALERT,OPEN
COMP002823,CUST057881,UPI_ISSUE,OPEN
COMP002824,CUST005156,LOAN_ISSUE,OPEN
COMP002825,CUST014627,UPI_ISSUE,OPEN
COMP002826,CUST056421,UPI_ISSUE,OPEN
COMP002827,CUST086544,FRAUD_ALERT,CLOSED
COMP002828,CUST069274,FRAUD_ALERT,OPEN
COMP002829,CUST038685,FRAUD_ALERT,CLOSED
COMP002830,CUST038249,CARD_ISSUE,CLOSED
COMP002831,CUST007748,UPI_ISSUE,OPEN
COMP002832,CUST069612,CARD_ISSUE,CLOSED
COMP002833,CUST059628,CARD_ISSUE,CLOSED
COMP002834,CUST055188,FRAUD_ALERT,OPEN
COMP002835,CUST044082,CARD_ISSUE,OPEN
COMP002836,CUST075666,UPI_ISSUE,OPEN
COMP002837,CUST079477,LOAN_ISSUE,OPEN
COMP002838,CUST005681,FRAUD_ALERT,CLOSED
COMP002839,CUST039134,FRAUD_ALERT,CLOSED
COMP002840,CUST067143,LOAN_ISSUE,OPEN
COMP002841,CUST007487,FRAUD_ALERT,OPEN
COMP002842,CUST088499,UPI_ISSUE,CLOSED
COMP002843,CUST054756,LOAN_ISSUE,OPEN
COMP002844,CUST028563,CARD_ISSUE,OPEN
COMP002845,CUST049280,CARD_ISSUE,OPEN
COMP002846,CUST055344,CARD_ISSUE,OPEN
COMP002847,CUST010366,UPI_ISSUE,OPEN
COMP002848,CUST039684,UPI_ISSUE,OPEN
COMP002849,CUST023799,LOAN_ISSUE,CLOSED
COMP002850,CUST044987,UPI_ISSUE,OPEN
COMP002851,CUST086220,CARD_ISSUE,OPEN
COMP002852,CUST090275,FRAUD_ALERT,OPEN
COMP002853,CUST076344,FRAUD_ALERT,OPEN
COMP002854,CUST082458,CARD_ISSUE,OPEN
COMP002855,CUST038964,UPI_ISSUE,CLOSED
COMP002856,CUST075792,FRAUD_ALERT,OPEN
COMP002857,CUST093788,UPI_ISSUE,OPEN
COMP002858,CUST044815,LOAN_ISSUE,OPEN
COMP002859,CUST047612,LOAN_ISSUE,OPEN
COMP002860,CUST094819,FRAUD_ALERT,CLOSED
COMP002861,CUST025169,UPI_ISSUE,OPEN
COMP002862,CUST062356,UPI_ISSUE,OPEN
COMP002863,CUST033559,LOAN_ISSUE,OPEN
COMP002864,CUST083155,LOAN_ISSUE,OPEN
COMP002865,CUST033800,LOAN_ISSUE,CLOSED
COMP002866,CUST009755,CARD_ISSUE,CLOSED
COMP002867,CUST004235,UPI_ISSUE,OPEN
COMP002868,CUST070861,FRAUD_ALERT,OPEN
COMP002869,CUST006838,LOAN_ISSUE,CLOSED
COMP002870,CUST094268,FRAUD_ALERT,OPEN
COMP002871,CUST024832,UPI_ISSUE,CLOSED
COMP002872,CUST044362,CARD_ISSUE,CLOSED
COMP002873,CUST012708,FRAUD_ALERT,CLOSED
COMP002874,CUST059649,LOAN_ISSUE,OPEN
COMP002875,CUST084776,LOAN_ISSUE,CLOSED
COMP002876,CUST078274,FRAUD_ALERT,CLOSED
COMP002877,CUST025578,FRAUD_ALERT,OPEN
COMP002878,CUST006482,FRAUD_ALERT,OPEN
COMP002879,CUST085174,LOAN_ISSUE,OPEN
COMP002880,CUST078481,FRAUD_ALERT,OPEN
COMP002881,CUST058827,FRAUD_ALERT,CLOSED
COMP002882,CUST028149,UPI_ISSUE,OPEN
COMP002883,CUST085346,CARD_ISSUE,CLOSED
COMP002884,CUST084514,UPI_ISSUE,OPEN
COMP002885,CUST050673,FRAUD_ALERT,CLOSED
COMP002886,CUST036529,UPI_ISSUE,OPEN
COMP002887,CUST061153,LOAN_ISSUE,CLOSED
COMP002888,CUST047511,UPI_ISSUE,OPEN
COMP002889,CUST063763,CARD_ISSUE,OPEN
COMP002890,CUST049056,LOAN_ISSUE,CLOSED
COMP002891,CUST005578,CARD_ISSUE,OPEN
COMP002892,CUST052615,CARD_ISSUE,CLOSED
COMP002893,CUST058133,FRAUD_ALERT,CLOSED
COMP002894,CUST018642,CARD_ISSUE,CLOSED
COMP002895,CUST083040,UPI_ISSUE,CLOSED
COMP002896,CUST078828,FRAUD_ALERT,CLOSED
COMP002897,CUST099188,UPI_ISSUE,CLOSED
COMP002898,CUST014604,CARD_ISSUE,OPEN
COMP002899,CUST001323,LOAN_ISSUE,OPEN
COMP002900,CUST040390,CARD_ISSUE,CLOSED
COMP002901,CUST007300,LOAN_ISSUE,CLOSED
COMP002902,CUST045852,FRAUD_ALERT,OPEN
COMP002903,CUST002809,FRAUD_ALERT,CLOSED
COMP002904,CUST082776,CARD_ISSUE,CLOSED
COMP002905,CUST049115,CARD_ISSUE,OPEN
COMP002906,CUST020931,UPI_ISSUE,CLOSED
COMP002907,CUST044366,FRAUD_ALERT,OPEN
COMP002908,CUST063705,FRAUD_ALERT,OPEN
COMP002909,CUST094395,UPI_ISSUE,OPEN
COMP002910,CUST094715,FRAUD_ALERT,CLOSED
COMP002911,CUST095258,UPI_ISSUE,OPEN
COMP002912,CUST070472,UPI_ISSUE,CLOSED
COMP002913,CUST042497,CARD_ISSUE,CLOSED
COMP002914,CUST016626,CARD_ISSUE,OPEN
COMP002915,CUST027496,LOAN_ISSUE,OPEN
COMP002916,CUST079587,LOAN_ISSUE,OPEN
COMP002917,CUST030570,UPI_ISSUE,CLOSED
COMP002918,CUST070556,UPI_ISSUE,CLOSED
COMP002919,CUST065831,CARD_ISSUE,OPEN
COMP002920,CUST062443,UPI_ISSUE,OPEN
COMP002921,CUST045737,FRAUD_ALERT,OPEN
COMP002922,CUST095573,UPI_ISSUE,CLOSED
COMP002923,CUST003423,CARD_ISSUE,CLOSED
COMP002924,CUST036657,CARD_ISSUE,CLOSED
COMP002925,CUST099858,LOAN_ISSUE,CLOSED
COMP002926,CUST043113,FRAUD_ALERT,OPEN
COMP002927,CUST037298,UPI_ISSUE,CLOSED
COMP002928,CUST037938,LOAN_ISSUE,OPEN
COMP002929,CUST005099,FRAUD_ALERT,CLOSED
COMP002930,CUST083176,LOAN_ISSUE,OPEN
COMP002931,CUST037838,CARD_ISSUE,OPEN
COMP002932,CUST045128,UPI_ISSUE,OPEN
COMP002933,CUST040300,UPI_ISSUE,OPEN
COMP002934,CUST050806,FRAUD_ALERT,CLOSED
COMP002935,CUST081409,FRAUD_ALERT,OPEN
COMP002936,CUST046331,LOAN_ISSUE,CLOSED
COMP002937,CUST098073,FRAUD_ALERT,CLOSED
COMP002938,CUST086345,UPI_ISSUE,CLOSED
COMP002939,CUST078807,LOAN_ISSUE,CLOSED
COMP002940,CUST054811,CARD_ISSUE,OPEN
COMP002941,CUST034760,CARD_ISSUE,OPEN
COMP002942,CUST021790,UPI_ISSUE,CLOSED
COMP002943,CUST082498,FRAUD_ALERT,OPEN
COMP002944,CUST061453,LOAN_ISSUE,OPEN
COMP002945,CUST023675,UPI_ISSUE,CLOSED
COMP002946,CUST035710,LOAN_ISSUE,OPEN
COMP002947,CUST072198,UPI_ISSUE,OPEN
COMP002948,CUST099268,LOAN_ISSUE,OPEN
COMP002949,CUST036013,LOAN_ISSUE,CLOSED
COMP002950,CUST062425,LOAN_ISSUE,CLOSED
COMP002951,CUST083947,CARD_ISSUE,OPEN
COMP002952,CUST009641,LOAN_ISSUE,CLOSED
COMP002953,CUST069360,CARD_ISSUE,OPEN
COMP002954,CUST037445,LOAN_ISSUE,CLOSED
COMP002955,CUST007347,LOAN_ISSUE,OPEN
COMP002956,CUST012136,UPI_ISSUE,CLOSED
COMP002957,CUST042631,LOAN_ISSUE,CLOSED
COMP002958,CUST005234,CARD_ISSUE,OPEN
COMP002959,CUST093521,FRAUD_ALERT,CLOSED
COMP002960,CUST020702,LOAN_ISSUE,OPEN
COMP002961,CUST065635,FRAUD_ALERT,CLOSED
COMP002962,CUST089825,LOAN_ISSUE,OPEN
COMP002963,CUST083076,FRAUD_ALERT,OPEN
COMP002964,CUST019663,FRAUD_ALERT,OPEN
COMP002965,CUST082193,FRAUD_ALERT,OPEN
COMP002966,CUST059957,UPI_ISSUE,CLOSED
COMP002967,CUST016222,LOAN_ISSUE,CLOSED
COMP002968,CUST001096,CARD_ISSUE,CLOSED
COMP002969,CUST073788,LOAN_ISSUE,OPEN
COMP002970,CUST029069,CARD_ISSUE,CLOSED
COMP002971,CUST023790,LOAN_ISSUE,OPEN
COMP002972,CUST049992,UPI_ISSUE,OPEN
COMP002973,CUST027233,LOAN_ISSUE,CLOSED
COMP002974,CUST086946,UPI_ISSUE,OPEN
COMP002975,CUST050877,UPI_ISSUE,OPEN
COMP002976,CUST004053,UPI_ISSUE,CLOSED
COMP002977,CUST011978,FRAUD_ALERT,OPEN
COMP002978,CUST070329,LOAN_ISSUE,CLOSED
COMP002979,CUST009260,FRAUD_ALERT,CLOSED
COMP002980,CUST036315,CARD_ISSUE,CLOSED
COMP002981,CUST040709,UPI_ISSUE,CLOSED
COMP002982,CUST000142,FRAUD_ALERT,OPEN
COMP002983,CUST000820,LOAN_ISSUE,OPEN
COMP002984,CUST070020,CARD_ISSUE,CLOSED
COMP002985,CUST042518,FRAUD_ALERT,OPEN
COMP002986,CUST060996,FRAUD_ALERT,CLOSED
COMP002987,CUST005666,LOAN_ISSUE,OPEN
COMP002988,CUST015878,CARD_ISSUE,OPEN
COMP002989,CUST038356,UPI_ISSUE,OPEN
COMP002990,CUST050146,UPI_ISSUE,CLOSED
COMP002991,CUST008493,CARD_ISSUE,CLOSED
COMP002992,CUST024286,CARD_ISSUE,OPEN
COMP002993,CUST064822,LOAN_ISSUE,OPEN
COMP002994,CUST089007,FRAUD_ALERT,OPEN
COMP002995,CUST018462,LOAN_ISSUE,OPEN
COMP002996,CUST092501,CARD_ISSUE,CLOSED
COMP002997,CUST066909,FRAUD_ALERT,OPEN
COMP002998,CUST057467,FRAUD_ALERT,OPEN
COMP002999,CUST014331,FRAUD_ALERT,CLOSED
COMP003000,CUST039724,LOAN_ISSUE,CLOSED
COMP003001,CUST090351,LOAN_ISSUE,CLOSED
COMP003002,CUST021937,UPI_ISSUE,CLOSED
COMP003003,CUST026280,FRAUD_ALERT,CLOSED
COMP003004,CUST011999,CARD_ISSUE,OPEN
COMP003005,CUST078982,CARD_ISSUE,OPEN
COMP003006,CUST079640,CARD_ISSUE,CLOSED
COMP003007,CUST090379,LOAN_ISSUE,OPEN
COMP003008,CUST096990,FRAUD_ALERT,CLOSED
COMP003009,CUST070977,CARD_ISSUE,CLOSED
COMP003010,CUST000484,UPI_ISSUE,CLOSED
COMP003011,CUST089664,CARD_ISSUE,CLOSED
COMP003012,CUST038919,UPI_ISSUE,CLOSED
COMP003013,CUST050401,CARD_ISSUE,CLOSED
COMP003014,CUST082075,CARD_ISSUE,OPEN
COMP003015,CUST017911,CARD_ISSUE,CLOSED
COMP003016,CUST002533,UPI_ISSUE,OPEN
COMP003017,CUST006352,CARD_ISSUE,OPEN
COMP003018,CUST026680,LOAN_ISSUE,CLOSED
COMP003019,CUST045740,CARD_ISSUE,CLOSED
COMP003020,CUST036080,CARD_ISSUE,CLOSED
COMP003021,CUST037294,LOAN_ISSUE,CLOSED
COMP003022,CUST079737,CARD_ISSUE,CLOSED
COMP003023,CUST029630,UPI_ISSUE,CLOSED
COMP003024,CUST049740,FRAUD_ALERT,OPEN
COMP003025,CUST049426,UPI_ISSUE,OPEN
COMP003026,CUST050312,FRAUD_ALERT,CLOSED
COMP003027,CUST005263,UPI_ISSUE,CLOSED
COMP003028,CUST065353,FRAUD_ALERT,OPEN
COMP003029,CUST077611,UPI_ISSUE,OPEN
COMP003030,CUST027729,CARD_ISSUE,OPEN
COMP003031,CUST014430,UPI_ISSUE,CLOSED
COMP003032,CUST002465,LOAN_ISSUE,OPEN
COMP003033,CUST072355,UPI_ISSUE,CLOSED
COMP003034,CUST076660,FRAUD_ALERT,OPEN
COMP003035,CUST070016,FRAUD_ALERT,CLOSED
COMP003036,CUST025034,LOAN_ISSUE,OPEN
COMP003037,CUST049327,CARD_ISSUE,CLOSED
COMP003038,CUST050998,UPI_ISSUE,OPEN
COMP003039,CUST061741,LOAN_ISSUE,CLOSED
COMP003040,CUST058923,CARD_ISSUE,OPEN
COMP003041,CUST001306,FRAUD_ALERT,CLOSED
COMP003042,CUST001445,FRAUD_ALERT,CLOSED
COMP003043,CUST082229,CARD_ISSUE,OPEN
COMP003044,CUST041520,LOAN_ISSUE,CLOSED
COMP003045,CUST019161,CARD_ISSUE,CLOSED
COMP003046,CUST055165,FRAUD_ALERT,CLOSED
COMP003047,CUST032289,UPI_ISSUE,CLOSED
COMP003048,CUST024069,FRAUD_ALERT,CLOSED
COMP003049,CUST054874,UPI_ISSUE,CLOSED
COMP003050,CUST073153,FRAUD_ALERT,CLOSED
COMP003051,CUST030511,UPI_ISSUE,OPEN
COMP003052,CUST038567,LOAN_ISSUE,CLOSED
COMP003053,CUST027347,LOAN_ISSUE,OPEN
COMP003054,CUST035014,LOAN_ISSUE,OPEN
COMP003055,CUST097646,CARD_ISSUE,OPEN
COMP003056,CUST061227,CARD_ISSUE,OPEN
COMP003057,CUST028641,CARD_ISSUE,OPEN
COMP003058,CUST069994,FRAUD_ALERT,OPEN
COMP003059,CUST025613,FRAUD_ALERT,OPEN
COMP003060,CUST041772,CARD_ISSUE,CLOSED
COMP003061,CUST051359,FRAUD_ALERT,CLOSED
COMP003062,CUST013853,CARD_ISSUE,CLOSED
COMP003063,CUST097868,UPI_ISSUE,CLOSED
COMP003064,CUST076546,FRAUD_ALERT,CLOSED
COMP003065,CUST054276,CARD_ISSUE,OPEN
COMP003066,CUST039868,FRAUD_ALERT,CLOSED
COMP003067,CUST040080,CARD_ISSUE,OPEN
COMP003068,CUST048864,LOAN_ISSUE,OPEN
COMP003069,CUST002364,UPI_ISSUE,CLOSED
COMP003070,CUST032062,UPI_ISSUE,OPEN
COMP003071,CUST085683,FRAUD_ALERT,CLOSED
COMP003072,CUST042396,LOAN_ISSUE,OPEN
COMP003073,CUST034938,FRAUD_ALERT,OPEN
COMP003074,CUST081257,LOAN_ISSUE,OPEN
COMP003075,CUST072724,LOAN_ISSUE,CLOSED
COMP003076,CUST081949,FRAUD_ALERT,OPEN
COMP003077,CUST013935,UPI_ISSUE,OPEN
COMP003078,CUST070810,CARD_ISSUE,CLOSED
COMP003079,CUST069145,CARD_ISSUE,OPEN
COMP003080,CUST081507,FRAUD_ALERT,OPEN
COMP003081,CUST070771,CARD_ISSUE,CLOSED
COMP003082,CUST002700,UPI_ISSUE,OPEN
COMP003083,CUST077403,CARD_ISSUE,OPEN
COMP003084,CUST053518,FRAUD_ALERT,CLOSED
COMP003085,CUST047210,UPI_ISSUE,CLOSED
COMP003086,CUST025803,CARD_ISSUE,OPEN
COMP003087,CUST056829,UPI_ISSUE,OPEN
COMP003088,CUST058101,CARD_ISSUE,CLOSED
COMP003089,CUST019318,CARD_ISSUE,OPEN
COMP003090,CUST048465,FRAUD_ALERT,CLOSED
COMP003091,CUST094433,UPI_ISSUE,OPEN
COMP003092,CUST025807,FRAUD_ALERT,CLOSED
COMP003093,CUST052995,LOAN_ISSUE,CLOSED
COMP003094,CUST071114,LOAN_ISSUE,OPEN
COMP003095,CUST056843,FRAUD_ALERT,CLOSED
COMP003096,CUST026659,FRAUD_ALERT,CLOSED
COMP003097,CUST078132,CARD_ISSUE,CLOSED
COMP003098,CUST090822,CARD_ISSUE,CLOSED
COMP003099,CUST051212,FRAUD_ALERT,OPEN
COMP003100,CUST012889,UPI_ISSUE,CLOSED
COMP003101,CUST077264,UPI_ISSUE,CLOSED
COMP003102,CUST069721,FRAUD_ALERT,OPEN
COMP003103,CUST016902,LOAN_ISSUE,CLOSED
COMP003104,CUST074165,LOAN_ISSUE,OPEN
COMP003105,CUST005143,UPI_ISSUE,OPEN
COMP003106,CUST064130,CARD_ISSUE,OPEN
COMP003107,CUST029567,CARD_ISSUE,CLOSED
COMP003108,CUST000821,LOAN_ISSUE,CLOSED
COMP003109,CUST060701,LOAN_ISSUE,OPEN
COMP003110,CUST022651,CARD_ISSUE,CLOSED
COMP003111,CUST074501,UPI_ISSUE,OPEN
COMP003112,CUST078926,CARD_ISSUE,CLOSED
COMP003113,CUST035544,LOAN_ISSUE,OPEN
COMP003114,CUST009598,CARD_ISSUE,OPEN
COMP003115,CUST002339,FRAUD_ALERT,CLOSED
COMP003116,CUST079868,FRAUD_ALERT,CLOSED
COMP003117,CUST003603,LOAN_ISSUE,OPEN
COMP003118,CUST064195,CARD_ISSUE,CLOSED
COMP003119,CUST090163,LOAN_ISSUE,OPEN
COMP003120,CUST059201,LOAN_ISSUE,CLOSED
COMP003121,CUST068477,FRAUD_ALERT,CLOSED
COMP003122,CUST029417,LOAN_ISSUE,OPEN
COMP003123,CUST066222,UPI_ISSUE,OPEN
COMP003124,CUST097356,FRAUD_ALERT,CLOSED
COMP003125,CUST034297,FRAUD_ALERT,OPEN
COMP003126,CUST044233,CARD_ISSUE,CLOSED
COMP003127,CUST066667,CARD_ISSUE,CLOSED
COMP003128,CUST016840,CARD_ISSUE,OPEN
COMP003129,CUST032102,CARD_ISSUE,CLOSED
COMP003130,CUST041872,FRAUD_ALERT,CLOSED
COMP003131,CUST033755,CARD_ISSUE,CLOSED
COMP003132,CUST032160,LOAN_ISSUE,OPEN
COMP003133,CUST014504,FRAUD_ALERT,OPEN
COMP003134,CUST086898,CARD_ISSUE,OPEN
COMP003135,CUST097545,UPI_ISSUE,CLOSED
COMP003136,CUST030934,FRAUD_ALERT,OPEN
COMP003137,CUST086654,LOAN_ISSUE,CLOSED
COMP003138,CUST061596,FRAUD_ALERT,OPEN
COMP003139,CUST067582,FRAUD_ALERT,OPEN
COMP003140,CUST097030,CARD_ISSUE,CLOSED
COMP003141,CUST051197,UPI_ISSUE,OPEN
COMP003142,CUST037148,FRAUD_ALERT,OPEN
COMP003143,CUST043274,LOAN_ISSUE,OPEN
COMP003144,CUST010489,LOAN_ISSUE,OPEN
COMP003145,CUST036254,FRAUD_ALERT,OPEN
COMP003146,CUST047800,UPI_ISSUE,OPEN
COMP003147,CUST062960,LOAN_ISSUE,CLOSED
COMP003148,CUST029658,FRAUD_ALERT,OPEN
COMP003149,CUST004455,CARD_ISSUE,OPEN
COMP003150,CUST064042,CARD_ISSUE,CLOSED
COMP003151,CUST050376,LOAN_ISSUE,CLOSED
COMP003152,CUST011757,LOAN_ISSUE,OPEN
COMP003153,CUST055363,UPI_ISSUE,OPEN
COMP003154,CUST087598,FRAUD_ALERT,OPEN
COMP003155,CUST081258,FRAUD_ALERT,CLOSED
COMP003156,CUST082537,LOAN_ISSUE,OPEN
COMP003157,CUST090711,LOAN_ISSUE,OPEN
COMP003158,CUST014534,UPI_ISSUE,CLOSED
COMP003159,CUST063723,LOAN_ISSUE,OPEN
COMP003160,CUST051654,FRAUD_ALERT,CLOSED
COMP003161,CUST063063,CARD_ISSUE,CLOSED
COMP003162,CUST075401,CARD_ISSUE,OPEN
COMP003163,CUST031806,UPI_ISSUE,OPEN
COMP003164,CUST065743,LOAN_ISSUE,CLOSED
COMP003165,CUST019939,FRAUD_ALERT,CLOSED
COMP003166,CUST016134,FRAUD_ALERT,CLOSED
COMP003167,CUST062715,UPI_ISSUE,OPEN
COMP003168,CUST080167,CARD_ISSUE,OPEN
COMP003169,CUST084331,LOAN_ISSUE,OPEN
COMP003170,CUST053843,CARD_ISSUE,OPEN
COMP003171,CUST055064,LOAN_ISSUE,CLOSED
COMP003172,CUST053399,FRAUD_ALERT,CLOSED
COMP003173,CUST009554,LOAN_ISSUE,CLOSED
COMP003174,CUST022879,CARD_ISSUE,OPEN
COMP003175,CUST040630,UPI_ISSUE,CLOSED
COMP003176,CUST079009,FRAUD_ALERT,OPEN
COMP003177,CUST077413,UPI_ISSUE,OPEN
COMP003178,CUST065952,UPI_ISSUE,OPEN
COMP003179,CUST021304,LOAN_ISSUE,OPEN
COMP003180,CUST068937,UPI_ISSUE,OPEN
COMP003181,CUST051848,CARD_ISSUE,OPEN
COMP003182,CUST086209,LOAN_ISSUE,OPEN
COMP003183,CUST071955,FRAUD_ALERT,OPEN
COMP003184,CUST091406,UPI_ISSUE,OPEN
COMP003185,CUST044772,UPI_ISSUE,CLOSED
COMP003186,CUST064011,UPI_ISSUE,CLOSED
COMP003187,CUST078567,UPI_ISSUE,OPEN
COMP003188,CUST041537,UPI_ISSUE,CLOSED
COMP003189,CUST000372,LOAN_ISSUE,OPEN
COMP003190,CUST053460,LOAN_ISSUE,CLOSED
COMP003191,CUST089976,CARD_ISSUE,CLOSED
COMP003192,CUST022532,FRAUD_ALERT,CLOSED
COMP003193,CUST065437,LOAN_ISSUE,CLOSED
COMP003194,CUST083632,FRAUD_ALERT,CLOSED
COMP003195,CUST077167,LOAN_ISSUE,OPEN
COMP003196,CUST011163,LOAN_ISSUE,OPEN
COMP003197,CUST032280,FRAUD_ALERT,OPEN
COMP003198,CUST073278,LOAN_ISSUE,OPEN
COMP003199,CUST042907,LOAN_ISSUE,OPEN
COMP003200,CUST045706,CARD_ISSUE,CLOSED
COMP003201,CUST079437,CARD_ISSUE,OPEN
COMP003202,CUST046698,LOAN_ISSUE,CLOSED
COMP003203,CUST063101,CARD_ISSUE,CLOSED
COMP003204,CUST050867,FRAUD_ALERT,OPEN
COMP003205,CUST023437,LOAN_ISSUE,CLOSED
COMP003206,CUST004898,FRAUD_ALERT,CLOSED
COMP003207,CUST093458,FRAUD_ALERT,OPEN
COMP003208,CUST001555,FRAUD_ALERT,CLOSED
COMP003209,CUST028470,CARD_ISSUE,CLOSED
COMP003210,CUST053261,LOAN_ISSUE,CLOSED
COMP003211,CUST044929,UPI_ISSUE,OPEN
COMP003212,CUST075869,FRAUD_ALERT,OPEN
COMP003213,CUST084955,UPI_ISSUE,OPEN
COMP003214,CUST016875,FRAUD_ALERT,OPEN
COMP003215,CUST015446,CARD_ISSUE,OPEN
COMP003216,CUST025958,CARD_ISSUE,OPEN
COMP003217,CUST067734,FRAUD_ALERT,CLOSED
COMP003218,CUST035317,CARD_ISSUE,CLOSED
COMP003219,CUST077240,UPI_ISSUE,OPEN
COMP003220,CUST093908,FRAUD_ALERT,CLOSED
COMP003221,CUST036422,CARD_ISSUE,OPEN
COMP003222,CUST016992,CARD_ISSUE,OPEN
COMP003223,CUST076657,FRAUD_ALERT,OPEN
COMP003224,CUST095361,UPI_ISSUE,CLOSED
COMP003225,CUST072546,UPI_ISSUE,CLOSED
COMP003226,CUST058963,CARD_ISSUE,OPEN
COMP003227,CUST079675,FRAUD_ALERT,CLOSED
COMP003228,CUST059550,CARD_ISSUE,CLOSED
COMP003229,CUST086465,LOAN_ISSUE,OPEN
COMP003230,CUST002218,CARD_ISSUE,OPEN
COMP003231,CUST008921,LOAN_ISSUE,OPEN
COMP003232,CUST025018,LOAN_ISSUE,OPEN
COMP003233,CUST035523,UPI_ISSUE,CLOSED
COMP003234,CUST060346,FRAUD_ALERT,OPEN
COMP003235,CUST007162,LOAN_ISSUE,OPEN
COMP003236,CUST007543,FRAUD_ALERT,CLOSED
COMP003237,CUST062332,LOAN_ISSUE,OPEN
COMP003238,CUST068235,FRAUD_ALERT,OPEN
COMP003239,CUST059354,LOAN_ISSUE,CLOSED
COMP003240,CUST098468,CARD_ISSUE,OPEN
COMP003241,CUST091095,FRAUD_ALERT,OPEN
COMP003242,CUST079411,UPI_ISSUE,CLOSED
COMP003243,CUST012916,UPI_ISSUE,OPEN
COMP003244,CUST077137,UPI_ISSUE,CLOSED
COMP003245,CUST077293,FRAUD_ALERT,OPEN
COMP003246,CUST039281,CARD_ISSUE,CLOSED
COMP003247,CUST057937,UPI_ISSUE,OPEN
COMP003248,CUST031879,FRAUD_ALERT,CLOSED
COMP003249,CUST060115,LOAN_ISSUE,CLOSED
COMP003250,CUST054803,UPI_ISSUE,OPEN
COMP003251,CUST043866,LOAN_ISSUE,CLOSED
COMP003252,CUST084975,CARD_ISSUE,CLOSED
COMP003253,CUST008188,CARD_ISSUE,OPEN
COMP003254,CUST089659,UPI_ISSUE,CLOSED
COMP003255,CUST084181,UPI_ISSUE,OPEN
COMP003256,CUST029406,FRAUD_ALERT,OPEN
COMP003257,CUST003001,FRAUD_ALERT,OPEN
COMP003258,CUST028405,FRAUD_ALERT,OPEN
COMP003259,CUST077666,UPI_ISSUE,OPEN
COMP003260,CUST077699,UPI_ISSUE,OPEN
COMP003261,CUST088803,CARD_ISSUE,OPEN
COMP003262,CUST018475,FRAUD_ALERT,CLOSED
COMP003263,CUST015324,UPI_ISSUE,OPEN
COMP003264,CUST042924,CARD_ISSUE,OPEN
COMP003265,CUST029200,CARD_ISSUE,OPEN
COMP003266,CUST071941,CARD_ISSUE,OPEN
COMP003267,CUST062355,LOAN_ISSUE,OPEN
COMP003268,CUST012618,LOAN_ISSUE,OPEN
COMP003269,CUST062696,CARD_ISSUE,OPEN
COMP003270,CUST049813,CARD_ISSUE,CLOSED
COMP003271,CUST000891,CARD_ISSUE,CLOSED
COMP003272,CUST069350,LOAN_ISSUE,OPEN
COMP003273,CUST007994,UPI_ISSUE,CLOSED
COMP003274,CUST087408,CARD_ISSUE,CLOSED
COMP003275,CUST045392,UPI_ISSUE,OPEN
COMP003276,CUST072225,CARD_ISSUE,OPEN
COMP003277,CUST010607,CARD_ISSUE,OPEN
COMP003278,CUST069105,CARD_ISSUE,CLOSED
COMP003279,CUST056968,UPI_ISSUE,CLOSED
COMP003280,CUST055764,UPI_ISSUE,CLOSED
COMP003281,CUST022122,FRAUD_ALERT,CLOSED
COMP003282,CUST049872,FRAUD_ALERT,CLOSED
COMP003283,CUST082822,CARD_ISSUE,OPEN
COMP003284,CUST017291,LOAN_ISSUE,OPEN
COMP003285,CUST097445,CARD_ISSUE,CLOSED
COMP003286,CUST047009,FRAUD_ALERT,CLOSED
COMP003287,CUST050664,FRAUD_ALERT,OPEN
COMP003288,CUST095098,LOAN_ISSUE,CLOSED
COMP003289,CUST095956,LOAN_ISSUE,CLOSED
COMP003290,CUST094805,UPI_ISSUE,OPEN
COMP003291,CUST096417,LOAN_ISSUE,CLOSED
COMP003292,CUST010076,CARD_ISSUE,CLOSED
COMP003293,CUST015154,LOAN_ISSUE,OPEN
COMP003294,CUST053501,LOAN_ISSUE,CLOSED
COMP003295,CUST056904,CARD_ISSUE,OPEN
COMP003296,CUST021683,LOAN_ISSUE,CLOSED
COMP003297,CUST031260,LOAN_ISSUE,CLOSED
COMP003298,CUST016135,UPI_ISSUE,OPEN
COMP003299,CUST077716,UPI_ISSUE,OPEN
COMP003300,CUST085920,UPI_ISSUE,OPEN
COMP003301,CUST092428,CARD_ISSUE,CLOSED
COMP003302,CUST068818,CARD_ISSUE,OPEN
COMP003303,CUST088684,LOAN_ISSUE,OPEN
COMP003304,CUST077910,LOAN_ISSUE,OPEN
COMP003305,CUST002722,CARD_ISSUE,CLOSED
COMP003306,CUST061025,UPI_ISSUE,OPEN
COMP003307,CUST024042,UPI_ISSUE,CLOSED
COMP003308,CUST024235,CARD_ISSUE,OPEN
COMP003309,CUST030838,UPI_ISSUE,OPEN
COMP003310,CUST012153,CARD_ISSUE,OPEN
COMP003311,CUST089533,UPI_ISSUE,CLOSED
COMP003312,CUST005782,UPI_ISSUE,OPEN
COMP003313,CUST075680,LOAN_ISSUE,CLOSED
COMP003314,CUST092332,UPI_ISSUE,CLOSED
COMP003315,CUST064434,LOAN_ISSUE,OPEN
COMP003316,CUST097847,LOAN_ISSUE,CLOSED
COMP003317,CUST099553,UPI_ISSUE,OPEN
COMP003318,CUST053328,CARD_ISSUE,CLOSED
COMP003319,CUST088920,FRAUD_ALERT,OPEN
COMP003320,CUST091848,LOAN_ISSUE,OPEN
COMP003321,CUST023375,CARD_ISSUE,OPEN
COMP003322,CUST098342,CARD_ISSUE,CLOSED
COMP003323,CUST014201,CARD_ISSUE,OPEN
COMP003324,CUST093032,CARD_ISSUE,OPEN
COMP003325,CUST040756,FRAUD_ALERT,CLOSED
COMP003326,CUST020119,FRAUD_ALERT,CLOSED
COMP003327,CUST018528,FRAUD_ALERT,CLOSED
COMP003328,CUST091139,LOAN_ISSUE,CLOSED
COMP003329,CUST083866,UPI_ISSUE,OPEN
COMP003330,CUST033609,UPI_ISSUE,CLOSED
COMP003331,CUST094143,FRAUD_ALERT,OPEN
COMP003332,CUST028516,UPI_ISSUE,OPEN
COMP003333,CUST030854,LOAN_ISSUE,OPEN
COMP003334,CUST073009,CARD_ISSUE,CLOSED
COMP003335,CUST024936,UPI_ISSUE,CLOSED
COMP003336,CUST052952,LOAN_ISSUE,OPEN
COMP003337,CUST000722,CARD_ISSUE,OPEN
COMP003338,CUST078592,FRAUD_ALERT,CLOSED
COMP003339,CUST047935,FRAUD_ALERT,CLOSED
COMP003340,CUST024110,FRAUD_ALERT,CLOSED
COMP003341,CUST091036,UPI_ISSUE,OPEN
COMP003342,CUST035137,LOAN_ISSUE,CLOSED
COMP003343,CUST001749,CARD_ISSUE,CLOSED
COMP003344,CUST074377,FRAUD_ALERT,CLOSED
COMP003345,CUST084373,CARD_ISSUE,CLOSED
COMP003346,CUST010955,FRAUD_ALERT,CLOSED
COMP003347,CUST088763,FRAUD_ALERT,CLOSED
COMP003348,CUST065543,LOAN_ISSUE,CLOSED
COMP003349,CUST004494,UPI_ISSUE,CLOSED
COMP003350,CUST085621,FRAUD_ALERT,CLOSED
COMP003351,CUST069865,FRAUD_ALERT,CLOSED
COMP003352,CUST027716,UPI_ISSUE,CLOSED
COMP003353,CUST054462,LOAN_ISSUE,CLOSED
COMP003354,CUST018733,LOAN_ISSUE,OPEN
COMP003355,CUST010891,CARD_ISSUE,OPEN
COMP003356,CUST070353,CARD_ISSUE,OPEN
COMP003357,CUST087797,LOAN_ISSUE,CLOSED
COMP003358,CUST041639,FRAUD_ALERT,CLOSED
COMP003359,CUST028366,LOAN_ISSUE,CLOSED
COMP003360,CUST085120,CARD_ISSUE,OPEN
COMP003361,CUST097327,CARD_ISSUE,OPEN
COMP003362,CUST063922,CARD_ISSUE,CLOSED
COMP003363,CUST018921,FRAUD_ALERT,CLOSED
COMP003364,CUST099896,UPI_ISSUE,CLOSED
COMP003365,CUST005216,LOAN_ISSUE,CLOSED
COMP003366,CUST035715,LOAN_ISSUE,OPEN
COMP003367,CUST082473,FRAUD_ALERT,OPEN
COMP003368,CUST062397,FRAUD_ALERT,OPEN
COMP003369,CUST004318,FRAUD_ALERT,CLOSED
COMP003370,CUST076696,UPI_ISSUE,OPEN
COMP003371,CUST012511,LOAN_ISSUE,CLOSED
COMP003372,CUST037102,LOAN_ISSUE,CLOSED
COMP003373,CUST081713,CARD_ISSUE,CLOSED
COMP003374,CUST088660,LOAN_ISSUE,CLOSED
COMP003375,CUST080484,CARD_ISSUE,CLOSED
COMP003376,CUST012677,LOAN_ISSUE,CLOSED
COMP003377,CUST048316,CARD_ISSUE,OPEN
COMP003378,CUST041992,FRAUD_ALERT,CLOSED
COMP003379,CUST077127,CARD_ISSUE,CLOSED
COMP003380,CUST059983,FRAUD_ALERT,OPEN
COMP003381,CUST061687,UPI_ISSUE,OPEN
COMP003382,CUST011710,FRAUD_ALERT,CLOSED
COMP003383,CUST077139,FRAUD_ALERT,CLOSED
COMP003384,CUST056901,LOAN_ISSUE,OPEN
COMP003385,CUST015367,FRAUD_ALERT,OPEN
COMP003386,CUST034743,LOAN_ISSUE,OPEN
COMP003387,CUST023345,FRAUD_ALERT,CLOSED
COMP003388,CUST020849,UPI_ISSUE,CLOSED
COMP003389,CUST029059,CARD_ISSUE,CLOSED
COMP003390,CUST076407,LOAN_ISSUE,CLOSED
COMP003391,CUST013896,CARD_ISSUE,CLOSED
COMP003392,CUST016218,LOAN_ISSUE,OPEN
COMP003393,CUST030359,UPI_ISSUE,CLOSED
COMP003394,CUST094644,LOAN_ISSUE,OPEN
COMP003395,CUST065579,CARD_ISSUE,OPEN
COMP003396,CUST005316,UPI_ISSUE,OPEN
COMP003397,CUST055014,FRAUD_ALERT,CLOSED
COMP003398,CUST078418,FRAUD_ALERT,OPEN
COMP003399,CUST095088,UPI_ISSUE,OPEN
COMP003400,CUST001335,FRAUD_ALERT,OPEN
COMP003401,CUST015472,FRAUD_ALERT,OPEN
COMP003402,CUST079609,FRAUD_ALERT,OPEN
COMP003403,CUST008967,CARD_ISSUE,CLOSED
COMP003404,CUST096418,UPI_ISSUE,CLOSED
COMP003405,CUST077400,FRAUD_ALERT,CLOSED
COMP003406,CUST040686,UPI_ISSUE,CLOSED
COMP003407,CUST073093,LOAN_ISSUE,OPEN
COMP003408,CUST064596,CARD_ISSUE,CLOSED
COMP003409,CUST069300,CARD_ISSUE,CLOSED
COMP003410,CUST063574,FRAUD_ALERT,CLOSED
COMP003411,CUST002985,CARD_ISSUE,OPEN
COMP003412,CUST094431,UPI_ISSUE,OPEN
COMP003413,CUST036790,UPI_ISSUE,OPEN
COMP003414,CUST086183,LOAN_ISSUE,OPEN
COMP003415,CUST005954,LOAN_ISSUE,OPEN
COMP003416,CUST043911,CARD_ISSUE,CLOSED
COMP003417,CUST071032,CARD_ISSUE,CLOSED
COMP003418,CUST011772,CARD_ISSUE,CLOSED
COMP003419,CUST080255,FRAUD_ALERT,OPEN
COMP003420,CUST066611,CARD_ISSUE,OPEN
COMP003421,CUST056953,UPI_ISSUE,OPEN
COMP003422,CUST028781,UPI_ISSUE,OPEN
COMP003423,CUST018999,FRAUD_ALERT,OPEN
COMP003424,CUST079131,CARD_ISSUE,OPEN
COMP003425,CUST041096,CARD_ISSUE,OPEN
COMP003426,CUST039367,FRAUD_ALERT,OPEN
COMP003427,CUST064258,FRAUD_ALERT,CLOSED
COMP003428,CUST051700,LOAN_ISSUE,CLOSED
COMP003429,CUST031022,FRAUD_ALERT,OPEN
COMP003430,CUST028891,FRAUD_ALERT,CLOSED
COMP003431,CUST074055,CARD_ISSUE,OPEN
COMP003432,CUST098490,LOAN_ISSUE,OPEN
COMP003433,CUST041943,LOAN_ISSUE,OPEN
COMP003434,CUST056351,LOAN_ISSUE,OPEN
COMP003435,CUST036556,LOAN_ISSUE,OPEN
COMP003436,CUST012534,CARD_ISSUE,CLOSED
COMP003437,CUST065468,UPI_ISSUE,CLOSED
COMP003438,CUST085521,CARD_ISSUE,CLOSED
COMP003439,CUST033927,CARD_ISSUE,OPEN
COMP003440,CUST088106,FRAUD_ALERT,CLOSED
COMP003441,CUST025974,UPI_ISSUE,OPEN
COMP003442,CUST049167,UPI_ISSUE,CLOSED
COMP003443,CUST031575,CARD_ISSUE,OPEN
COMP003444,CUST015946,CARD_ISSUE,OPEN
COMP003445,CUST086388,UPI_ISSUE,OPEN
COMP003446,CUST016936,UPI_ISSUE,OPEN
COMP003447,CUST081813,UPI_ISSUE,CLOSED
COMP003448,CUST001848,CARD_ISSUE,OPEN
COMP003449,CUST087296,FRAUD_ALERT,OPEN
COMP003450,CUST067921,FRAUD_ALERT,CLOSED
COMP003451,CUST025233,UPI_ISSUE,CLOSED
COMP003452,CUST084796,FRAUD_ALERT,OPEN
COMP003453,CUST054307,FRAUD_ALERT,CLOSED
COMP003454,CUST030583,LOAN_ISSUE,OPEN
COMP003455,CUST028805,CARD_ISSUE,CLOSED
COMP003456,CUST046492,CARD_ISSUE,CLOSED
COMP003457,CUST097592,CARD_ISSUE,OPEN
COMP003458,CUST090171,UPI_ISSUE,OPEN
COMP003459,CUST055152,FRAUD_ALERT,OPEN
COMP003460,CUST092141,UPI_ISSUE,CLOSED
COMP003461,CUST068738,CARD_ISSUE,CLOSED
COMP003462,CUST054144,LOAN_ISSUE,OPEN
COMP003463,CUST086461,FRAUD_ALERT,OPEN
COMP003464,CUST085295,UPI_ISSUE,CLOSED
COMP003465,CUST068376,UPI_ISSUE,CLOSED
COMP003466,CUST090727,UPI_ISSUE,OPEN
COMP003467,CUST071741,LOAN_ISSUE,CLOSED
COMP003468,CUST030964,UPI_ISSUE,OPEN
COMP003469,CUST038331,UPI_ISSUE,CLOSED
COMP003470,CUST006155,FRAUD_ALERT,OPEN
COMP003471,CUST035326,FRAUD_ALERT,CLOSED
COMP003472,CUST035533,CARD_ISSUE,OPEN
COMP003473,CUST046858,CARD_ISSUE,CLOSED
COMP003474,CUST021809,LOAN_ISSUE,CLOSED
COMP003475,CUST062220,CARD_ISSUE,OPEN
COMP003476,CUST067775,CARD_ISSUE,CLOSED
COMP003477,CUST022156,LOAN_ISSUE,OPEN
COMP003478,CUST027590,CARD_ISSUE,OPEN
COMP003479,CUST075423,LOAN_ISSUE,CLOSED
COMP003480,CUST073514,CARD_ISSUE,OPEN
COMP003481,CUST018244,CARD_ISSUE,OPEN
COMP003482,CUST018762,LOAN_ISSUE,OPEN
COMP003483,CUST077037,UPI_ISSUE,OPEN
COMP003484,CUST099194,CARD_ISSUE,OPEN
COMP003485,CUST094688,FRAUD_ALERT,CLOSED
COMP003486,CUST088928,UPI_ISSUE,OPEN
COMP003487,CUST098229,CARD_ISSUE,OPEN
COMP003488,CUST066859,UPI_ISSUE,OPEN
COMP003489,CUST052978,FRAUD_ALERT,OPEN
COMP003490,CUST015075,CARD_ISSUE,CLOSED
COMP003491,CUST015022,UPI_ISSUE,OPEN
COMP003492,CUST082799,LOAN_ISSUE,OPEN
COMP003493,CUST051550,LOAN_ISSUE,CLOSED
COMP003494,CUST067818,UPI_ISSUE,CLOSED
COMP003495,CUST015575,UPI_ISSUE,OPEN
COMP003496,CUST028883,FRAUD_ALERT,OPEN
COMP003497,CUST013509,FRAUD_ALERT,CLOSED
COMP003498,CUST056462,FRAUD_ALERT,CLOSED
COMP003499,CUST035243,LOAN_ISSUE,OPEN
COMP003500,CUST070659,UPI_ISSUE,OPEN
COMP003501,CUST053789,UPI_ISSUE,OPEN
COMP003502,CUST061125,UPI_ISSUE,CLOSED
COMP003503,CUST062176,UPI_ISSUE,CLOSED
COMP003504,CUST063131,UPI_ISSUE,CLOSED
COMP003505,CUST047039,UPI_ISSUE,CLOSED
COMP003506,CUST042852,LOAN_ISSUE,CLOSED
COMP003507,CUST078149,CARD_ISSUE,OPEN
COMP003508,CUST043869,UPI_ISSUE,OPEN
COMP003509,CUST046372,LOAN_ISSUE,OPEN
COMP003510,CUST041506,CARD_ISSUE,OPEN
COMP003511,CUST010762,CARD_ISSUE,OPEN
COMP003512,CUST009992,LOAN_ISSUE,OPEN
COMP003513,CUST086749,LOAN_ISSUE,CLOSED
COMP003514,CUST068820,UPI_ISSUE,CLOSED
COMP003515,CUST021940,FRAUD_ALERT,CLOSED
COMP003516,CUST055877,FRAUD_ALERT,CLOSED
COMP003517,CUST012198,CARD_ISSUE,OPEN
COMP003518,CUST086650,UPI_ISSUE,CLOSED
COMP003519,CUST043484,FRAUD_ALERT,OPEN
COMP003520,CUST029731,LOAN_ISSUE,CLOSED
COMP003521,CUST097490,FRAUD_ALERT,OPEN
COMP003522,CUST069321,FRAUD_ALERT,OPEN
COMP003523,CUST009679,UPI_ISSUE,OPEN
COMP003524,CUST005952,UPI_ISSUE,OPEN
COMP003525,CUST032487,FRAUD_ALERT,CLOSED
COMP003526,CUST005371,UPI_ISSUE,CLOSED
COMP003527,CUST095740,UPI_ISSUE,CLOSED
COMP003528,CUST047391,CARD_ISSUE,CLOSED
COMP003529,CUST054501,FRAUD_ALERT,CLOSED
COMP003530,CUST007238,LOAN_ISSUE,CLOSED
COMP003531,CUST062507,UPI_ISSUE,OPEN
COMP003532,CUST019301,UPI_ISSUE,OPEN
COMP003533,CUST053362,UPI_ISSUE,OPEN
COMP003534,CUST034287,LOAN_ISSUE,CLOSED
COMP003535,CUST037073,UPI_ISSUE,OPEN
COMP003536,CUST021514,UPI_ISSUE,CLOSED
COMP003537,CUST059892,UPI_ISSUE,OPEN
COMP003538,CUST072787,LOAN_ISSUE,CLOSED
COMP003539,CUST098368,LOAN_ISSUE,CLOSED
COMP003540,CUST071794,UPI_ISSUE,CLOSED
COMP003541,CUST012697,FRAUD_ALERT,CLOSED
COMP003542,CUST087527,FRAUD_ALERT,OPEN
COMP003543,CUST009147,UPI_ISSUE,CLOSED
COMP003544,CUST092386,CARD_ISSUE,OPEN
COMP003545,CUST054593,UPI_ISSUE,CLOSED
COMP003546,CUST042176,FRAUD_ALERT,OPEN
COMP003547,CUST069519,CARD_ISSUE,CLOSED
COMP003548,CUST004223,LOAN_ISSUE,OPEN
COMP003549,CUST095698,UPI_ISSUE,CLOSED
COMP003550,CUST013756,UPI_ISSUE,CLOSED
COMP003551,CUST093096,CARD_ISSUE,CLOSED
COMP003552,CUST060179,UPI_ISSUE,OPEN
COMP003553,CUST045860,CARD_ISSUE,CLOSED
COMP003554,CUST078637,CARD_ISSUE,OPEN
COMP003555,CUST040859,CARD_ISSUE,CLOSED
COMP003556,CUST054120,LOAN_ISSUE,OPEN
COMP003557,CUST074965,FRAUD_ALERT,OPEN
COMP003558,CUST035679,CARD_ISSUE,OPEN
COMP003559,CUST030599,FRAUD_ALERT,CLOSED
COMP003560,CUST007648,UPI_ISSUE,OPEN
COMP003561,CUST030111,CARD_ISSUE,OPEN
COMP003562,CUST089106,LOAN_ISSUE,CLOSED
COMP003563,CUST065737,LOAN_ISSUE,OPEN
COMP003564,CUST090679,FRAUD_ALERT,OPEN
COMP003565,CUST013544,UPI_ISSUE,OPEN
COMP003566,CUST032179,UPI_ISSUE,CLOSED
COMP003567,CUST081757,LOAN_ISSUE,OPEN
COMP003568,CUST015161,LOAN_ISSUE,CLOSED
COMP003569,CUST066098,CARD_ISSUE,CLOSED
COMP003570,CUST048883,UPI_ISSUE,OPEN
COMP003571,CUST039085,FRAUD_ALERT,OPEN
COMP003572,CUST010287,LOAN_ISSUE,CLOSED
COMP003573,CUST019807,LOAN_ISSUE,OPEN
COMP003574,CUST005591,CARD_ISSUE,CLOSED
COMP003575,CUST053353,CARD_ISSUE,OPEN
COMP003576,CUST016899,CARD_ISSUE,OPEN
COMP003577,CUST022651,CARD_ISSUE,CLOSED
COMP003578,CUST038143,FRAUD_ALERT,CLOSED
COMP003579,CUST070040,UPI_ISSUE,OPEN
COMP003580,CUST067445,UPI_ISSUE,CLOSED
COMP003581,CUST052052,UPI_ISSUE,OPEN
COMP003582,CUST018811,LOAN_ISSUE,OPEN
COMP003583,CUST090934,LOAN_ISSUE,OPEN
COMP003584,CUST065523,LOAN_ISSUE,OPEN
COMP003585,CUST012014,CARD_ISSUE,CLOSED
COMP003586,CUST072301,CARD_ISSUE,CLOSED
COMP003587,CUST072165,FRAUD_ALERT,CLOSED
COMP003588,CUST003744,LOAN_ISSUE,CLOSED
COMP003589,CUST031022,CARD_ISSUE,CLOSED
COMP003590,CUST075242,FRAUD_ALERT,CLOSED
COMP003591,CUST081715,CARD_ISSUE,OPEN
COMP003592,CUST025555,FRAUD_ALERT,OPEN
COMP003593,CUST099769,FRAUD_ALERT,CLOSED
COMP003594,CUST071850,LOAN_ISSUE,OPEN
COMP003595,CUST052452,CARD_ISSUE,CLOSED
COMP003596,CUST079269,CARD_ISSUE,CLOSED
COMP003597,CUST023416,LOAN_ISSUE,CLOSED
COMP003598,CUST047743,FRAUD_ALERT,OPEN
COMP003599,CUST031241,FRAUD_ALERT,CLOSED
COMP003600,CUST086385,UPI_ISSUE,OPEN
COMP003601,CUST019726,CARD_ISSUE,CLOSED
COMP003602,CUST032711,FRAUD_ALERT,CLOSED
COMP003603,CUST013340,FRAUD_ALERT,OPEN
COMP003604,CUST065869,UPI_ISSUE,OPEN
COMP003605,CUST028201,UPI_ISSUE,OPEN
COMP003606,CUST007045,LOAN_ISSUE,CLOSED
COMP003607,CUST059920,CARD_ISSUE,OPEN
COMP003608,CUST084558,UPI_ISSUE,CLOSED
COMP003609,CUST086899,LOAN_ISSUE,CLOSED
COMP003610,CUST012461,FRAUD_ALERT,OPEN
COMP003611,CUST011943,FRAUD_ALERT,OPEN
COMP003612,CUST049958,UPI_ISSUE,OPEN
COMP003613,CUST087492,FRAUD_ALERT,OPEN
COMP003614,CUST021488,LOAN_ISSUE,OPEN
COMP003615,CUST069354,UPI_ISSUE,CLOSED
COMP003616,CUST057337,CARD_ISSUE,OPEN
COMP003617,CUST043310,LOAN_ISSUE,CLOSED
COMP003618,CUST095692,LOAN_ISSUE,OPEN
COMP003619,CUST031973,CARD_ISSUE,OPEN
COMP003620,CUST019437,UPI_ISSUE,OPEN
COMP003621,CUST083866,FRAUD_ALERT,CLOSED
COMP003622,CUST028313,UPI_ISSUE,CLOSED
COMP003623,CUST073176,CARD_ISSUE,OPEN
COMP003624,CUST039904,UPI_ISSUE,OPEN
COMP003625,CUST091865,FRAUD_ALERT,OPEN
COMP003626,CUST031404,UPI_ISSUE,CLOSED
COMP003627,CUST097735,FRAUD_ALERT,OPEN
COMP003628,CUST013589,CARD_ISSUE,CLOSED
COMP003629,CUST041630,CARD_ISSUE,OPEN
COMP003630,CUST095829,UPI_ISSUE,OPEN
COMP003631,CUST056528,LOAN_ISSUE,OPEN
COMP003632,CUST039680,LOAN_ISSUE,CLOSED
COMP003633,CUST086020,FRAUD_ALERT,OPEN
COMP003634,CUST035022,CARD_ISSUE,OPEN
COMP003635,CUST063617,LOAN_ISSUE,CLOSED
COMP003636,CUST045481,LOAN_ISSUE,OPEN
COMP003637,CUST097763,FRAUD_ALERT,OPEN
COMP003638,CUST023365,UPI_ISSUE,CLOSED
COMP003639,CUST044960,CARD_ISSUE,OPEN
COMP003640,CUST062703,CARD_ISSUE,OPEN
COMP003641,CUST002760,UPI_ISSUE,OPEN
COMP003642,CUST058194,LOAN_ISSUE,OPEN
COMP003643,CUST060294,FRAUD_ALERT,OPEN
COMP003644,CUST014534,UPI_ISSUE,CLOSED
COMP003645,CUST042797,CARD_ISSUE,OPEN
COMP003646,CUST066354,CARD_ISSUE,CLOSED
COMP003647,CUST077894,LOAN_ISSUE,OPEN
COMP003648,CUST002266,UPI_ISSUE,CLOSED
COMP003649,CUST068080,FRAUD_ALERT,OPEN
COMP003650,CUST008230,UPI_ISSUE,OPEN
COMP003651,CUST010454,CARD_ISSUE,OPEN
COMP003652,CUST080676,FRAUD_ALERT,OPEN
COMP003653,CUST056276,FRAUD_ALERT,CLOSED
COMP003654,CUST001290,CARD_ISSUE,CLOSED
COMP003655,CUST028502,FRAUD_ALERT,CLOSED
COMP003656,CUST081666,FRAUD_ALERT,CLOSED
COMP003657,CUST031742,UPI_ISSUE,CLOSED
COMP003658,CUST048927,FRAUD_ALERT,OPEN
COMP003659,CUST076101,UPI_ISSUE,CLOSED
COMP003660,CUST093028,LOAN_ISSUE,CLOSED
COMP003661,CUST004998,UPI_ISSUE,OPEN
COMP003662,CUST055417,CARD_ISSUE,OPEN
COMP003663,CUST070387,FRAUD_ALERT,OPEN
COMP003664,CUST094819,FRAUD_ALERT,CLOSED
COMP003665,CUST082930,UPI_ISSUE,OPEN
COMP003666,CUST078258,LOAN_ISSUE,OPEN
COMP003667,CUST070475,CARD_ISSUE,CLOSED
COMP003668,CUST014677,UPI_ISSUE,CLOSED
COMP003669,CUST090654,FRAUD_ALERT,CLOSED
COMP003670,CUST054550,FRAUD_ALERT,CLOSED
COMP003671,CUST059953,UPI_ISSUE,CLOSED
COMP003672,CUST061724,LOAN_ISSUE,OPEN
COMP003673,CUST083562,CARD_ISSUE,OPEN
COMP003674,CUST043694,LOAN_ISSUE,OPEN
COMP003675,CUST061113,CARD_ISSUE,CLOSED
COMP003676,CUST068321,LOAN_ISSUE,CLOSED
COMP003677,CUST005741,FRAUD_ALERT,CLOSED
COMP003678,CUST005097,UPI_ISSUE,OPEN
COMP003679,CUST038450,CARD_ISSUE,CLOSED
COMP003680,CUST009866,UPI_ISSUE,OPEN
COMP003681,CUST077010,LOAN_ISSUE,OPEN
COMP003682,CUST020483,LOAN_ISSUE,OPEN
COMP003683,CUST078963,CARD_ISSUE,OPEN
COMP003684,CUST013948,UPI_ISSUE,OPEN
COMP003685,CUST064073,UPI_ISSUE,OPEN
COMP003686,CUST011308,UPI_ISSUE,OPEN
COMP003687,CUST035398,CARD_ISSUE,OPEN
COMP003688,CUST081716,LOAN_ISSUE,CLOSED
COMP003689,CUST022865,LOAN_ISSUE,OPEN
COMP003690,CUST039225,CARD_ISSUE,OPEN
COMP003691,CUST026158,FRAUD_ALERT,OPEN
COMP003692,CUST009227,UPI_ISSUE,OPEN
COMP003693,CUST028598,LOAN_ISSUE,CLOSED
COMP003694,CUST081370,UPI_ISSUE,CLOSED
COMP003695,CUST063974,LOAN_ISSUE,CLOSED
COMP003696,CUST028101,CARD_ISSUE,CLOSED
COMP003697,CUST043492,CARD_ISSUE,OPEN
COMP003698,CUST096028,LOAN_ISSUE,CLOSED
COMP003699,CUST093337,CARD_ISSUE,CLOSED
COMP003700,CUST014459,UPI_ISSUE,OPEN
COMP003701,CUST093757,UPI_ISSUE,OPEN
COMP003702,CUST001409,FRAUD_ALERT,CLOSED
COMP003703,CUST081648,CARD_ISSUE,OPEN
COMP003704,CUST038744,UPI_ISSUE,CLOSED
COMP003705,CUST030528,LOAN_ISSUE,CLOSED
COMP003706,CUST016585,LOAN_ISSUE,CLOSED
COMP003707,CUST011879,LOAN_ISSUE,OPEN
COMP003708,CUST076903,LOAN_ISSUE,OPEN
COMP003709,CUST056030,CARD_ISSUE,CLOSED
COMP003710,CUST032434,LOAN_ISSUE,OPEN
COMP003711,CUST086693,LOAN_ISSUE,OPEN
COMP003712,CUST045944,UPI_ISSUE,CLOSED
COMP003713,CUST010583,FRAUD_ALERT,OPEN
COMP003714,CUST067643,CARD_ISSUE,OPEN
COMP003715,CUST055751,CARD_ISSUE,CLOSED
COMP003716,CUST036726,CARD_ISSUE,OPEN
COMP003717,CUST059850,UPI_ISSUE,OPEN
COMP003718,CUST092742,FRAUD_ALERT,CLOSED
COMP003719,CUST083829,LOAN_ISSUE,CLOSED
COMP003720,CUST084449,CARD_ISSUE,CLOSED
COMP003721,CUST005546,CARD_ISSUE,OPEN
COMP003722,CUST008160,UPI_ISSUE,OPEN
COMP003723,CUST061275,UPI_ISSUE,OPEN
COMP003724,CUST099877,FRAUD_ALERT,CLOSED
COMP003725,CUST003256,FRAUD_ALERT,CLOSED
COMP003726,CUST025918,FRAUD_ALERT,OPEN
COMP003727,CUST041970,CARD_ISSUE,OPEN
COMP003728,CUST078746,CARD_ISSUE,CLOSED
COMP003729,CUST079177,UPI_ISSUE,OPEN
COMP003730,CUST065563,CARD_ISSUE,OPEN
COMP003731,CUST056889,CARD_ISSUE,CLOSED
COMP003732,CUST055665,CARD_ISSUE,CLOSED
COMP003733,CUST015562,LOAN_ISSUE,CLOSED
COMP003734,CUST027688,LOAN_ISSUE,OPEN
COMP003735,CUST018384,CARD_ISSUE,CLOSED
COMP003736,CUST079451,CARD_ISSUE,OPEN
COMP003737,CUST076188,CARD_ISSUE,CLOSED
COMP003738,CUST021755,UPI_ISSUE,CLOSED
COMP003739,CUST077308,UPI_ISSUE,OPEN
COMP003740,CUST065004,FRAUD_ALERT,CLOSED
COMP003741,CUST078680,UPI_ISSUE,CLOSED
COMP003742,CUST015901,UPI_ISSUE,CLOSED
COMP003743,CUST014365,UPI_ISSUE,OPEN
COMP003744,CUST006760,LOAN_ISSUE,OPEN
COMP003745,CUST079415,CARD_ISSUE,CLOSED
COMP003746,CUST032718,CARD_ISSUE,OPEN
COMP003747,CUST065089,FRAUD_ALERT,CLOSED
COMP003748,CUST038791,FRAUD_ALERT,CLOSED
COMP003749,CUST035916,LOAN_ISSUE,CLOSED
COMP003750,CUST087267,FRAUD_ALERT,CLOSED
COMP003751,CUST001543,LOAN_ISSUE,OPEN
COMP003752,CUST074835,LOAN_ISSUE,OPEN
COMP003753,CUST087160,UPI_ISSUE,OPEN
COMP003754,CUST008867,CARD_ISSUE,OPEN
COMP003755,CUST056496,UPI_ISSUE,CLOSED
COMP003756,CUST039309,LOAN_ISSUE,OPEN
COMP003757,CUST034656,FRAUD_ALERT,CLOSED
COMP003758,CUST003499,CARD_ISSUE,OPEN
COMP003759,CUST042166,FRAUD_ALERT,CLOSED
COMP003760,CUST074923,FRAUD_ALERT,OPEN
COMP003761,CUST028454,LOAN_ISSUE,CLOSED
COMP003762,CUST077424,LOAN_ISSUE,OPEN
COMP003763,CUST088914,FRAUD_ALERT,CLOSED
COMP003764,CUST065740,CARD_ISSUE,OPEN
COMP003765,CUST041650,FRAUD_ALERT,CLOSED
COMP003766,CUST040615,FRAUD_ALERT,CLOSED
COMP003767,CUST064421,UPI_ISSUE,CLOSED
COMP003768,CUST003693,UPI_ISSUE,CLOSED
COMP003769,CUST065334,UPI_ISSUE,CLOSED
COMP003770,CUST027773,FRAUD_ALERT,CLOSED
COMP003771,CUST076059,LOAN_ISSUE,CLOSED
COMP003772,CUST044284,UPI_ISSUE,CLOSED
COMP003773,CUST084954,UPI_ISSUE,CLOSED
COMP003774,CUST056442,CARD_ISSUE,CLOSED
COMP003775,CUST010786,LOAN_ISSUE,CLOSED
COMP003776,CUST029825,FRAUD_ALERT,OPEN
COMP003777,CUST003766,LOAN_ISSUE,CLOSED
COMP003778,CUST064047,CARD_ISSUE,OPEN
COMP003779,CUST004258,UPI_ISSUE,CLOSED
COMP003780,CUST003459,CARD_ISSUE,CLOSED
COMP003781,CUST060790,UPI_ISSUE,CLOSED
COMP003782,CUST011325,FRAUD_ALERT,CLOSED
COMP003783,CUST035071,LOAN_ISSUE,CLOSED
COMP003784,CUST010562,LOAN_ISSUE,OPEN
COMP003785,CUST070399,CARD_ISSUE,CLOSED
COMP003786,CUST061602,UPI_ISSUE,CLOSED
COMP003787,CUST017905,CARD_ISSUE,CLOSED
COMP003788,CUST044751,CARD_ISSUE,CLOSED
COMP003789,CUST019663,UPI_ISSUE,CLOSED
COMP003790,CUST069316,CARD_ISSUE,OPEN
COMP003791,CUST047632,CARD_ISSUE,OPEN
COMP003792,CUST069856,LOAN_ISSUE,OPEN
COMP003793,CUST044241,CARD_ISSUE,CLOSED
COMP003794,CUST031008,LOAN_ISSUE,OPEN
COMP003795,CUST043856,FRAUD_ALERT,OPEN
COMP003796,CUST067569,FRAUD_ALERT,CLOSED
COMP003797,CUST079815,CARD_ISSUE,CLOSED
COMP003798,CUST058765,CARD_ISSUE,OPEN
COMP003799,CUST043038,UPI_ISSUE,CLOSED
COMP003800,CUST005663,CARD_ISSUE,OPEN
COMP003801,CUST096595,LOAN_ISSUE,OPEN
COMP003802,CUST013950,FRAUD_ALERT,CLOSED
COMP003803,CUST098856,FRAUD_ALERT,CLOSED
COMP003804,CUST080960,UPI_ISSUE,OPEN
COMP003805,CUST078280,UPI_ISSUE,OPEN
COMP003806,CUST071297,FRAUD_ALERT,CLOSED
COMP003807,CUST053947,LOAN_ISSUE,CLOSED
COMP003808,CUST036959,LOAN_ISSUE,OPEN
COMP003809,CUST052837,UPI_ISSUE,OPEN
COMP003810,CUST012254,FRAUD_ALERT,CLOSED
COMP003811,CUST020731,FRAUD_ALERT,CLOSED
COMP003812,CUST034699,LOAN_ISSUE,OPEN
COMP003813,CUST056759,CARD_ISSUE,OPEN
COMP003814,CUST038625,CARD_ISSUE,CLOSED
COMP003815,CUST046193,CARD_ISSUE,CLOSED
COMP003816,CUST011690,LOAN_ISSUE,CLOSED
COMP003817,CUST021469,FRAUD_ALERT,CLOSED
COMP003818,CUST076762,UPI_ISSUE,CLOSED
COMP003819,CUST008057,FRAUD_ALERT,OPEN
COMP003820,CUST061440,LOAN_ISSUE,CLOSED
COMP003821,CUST025857,UPI_ISSUE,CLOSED
COMP003822,CUST037536,FRAUD_ALERT,OPEN
COMP003823,CUST094058,LOAN_ISSUE,CLOSED
COMP003824,CUST048175,CARD_ISSUE,OPEN
COMP003825,CUST098250,FRAUD_ALERT,CLOSED
COMP003826,CUST021828,LOAN_ISSUE,CLOSED
COMP003827,CUST067574,CARD_ISSUE,CLOSED
COMP003828,CUST023801,LOAN_ISSUE,OPEN
COMP003829,CUST067354,UPI_ISSUE,OPEN
COMP003830,CUST010327,CARD_ISSUE,CLOSED
COMP003831,CUST071028,CARD_ISSUE,CLOSED
COMP003832,CUST060932,UPI_ISSUE,CLOSED
COMP003833,CUST028851,UPI_ISSUE,OPEN
COMP003834,CUST096407,LOAN_ISSUE,OPEN
COMP003835,CUST094364,CARD_ISSUE,CLOSED
COMP003836,CUST072486,UPI_ISSUE,CLOSED
COMP003837,CUST007177,CARD_ISSUE,CLOSED
COMP003838,CUST029448,FRAUD_ALERT,CLOSED
COMP003839,CUST063160,FRAUD_ALERT,OPEN
COMP003840,CUST065750,CARD_ISSUE,OPEN
COMP003841,CUST032693,FRAUD_ALERT,CLOSED
COMP003842,CUST048264,LOAN_ISSUE,OPEN
COMP003843,CUST067246,LOAN_ISSUE,CLOSED
COMP003844,CUST090905,UPI_ISSUE,CLOSED
COMP003845,CUST095653,CARD_ISSUE,CLOSED
COMP003846,CUST015799,CARD_ISSUE,CLOSED
COMP003847,CUST036240,LOAN_ISSUE,OPEN
COMP003848,CUST033409,FRAUD_ALERT,OPEN
COMP003849,CUST065283,UPI_ISSUE,OPEN
COMP003850,CUST058689,CARD_ISSUE,OPEN
COMP003851,CUST088487,UPI_ISSUE,OPEN
COMP003852,CUST061739,LOAN_ISSUE,CLOSED
COMP003853,CUST095300,UPI_ISSUE,CLOSED
COMP003854,CUST024984,FRAUD_ALERT,OPEN
COMP003855,CUST074040,LOAN_ISSUE,CLOSED
COMP003856,CUST034315,UPI_ISSUE,CLOSED
COMP003857,CUST003061,UPI_ISSUE,CLOSED
COMP003858,CUST092901,FRAUD_ALERT,CLOSED
COMP003859,CUST000918,FRAUD_ALERT,OPEN
COMP003860,CUST030498,UPI_ISSUE,CLOSED
COMP003861,CUST023696,UPI_ISSUE,OPEN
COMP003862,CUST077143,UPI_ISSUE,CLOSED
COMP003863,CUST088416,FRAUD_ALERT,CLOSED
COMP003864,CUST095185,UPI_ISSUE,CLOSED
COMP003865,CUST000675,CARD_ISSUE,CLOSED
COMP003866,CUST012790,UPI_ISSUE,OPEN
COMP003867,CUST006278,FRAUD_ALERT,CLOSED
COMP003868,CUST070678,UPI_ISSUE,OPEN
COMP003869,CUST063499,UPI_ISSUE,CLOSED
COMP003870,CUST070215,UPI_ISSUE,CLOSED
COMP003871,CUST072142,UPI_ISSUE,OPEN
COMP003872,CUST036703,CARD_ISSUE,CLOSED
COMP003873,CUST022842,LOAN_ISSUE,OPEN
COMP003874,CUST048835,FRAUD_ALERT,CLOSED
COMP003875,CUST013427,FRAUD_ALERT,CLOSED
COMP003876,CUST052572,FRAUD_ALERT,CLOSED
COMP003877,CUST091586,CARD_ISSUE,OPEN
COMP003878,CUST078605,FRAUD_ALERT,CLOSED
COMP003879,CUST056745,CARD_ISSUE,CLOSED
COMP003880,CUST023206,LOAN_ISSUE,OPEN
COMP003881,CUST041668,CARD_ISSUE,CLOSED
COMP003882,CUST034993,LOAN_ISSUE,OPEN
COMP003883,CUST030588,UPI_ISSUE,CLOSED
COMP003884,CUST068616,UPI_ISSUE,CLOSED
COMP003885,CUST090353,UPI_ISSUE,CLOSED
COMP003886,CUST009275,UPI_ISSUE,OPEN
COMP003887,CUST018109,UPI_ISSUE,CLOSED
COMP003888,CUST097002,UPI_ISSUE,OPEN
COMP003889,CUST072405,FRAUD_ALERT,OPEN
COMP003890,CUST020533,UPI_ISSUE,OPEN
COMP003891,CUST056642,UPI_ISSUE,CLOSED
COMP003892,CUST022359,UPI_ISSUE,OPEN
COMP003893,CUST029728,UPI_ISSUE,OPEN
COMP003894,CUST074567,LOAN_ISSUE,OPEN
COMP003895,CUST036054,CARD_ISSUE,OPEN
COMP003896,CUST058300,FRAUD_ALERT,OPEN
COMP003897,CUST037421,CARD_ISSUE,OPEN
COMP003898,CUST001547,UPI_ISSUE,CLOSED
COMP003899,CUST026933,CARD_ISSUE,CLOSED
COMP003900,CUST029935,LOAN_ISSUE,CLOSED
COMP003901,CUST069916,CARD_ISSUE,OPEN
COMP003902,CUST014331,UPI_ISSUE,CLOSED
COMP003903,CUST015709,FRAUD_ALERT,OPEN
COMP003904,CUST089877,LOAN_ISSUE,OPEN
COMP003905,CUST054661,FRAUD_ALERT,CLOSED
COMP003906,CUST060161,LOAN_ISSUE,OPEN
COMP003907,CUST016455,FRAUD_ALERT,CLOSED
COMP003908,CUST039456,FRAUD_ALERT,CLOSED
COMP003909,CUST086157,FRAUD_ALERT,CLOSED
COMP003910,CUST073174,UPI_ISSUE,OPEN
COMP003911,CUST071589,LOAN_ISSUE,OPEN
COMP003912,CUST094728,UPI_ISSUE,CLOSED
COMP003913,CUST081758,FRAUD_ALERT,CLOSED
COMP003914,CUST052967,FRAUD_ALERT,OPEN
COMP003915,CUST042533,LOAN_ISSUE,OPEN
COMP003916,CUST017102,FRAUD_ALERT,CLOSED
COMP003917,CUST033366,UPI_ISSUE,OPEN
COMP003918,CUST052505,LOAN_ISSUE,CLOSED
COMP003919,CUST053221,FRAUD_ALERT,OPEN
COMP003920,CUST092927,UPI_ISSUE,OPEN
COMP003921,CUST077718,UPI_ISSUE,OPEN
COMP003922,CUST037995,CARD_ISSUE,CLOSED
COMP003923,CUST045245,CARD_ISSUE,CLOSED
COMP003924,CUST015005,LOAN_ISSUE,OPEN
COMP003925,CUST049092,LOAN_ISSUE,CLOSED
COMP003926,CUST008178,CARD_ISSUE,OPEN
COMP003927,CUST000997,CARD_ISSUE,CLOSED
COMP003928,CUST021722,FRAUD_ALERT,CLOSED
COMP003929,CUST068303,UPI_ISSUE,CLOSED
COMP003930,CUST004126,UPI_ISSUE,OPEN
COMP003931,CUST027871,LOAN_ISSUE,OPEN
COMP003932,CUST082499,CARD_ISSUE,OPEN
COMP003933,CUST091435,UPI_ISSUE,CLOSED
COMP003934,CUST016115,CARD_ISSUE,OPEN
COMP003935,CUST084285,UPI_ISSUE,CLOSED
COMP003936,CUST005094,LOAN_ISSUE,CLOSED
COMP003937,CUST002127,LOAN_ISSUE,CLOSED
COMP003938,CUST008456,CARD_ISSUE,OPEN
COMP003939,CUST053580,UPI_ISSUE,OPEN
COMP003940,CUST045711,UPI_ISSUE,CLOSED
COMP003941,CUST033796,LOAN_ISSUE,CLOSED
COMP003942,CUST011050,UPI_ISSUE,OPEN
COMP003943,CUST005471,FRAUD_ALERT,CLOSED
COMP003944,CUST021548,UPI_ISSUE,CLOSED
COMP003945,CUST055634,FRAUD_ALERT,OPEN
COMP003946,CUST065271,FRAUD_ALERT,CLOSED
COMP003947,CUST000507,FRAUD_ALERT,OPEN
COMP003948,CUST054466,FRAUD_ALERT,CLOSED
COMP003949,CUST094597,CARD_ISSUE,OPEN
COMP003950,CUST040699,FRAUD_ALERT,OPEN
COMP003951,CUST080029,FRAUD_ALERT,OPEN
COMP003952,CUST073492,UPI_ISSUE,CLOSED
COMP003953,CUST091887,LOAN_ISSUE,OPEN
COMP003954,CUST085062,CARD_ISSUE,CLOSED
COMP003955,CUST068045,CARD_ISSUE,OPEN
COMP003956,CUST013336,UPI_ISSUE,CLOSED
COMP003957,CUST058338,LOAN_ISSUE,CLOSED
COMP003958,CUST045691,LOAN_ISSUE,CLOSED
COMP003959,CUST005757,FRAUD_ALERT,CLOSED
COMP003960,CUST083336,FRAUD_ALERT,OPEN
COMP003961,CUST037268,CARD_ISSUE,CLOSED
COMP003962,CUST002685,UPI_ISSUE,CLOSED
COMP003963,CUST037096,UPI_ISSUE,OPEN
COMP003964,CUST075234,LOAN_ISSUE,CLOSED
COMP003965,CUST041492,UPI_ISSUE,CLOSED
COMP003966,CUST068174,UPI_ISSUE,CLOSED
COMP003967,CUST043765,CARD_ISSUE,CLOSED
COMP003968,CUST042105,LOAN_ISSUE,CLOSED
COMP003969,CUST001081,UPI_ISSUE,OPEN
COMP003970,CUST084274,LOAN_ISSUE,OPEN
COMP003971,CUST012583,UPI_ISSUE,CLOSED
COMP003972,CUST033999,UPI_ISSUE,CLOSED
COMP003973,CUST036522,CARD_ISSUE,OPEN
COMP003974,CUST037288,UPI_ISSUE,CLOSED
COMP003975,CUST063420,FRAUD_ALERT,OPEN
COMP003976,CUST008026,LOAN_ISSUE,CLOSED
COMP003977,CUST046755,FRAUD_ALERT,CLOSED
COMP003978,CUST073095,CARD_ISSUE,OPEN
COMP003979,CUST086292,FRAUD_ALERT,CLOSED
COMP003980,CUST032247,CARD_ISSUE,OPEN
COMP003981,CUST035908,CARD_ISSUE,OPEN
COMP003982,CUST099498,LOAN_ISSUE,OPEN
COMP003983,CUST065977,UPI_ISSUE,CLOSED
COMP003984,CUST011143,FRAUD_ALERT,OPEN
COMP003985,CUST032179,FRAUD_ALERT,OPEN
COMP003986,CUST044267,LOAN_ISSUE,CLOSED
COMP003987,CUST075166,FRAUD_ALERT,OPEN
COMP003988,CUST068859,LOAN_ISSUE,OPEN
COMP003989,CUST066994,CARD_ISSUE,CLOSED
COMP003990,CUST091551,LOAN_ISSUE,OPEN
COMP003991,CUST009240,FRAUD_ALERT,CLOSED
COMP003992,CUST003978,FRAUD_ALERT,OPEN
COMP003993,CUST099555,UPI_ISSUE,OPEN
COMP003994,CUST079840,CARD_ISSUE,OPEN
COMP003995,CUST054843,FRAUD_ALERT,CLOSED
COMP003996,CUST013705,LOAN_ISSUE,OPEN
COMP003997,CUST031890,UPI_ISSUE,CLOSED
COMP003998,CUST065792,CARD_ISSUE,CLOSED
COMP003999,CUST094097,FRAUD_ALERT,CLOSED
COMP004000,CUST013884,LOAN_ISSUE,OPEN
COMP004001,CUST014598,LOAN_ISSUE,OPEN
COMP004002,CUST049306,CARD_ISSUE,CLOSED
COMP004003,CUST094814,FRAUD_ALERT,CLOSED
COMP004004,CUST046500,CARD_ISSUE,CLOSED
COMP004005,CUST035186,FRAUD_ALERT,CLOSED
COMP004006,CUST000271,FRAUD_ALERT,CLOSED
COMP004007,CUST099229,UPI_ISSUE,OPEN
COMP004008,CUST044070,FRAUD_ALERT,OPEN
COMP004009,CUST071209,FRAUD_ALERT,OPEN
COMP004010,CUST054147,FRAUD_ALERT,OPEN
COMP004011,CUST024454,FRAUD_ALERT,OPEN
COMP004012,CUST084786,CARD_ISSUE,CLOSED
COMP004013,CUST014671,LOAN_ISSUE,CLOSED
COMP004014,CUST093675,CARD_ISSUE,OPEN
COMP004015,CUST092883,LOAN_ISSUE,CLOSED
COMP004016,CUST097955,FRAUD_ALERT,CLOSED
COMP004017,CUST076863,UPI_ISSUE,CLOSED
COMP004018,CUST055064,LOAN_ISSUE,OPEN
COMP004019,CUST073881,CARD_ISSUE,CLOSED
COMP004020,CUST040573,LOAN_ISSUE,CLOSED
COMP004021,CUST011043,CARD_ISSUE,OPEN
COMP004022,CUST071713,CARD_ISSUE,OPEN
COMP004023,CUST022523,FRAUD_ALERT,OPEN
COMP004024,CUST078290,CARD_ISSUE,CLOSED
COMP004025,CUST069652,LOAN_ISSUE,OPEN
COMP004026,CUST072214,FRAUD_ALERT,CLOSED
COMP004027,CUST008563,FRAUD_ALERT,OPEN
COMP004028,CUST008271,UPI_ISSUE,CLOSED
COMP004029,CUST059972,LOAN_ISSUE,CLOSED
COMP004030,CUST087577,FRAUD_ALERT,OPEN
COMP004031,CUST019589,FRAUD_ALERT,OPEN
COMP004032,CUST007470,CARD_ISSUE,OPEN
COMP004033,CUST090968,LOAN_ISSUE,OPEN
COMP004034,CUST022819,LOAN_ISSUE,CLOSED
COMP004035,CUST020340,UPI_ISSUE,OPEN
COMP004036,CUST091911,CARD_ISSUE,CLOSED
COMP004037,CUST009013,UPI_ISSUE,OPEN
COMP004038,CUST011580,CARD_ISSUE,CLOSED
COMP004039,CUST038668,CARD_ISSUE,CLOSED
COMP004040,CUST019253,UPI_ISSUE,CLOSED
COMP004041,CUST068652,UPI_ISSUE,CLOSED
COMP004042,CUST051009,LOAN_ISSUE,OPEN
COMP004043,CUST055305,LOAN_ISSUE,CLOSED
COMP004044,CUST011767,FRAUD_ALERT,CLOSED
COMP004045,CUST010822,LOAN_ISSUE,CLOSED
COMP004046,CUST029191,UPI_ISSUE,OPEN
COMP004047,CUST018786,LOAN_ISSUE,OPEN
COMP004048,CUST086944,LOAN_ISSUE,OPEN
COMP004049,CUST059861,FRAUD_ALERT,OPEN
COMP004050,CUST058719,LOAN_ISSUE,CLOSED
COMP004051,CUST028193,UPI_ISSUE,CLOSED
COMP004052,CUST095388,LOAN_ISSUE,OPEN
COMP004053,CUST094123,LOAN_ISSUE,OPEN
COMP004054,CUST038549,CARD_ISSUE,OPEN
COMP004055,CUST065622,LOAN_ISSUE,OPEN
COMP004056,CUST014373,FRAUD_ALERT,OPEN
COMP004057,CUST015413,FRAUD_ALERT,CLOSED
COMP004058,CUST001721,CARD_ISSUE,OPEN
COMP004059,CUST061267,FRAUD_ALERT,OPEN
COMP004060,CUST028255,CARD_ISSUE,OPEN
COMP004061,CUST035687,LOAN_ISSUE,OPEN
COMP004062,CUST051550,UPI_ISSUE,OPEN
COMP004063,CUST040633,CARD_ISSUE,CLOSED
COMP004064,CUST081492,LOAN_ISSUE,CLOSED
COMP004065,CUST071591,CARD_ISSUE,OPEN
COMP004066,CUST070048,UPI_ISSUE,CLOSED
COMP004067,CUST095444,FRAUD_ALERT,OPEN
COMP004068,CUST030033,FRAUD_ALERT,CLOSED
COMP004069,CUST057873,UPI_ISSUE,CLOSED
COMP004070,CUST051345,UPI_ISSUE,OPEN
COMP004071,CUST032175,UPI_ISSUE,OPEN
COMP004072,CUST061971,LOAN_ISSUE,OPEN
COMP004073,CUST066304,CARD_ISSUE,OPEN
COMP004074,CUST057766,LOAN_ISSUE,CLOSED
COMP004075,CUST071161,LOAN_ISSUE,OPEN
COMP004076,CUST053451,LOAN_ISSUE,OPEN
COMP004077,CUST072936,UPI_ISSUE,CLOSED
COMP004078,CUST085492,FRAUD_ALERT,OPEN
COMP004079,CUST030001,FRAUD_ALERT,OPEN
COMP004080,CUST031808,FRAUD_ALERT,OPEN
COMP004081,CUST023019,CARD_ISSUE,CLOSED
COMP004082,CUST023446,LOAN_ISSUE,CLOSED
COMP004083,CUST013305,LOAN_ISSUE,CLOSED
COMP004084,CUST094760,LOAN_ISSUE,OPEN
COMP004085,CUST020675,UPI_ISSUE,OPEN
COMP004086,CUST070936,CARD_ISSUE,OPEN
COMP004087,CUST083795,CARD_ISSUE,OPEN
COMP004088,CUST028779,FRAUD_ALERT,OPEN
COMP004089,CUST050087,FRAUD_ALERT,OPEN
COMP004090,CUST033425,CARD_ISSUE,CLOSED
COMP004091,CUST050940,LOAN_ISSUE,OPEN
COMP004092,CUST096404,FRAUD_ALERT,CLOSED
COMP004093,CUST067907,LOAN_ISSUE,CLOSED
COMP004094,CUST032558,UPI_ISSUE,OPEN
COMP004095,CUST064085,UPI_ISSUE,CLOSED
COMP004096,CUST055643,FRAUD_ALERT,OPEN
COMP004097,CUST065346,FRAUD_ALERT,CLOSED
COMP004098,CUST005948,CARD_ISSUE,CLOSED
COMP004099,CUST056546,UPI_ISSUE,CLOSED
COMP004100,CUST050217,LOAN_ISSUE,CLOSED
COMP004101,CUST050181,CARD_ISSUE,OPEN
COMP004102,CUST011095,CARD_ISSUE,OPEN
COMP004103,CUST075521,LOAN_ISSUE,OPEN
COMP004104,CUST051001,FRAUD_ALERT,OPEN
COMP004105,CUST034426,FRAUD_ALERT,CLOSED
COMP004106,CUST037681,LOAN_ISSUE,CLOSED
COMP004107,CUST050150,FRAUD_ALERT,CLOSED
COMP004108,CUST090744,LOAN_ISSUE,OPEN
COMP004109,CUST062656,FRAUD_ALERT,CLOSED
COMP004110,CUST035274,UPI_ISSUE,OPEN
COMP004111,CUST004244,FRAUD_ALERT,OPEN
COMP004112,CUST067371,UPI_ISSUE,OPEN
COMP004113,CUST087914,UPI_ISSUE,CLOSED
COMP004114,CUST001173,UPI_ISSUE,OPEN
COMP004115,CUST055464,CARD_ISSUE,OPEN
COMP004116,CUST067200,LOAN_ISSUE,OPEN
COMP004117,CUST018104,CARD_ISSUE,CLOSED
COMP004118,CUST063501,FRAUD_ALERT,CLOSED
COMP004119,CUST004152,LOAN_ISSUE,OPEN
COMP004120,CUST075717,FRAUD_ALERT,CLOSED
COMP004121,CUST055848,UPI_ISSUE,CLOSED
COMP004122,CUST001098,FRAUD_ALERT,OPEN
COMP004123,CUST063658,LOAN_ISSUE,OPEN
COMP004124,CUST088141,UPI_ISSUE,CLOSED
COMP004125,CUST094257,FRAUD_ALERT,CLOSED
COMP004126,CUST032412,LOAN_ISSUE,OPEN
COMP004127,CUST092797,UPI_ISSUE,OPEN
COMP004128,CUST065430,LOAN_ISSUE,OPEN
COMP004129,CUST099489,FRAUD_ALERT,OPEN
COMP004130,CUST011500,LOAN_ISSUE,OPEN
COMP004131,CUST065354,CARD_ISSUE,CLOSED
COMP004132,CUST020685,LOAN_ISSUE,CLOSED
COMP004133,CUST028130,LOAN_ISSUE,OPEN
COMP004134,CUST079258,LOAN_ISSUE,CLOSED
COMP004135,CUST023355,LOAN_ISSUE,OPEN
COMP004136,CUST007742,UPI_ISSUE,CLOSED
COMP004137,CUST083315,CARD_ISSUE,OPEN
COMP004138,CUST083023,FRAUD_ALERT,CLOSED
COMP004139,CUST060051,UPI_ISSUE,OPEN
COMP004140,CUST006370,FRAUD_ALERT,OPEN
COMP004141,CUST015160,CARD_ISSUE,CLOSED
COMP004142,CUST068338,LOAN_ISSUE,CLOSED
COMP004143,CUST075534,UPI_ISSUE,OPEN
COMP004144,CUST062265,CARD_ISSUE,OPEN
COMP004145,CUST006698,UPI_ISSUE,CLOSED
COMP004146,CUST014294,LOAN_ISSUE,CLOSED
COMP004147,CUST091257,CARD_ISSUE,OPEN
COMP004148,CUST029336,LOAN_ISSUE,OPEN
COMP004149,CUST000276,FRAUD_ALERT,CLOSED
COMP004150,CUST064970,CARD_ISSUE,CLOSED
COMP004151,CUST078536,CARD_ISSUE,CLOSED
COMP004152,CUST020844,FRAUD_ALERT,CLOSED
COMP004153,CUST073497,CARD_ISSUE,OPEN
COMP004154,CUST030486,UPI_ISSUE,CLOSED
COMP004155,CUST023388,CARD_ISSUE,OPEN
COMP004156,CUST076399,FRAUD_ALERT,OPEN
COMP004157,CUST005282,LOAN_ISSUE,CLOSED
COMP004158,CUST051039,FRAUD_ALERT,OPEN
COMP004159,CUST008442,CARD_ISSUE,CLOSED
COMP004160,CUST024785,CARD_ISSUE,CLOSED
COMP004161,CUST001534,CARD_ISSUE,OPEN
COMP004162,CUST008782,FRAUD_ALERT,CLOSED
COMP004163,CUST002325,LOAN_ISSUE,OPEN
COMP004164,CUST005342,UPI_ISSUE,OPEN
COMP004165,CUST050477,UPI_ISSUE,OPEN
COMP004166,CUST039592,LOAN_ISSUE,OPEN
COMP004167,CUST081129,CARD_ISSUE,OPEN
COMP004168,CUST041961,CARD_ISSUE,CLOSED
COMP004169,CUST053667,LOAN_ISSUE,CLOSED
COMP004170,CUST069540,LOAN_ISSUE,OPEN
COMP004171,CUST075192,CARD_ISSUE,CLOSED
COMP004172,CUST060724,CARD_ISSUE,CLOSED
COMP004173,CUST047091,FRAUD_ALERT,CLOSED
COMP004174,CUST092044,CARD_ISSUE,CLOSED
COMP004175,CUST092845,LOAN_ISSUE,OPEN
COMP004176,CUST069950,CARD_ISSUE,CLOSED
COMP004177,CUST077929,FRAUD_ALERT,OPEN
COMP004178,CUST040496,LOAN_ISSUE,OPEN
COMP004179,CUST091307,FRAUD_ALERT,OPEN
COMP004180,CUST051417,FRAUD_ALERT,CLOSED
COMP004181,CUST050262,CARD_ISSUE,OPEN
COMP004182,CUST001337,LOAN_ISSUE,CLOSED
COMP004183,CUST007478,LOAN_ISSUE,CLOSED
COMP004184,CUST039516,UPI_ISSUE,OPEN
COMP004185,CUST021479,FRAUD_ALERT,CLOSED
COMP004186,CUST091483,UPI_ISSUE,OPEN
COMP004187,CUST081076,FRAUD_ALERT,CLOSED
COMP004188,CUST007515,LOAN_ISSUE,OPEN
COMP004189,CUST041884,FRAUD_ALERT,OPEN
COMP004190,CUST058482,LOAN_ISSUE,OPEN
COMP004191,CUST008054,CARD_ISSUE,CLOSED
COMP004192,CUST095146,LOAN_ISSUE,CLOSED
COMP004193,CUST078941,UPI_ISSUE,OPEN
COMP004194,CUST006777,FRAUD_ALERT,CLOSED
COMP004195,CUST086713,LOAN_ISSUE,OPEN
COMP004196,CUST004758,FRAUD_ALERT,OPEN
COMP004197,CUST088735,FRAUD_ALERT,OPEN
COMP004198,CUST047393,CARD_ISSUE,OPEN
COMP004199,CUST047529,FRAUD_ALERT,OPEN
COMP004200,CUST001698,FRAUD_ALERT,OPEN
COMP004201,CUST033655,CARD_ISSUE,CLOSED
COMP004202,CUST081121,LOAN_ISSUE,CLOSED
COMP004203,CUST005748,CARD_ISSUE,CLOSED
COMP004204,CUST021698,CARD_ISSUE,OPEN
COMP004205,CUST071374,FRAUD_ALERT,OPEN
COMP004206,CUST091940,FRAUD_ALERT,CLOSED
COMP004207,CUST026514,LOAN_ISSUE,CLOSED
COMP004208,CUST082723,CARD_ISSUE,OPEN
COMP004209,CUST047396,UPI_ISSUE,CLOSED
COMP004210,CUST042746,LOAN_ISSUE,OPEN
COMP004211,CUST054374,LOAN_ISSUE,OPEN
COMP004212,CUST065985,FRAUD_ALERT,OPEN
COMP004213,CUST031518,CARD_ISSUE,CLOSED
COMP004214,CUST031076,CARD_ISSUE,OPEN
COMP004215,CUST028894,FRAUD_ALERT,CLOSED
COMP004216,CUST066600,CARD_ISSUE,CLOSED
COMP004217,CUST041814,UPI_ISSUE,CLOSED
COMP004218,CUST054368,UPI_ISSUE,CLOSED
COMP004219,CUST008914,FRAUD_ALERT,CLOSED
COMP004220,CUST054799,UPI_ISSUE,OPEN
COMP004221,CUST065892,FRAUD_ALERT,CLOSED
COMP004222,CUST083878,FRAUD_ALERT,OPEN
COMP004223,CUST046942,LOAN_ISSUE,CLOSED
COMP004224,CUST024787,LOAN_ISSUE,CLOSED
COMP004225,CUST015158,LOAN_ISSUE,CLOSED
COMP004226,CUST005976,FRAUD_ALERT,OPEN
COMP004227,CUST056868,LOAN_ISSUE,CLOSED
COMP004228,CUST083936,UPI_ISSUE,CLOSED
COMP004229,CUST004614,FRAUD_ALERT,CLOSED
COMP004230,CUST063350,CARD_ISSUE,CLOSED
COMP004231,CUST080252,CARD_ISSUE,OPEN
COMP004232,CUST017547,LOAN_ISSUE,CLOSED
COMP004233,CUST036691,CARD_ISSUE,CLOSED
COMP004234,CUST016159,UPI_ISSUE,OPEN
COMP004235,CUST097801,LOAN_ISSUE,OPEN
COMP004236,CUST097448,FRAUD_ALERT,CLOSED
COMP004237,CUST056490,UPI_ISSUE,OPEN
COMP004238,CUST086116,CARD_ISSUE,OPEN
COMP004239,CUST022642,UPI_ISSUE,OPEN
COMP004240,CUST002081,LOAN_ISSUE,CLOSED
COMP004241,CUST052195,LOAN_ISSUE,OPEN
COMP004242,CUST082410,LOAN_ISSUE,OPEN
COMP004243,CUST053730,CARD_ISSUE,OPEN
COMP004244,CUST045167,CARD_ISSUE,OPEN
COMP004245,CUST033729,CARD_ISSUE,OPEN
COMP004246,CUST001886,UPI_ISSUE,OPEN
COMP004247,CUST042708,CARD_ISSUE,OPEN
COMP004248,CUST069183,CARD_ISSUE,CLOSED
COMP004249,CUST062235,FRAUD_ALERT,OPEN
COMP004250,CUST081996,UPI_ISSUE,CLOSED
COMP004251,CUST097676,CARD_ISSUE,CLOSED
COMP004252,CUST046027,UPI_ISSUE,OPEN
COMP004253,CUST093470,LOAN_ISSUE,CLOSED
COMP004254,CUST087511,FRAUD_ALERT,CLOSED
COMP004255,CUST018324,LOAN_ISSUE,CLOSED
COMP004256,CUST057485,UPI_ISSUE,OPEN
COMP004257,CUST066642,LOAN_ISSUE,CLOSED
COMP004258,CUST057032,LOAN_ISSUE,CLOSED
COMP004259,CUST097001,FRAUD_ALERT,OPEN
COMP004260,CUST045879,FRAUD_ALERT,OPEN
COMP004261,CUST016800,FRAUD_ALERT,CLOSED
COMP004262,CUST022598,UPI_ISSUE,CLOSED
COMP004263,CUST017922,FRAUD_ALERT,CLOSED
COMP004264,CUST005003,LOAN_ISSUE,CLOSED
COMP004265,CUST096114,UPI_ISSUE,CLOSED
COMP004266,CUST008882,CARD_ISSUE,CLOSED
COMP004267,CUST062711,FRAUD_ALERT,CLOSED
COMP004268,CUST008380,CARD_ISSUE,CLOSED
COMP004269,CUST080510,UPI_ISSUE,CLOSED
COMP004270,CUST068503,UPI_ISSUE,CLOSED
COMP004271,CUST081214,LOAN_ISSUE,CLOSED
COMP004272,CUST056670,LOAN_ISSUE,OPEN
COMP004273,CUST009525,FRAUD_ALERT,CLOSED
COMP004274,CUST078647,LOAN_ISSUE,OPEN
COMP004275,CUST034936,FRAUD_ALERT,OPEN
COMP004276,CUST046425,FRAUD_ALERT,OPEN
COMP004277,CUST093332,UPI_ISSUE,CLOSED
COMP004278,CUST098317,CARD_ISSUE,CLOSED
COMP004279,CUST064628,FRAUD_ALERT,CLOSED
COMP004280,CUST013409,LOAN_ISSUE,CLOSED
COMP004281,CUST080040,CARD_ISSUE,CLOSED
COMP004282,CUST043133,UPI_ISSUE,OPEN
COMP004283,CUST088397,LOAN_ISSUE,OPEN
COMP004284,CUST027248,FRAUD_ALERT,OPEN
COMP004285,CUST050420,UPI_ISSUE,CLOSED
COMP004286,CUST048293,FRAUD_ALERT,OPEN
COMP004287,CUST010251,UPI_ISSUE,CLOSED
COMP004288,CUST030486,FRAUD_ALERT,OPEN
COMP004289,CUST017157,CARD_ISSUE,CLOSED
COMP004290,CUST031798,CARD_ISSUE,OPEN
COMP004291,CUST014967,UPI_ISSUE,OPEN
COMP004292,CUST058557,UPI_ISSUE,CLOSED
COMP004293,CUST094184,UPI_ISSUE,OPEN
COMP004294,CUST097279,UPI_ISSUE,OPEN
COMP004295,CUST084545,FRAUD_ALERT,CLOSED
COMP004296,CUST029920,CARD_ISSUE,CLOSED
COMP004297,CUST001362,LOAN_ISSUE,OPEN
COMP004298,CUST036196,CARD_ISSUE,CLOSED
COMP004299,CUST055923,LOAN_ISSUE,OPEN
COMP004300,CUST059919,CARD_ISSUE,CLOSED
COMP004301,CUST042188,CARD_ISSUE,CLOSED
COMP004302,CUST026840,CARD_ISSUE,OPEN
COMP004303,CUST025634,UPI_ISSUE,OPEN
COMP004304,CUST073662,LOAN_ISSUE,CLOSED
COMP004305,CUST037364,FRAUD_ALERT,CLOSED
COMP004306,CUST041404,LOAN_ISSUE,CLOSED
COMP004307,CUST062069,CARD_ISSUE,OPEN
COMP004308,CUST039043,FRAUD_ALERT,OPEN
COMP004309,CUST063111,LOAN_ISSUE,OPEN
COMP004310,CUST080072,FRAUD_ALERT,OPEN
COMP004311,CUST023628,UPI_ISSUE,OPEN
COMP004312,CUST016407,UPI_ISSUE,CLOSED
COMP004313,CUST048840,UPI_ISSUE,CLOSED
COMP004314,CUST063432,FRAUD_ALERT,OPEN
COMP004315,CUST093492,UPI_ISSUE,OPEN
COMP004316,CUST007262,LOAN_ISSUE,CLOSED
COMP004317,CUST083069,LOAN_ISSUE,CLOSED
COMP004318,CUST079375,LOAN_ISSUE,CLOSED
COMP004319,CUST041650,UPI_ISSUE,CLOSED
COMP004320,CUST042044,CARD_ISSUE,OPEN
COMP004321,CUST009087,CARD_ISSUE,CLOSED
COMP004322,CUST023380,LOAN_ISSUE,OPEN
COMP004323,CUST026753,UPI_ISSUE,OPEN
COMP004324,CUST064233,CARD_ISSUE,OPEN
COMP004325,CUST096113,UPI_ISSUE,OPEN
COMP004326,CUST044253,CARD_ISSUE,OPEN
COMP004327,CUST061977,UPI_ISSUE,OPEN
COMP004328,CUST061864,LOAN_ISSUE,OPEN
COMP004329,CUST092519,UPI_ISSUE,OPEN
COMP004330,CUST030340,LOAN_ISSUE,CLOSED
COMP004331,CUST043256,LOAN_ISSUE,OPEN
COMP004332,CUST075817,UPI_ISSUE,OPEN
COMP004333,CUST091954,LOAN_ISSUE,CLOSED
COMP004334,CUST081772,FRAUD_ALERT,OPEN
COMP004335,CUST082022,CARD_ISSUE,OPEN
COMP004336,CUST087536,CARD_ISSUE,OPEN
COMP004337,CUST061682,UPI_ISSUE,CLOSED
COMP004338,CUST077590,UPI_ISSUE,CLOSED
COMP004339,CUST066821,LOAN_ISSUE,OPEN
COMP004340,CUST004550,LOAN_ISSUE,CLOSED
COMP004341,CUST050391,LOAN_ISSUE,CLOSED
COMP004342,CUST033944,UPI_ISSUE,CLOSED
COMP004343,CUST013290,LOAN_ISSUE,CLOSED
COMP004344,CUST037269,FRAUD_ALERT,OPEN
COMP004345,CUST068520,CARD_ISSUE,CLOSED
COMP004346,CUST045632,UPI_ISSUE,OPEN
COMP004347,CUST058207,FRAUD_ALERT,CLOSED
COMP004348,CUST061238,FRAUD_ALERT,CLOSED
COMP004349,CUST064505,UPI_ISSUE,OPEN
COMP004350,CUST070631,FRAUD_ALERT,OPEN
COMP004351,CUST098853,CARD_ISSUE,OPEN
COMP004352,CUST075751,FRAUD_ALERT,CLOSED
COMP004353,CUST063498,UPI_ISSUE,CLOSED
COMP004354,CUST035085,CARD_ISSUE,CLOSED
COMP004355,CUST089332,CARD_ISSUE,OPEN
COMP004356,CUST030863,FRAUD_ALERT,CLOSED
COMP004357,CUST073767,CARD_ISSUE,CLOSED
COMP004358,CUST007651,UPI_ISSUE,CLOSED
COMP004359,CUST002022,UPI_ISSUE,OPEN
COMP004360,CUST081412,LOAN_ISSUE,CLOSED
COMP004361,CUST008520,CARD_ISSUE,OPEN
COMP004362,CUST070281,LOAN_ISSUE,CLOSED
COMP004363,CUST064816,LOAN_ISSUE,OPEN
COMP004364,CUST056348,LOAN_ISSUE,CLOSED
COMP004365,CUST088563,UPI_ISSUE,OPEN
COMP004366,CUST083201,FRAUD_ALERT,CLOSED
COMP004367,CUST054386,CARD_ISSUE,OPEN
COMP004368,CUST048590,FRAUD_ALERT,CLOSED
COMP004369,CUST053341,FRAUD_ALERT,CLOSED
COMP004370,CUST040518,CARD_ISSUE,CLOSED
COMP004371,CUST076852,LOAN_ISSUE,CLOSED
COMP004372,CUST081879,FRAUD_ALERT,OPEN
COMP004373,CUST060568,FRAUD_ALERT,OPEN
COMP004374,CUST042945,LOAN_ISSUE,CLOSED
COMP004375,CUST011342,CARD_ISSUE,CLOSED
COMP004376,CUST045640,FRAUD_ALERT,OPEN
COMP004377,CUST062913,UPI_ISSUE,OPEN
COMP004378,CUST063936,UPI_ISSUE,OPEN
COMP004379,CUST077317,LOAN_ISSUE,OPEN
COMP004380,CUST045469,CARD_ISSUE,CLOSED
COMP004381,CUST001745,FRAUD_ALERT,OPEN
COMP004382,CUST089015,LOAN_ISSUE,CLOSED
COMP004383,CUST018630,LOAN_ISSUE,OPEN
COMP004384,CUST056100,FRAUD_ALERT,CLOSED
COMP004385,CUST044767,CARD_ISSUE,OPEN
COMP004386,CUST020778,CARD_ISSUE,CLOSED
COMP004387,CUST074030,UPI_ISSUE,OPEN
COMP004388,CUST063376,LOAN_ISSUE,CLOSED
COMP004389,CUST062268,CARD_ISSUE,OPEN
COMP004390,CUST081894,CARD_ISSUE,OPEN
COMP004391,CUST001933,LOAN_ISSUE,OPEN
COMP004392,CUST073059,UPI_ISSUE,CLOSED
COMP004393,CUST061342,UPI_ISSUE,CLOSED
COMP004394,CUST054384,UPI_ISSUE,CLOSED
COMP004395,CUST056839,LOAN_ISSUE,OPEN
COMP004396,CUST018785,LOAN_ISSUE,CLOSED
COMP004397,CUST072814,UPI_ISSUE,OPEN
COMP004398,CUST097242,FRAUD_ALERT,CLOSED
COMP004399,CUST032647,LOAN_ISSUE,OPEN
COMP004400,CUST089874,LOAN_ISSUE,CLOSED
COMP004401,CUST001188,FRAUD_ALERT,OPEN
COMP004402,CUST090639,UPI_ISSUE,OPEN
COMP004403,CUST008017,CARD_ISSUE,OPEN
COMP004404,CUST092170,UPI_ISSUE,OPEN
COMP004405,CUST087081,LOAN_ISSUE,OPEN
COMP004406,CUST021127,CARD_ISSUE,CLOSED
COMP004407,CUST005971,CARD_ISSUE,OPEN
COMP004408,CUST039287,UPI_ISSUE,OPEN
COMP004409,CUST074449,LOAN_ISSUE,OPEN
COMP004410,CUST084527,LOAN_ISSUE,OPEN
COMP004411,CUST001877,UPI_ISSUE,OPEN
COMP004412,CUST076744,FRAUD_ALERT,CLOSED
COMP004413,CUST018283,UPI_ISSUE,CLOSED
COMP004414,CUST043278,LOAN_ISSUE,OPEN
COMP004415,CUST072686,LOAN_ISSUE,CLOSED
COMP004416,CUST020090,LOAN_ISSUE,CLOSED
COMP004417,CUST010290,LOAN_ISSUE,OPEN
COMP004418,CUST067130,LOAN_ISSUE,OPEN
COMP004419,CUST053781,CARD_ISSUE,CLOSED
COMP004420,CUST026466,CARD_ISSUE,CLOSED
COMP004421,CUST033371,FRAUD_ALERT,OPEN
COMP004422,CUST040853,UPI_ISSUE,OPEN
COMP004423,CUST017092,CARD_ISSUE,CLOSED
COMP004424,CUST053596,FRAUD_ALERT,CLOSED
COMP004425,CUST014442,UPI_ISSUE,OPEN
COMP004426,CUST048855,LOAN_ISSUE,OPEN
COMP004427,CUST049106,CARD_ISSUE,OPEN
COMP004428,CUST053948,FRAUD_ALERT,CLOSED
COMP004429,CUST004893,UPI_ISSUE,CLOSED
COMP004430,CUST063088,UPI_ISSUE,OPEN
COMP004431,CUST047432,FRAUD_ALERT,OPEN
COMP004432,CUST082497,LOAN_ISSUE,OPEN
COMP004433,CUST058710,LOAN_ISSUE,OPEN
COMP004434,CUST080618,LOAN_ISSUE,CLOSED
COMP004435,CUST094040,LOAN_ISSUE,CLOSED
COMP004436,CUST015621,FRAUD_ALERT,CLOSED
COMP004437,CUST032854,CARD_ISSUE,CLOSED
COMP004438,CUST045867,CARD_ISSUE,CLOSED
COMP004439,CUST095836,FRAUD_ALERT,OPEN
COMP004440,CUST068507,FRAUD_ALERT,CLOSED
COMP004441,CUST092321,FRAUD_ALERT,CLOSED
COMP004442,CUST030847,UPI_ISSUE,OPEN
COMP004443,CUST061926,LOAN_ISSUE,CLOSED
COMP004444,CUST096322,FRAUD_ALERT,OPEN
COMP004445,CUST029913,FRAUD_ALERT,OPEN
COMP004446,CUST051723,FRAUD_ALERT,CLOSED
COMP004447,CUST043507,UPI_ISSUE,OPEN
COMP004448,CUST049698,UPI_ISSUE,OPEN
COMP004449,CUST041594,CARD_ISSUE,OPEN
COMP004450,CUST039625,FRAUD_ALERT,OPEN
COMP004451,CUST081946,CARD_ISSUE,OPEN
COMP004452,CUST012895,LOAN_ISSUE,CLOSED
COMP004453,CUST068738,CARD_ISSUE,OPEN
COMP004454,CUST056107,FRAUD_ALERT,CLOSED
COMP004455,CUST030474,CARD_ISSUE,OPEN
COMP004456,CUST039719,UPI_ISSUE,CLOSED
COMP004457,CUST086438,FRAUD_ALERT,OPEN
COMP004458,CUST002230,CARD_ISSUE,OPEN
COMP004459,CUST084300,UPI_ISSUE,CLOSED
COMP004460,CUST044807,CARD_ISSUE,OPEN
COMP004461,CUST022597,UPI_ISSUE,OPEN
COMP004462,CUST043566,FRAUD_ALERT,CLOSED
COMP004463,CUST068401,FRAUD_ALERT,OPEN
COMP004464,CUST027618,LOAN_ISSUE,OPEN
COMP004465,CUST032436,FRAUD_ALERT,CLOSED
COMP004466,CUST009372,FRAUD_ALERT,CLOSED
COMP004467,CUST052415,LOAN_ISSUE,CLOSED
COMP004468,CUST005119,CARD_ISSUE,CLOSED
COMP004469,CUST023672,LOAN_ISSUE,CLOSED
COMP004470,CUST065479,UPI_ISSUE,OPEN
COMP004471,CUST081662,LOAN_ISSUE,OPEN
COMP004472,CUST096499,CARD_ISSUE,CLOSED
COMP004473,CUST011005,CARD_ISSUE,OPEN
COMP004474,CUST046921,LOAN_ISSUE,CLOSED
COMP004475,CUST016762,FRAUD_ALERT,OPEN
COMP004476,CUST068163,UPI_ISSUE,OPEN
COMP004477,CUST026677,LOAN_ISSUE,CLOSED
COMP004478,CUST066078,UPI_ISSUE,OPEN
COMP004479,CUST070411,FRAUD_ALERT,CLOSED
COMP004480,CUST091148,FRAUD_ALERT,CLOSED
COMP004481,CUST030893,CARD_ISSUE,OPEN
COMP004482,CUST061848,FRAUD_ALERT,CLOSED
COMP004483,CUST075004,FRAUD_ALERT,OPEN
COMP004484,CUST046041,FRAUD_ALERT,OPEN
COMP004485,CUST051634,UPI_ISSUE,CLOSED
COMP004486,CUST004000,UPI_ISSUE,OPEN
COMP004487,CUST009072,UPI_ISSUE,OPEN
COMP004488,CUST081152,LOAN_ISSUE,OPEN
COMP004489,CUST047394,FRAUD_ALERT,CLOSED
COMP004490,CUST076106,LOAN_ISSUE,CLOSED
COMP004491,CUST077972,FRAUD_ALERT,CLOSED
COMP004492,CUST028293,UPI_ISSUE,OPEN
COMP004493,CUST046313,LOAN_ISSUE,OPEN
COMP004494,CUST042113,FRAUD_ALERT,OPEN
COMP004495,CUST035719,FRAUD_ALERT,CLOSED
COMP004496,CUST084918,FRAUD_ALERT,CLOSED
COMP004497,CUST037778,CARD_ISSUE,CLOSED
COMP004498,CUST091006,UPI_ISSUE,OPEN
COMP004499,CUST078778,FRAUD_ALERT,OPEN
COMP004500,CUST057263,LOAN_ISSUE,CLOSED
COMP004501,CUST098909,UPI_ISSUE,CLOSED
COMP004502,CUST059660,FRAUD_ALERT,OPEN
COMP004503,CUST042997,FRAUD_ALERT,OPEN
COMP004504,CUST096452,FRAUD_ALERT,OPEN
COMP004505,CUST086815,LOAN_ISSUE,CLOSED
COMP004506,CUST001244,LOAN_ISSUE,OPEN
COMP004507,CUST087613,FRAUD_ALERT,CLOSED
COMP004508,CUST052554,FRAUD_ALERT,CLOSED
COMP004509,CUST098969,LOAN_ISSUE,OPEN
COMP004510,CUST047042,CARD_ISSUE,OPEN
COMP004511,CUST038322,FRAUD_ALERT,CLOSED
COMP004512,CUST096442,FRAUD_ALERT,OPEN
COMP004513,CUST006306,UPI_ISSUE,CLOSED
COMP004514,CUST027674,UPI_ISSUE,CLOSED
COMP004515,CUST084783,UPI_ISSUE,OPEN
COMP004516,CUST003398,UPI_ISSUE,OPEN
COMP004517,CUST007259,UPI_ISSUE,CLOSED
COMP004518,CUST015360,FRAUD_ALERT,CLOSED
COMP004519,CUST031299,CARD_ISSUE,OPEN
COMP004520,CUST020534,CARD_ISSUE,CLOSED
COMP004521,CUST065534,CARD_ISSUE,OPEN
COMP004522,CUST004663,FRAUD_ALERT,CLOSED
COMP004523,CUST011896,CARD_ISSUE,OPEN
COMP004524,CUST064589,CARD_ISSUE,OPEN
COMP004525,CUST033316,UPI_ISSUE,CLOSED
COMP004526,CUST030711,FRAUD_ALERT,CLOSED
COMP004527,CUST094249,FRAUD_ALERT,CLOSED
COMP004528,CUST064691,UPI_ISSUE,OPEN
COMP004529,CUST094447,CARD_ISSUE,CLOSED
COMP004530,CUST017510,FRAUD_ALERT,OPEN
COMP004531,CUST043506,UPI_ISSUE,OPEN
COMP004532,CUST068908,UPI_ISSUE,CLOSED
COMP004533,CUST045827,UPI_ISSUE,CLOSED
COMP004534,CUST052393,FRAUD_ALERT,OPEN
COMP004535,CUST074550,CARD_ISSUE,OPEN
COMP004536,CUST035606,FRAUD_ALERT,OPEN
COMP004537,CUST094038,UPI_ISSUE,CLOSED
COMP004538,CUST098023,UPI_ISSUE,OPEN
COMP004539,CUST071677,FRAUD_ALERT,CLOSED
COMP004540,CUST032562,CARD_ISSUE,OPEN
COMP004541,CUST008624,CARD_ISSUE,OPEN
COMP004542,CUST092431,LOAN_ISSUE,CLOSED
COMP004543,CUST075958,FRAUD_ALERT,OPEN
COMP004544,CUST039840,CARD_ISSUE,CLOSED
COMP004545,CUST006166,UPI_ISSUE,CLOSED
COMP004546,CUST094146,LOAN_ISSUE,CLOSED
COMP004547,CUST003596,LOAN_ISSUE,CLOSED
COMP004548,CUST054508,UPI_ISSUE,OPEN
COMP004549,CUST027879,CARD_ISSUE,CLOSED
COMP004550,CUST017430,CARD_ISSUE,CLOSED
COMP004551,CUST051549,CARD_ISSUE,CLOSED
COMP004552,CUST023026,CARD_ISSUE,CLOSED
COMP004553,CUST015646,FRAUD_ALERT,CLOSED
COMP004554,CUST087618,LOAN_ISSUE,CLOSED
COMP004555,CUST091408,FRAUD_ALERT,OPEN
COMP004556,CUST087818,LOAN_ISSUE,CLOSED
COMP004557,CUST021696,FRAUD_ALERT,OPEN
COMP004558,CUST038435,LOAN_ISSUE,OPEN
COMP004559,CUST065629,FRAUD_ALERT,OPEN
COMP004560,CUST094979,CARD_ISSUE,CLOSED
COMP004561,CUST092772,FRAUD_ALERT,OPEN
COMP004562,CUST046025,UPI_ISSUE,OPEN
COMP004563,CUST036469,LOAN_ISSUE,CLOSED
COMP004564,CUST024939,FRAUD_ALERT,OPEN
COMP004565,CUST030715,LOAN_ISSUE,CLOSED
COMP004566,CUST036891,LOAN_ISSUE,OPEN
COMP004567,CUST019062,CARD_ISSUE,OPEN
COMP004568,CUST047850,CARD_ISSUE,CLOSED
COMP004569,CUST086222,UPI_ISSUE,CLOSED
COMP004570,CUST001979,CARD_ISSUE,CLOSED
COMP004571,CUST091412,CARD_ISSUE,OPEN
COMP004572,CUST018286,FRAUD_ALERT,CLOSED
COMP004573,CUST042612,UPI_ISSUE,CLOSED
COMP004574,CUST005091,FRAUD_ALERT,OPEN
COMP004575,CUST075762,CARD_ISSUE,OPEN
COMP004576,CUST030087,LOAN_ISSUE,OPEN
COMP004577,CUST055234,FRAUD_ALERT,CLOSED
COMP004578,CUST024215,UPI_ISSUE,CLOSED
COMP004579,CUST013576,FRAUD_ALERT,CLOSED
COMP004580,CUST097523,UPI_ISSUE,CLOSED
COMP004581,CUST019839,UPI_ISSUE,OPEN
COMP004582,CUST075409,UPI_ISSUE,OPEN
COMP004583,CUST078585,CARD_ISSUE,OPEN
COMP004584,CUST083268,UPI_ISSUE,CLOSED
COMP004585,CUST033991,CARD_ISSUE,CLOSED
COMP004586,CUST026132,LOAN_ISSUE,OPEN
COMP004587,CUST098640,LOAN_ISSUE,CLOSED
COMP004588,CUST012451,LOAN_ISSUE,CLOSED
COMP004589,CUST029353,FRAUD_ALERT,OPEN
COMP004590,CUST058901,CARD_ISSUE,OPEN
COMP004591,CUST062879,FRAUD_ALERT,OPEN
COMP004592,CUST066351,FRAUD_ALERT,OPEN
COMP004593,CUST013453,FRAUD_ALERT,OPEN
COMP004594,CUST022664,FRAUD_ALERT,CLOSED
COMP004595,CUST086256,FRAUD_ALERT,CLOSED
COMP004596,CUST014328,UPI_ISSUE,OPEN
COMP004597,CUST033119,LOAN_ISSUE,CLOSED
COMP004598,CUST031950,UPI_ISSUE,OPEN
COMP004599,CUST013839,CARD_ISSUE,OPEN
COMP004600,CUST000464,FRAUD_ALERT,OPEN
COMP004601,CUST081985,LOAN_ISSUE,OPEN
COMP004602,CUST022839,CARD_ISSUE,OPEN
COMP004603,CUST081240,CARD_ISSUE,CLOSED
COMP004604,CUST033705,UPI_ISSUE,CLOSED
COMP004605,CUST062279,LOAN_ISSUE,OPEN
COMP004606,CUST088381,LOAN_ISSUE,OPEN
COMP004607,CUST019971,UPI_ISSUE,OPEN
COMP004608,CUST004488,CARD_ISSUE,CLOSED
COMP004609,CUST080387,UPI_ISSUE,CLOSED
COMP004610,CUST067090,LOAN_ISSUE,CLOSED
COMP004611,CUST013535,LOAN_ISSUE,OPEN
COMP004612,CUST079899,FRAUD_ALERT,OPEN
COMP004613,CUST010635,LOAN_ISSUE,OPEN
COMP004614,CUST036236,LOAN_ISSUE,CLOSED
COMP004615,CUST081648,LOAN_ISSUE,CLOSED
COMP004616,CUST059582,UPI_ISSUE,OPEN
COMP004617,CUST013157,UPI_ISSUE,OPEN
COMP004618,CUST050320,UPI_ISSUE,OPEN
COMP004619,CUST086641,CARD_ISSUE,CLOSED
COMP004620,CUST020754,UPI_ISSUE,OPEN
COMP004621,CUST082108,FRAUD_ALERT,CLOSED
COMP004622,CUST072498,CARD_ISSUE,OPEN
COMP004623,CUST086641,CARD_ISSUE,CLOSED
COMP004624,CUST033855,CARD_ISSUE,OPEN
COMP004625,CUST037842,CARD_ISSUE,CLOSED
COMP004626,CUST048719,FRAUD_ALERT,OPEN
COMP004627,CUST061165,FRAUD_ALERT,OPEN
COMP004628,CUST099827,CARD_ISSUE,CLOSED
COMP004629,CUST085175,CARD_ISSUE,OPEN
COMP004630,CUST094793,UPI_ISSUE,CLOSED
COMP004631,CUST082462,UPI_ISSUE,OPEN
COMP004632,CUST069021,LOAN_ISSUE,CLOSED
COMP004633,CUST086325,UPI_ISSUE,OPEN
COMP004634,CUST048625,CARD_ISSUE,OPEN
COMP004635,CUST062531,CARD_ISSUE,CLOSED
COMP004636,CUST069140,UPI_ISSUE,OPEN
COMP004637,CUST029859,LOAN_ISSUE,CLOSED
COMP004638,CUST074102,LOAN_ISSUE,OPEN
COMP004639,CUST051160,UPI_ISSUE,OPEN
COMP004640,CUST092187,UPI_ISSUE,OPEN
COMP004641,CUST090917,FRAUD_ALERT,CLOSED
COMP004642,CUST043210,LOAN_ISSUE,OPEN
COMP004643,CUST083172,UPI_ISSUE,CLOSED
COMP004644,CUST099794,FRAUD_ALERT,OPEN
COMP004645,CUST021880,UPI_ISSUE,CLOSED
COMP004646,CUST020160,FRAUD_ALERT,OPEN
COMP004647,CUST088183,UPI_ISSUE,CLOSED
COMP004648,CUST039081,UPI_ISSUE,CLOSED
COMP004649,CUST061593,LOAN_ISSUE,OPEN
COMP004650,CUST055791,CARD_ISSUE,OPEN
COMP004651,CUST032989,UPI_ISSUE,OPEN
COMP004652,CUST032693,LOAN_ISSUE,CLOSED
COMP004653,CUST025430,FRAUD_ALERT,OPEN
COMP004654,CUST010192,UPI_ISSUE,CLOSED
COMP004655,CUST098297,UPI_ISSUE,CLOSED
COMP004656,CUST066262,UPI_ISSUE,CLOSED
COMP004657,CUST002001,CARD_ISSUE,OPEN
COMP004658,CUST030411,FRAUD_ALERT,OPEN
COMP004659,CUST083542,CARD_ISSUE,OPEN
COMP004660,CUST079893,FRAUD_ALERT,OPEN
COMP004661,CUST099247,UPI_ISSUE,CLOSED
COMP004662,CUST063838,CARD_ISSUE,OPEN
COMP004663,CUST047911,LOAN_ISSUE,CLOSED
COMP004664,CUST044201,CARD_ISSUE,CLOSED
COMP004665,CUST092565,FRAUD_ALERT,CLOSED
COMP004666,CUST045573,FRAUD_ALERT,CLOSED
COMP004667,CUST038463,LOAN_ISSUE,CLOSED
COMP004668,CUST066524,UPI_ISSUE,CLOSED
COMP004669,CUST042084,CARD_ISSUE,CLOSED
COMP004670,CUST053647,UPI_ISSUE,OPEN
COMP004671,CUST091644,UPI_ISSUE,CLOSED
COMP004672,CUST026373,CARD_ISSUE,OPEN
COMP004673,CUST038424,CARD_ISSUE,CLOSED
COMP004674,CUST058887,CARD_ISSUE,OPEN
COMP004675,CUST028209,UPI_ISSUE,CLOSED
COMP004676,CUST026313,FRAUD_ALERT,CLOSED
COMP004677,CUST078487,UPI_ISSUE,CLOSED
COMP004678,CUST032387,CARD_ISSUE,OPEN
COMP004679,CUST072407,CARD_ISSUE,CLOSED
COMP004680,CUST028487,FRAUD_ALERT,OPEN
COMP004681,CUST010022,LOAN_ISSUE,OPEN
COMP004682,CUST027660,LOAN_ISSUE,OPEN
COMP004683,CUST047487,UPI_ISSUE,OPEN
COMP004684,CUST021784,FRAUD_ALERT,OPEN
COMP004685,CUST078056,UPI_ISSUE,OPEN
COMP004686,CUST084883,FRAUD_ALERT,CLOSED
COMP004687,CUST065367,CARD_ISSUE,CLOSED
COMP004688,CUST070765,CARD_ISSUE,OPEN
COMP004689,CUST060452,LOAN_ISSUE,OPEN
COMP004690,CUST073942,FRAUD_ALERT,CLOSED
COMP004691,CUST011491,CARD_ISSUE,CLOSED
COMP004692,CUST004100,UPI_ISSUE,CLOSED
COMP004693,CUST078903,LOAN_ISSUE,OPEN
COMP004694,CUST059139,FRAUD_ALERT,CLOSED
COMP004695,CUST053424,FRAUD_ALERT,CLOSED
COMP004696,CUST030393,LOAN_ISSUE,CLOSED
COMP004697,CUST062767,FRAUD_ALERT,OPEN
COMP004698,CUST033369,UPI_ISSUE,OPEN
COMP004699,CUST031494,UPI_ISSUE,CLOSED
COMP004700,CUST066106,CARD_ISSUE,CLOSED
COMP004701,CUST042427,FRAUD_ALERT,OPEN
COMP004702,CUST038210,UPI_ISSUE,OPEN
COMP004703,CUST099075,FRAUD_ALERT,CLOSED
COMP004704,CUST084163,CARD_ISSUE,OPEN
COMP004705,CUST009151,UPI_ISSUE,OPEN
COMP004706,CUST017070,UPI_ISSUE,CLOSED
COMP004707,CUST012647,LOAN_ISSUE,OPEN
COMP004708,CUST077865,FRAUD_ALERT,OPEN
COMP004709,CUST099832,CARD_ISSUE,CLOSED
COMP004710,CUST050914,FRAUD_ALERT,CLOSED
COMP004711,CUST016713,UPI_ISSUE,OPEN
COMP004712,CUST000367,FRAUD_ALERT,OPEN
COMP004713,CUST026245,UPI_ISSUE,OPEN
COMP004714,CUST006477,CARD_ISSUE,OPEN
COMP004715,CUST087751,LOAN_ISSUE,OPEN
COMP004716,CUST093476,LOAN_ISSUE,CLOSED
COMP004717,CUST001764,LOAN_ISSUE,OPEN
COMP004718,CUST035973,UPI_ISSUE,OPEN
COMP004719,CUST096276,UPI_ISSUE,CLOSED
COMP004720,CUST095016,LOAN_ISSUE,CLOSED
COMP004721,CUST044310,FRAUD_ALERT,CLOSED
COMP004722,CUST061530,CARD_ISSUE,OPEN
COMP004723,CUST094103,CARD_ISSUE,OPEN
COMP004724,CUST001852,LOAN_ISSUE,OPEN
COMP004725,CUST047937,UPI_ISSUE,CLOSED
COMP004726,CUST088207,UPI_ISSUE,CLOSED
COMP004727,CUST042555,CARD_ISSUE,OPEN
COMP004728,CUST071974,FRAUD_ALERT,OPEN
COMP004729,CUST062219,FRAUD_ALERT,OPEN
COMP004730,CUST089887,LOAN_ISSUE,CLOSED
COMP004731,CUST041978,LOAN_ISSUE,OPEN
COMP004732,CUST005890,FRAUD_ALERT,CLOSED
COMP004733,CUST080788,FRAUD_ALERT,CLOSED
COMP004734,CUST089908,LOAN_ISSUE,CLOSED
COMP004735,CUST077338,CARD_ISSUE,CLOSED
COMP004736,CUST082853,FRAUD_ALERT,CLOSED
COMP004737,CUST088023,CARD_ISSUE,OPEN
COMP004738,CUST051355,FRAUD_ALERT,CLOSED
COMP004739,CUST001680,FRAUD_ALERT,OPEN
COMP004740,CUST071410,CARD_ISSUE,CLOSED
COMP004741,CUST047928,CARD_ISSUE,OPEN
COMP004742,CUST056732,UPI_ISSUE,OPEN
COMP004743,CUST009094,CARD_ISSUE,CLOSED
COMP004744,CUST045901,CARD_ISSUE,CLOSED
COMP004745,CUST046726,LOAN_ISSUE,OPEN
COMP004746,CUST085304,CARD_ISSUE,OPEN
COMP004747,CUST077444,FRAUD_ALERT,CLOSED
COMP004748,CUST082299,LOAN_ISSUE,CLOSED
COMP004749,CUST081014,FRAUD_ALERT,CLOSED
COMP004750,CUST054208,CARD_ISSUE,CLOSED
COMP004751,CUST044229,FRAUD_ALERT,OPEN
COMP004752,CUST029748,CARD_ISSUE,CLOSED
COMP004753,CUST000231,UPI_ISSUE,CLOSED
COMP004754,CUST065591,FRAUD_ALERT,CLOSED
COMP004755,CUST061650,FRAUD_ALERT,OPEN
COMP004756,CUST014698,LOAN_ISSUE,CLOSED
COMP004757,CUST029224,CARD_ISSUE,OPEN
COMP004758,CUST033938,FRAUD_ALERT,CLOSED
COMP004759,CUST039706,CARD_ISSUE,CLOSED
COMP004760,CUST067449,CARD_ISSUE,OPEN
COMP004761,CUST062575,FRAUD_ALERT,CLOSED
COMP004762,CUST097120,UPI_ISSUE,OPEN
COMP004763,CUST017117,LOAN_ISSUE,CLOSED
COMP004764,CUST010263,CARD_ISSUE,CLOSED
COMP004765,CUST010441,FRAUD_ALERT,OPEN
COMP004766,CUST051521,FRAUD_ALERT,CLOSED
COMP004767,CUST078743,UPI_ISSUE,OPEN
COMP004768,CUST070087,FRAUD_ALERT,CLOSED
COMP004769,CUST091198,CARD_ISSUE,OPEN
COMP004770,CUST042702,CARD_ISSUE,OPEN
COMP004771,CUST005399,FRAUD_ALERT,OPEN
COMP004772,CUST035580,FRAUD_ALERT,OPEN
COMP004773,CUST011759,LOAN_ISSUE,OPEN
COMP004774,CUST049370,LOAN_ISSUE,OPEN
COMP004775,CUST092817,LOAN_ISSUE,CLOSED
COMP004776,CUST035759,UPI_ISSUE,OPEN
COMP004777,CUST024992,UPI_ISSUE,CLOSED
COMP004778,CUST077721,LOAN_ISSUE,OPEN
COMP004779,CUST019758,LOAN_ISSUE,OPEN
COMP004780,CUST072897,UPI_ISSUE,CLOSED
COMP004781,CUST094284,FRAUD_ALERT,CLOSED
COMP004782,CUST012920,LOAN_ISSUE,CLOSED
COMP004783,CUST077679,FRAUD_ALERT,OPEN
COMP004784,CUST087312,CARD_ISSUE,CLOSED
COMP004785,CUST048486,UPI_ISSUE,CLOSED
COMP004786,CUST079642,UPI_ISSUE,OPEN
COMP004787,CUST099466,FRAUD_ALERT,CLOSED
COMP004788,CUST020011,LOAN_ISSUE,CLOSED
COMP004789,CUST079201,FRAUD_ALERT,OPEN
COMP004790,CUST027918,LOAN_ISSUE,CLOSED
COMP004791,CUST046746,CARD_ISSUE,CLOSED
COMP004792,CUST098469,LOAN_ISSUE,OPEN
COMP004793,CUST027177,CARD_ISSUE,CLOSED
COMP004794,CUST063498,UPI_ISSUE,CLOSED
COMP004795,CUST094560,CARD_ISSUE,OPEN
COMP004796,CUST012227,FRAUD_ALERT,CLOSED
COMP004797,CUST084942,FRAUD_ALERT,CLOSED
COMP004798,CUST051025,CARD_ISSUE,OPEN
COMP004799,CUST045117,FRAUD_ALERT,OPEN
COMP004800,CUST007924,FRAUD_ALERT,OPEN
COMP004801,CUST058322,CARD_ISSUE,CLOSED
COMP004802,CUST034259,CARD_ISSUE,CLOSED
COMP004803,CUST057190,LOAN_ISSUE,OPEN
COMP004804,CUST013334,UPI_ISSUE,CLOSED
COMP004805,CUST055902,LOAN_ISSUE,CLOSED
COMP004806,CUST013217,CARD_ISSUE,OPEN
COMP004807,CUST037692,FRAUD_ALERT,OPEN
COMP004808,CUST048285,LOAN_ISSUE,CLOSED
COMP004809,CUST046678,LOAN_ISSUE,OPEN
COMP004810,CUST041047,FRAUD_ALERT,OPEN
COMP004811,CUST061689,UPI_ISSUE,CLOSED
COMP004812,CUST070698,FRAUD_ALERT,CLOSED
COMP004813,CUST067346,CARD_ISSUE,OPEN
COMP004814,CUST018201,CARD_ISSUE,CLOSED
COMP004815,CUST090673,CARD_ISSUE,OPEN
COMP004816,CUST006950,UPI_ISSUE,CLOSED
COMP004817,CUST065610,UPI_ISSUE,CLOSED
COMP004818,CUST079133,LOAN_ISSUE,OPEN
COMP004819,CUST034015,LOAN_ISSUE,CLOSED
COMP004820,CUST095551,FRAUD_ALERT,CLOSED
COMP004821,CUST004316,CARD_ISSUE,OPEN
COMP004822,CUST071440,UPI_ISSUE,CLOSED
COMP004823,CUST020367,CARD_ISSUE,OPEN
COMP004824,CUST006136,UPI_ISSUE,OPEN
COMP004825,CUST093961,FRAUD_ALERT,CLOSED
COMP004826,CUST043744,UPI_ISSUE,CLOSED
COMP004827,CUST028551,LOAN_ISSUE,CLOSED
COMP004828,CUST018572,UPI_ISSUE,CLOSED
COMP004829,CUST044303,CARD_ISSUE,CLOSED
COMP004830,CUST037107,LOAN_ISSUE,CLOSED
COMP004831,CUST027364,FRAUD_ALERT,CLOSED
COMP004832,CUST047976,FRAUD_ALERT,CLOSED
COMP004833,CUST038991,CARD_ISSUE,CLOSED
COMP004834,CUST082938,LOAN_ISSUE,CLOSED
COMP004835,CUST015909,LOAN_ISSUE,CLOSED
COMP004836,CUST012258,CARD_ISSUE,CLOSED
COMP004837,CUST046624,UPI_ISSUE,CLOSED
COMP004838,CUST083229,CARD_ISSUE,OPEN
COMP004839,CUST013044,CARD_ISSUE,CLOSED
COMP004840,CUST031504,FRAUD_ALERT,CLOSED
COMP004841,CUST064352,FRAUD_ALERT,OPEN
COMP004842,CUST009815,FRAUD_ALERT,CLOSED
COMP004843,CUST049405,LOAN_ISSUE,OPEN
COMP004844,CUST010251,FRAUD_ALERT,OPEN
COMP004845,CUST075975,FRAUD_ALERT,OPEN
COMP004846,CUST015248,UPI_ISSUE,OPEN
COMP004847,CUST007157,CARD_ISSUE,OPEN
COMP004848,CUST074386,CARD_ISSUE,CLOSED
COMP004849,CUST051376,UPI_ISSUE,CLOSED
COMP004850,CUST020260,CARD_ISSUE,CLOSED
COMP004851,CUST037543,FRAUD_ALERT,OPEN
COMP004852,CUST010113,FRAUD_ALERT,CLOSED
COMP004853,CUST011067,FRAUD_ALERT,OPEN
COMP004854,CUST055871,FRAUD_ALERT,OPEN
COMP004855,CUST060058,FRAUD_ALERT,CLOSED
COMP004856,CUST046736,FRAUD_ALERT,CLOSED
COMP004857,CUST059787,FRAUD_ALERT,OPEN
COMP004858,CUST066409,LOAN_ISSUE,OPEN
COMP004859,CUST022956,CARD_ISSUE,CLOSED
COMP004860,CUST019963,CARD_ISSUE,OPEN
COMP004861,CUST049732,FRAUD_ALERT,CLOSED
COMP004862,CUST084817,UPI_ISSUE,CLOSED
COMP004863,CUST086186,FRAUD_ALERT,OPEN
COMP004864,CUST049237,FRAUD_ALERT,OPEN
COMP004865,CUST036057,LOAN_ISSUE,OPEN
COMP004866,CUST002931,CARD_ISSUE,OPEN
COMP004867,CUST026566,LOAN_ISSUE,CLOSED
COMP004868,CUST058452,LOAN_ISSUE,OPEN
COMP004869,CUST094647,FRAUD_ALERT,OPEN
COMP004870,CUST028232,UPI_ISSUE,CLOSED
COMP004871,CUST006070,UPI_ISSUE,CLOSED
COMP004872,CUST098078,FRAUD_ALERT,CLOSED
COMP004873,CUST047216,UPI_ISSUE,CLOSED
COMP004874,CUST089136,FRAUD_ALERT,OPEN
COMP004875,CUST086813,UPI_ISSUE,CLOSED
COMP004876,CUST089129,UPI_ISSUE,OPEN
COMP004877,CUST023586,LOAN_ISSUE,CLOSED
COMP004878,CUST081840,CARD_ISSUE,CLOSED
COMP004879,CUST056930,LOAN_ISSUE,CLOSED
COMP004880,CUST052025,CARD_ISSUE,CLOSED
COMP004881,CUST035294,FRAUD_ALERT,CLOSED
COMP004882,CUST087220,LOAN_ISSUE,CLOSED
COMP004883,CUST053585,FRAUD_ALERT,CLOSED
COMP004884,CUST037952,FRAUD_ALERT,CLOSED
COMP004885,CUST007201,FRAUD_ALERT,OPEN
COMP004886,CUST019072,FRAUD_ALERT,OPEN
COMP004887,CUST004222,UPI_ISSUE,OPEN
COMP004888,CUST014789,FRAUD_ALERT,CLOSED
COMP004889,CUST044903,UPI_ISSUE,CLOSED
COMP004890,CUST068219,FRAUD_ALERT,OPEN
COMP004891,CUST024278,CARD_ISSUE,CLOSED
COMP004892,CUST062325,UPI_ISSUE,OPEN
COMP004893,CUST062579,FRAUD_ALERT,OPEN
COMP004894,CUST036877,LOAN_ISSUE,OPEN
COMP004895,CUST095890,LOAN_ISSUE,OPEN
COMP004896,CUST089831,UPI_ISSUE,OPEN
COMP004897,CUST020513,FRAUD_ALERT,CLOSED
COMP004898,CUST098007,CARD_ISSUE,OPEN
COMP004899,CUST011597,FRAUD_ALERT,CLOSED
COMP004900,CUST056079,UPI_ISSUE,CLOSED
COMP004901,CUST066068,CARD_ISSUE,OPEN
COMP004902,CUST002334,CARD_ISSUE,CLOSED
COMP004903,CUST007602,FRAUD_ALERT,OPEN
COMP004904,CUST087890,FRAUD_ALERT,OPEN
COMP004905,CUST079241,UPI_ISSUE,OPEN
COMP004906,CUST003474,LOAN_ISSUE,CLOSED
COMP004907,CUST083825,CARD_ISSUE,OPEN
COMP004908,CUST018965,LOAN_ISSUE,OPEN
COMP004909,CUST075037,UPI_ISSUE,OPEN
COMP004910,CUST003333,FRAUD_ALERT,OPEN
COMP004911,CUST074262,FRAUD_ALERT,CLOSED
COMP004912,CUST045231,UPI_ISSUE,CLOSED
COMP004913,CUST041164,CARD_ISSUE,CLOSED
COMP004914,CUST002688,CARD_ISSUE,CLOSED
COMP004915,CUST087095,CARD_ISSUE,OPEN
COMP004916,CUST074688,LOAN_ISSUE,OPEN
COMP004917,CUST079718,FRAUD_ALERT,OPEN
COMP004918,CUST042199,FRAUD_ALERT,CLOSED
COMP004919,CUST027738,CARD_ISSUE,CLOSED
COMP004920,CUST030206,UPI_ISSUE,OPEN
COMP004921,CUST090026,LOAN_ISSUE,CLOSED
COMP004922,CUST050606,LOAN_ISSUE,CLOSED
COMP004923,CUST036125,LOAN_ISSUE,CLOSED
COMP004924,CUST099051,CARD_ISSUE,OPEN
COMP004925,CUST079999,UPI_ISSUE,CLOSED
COMP004926,CUST079134,FRAUD_ALERT,OPEN
COMP004927,CUST061413,LOAN_ISSUE,CLOSED
COMP004928,CUST036492,UPI_ISSUE,OPEN
COMP004929,CUST024721,FRAUD_ALERT,OPEN
COMP004930,CUST083205,UPI_ISSUE,OPEN
COMP004931,CUST095749,CARD_ISSUE,CLOSED
COMP004932,CUST061904,LOAN_ISSUE,CLOSED
COMP004933,CUST022359,LOAN_ISSUE,CLOSED
COMP004934,CUST069605,UPI_ISSUE,OPEN
COMP004935,CUST064217,CARD_ISSUE,CLOSED
COMP004936,CUST083300,CARD_ISSUE,OPEN
COMP004937,CUST024400,UPI_ISSUE,OPEN
COMP004938,CUST036232,FRAUD_ALERT,OPEN
COMP004939,CUST021934,LOAN_ISSUE,OPEN
COMP004940,CUST085015,UPI_ISSUE,CLOSED
COMP004941,CUST062730,FRAUD_ALERT,CLOSED
COMP004942,CUST021293,UPI_ISSUE,OPEN
COMP004943,CUST031238,LOAN_ISSUE,OPEN
COMP004944,CUST059295,LOAN_ISSUE,CLOSED
COMP004945,CUST090372,LOAN_ISSUE,OPEN
COMP004946,CUST097776,UPI_ISSUE,OPEN
COMP004947,CUST081612,FRAUD_ALERT,CLOSED
COMP004948,CUST096444,LOAN_ISSUE,OPEN
COMP004949,CUST038438,LOAN_ISSUE,CLOSED
COMP004950,CUST063608,UPI_ISSUE,CLOSED
COMP004951,CUST092666,FRAUD_ALERT,CLOSED
COMP004952,CUST080451,UPI_ISSUE,CLOSED
COMP004953,CUST002828,CARD_ISSUE,CLOSED
COMP004954,CUST083064,FRAUD_ALERT,CLOSED
COMP004955,CUST020242,CARD_ISSUE,CLOSED
COMP004956,CUST079454,FRAUD_ALERT,CLOSED
COMP004957,CUST073308,UPI_ISSUE,CLOSED
COMP004958,CUST038196,CARD_ISSUE,CLOSED
COMP004959,CUST063228,FRAUD_ALERT,CLOSED
COMP004960,CUST018091,UPI_ISSUE,OPEN
COMP004961,CUST009525,UPI_ISSUE,CLOSED
COMP004962,CUST009857,FRAUD_ALERT,CLOSED
COMP004963,CUST056361,LOAN_ISSUE,OPEN
COMP004964,CUST078366,UPI_ISSUE,OPEN
COMP004965,CUST093233,LOAN_ISSUE,CLOSED
COMP004966,CUST022111,CARD_ISSUE,OPEN
COMP004967,CUST019051,FRAUD_ALERT,OPEN
COMP004968,CUST096046,LOAN_ISSUE,CLOSED
COMP004969,CUST051165,FRAUD_ALERT,CLOSED
COMP004970,CUST015420,LOAN_ISSUE,CLOSED
COMP004971,CUST037639,UPI_ISSUE,CLOSED
COMP004972,CUST063518,FRAUD_ALERT,OPEN
COMP004973,CUST008939,LOAN_ISSUE,CLOSED
COMP004974,CUST002574,LOAN_ISSUE,CLOSED
COMP004975,CUST039991,LOAN_ISSUE,CLOSED
COMP004976,CUST001273,CARD_ISSUE,CLOSED
COMP004977,CUST017234,LOAN_ISSUE,OPEN
COMP004978,CUST076327,UPI_ISSUE,CLOSED
COMP004979,CUST048758,UPI_ISSUE,OPEN
COMP004980,CUST007601,LOAN_ISSUE,OPEN
COMP004981,CUST081236,FRAUD_ALERT,OPEN
COMP004982,CUST095967,FRAUD_ALERT,OPEN
COMP004983,CUST051069,CARD_ISSUE,OPEN
COMP004984,CUST010357,CARD_ISSUE,OPEN
COMP004985,CUST031260,FRAUD_ALERT,OPEN
COMP004986,CUST050167,FRAUD_ALERT,OPEN
COMP004987,CUST052375,CARD_ISSUE,OPEN
COMP004988,CUST055795,UPI_ISSUE,OPEN
COMP004989,CUST085234,FRAUD_ALERT,OPEN
COMP004990,CUST079546,FRAUD_ALERT,OPEN
COMP004991,CUST095648,FRAUD_ALERT,CLOSED
COMP004992,CUST061197,LOAN_ISSUE,CLOSED
COMP004993,CUST029360,CARD_ISSUE,OPEN
COMP004994,CUST087844,LOAN_ISSUE,CLOSED
COMP004995,CUST074485,CARD_ISSUE,CLOSED
COMP004996,CUST058279,LOAN_ISSUE,OPEN
COMP004997,CUST035325,CARD_ISSUE,OPEN
COMP004998,CUST014619,LOAN_ISSUE,OPEN
COMP004999,CUST004090,FRAUD_ALERT,OPEN
COMP005000,CUST099538,CARD_ISSUE,CLOSED
COMP005001,CUST018358,LOAN_ISSUE,CLOSED
COMP005002,CUST047272,FRAUD_ALERT,OPEN
COMP005003,CUST093208,LOAN_ISSUE,OPEN
COMP005004,CUST076488,UPI_ISSUE,OPEN
COMP005005,CUST073254,FRAUD_ALERT,CLOSED
COMP005006,CUST087953,CARD_ISSUE,CLOSED
COMP005007,CUST068890,LOAN_ISSUE,OPEN
COMP005008,CUST037839,LOAN_ISSUE,CLOSED
COMP005009,CUST021443,UPI_ISSUE,CLOSED
COMP005010,CUST005193,FRAUD_ALERT,OPEN
COMP005011,CUST095726,CARD_ISSUE,CLOSED
COMP005012,CUST068697,LOAN_ISSUE,CLOSED
COMP005013,CUST008383,LOAN_ISSUE,CLOSED
COMP005014,CUST080424,LOAN_ISSUE,OPEN
COMP005015,CUST075929,CARD_ISSUE,CLOSED
COMP005016,CUST097468,CARD_ISSUE,OPEN
COMP005017,CUST090582,LOAN_ISSUE,OPEN
COMP005018,CUST056549,LOAN_ISSUE,OPEN
COMP005019,CUST051999,LOAN_ISSUE,CLOSED
COMP005020,CUST018069,CARD_ISSUE,CLOSED
COMP005021,CUST091617,FRAUD_ALERT,OPEN
COMP005022,CUST058791,FRAUD_ALERT,OPEN
COMP005023,CUST027770,UPI_ISSUE,CLOSED
COMP005024,CUST049494,FRAUD_ALERT,CLOSED
COMP005025,CUST026091,FRAUD_ALERT,OPEN
COMP005026,CUST005643,CARD_ISSUE,CLOSED
COMP005027,CUST074156,UPI_ISSUE,OPEN
COMP005028,CUST082163,LOAN_ISSUE,CLOSED
COMP005029,CUST027632,UPI_ISSUE,OPEN
COMP005030,CUST031381,CARD_ISSUE,CLOSED
COMP005031,CUST073089,LOAN_ISSUE,CLOSED
COMP005032,CUST030926,FRAUD_ALERT,CLOSED
COMP005033,CUST008451,FRAUD_ALERT,CLOSED
COMP005034,CUST055436,LOAN_ISSUE,OPEN
COMP005035,CUST094503,FRAUD_ALERT,CLOSED
COMP005036,CUST040298,CARD_ISSUE,CLOSED
COMP005037,CUST073086,CARD_ISSUE,CLOSED
COMP005038,CUST037862,LOAN_ISSUE,CLOSED
COMP005039,CUST092569,FRAUD_ALERT,OPEN
COMP005040,CUST071975,FRAUD_ALERT,CLOSED
COMP005041,CUST013940,UPI_ISSUE,CLOSED
COMP005042,CUST079527,UPI_ISSUE,CLOSED
COMP005043,CUST075124,CARD_ISSUE,OPEN
COMP005044,CUST025400,LOAN_ISSUE,OPEN
COMP005045,CUST011294,UPI_ISSUE,CLOSED
COMP005046,CUST004239,LOAN_ISSUE,OPEN
COMP005047,CUST059334,LOAN_ISSUE,CLOSED
COMP005048,CUST092846,UPI_ISSUE,CLOSED
COMP005049,CUST082289,LOAN_ISSUE,OPEN
COMP005050,CUST027059,UPI_ISSUE,CLOSED
COMP005051,CUST019029,LOAN_ISSUE,CLOSED
COMP005052,CUST001974,CARD_ISSUE,CLOSED
COMP005053,CUST085915,UPI_ISSUE,OPEN
COMP005054,CUST008964,UPI_ISSUE,OPEN
COMP005055,CUST033404,UPI_ISSUE,OPEN
COMP005056,CUST025401,FRAUD_ALERT,CLOSED
COMP005057,CUST014899,LOAN_ISSUE,CLOSED
COMP005058,CUST035844,LOAN_ISSUE,CLOSED
COMP005059,CUST035538,LOAN_ISSUE,OPEN
COMP005060,CUST093961,LOAN_ISSUE,OPEN
COMP005061,CUST090083,FRAUD_ALERT,OPEN
COMP005062,CUST091743,FRAUD_ALERT,CLOSED
COMP005063,CUST082174,FRAUD_ALERT,OPEN
COMP005064,CUST016534,LOAN_ISSUE,OPEN
COMP005065,CUST086951,FRAUD_ALERT,OPEN
COMP005066,CUST082609,CARD_ISSUE,CLOSED
COMP005067,CUST040780,UPI_ISSUE,OPEN
COMP005068,CUST084827,CARD_ISSUE,OPEN
COMP005069,CUST092250,CARD_ISSUE,CLOSED
COMP005070,CUST066425,FRAUD_ALERT,OPEN
COMP005071,CUST075288,LOAN_ISSUE,OPEN
COMP005072,CUST048537,FRAUD_ALERT,OPEN
COMP005073,CUST033409,CARD_ISSUE,OPEN
COMP005074,CUST059115,UPI_ISSUE,CLOSED
COMP005075,CUST075088,LOAN_ISSUE,CLOSED
COMP005076,CUST031506,CARD_ISSUE,OPEN
COMP005077,CUST046353,LOAN_ISSUE,OPEN
COMP005078,CUST010282,LOAN_ISSUE,CLOSED
COMP005079,CUST094249,UPI_ISSUE,CLOSED
COMP005080,CUST044835,FRAUD_ALERT,CLOSED
COMP005081,CUST049715,LOAN_ISSUE,CLOSED
COMP005082,CUST008769,FRAUD_ALERT,CLOSED
COMP005083,CUST048065,FRAUD_ALERT,CLOSED
COMP005084,CUST089030,FRAUD_ALERT,CLOSED
COMP005085,CUST004349,UPI_ISSUE,OPEN
COMP005086,CUST017400,FRAUD_ALERT,CLOSED
COMP005087,CUST063405,UPI_ISSUE,OPEN
COMP005088,CUST065808,CARD_ISSUE,OPEN
COMP005089,CUST019433,FRAUD_ALERT,CLOSED
COMP005090,CUST037622,LOAN_ISSUE,CLOSED
COMP005091,CUST033688,FRAUD_ALERT,OPEN
COMP005092,CUST078037,CARD_ISSUE,OPEN
COMP005093,CUST013136,FRAUD_ALERT,OPEN
COMP005094,CUST086350,LOAN_ISSUE,CLOSED
COMP005095,CUST032386,LOAN_ISSUE,OPEN
COMP005096,CUST059017,UPI_ISSUE,OPEN
COMP005097,CUST011761,CARD_ISSUE,OPEN
COMP005098,CUST064765,LOAN_ISSUE,OPEN
COMP005099,CUST059407,UPI_ISSUE,OPEN
COMP005100,CUST067980,UPI_ISSUE,CLOSED
COMP005101,CUST006749,CARD_ISSUE,CLOSED
COMP005102,CUST026832,LOAN_ISSUE,OPEN
COMP005103,CUST039407,CARD_ISSUE,CLOSED
COMP005104,CUST020632,UPI_ISSUE,OPEN
COMP005105,CUST038418,LOAN_ISSUE,OPEN
COMP005106,CUST012083,CARD_ISSUE,CLOSED
COMP005107,CUST004653,CARD_ISSUE,OPEN
COMP005108,CUST039178,LOAN_ISSUE,CLOSED
COMP005109,CUST005535,UPI_ISSUE,OPEN
COMP005110,CUST032522,CARD_ISSUE,OPEN
COMP005111,CUST013290,FRAUD_ALERT,CLOSED
COMP005112,CUST016461,LOAN_ISSUE,OPEN
COMP005113,CUST025045,UPI_ISSUE,CLOSED
COMP005114,CUST094420,CARD_ISSUE,OPEN
COMP005115,CUST064878,UPI_ISSUE,CLOSED
COMP005116,CUST043998,FRAUD_ALERT,CLOSED
COMP005117,CUST033818,UPI_ISSUE,OPEN
COMP005118,CUST098810,LOAN_ISSUE,OPEN
COMP005119,CUST006183,LOAN_ISSUE,OPEN
COMP005120,CUST028406,UPI_ISSUE,OPEN
COMP005121,CUST025408,CARD_ISSUE,OPEN
COMP005122,CUST000639,LOAN_ISSUE,OPEN
COMP005123,CUST090369,CARD_ISSUE,OPEN
COMP005124,CUST003291,FRAUD_ALERT,OPEN
COMP005125,CUST034128,LOAN_ISSUE,CLOSED
COMP005126,CUST020179,FRAUD_ALERT,OPEN
COMP005127,CUST062829,CARD_ISSUE,OPEN
COMP005128,CUST080230,UPI_ISSUE,CLOSED
COMP005129,CUST019537,FRAUD_ALERT,OPEN
COMP005130,CUST022761,CARD_ISSUE,CLOSED
COMP005131,CUST091386,FRAUD_ALERT,OPEN
COMP005132,CUST070982,LOAN_ISSUE,CLOSED
COMP005133,CUST066524,LOAN_ISSUE,OPEN
COMP005134,CUST015336,FRAUD_ALERT,OPEN
COMP005135,CUST008224,UPI_ISSUE,CLOSED
COMP005136,CUST021961,LOAN_ISSUE,CLOSED
COMP005137,CUST090738,CARD_ISSUE,CLOSED
COMP005138,CUST086556,LOAN_ISSUE,OPEN
COMP005139,CUST066217,UPI_ISSUE,OPEN
COMP005140,CUST032756,UPI_ISSUE,CLOSED
COMP005141,CUST026194,CARD_ISSUE,CLOSED
COMP005142,CUST061218,FRAUD_ALERT,OPEN
COMP005143,CUST074140,LOAN_ISSUE,OPEN
COMP005144,CUST058897,UPI_ISSUE,CLOSED
COMP005145,CUST042977,UPI_ISSUE,OPEN
COMP005146,CUST046603,CARD_ISSUE,CLOSED
COMP005147,CUST071317,CARD_ISSUE,OPEN
COMP005148,CUST005145,LOAN_ISSUE,CLOSED
COMP005149,CUST019466,FRAUD_ALERT,OPEN
COMP005150,CUST071961,UPI_ISSUE,CLOSED
COMP005151,CUST060311,FRAUD_ALERT,CLOSED
COMP005152,CUST067133,FRAUD_ALERT,CLOSED
COMP005153,CUST060211,CARD_ISSUE,OPEN
COMP005154,CUST082762,UPI_ISSUE,OPEN
COMP005155,CUST056578,LOAN_ISSUE,OPEN
COMP005156,CUST084730,LOAN_ISSUE,CLOSED
COMP005157,CUST051181,CARD_ISSUE,CLOSED
COMP005158,CUST055742,FRAUD_ALERT,CLOSED
COMP005159,CUST075276,LOAN_ISSUE,CLOSED
COMP005160,CUST073319,LOAN_ISSUE,OPEN
COMP005161,CUST087685,CARD_ISSUE,CLOSED
COMP005162,CUST074384,UPI_ISSUE,CLOSED
COMP005163,CUST072606,FRAUD_ALERT,OPEN
COMP005164,CUST061622,CARD_ISSUE,OPEN
COMP005165,CUST075141,FRAUD_ALERT,CLOSED
COMP005166,CUST062107,UPI_ISSUE,CLOSED
COMP005167,CUST035004,LOAN_ISSUE,OPEN
COMP005168,CUST026335,LOAN_ISSUE,CLOSED
COMP005169,CUST057897,FRAUD_ALERT,CLOSED
COMP005170,CUST099596,LOAN_ISSUE,OPEN
COMP005171,CUST013297,UPI_ISSUE,OPEN
COMP005172,CUST086034,UPI_ISSUE,OPEN
COMP005173,CUST045973,UPI_ISSUE,OPEN
COMP005174,CUST073722,LOAN_ISSUE,CLOSED
COMP005175,CUST062810,FRAUD_ALERT,OPEN
COMP005176,CUST021087,LOAN_ISSUE,OPEN
COMP005177,CUST040093,UPI_ISSUE,CLOSED
COMP005178,CUST012380,CARD_ISSUE,OPEN
COMP005179,CUST055246,CARD_ISSUE,CLOSED
COMP005180,CUST082151,CARD_ISSUE,OPEN
COMP005181,CUST014718,UPI_ISSUE,CLOSED
COMP005182,CUST019019,CARD_ISSUE,OPEN
COMP005183,CUST020424,LOAN_ISSUE,CLOSED
COMP005184,CUST010110,FRAUD_ALERT,OPEN
COMP005185,CUST011336,LOAN_ISSUE,CLOSED
COMP005186,CUST081223,CARD_ISSUE,CLOSED
COMP005187,CUST069471,FRAUD_ALERT,CLOSED
COMP005188,CUST099179,FRAUD_ALERT,OPEN
COMP005189,CUST094689,CARD_ISSUE,CLOSED
COMP005190,CUST095133,CARD_ISSUE,CLOSED
COMP005191,CUST012235,UPI_ISSUE,OPEN
COMP005192,CUST009180,LOAN_ISSUE,OPEN
COMP005193,CUST028981,FRAUD_ALERT,CLOSED
COMP005194,CUST077038,LOAN_ISSUE,OPEN
COMP005195,CUST001362,CARD_ISSUE,OPEN
COMP005196,CUST095341,LOAN_ISSUE,CLOSED
COMP005197,CUST041706,CARD_ISSUE,CLOSED
COMP005198,CUST092955,CARD_ISSUE,OPEN
COMP005199,CUST086652,UPI_ISSUE,OPEN
COMP005200,CUST058938,FRAUD_ALERT,OPEN
COMP005201,CUST003965,FRAUD_ALERT,OPEN
COMP005202,CUST085952,FRAUD_ALERT,OPEN
COMP005203,CUST022334,CARD_ISSUE,CLOSED
COMP005204,CUST032697,LOAN_ISSUE,OPEN
COMP005205,CUST093663,FRAUD_ALERT,OPEN
COMP005206,CUST096565,UPI_ISSUE,CLOSED
COMP005207,CUST012022,UPI_ISSUE,CLOSED
COMP005208,CUST045614,LOAN_ISSUE,OPEN
COMP005209,CUST052719,LOAN_ISSUE,CLOSED
COMP005210,CUST088509,LOAN_ISSUE,OPEN
COMP005211,CUST005376,UPI_ISSUE,CLOSED
COMP005212,CUST064142,CARD_ISSUE,OPEN
COMP005213,CUST051700,LOAN_ISSUE,OPEN
COMP005214,CUST076321,LOAN_ISSUE,OPEN
COMP005215,CUST011615,FRAUD_ALERT,CLOSED
COMP005216,CUST026901,CARD_ISSUE,OPEN
COMP005217,CUST073383,LOAN_ISSUE,CLOSED
COMP005218,CUST067418,CARD_ISSUE,OPEN
COMP005219,CUST093920,UPI_ISSUE,OPEN
COMP005220,CUST066796,LOAN_ISSUE,OPEN
COMP005221,CUST045058,LOAN_ISSUE,OPEN
COMP005222,CUST021310,CARD_ISSUE,OPEN
COMP005223,CUST089727,LOAN_ISSUE,CLOSED
COMP005224,CUST009039,UPI_ISSUE,OPEN
COMP005225,CUST016325,FRAUD_ALERT,CLOSED
COMP005226,CUST012539,FRAUD_ALERT,CLOSED
COMP005227,CUST059910,UPI_ISSUE,CLOSED
COMP005228,CUST019186,FRAUD_ALERT,OPEN
COMP005229,CUST073463,CARD_ISSUE,OPEN
COMP005230,CUST061212,CARD_ISSUE,CLOSED
COMP005231,CUST003678,CARD_ISSUE,OPEN
COMP005232,CUST007139,UPI_ISSUE,OPEN
COMP005233,CUST009643,CARD_ISSUE,CLOSED
COMP005234,CUST043944,UPI_ISSUE,OPEN
COMP005235,CUST033309,UPI_ISSUE,CLOSED
COMP005236,CUST061470,LOAN_ISSUE,CLOSED
COMP005237,CUST072792,LOAN_ISSUE,OPEN
COMP005238,CUST095837,LOAN_ISSUE,OPEN
COMP005239,CUST098934,CARD_ISSUE,OPEN
COMP005240,CUST071849,CARD_ISSUE,OPEN
COMP005241,CUST095286,FRAUD_ALERT,OPEN
COMP005242,CUST038106,LOAN_ISSUE,OPEN
COMP005243,CUST078433,FRAUD_ALERT,CLOSED
COMP005244,CUST039769,CARD_ISSUE,CLOSED
COMP005245,CUST011866,FRAUD_ALERT,OPEN
COMP005246,CUST095476,UPI_ISSUE,CLOSED
COMP005247,CUST050174,UPI_ISSUE,OPEN
COMP005248,CUST083425,UPI_ISSUE,OPEN
COMP005249,CUST036906,CARD_ISSUE,CLOSED
COMP005250,CUST047071,CARD_ISSUE,CLOSED
COMP005251,CUST079624,LOAN_ISSUE,CLOSED
COMP005252,CUST046180,LOAN_ISSUE,CLOSED
COMP005253,CUST027174,FRAUD_ALERT,CLOSED
COMP005254,CUST018948,CARD_ISSUE,OPEN
COMP005255,CUST065559,FRAUD_ALERT,OPEN
COMP005256,CUST071346,CARD_ISSUE,CLOSED
COMP005257,CUST079756,CARD_ISSUE,CLOSED
COMP005258,CUST008865,FRAUD_ALERT,CLOSED
COMP005259,CUST077167,UPI_ISSUE,OPEN
COMP005260,CUST032004,UPI_ISSUE,OPEN
COMP005261,CUST094012,UPI_ISSUE,CLOSED
COMP005262,CUST027759,FRAUD_ALERT,OPEN
COMP005263,CUST016681,UPI_ISSUE,OPEN
COMP005264,CUST086714,CARD_ISSUE,CLOSED
COMP005265,CUST060465,LOAN_ISSUE,CLOSED
COMP005266,CUST091201,LOAN_ISSUE,OPEN
COMP005267,CUST041023,FRAUD_ALERT,OPEN
COMP005268,CUST026260,CARD_ISSUE,CLOSED
COMP005269,CUST023788,CARD_ISSUE,OPEN
COMP005270,CUST094674,UPI_ISSUE,OPEN
COMP005271,CUST086862,LOAN_ISSUE,OPEN
COMP005272,CUST028771,CARD_ISSUE,CLOSED
COMP005273,CUST037262,FRAUD_ALERT,OPEN
COMP005274,CUST085490,LOAN_ISSUE,CLOSED
COMP005275,CUST023825,CARD_ISSUE,OPEN
COMP005276,CUST013762,FRAUD_ALERT,CLOSED
COMP005277,CUST098561,UPI_ISSUE,OPEN
COMP005278,CUST010649,UPI_ISSUE,OPEN
COMP005279,CUST097096,CARD_ISSUE,CLOSED
COMP005280,CUST006756,CARD_ISSUE,OPEN
COMP005281,CUST002828,UPI_ISSUE,CLOSED
COMP005282,CUST091853,UPI_ISSUE,OPEN
COMP005283,CUST079740,FRAUD_ALERT,CLOSED
COMP005284,CUST080591,FRAUD_ALERT,OPEN
COMP005285,CUST093734,LOAN_ISSUE,CLOSED
COMP005286,CUST057952,UPI_ISSUE,CLOSED
COMP005287,CUST008862,LOAN_ISSUE,OPEN
COMP005288,CUST051390,CARD_ISSUE,CLOSED
COMP005289,CUST046526,CARD_ISSUE,CLOSED
COMP005290,CUST031576,CARD_ISSUE,OPEN
COMP005291,CUST070140,LOAN_ISSUE,CLOSED
COMP005292,CUST095880,LOAN_ISSUE,OPEN
COMP005293,CUST049165,UPI_ISSUE,CLOSED
COMP005294,CUST090310,LOAN_ISSUE,CLOSED
COMP005295,CUST099797,UPI_ISSUE,OPEN
COMP005296,CUST055322,LOAN_ISSUE,CLOSED
COMP005297,CUST085819,CARD_ISSUE,OPEN
COMP005298,CUST027256,UPI_ISSUE,OPEN
COMP005299,CUST055202,FRAUD_ALERT,OPEN
COMP005300,CUST020021,UPI_ISSUE,CLOSED
COMP005301,CUST015256,CARD_ISSUE,CLOSED
COMP005302,CUST083986,CARD_ISSUE,CLOSED
COMP005303,CUST025981,LOAN_ISSUE,CLOSED
COMP005304,CUST069889,LOAN_ISSUE,CLOSED
COMP005305,CUST015692,LOAN_ISSUE,OPEN
COMP005306,CUST089833,LOAN_ISSUE,CLOSED
COMP005307,CUST083953,LOAN_ISSUE,OPEN
COMP005308,CUST094866,CARD_ISSUE,OPEN
COMP005309,CUST068801,LOAN_ISSUE,OPEN
COMP005310,CUST028964,FRAUD_ALERT,OPEN
COMP005311,CUST067264,FRAUD_ALERT,CLOSED
COMP005312,CUST097195,LOAN_ISSUE,OPEN
COMP005313,CUST062556,LOAN_ISSUE,CLOSED
COMP005314,CUST012802,FRAUD_ALERT,CLOSED
COMP005315,CUST028116,LOAN_ISSUE,OPEN
COMP005316,CUST051115,LOAN_ISSUE,OPEN
COMP005317,CUST025311,UPI_ISSUE,OPEN
COMP005318,CUST097413,LOAN_ISSUE,OPEN
COMP005319,CUST034573,CARD_ISSUE,OPEN
COMP005320,CUST035694,FRAUD_ALERT,OPEN
COMP005321,CUST072793,UPI_ISSUE,OPEN
COMP005322,CUST014016,UPI_ISSUE,CLOSED
COMP005323,CUST017390,UPI_ISSUE,OPEN
COMP005324,CUST065622,FRAUD_ALERT,CLOSED
COMP005325,CUST056239,CARD_ISSUE,CLOSED
COMP005326,CUST063591,CARD_ISSUE,CLOSED
COMP005327,CUST075189,CARD_ISSUE,CLOSED
COMP005328,CUST016817,LOAN_ISSUE,OPEN
COMP005329,CUST064941,UPI_ISSUE,CLOSED
COMP005330,CUST097439,CARD_ISSUE,OPEN
COMP005331,CUST097894,UPI_ISSUE,OPEN
COMP005332,CUST006251,LOAN_ISSUE,OPEN
COMP005333,CUST065228,UPI_ISSUE,CLOSED
COMP005334,CUST041124,LOAN_ISSUE,OPEN
COMP005335,CUST084705,CARD_ISSUE,OPEN
COMP005336,CUST087882,CARD_ISSUE,OPEN
COMP005337,CUST053150,UPI_ISSUE,CLOSED
COMP005338,CUST021764,UPI_ISSUE,CLOSED
COMP005339,CUST059366,UPI_ISSUE,CLOSED
COMP005340,CUST067462,UPI_ISSUE,CLOSED
COMP005341,CUST096547,LOAN_ISSUE,OPEN
COMP005342,CUST047674,CARD_ISSUE,OPEN
COMP005343,CUST087843,FRAUD_ALERT,CLOSED
COMP005344,CUST040965,UPI_ISSUE,CLOSED
COMP005345,CUST081004,CARD_ISSUE,OPEN
COMP005346,CUST039456,UPI_ISSUE,OPEN
COMP005347,CUST089774,FRAUD_ALERT,OPEN
COMP005348,CUST060063,CARD_ISSUE,OPEN
COMP005349,CUST001927,FRAUD_ALERT,OPEN
COMP005350,CUST040108,LOAN_ISSUE,CLOSED
COMP005351,CUST061602,FRAUD_ALERT,CLOSED
COMP005352,CUST032361,FRAUD_ALERT,CLOSED
COMP005353,CUST065578,LOAN_ISSUE,CLOSED
COMP005354,CUST095879,FRAUD_ALERT,CLOSED
COMP005355,CUST073336,FRAUD_ALERT,CLOSED
COMP005356,CUST027571,UPI_ISSUE,CLOSED
COMP005357,CUST021880,CARD_ISSUE,OPEN
COMP005358,CUST034980,UPI_ISSUE,OPEN
COMP005359,CUST029898,LOAN_ISSUE,CLOSED
COMP005360,CUST060190,LOAN_ISSUE,CLOSED
COMP005361,CUST002107,UPI_ISSUE,OPEN
COMP005362,CUST001805,LOAN_ISSUE,CLOSED
COMP005363,CUST078985,UPI_ISSUE,OPEN
COMP005364,CUST012798,FRAUD_ALERT,OPEN
COMP005365,CUST094778,UPI_ISSUE,OPEN
COMP005366,CUST057415,CARD_ISSUE,OPEN
COMP005367,CUST004909,UPI_ISSUE,OPEN
COMP005368,CUST073468,CARD_ISSUE,OPEN
COMP005369,CUST082181,CARD_ISSUE,CLOSED
COMP005370,CUST091314,UPI_ISSUE,OPEN
COMP005371,CUST043063,LOAN_ISSUE,CLOSED
COMP005372,CUST017446,UPI_ISSUE,OPEN
COMP005373,CUST021777,FRAUD_ALERT,CLOSED
COMP005374,CUST093405,UPI_ISSUE,OPEN
COMP005375,CUST069612,FRAUD_ALERT,OPEN
COMP005376,CUST076685,CARD_ISSUE,OPEN
COMP005377,CUST074625,LOAN_ISSUE,OPEN
COMP005378,CUST030924,UPI_ISSUE,OPEN
COMP005379,CUST091094,LOAN_ISSUE,OPEN
COMP005380,CUST035743,FRAUD_ALERT,CLOSED
COMP005381,CUST094608,FRAUD_ALERT,OPEN
COMP005382,CUST013605,FRAUD_ALERT,OPEN
COMP005383,CUST047523,LOAN_ISSUE,CLOSED
COMP005384,CUST095419,CARD_ISSUE,OPEN
COMP005385,CUST037622,CARD_ISSUE,CLOSED
COMP005386,CUST018286,FRAUD_ALERT,OPEN
COMP005387,CUST078448,LOAN_ISSUE,CLOSED
COMP005388,CUST082774,FRAUD_ALERT,OPEN
COMP005389,CUST082204,UPI_ISSUE,CLOSED
COMP005390,CUST057268,LOAN_ISSUE,OPEN
COMP005391,CUST003951,LOAN_ISSUE,CLOSED
COMP005392,CUST037964,UPI_ISSUE,CLOSED
COMP005393,CUST092515,LOAN_ISSUE,CLOSED
COMP005394,CUST005816,FRAUD_ALERT,OPEN
COMP005395,CUST074737,UPI_ISSUE,CLOSED
COMP005396,CUST088833,FRAUD_ALERT,OPEN
COMP005397,CUST065485,CARD_ISSUE,CLOSED
COMP005398,CUST023205,FRAUD_ALERT,CLOSED
COMP005399,CUST018138,CARD_ISSUE,OPEN
COMP005400,CUST049868,UPI_ISSUE,CLOSED
COMP005401,CUST080198,UPI_ISSUE,CLOSED
COMP005402,CUST045948,CARD_ISSUE,OPEN
COMP005403,CUST001015,LOAN_ISSUE,OPEN
COMP005404,CUST017969,LOAN_ISSUE,OPEN
COMP005405,CUST067804,FRAUD_ALERT,CLOSED
COMP005406,CUST013872,UPI_ISSUE,OPEN
COMP005407,CUST026500,CARD_ISSUE,CLOSED
COMP005408,CUST064802,LOAN_ISSUE,CLOSED
COMP005409,CUST048460,CARD_ISSUE,OPEN
COMP005410,CUST064325,UPI_ISSUE,OPEN
COMP005411,CUST003575,LOAN_ISSUE,CLOSED
COMP005412,CUST002506,UPI_ISSUE,OPEN
COMP005413,CUST081259,CARD_ISSUE,OPEN
COMP005414,CUST027396,CARD_ISSUE,OPEN
COMP005415,CUST060415,UPI_ISSUE,CLOSED
COMP005416,CUST081721,CARD_ISSUE,OPEN
COMP005417,CUST030501,FRAUD_ALERT,OPEN
COMP005418,CUST029176,FRAUD_ALERT,OPEN
COMP005419,CUST081463,UPI_ISSUE,CLOSED
COMP005420,CUST066740,CARD_ISSUE,CLOSED
COMP005421,CUST025542,LOAN_ISSUE,OPEN
COMP005422,CUST018844,UPI_ISSUE,CLOSED
COMP005423,CUST022313,FRAUD_ALERT,CLOSED
COMP005424,CUST068434,UPI_ISSUE,OPEN
COMP005425,CUST006432,UPI_ISSUE,OPEN
COMP005426,CUST003923,LOAN_ISSUE,OPEN
COMP005427,CUST014322,UPI_ISSUE,CLOSED
COMP005428,CUST098678,FRAUD_ALERT,CLOSED
COMP005429,CUST025666,CARD_ISSUE,CLOSED
COMP005430,CUST039250,UPI_ISSUE,CLOSED
COMP005431,CUST084017,UPI_ISSUE,CLOSED
COMP005432,CUST039270,LOAN_ISSUE,OPEN
COMP005433,CUST057010,UPI_ISSUE,OPEN
COMP005434,CUST058710,FRAUD_ALERT,OPEN
COMP005435,CUST045766,CARD_ISSUE,CLOSED
COMP005436,CUST080566,FRAUD_ALERT,OPEN
COMP005437,CUST013147,FRAUD_ALERT,CLOSED
COMP005438,CUST096029,LOAN_ISSUE,OPEN
COMP005439,CUST053251,CARD_ISSUE,CLOSED
COMP005440,CUST072616,CARD_ISSUE,CLOSED
COMP005441,CUST061178,FRAUD_ALERT,CLOSED
COMP005442,CUST091031,UPI_ISSUE,CLOSED
COMP005443,CUST028397,UPI_ISSUE,OPEN
COMP005444,CUST053229,CARD_ISSUE,CLOSED
COMP005445,CUST085877,UPI_ISSUE,CLOSED
COMP005446,CUST066823,UPI_ISSUE,CLOSED
COMP005447,CUST012135,CARD_ISSUE,CLOSED
COMP005448,CUST039789,LOAN_ISSUE,OPEN
COMP005449,CUST045305,FRAUD_ALERT,OPEN
COMP005450,CUST090996,LOAN_ISSUE,OPEN
COMP005451,CUST001087,CARD_ISSUE,CLOSED
COMP005452,CUST058227,FRAUD_ALERT,CLOSED
COMP005453,CUST028873,LOAN_ISSUE,CLOSED
COMP005454,CUST095785,UPI_ISSUE,CLOSED
COMP005455,CUST041593,LOAN_ISSUE,OPEN
COMP005456,CUST031149,CARD_ISSUE,OPEN
COMP005457,CUST052166,LOAN_ISSUE,OPEN
COMP005458,CUST088084,FRAUD_ALERT,OPEN
COMP005459,CUST059270,LOAN_ISSUE,CLOSED
COMP005460,CUST081359,CARD_ISSUE,OPEN
COMP005461,CUST032739,FRAUD_ALERT,OPEN
COMP005462,CUST049580,LOAN_ISSUE,OPEN
COMP005463,CUST074315,UPI_ISSUE,CLOSED
COMP005464,CUST040118,UPI_ISSUE,CLOSED
COMP005465,CUST034181,UPI_ISSUE,OPEN
COMP005466,CUST057968,CARD_ISSUE,OPEN
COMP005467,CUST055160,FRAUD_ALERT,CLOSED
COMP005468,CUST049884,LOAN_ISSUE,CLOSED
COMP005469,CUST068721,FRAUD_ALERT,OPEN
COMP005470,CUST098968,CARD_ISSUE,CLOSED
COMP005471,CUST061870,UPI_ISSUE,CLOSED
COMP005472,CUST089877,CARD_ISSUE,CLOSED
COMP005473,CUST047970,UPI_ISSUE,CLOSED
COMP005474,CUST055338,CARD_ISSUE,CLOSED
COMP005475,CUST031866,FRAUD_ALERT,OPEN
COMP005476,CUST053917,LOAN_ISSUE,CLOSED
COMP005477,CUST020534,LOAN_ISSUE,OPEN
COMP005478,CUST025002,FRAUD_ALERT,CLOSED
COMP005479,CUST096407,UPI_ISSUE,CLOSED
COMP005480,CUST023063,CARD_ISSUE,CLOSED
COMP005481,CUST010197,UPI_ISSUE,CLOSED
COMP005482,CUST032391,LOAN_ISSUE,OPEN
COMP005483,CUST019880,UPI_ISSUE,CLOSED
COMP005484,CUST023106,UPI_ISSUE,OPEN
COMP005485,CUST085463,CARD_ISSUE,OPEN
COMP005486,CUST037851,CARD_ISSUE,CLOSED
COMP005487,CUST037200,FRAUD_ALERT,CLOSED
COMP005488,CUST066262,FRAUD_ALERT,CLOSED
COMP005489,CUST070819,LOAN_ISSUE,OPEN
COMP005490,CUST015183,UPI_ISSUE,CLOSED
COMP005491,CUST034235,LOAN_ISSUE,OPEN
COMP005492,CUST021134,LOAN_ISSUE,CLOSED
COMP005493,CUST053501,UPI_ISSUE,CLOSED
COMP005494,CUST052955,CARD_ISSUE,OPEN
COMP005495,CUST077157,LOAN_ISSUE,OPEN
COMP005496,CUST017285,UPI_ISSUE,CLOSED
COMP005497,CUST075419,LOAN_ISSUE,CLOSED
COMP005498,CUST037056,UPI_ISSUE,CLOSED
COMP005499,CUST069261,CARD_ISSUE,OPEN
COMP005500,CUST045364,FRAUD_ALERT,OPEN
COMP005501,CUST001953,CARD_ISSUE,CLOSED
COMP005502,CUST047279,UPI_ISSUE,OPEN
COMP005503,CUST092767,FRAUD_ALERT,CLOSED
COMP005504,CUST047213,UPI_ISSUE,CLOSED
COMP005505,CUST046104,CARD_ISSUE,CLOSED
COMP005506,CUST007969,LOAN_ISSUE,CLOSED
COMP005507,CUST003103,CARD_ISSUE,CLOSED
COMP005508,CUST045712,LOAN_ISSUE,OPEN
COMP005509,CUST082858,LOAN_ISSUE,OPEN
COMP005510,CUST069017,LOAN_ISSUE,OPEN
COMP005511,CUST021969,LOAN_ISSUE,CLOSED
COMP005512,CUST026551,UPI_ISSUE,CLOSED
COMP005513,CUST016007,LOAN_ISSUE,CLOSED
COMP005514,CUST095513,CARD_ISSUE,OPEN
COMP005515,CUST084759,LOAN_ISSUE,CLOSED
COMP005516,CUST029642,UPI_ISSUE,CLOSED
COMP005517,CUST091103,FRAUD_ALERT,OPEN
COMP005518,CUST047670,LOAN_ISSUE,OPEN
COMP005519,CUST099837,FRAUD_ALERT,CLOSED
COMP005520,CUST028194,FRAUD_ALERT,OPEN
COMP005521,CUST081742,UPI_ISSUE,CLOSED
COMP005522,CUST017148,CARD_ISSUE,CLOSED
COMP005523,CUST019368,CARD_ISSUE,OPEN
COMP005524,CUST012344,FRAUD_ALERT,CLOSED
COMP005525,CUST006885,LOAN_ISSUE,OPEN
COMP005526,CUST001385,FRAUD_ALERT,OPEN
COMP005527,CUST093005,LOAN_ISSUE,OPEN
COMP005528,CUST030130,UPI_ISSUE,OPEN
COMP005529,CUST069703,CARD_ISSUE,OPEN
COMP005530,CUST083698,LOAN_ISSUE,CLOSED
COMP005531,CUST046068,FRAUD_ALERT,OPEN
COMP005532,CUST010245,CARD_ISSUE,CLOSED
COMP005533,CUST006427,FRAUD_ALERT,CLOSED
COMP005534,CUST073434,LOAN_ISSUE,CLOSED
COMP005535,CUST016350,LOAN_ISSUE,CLOSED
COMP005536,CUST040523,CARD_ISSUE,OPEN
COMP005537,CUST066918,UPI_ISSUE,OPEN
COMP005538,CUST041663,LOAN_ISSUE,OPEN
COMP005539,CUST031061,FRAUD_ALERT,OPEN
COMP005540,CUST007205,CARD_ISSUE,OPEN
COMP005541,CUST024584,LOAN_ISSUE,CLOSED
COMP005542,CUST012184,UPI_ISSUE,CLOSED
COMP005543,CUST021876,FRAUD_ALERT,CLOSED
COMP005544,CUST035082,FRAUD_ALERT,OPEN
COMP005545,CUST018129,CARD_ISSUE,CLOSED
COMP005546,CUST087204,LOAN_ISSUE,OPEN
COMP005547,CUST037302,CARD_ISSUE,CLOSED
COMP005548,CUST044046,UPI_ISSUE,OPEN
COMP005549,CUST079701,CARD_ISSUE,OPEN
COMP005550,CUST043596,CARD_ISSUE,OPEN
COMP005551,CUST050190,UPI_ISSUE,CLOSED
COMP005552,CUST074632,CARD_ISSUE,CLOSED
COMP005553,CUST000291,FRAUD_ALERT,CLOSED
COMP005554,CUST008113,CARD_ISSUE,OPEN
COMP005555,CUST035402,LOAN_ISSUE,OPEN
COMP005556,CUST028524,FRAUD_ALERT,CLOSED
COMP005557,CUST069069,FRAUD_ALERT,OPEN
COMP005558,CUST088393,FRAUD_ALERT,OPEN
COMP005559,CUST052046,UPI_ISSUE,CLOSED
COMP005560,CUST009377,CARD_ISSUE,CLOSED
COMP005561,CUST024447,UPI_ISSUE,OPEN
COMP005562,CUST089538,LOAN_ISSUE,CLOSED
COMP005563,CUST043272,UPI_ISSUE,OPEN
COMP005564,CUST051365,UPI_ISSUE,OPEN
COMP005565,CUST039717,FRAUD_ALERT,OPEN
COMP005566,CUST088884,UPI_ISSUE,CLOSED
COMP005567,CUST086304,LOAN_ISSUE,CLOSED
COMP005568,CUST094058,CARD_ISSUE,CLOSED
COMP005569,CUST047565,UPI_ISSUE,CLOSED
COMP005570,CUST090182,LOAN_ISSUE,OPEN
COMP005571,CUST018833,FRAUD_ALERT,CLOSED
COMP005572,CUST057711,UPI_ISSUE,CLOSED
COMP005573,CUST052224,LOAN_ISSUE,OPEN
COMP005574,CUST043521,CARD_ISSUE,OPEN
COMP005575,CUST061690,FRAUD_ALERT,OPEN
COMP005576,CUST009859,FRAUD_ALERT,CLOSED
COMP005577,CUST023395,UPI_ISSUE,CLOSED
COMP005578,CUST017219,FRAUD_ALERT,CLOSED
COMP005579,CUST004096,CARD_ISSUE,OPEN
COMP005580,CUST091234,CARD_ISSUE,OPEN
COMP005581,CUST028001,LOAN_ISSUE,CLOSED
COMP005582,CUST056356,FRAUD_ALERT,CLOSED
COMP005583,CUST051384,FRAUD_ALERT,CLOSED
COMP005584,CUST090264,FRAUD_ALERT,OPEN
COMP005585,CUST070771,UPI_ISSUE,CLOSED
COMP005586,CUST009740,UPI_ISSUE,OPEN
COMP005587,CUST047717,CARD_ISSUE,OPEN
COMP005588,CUST013107,CARD_ISSUE,CLOSED
COMP005589,CUST093785,FRAUD_ALERT,CLOSED
COMP005590,CUST085595,LOAN_ISSUE,OPEN
COMP005591,CUST067841,UPI_ISSUE,CLOSED
COMP005592,CUST017458,CARD_ISSUE,OPEN
COMP005593,CUST013935,UPI_ISSUE,OPEN
COMP005594,CUST062252,UPI_ISSUE,CLOSED
COMP005595,CUST011790,FRAUD_ALERT,OPEN
COMP005596,CUST029896,FRAUD_ALERT,OPEN
COMP005597,CUST040739,UPI_ISSUE,CLOSED
COMP005598,CUST079755,FRAUD_ALERT,CLOSED
COMP005599,CUST020039,UPI_ISSUE,CLOSED
COMP005600,CUST033012,LOAN_ISSUE,OPEN
COMP005601,CUST062023,CARD_ISSUE,OPEN
COMP005602,CUST076932,CARD_ISSUE,CLOSED
COMP005603,CUST052600,LOAN_ISSUE,CLOSED
COMP005604,CUST014703,CARD_ISSUE,OPEN
COMP005605,CUST018786,LOAN_ISSUE,OPEN
COMP005606,CUST043671,UPI_ISSUE,CLOSED
COMP005607,CUST065035,LOAN_ISSUE,OPEN
COMP005608,CUST045940,UPI_ISSUE,CLOSED
COMP005609,CUST007009,CARD_ISSUE,OPEN
COMP005610,CUST097233,UPI_ISSUE,CLOSED
COMP005611,CUST066971,UPI_ISSUE,OPEN
COMP005612,CUST003206,CARD_ISSUE,OPEN
COMP005613,CUST014710,LOAN_ISSUE,OPEN
COMP005614,CUST034401,LOAN_ISSUE,OPEN
COMP005615,CUST059157,CARD_ISSUE,OPEN
COMP005616,CUST069438,CARD_ISSUE,OPEN
COMP005617,CUST092113,CARD_ISSUE,OPEN
COMP005618,CUST005607,CARD_ISSUE,OPEN
COMP005619,CUST043037,CARD_ISSUE,CLOSED
COMP005620,CUST030976,CARD_ISSUE,OPEN
COMP005621,CUST005809,UPI_ISSUE,OPEN
COMP005622,CUST075195,CARD_ISSUE,CLOSED
COMP005623,CUST069804,UPI_ISSUE,OPEN
COMP005624,CUST054054,CARD_ISSUE,CLOSED
COMP005625,CUST011800,LOAN_ISSUE,OPEN
COMP005626,CUST022602,CARD_ISSUE,CLOSED
COMP005627,CUST083668,LOAN_ISSUE,CLOSED
COMP005628,CUST075853,FRAUD_ALERT,CLOSED
COMP005629,CUST082152,FRAUD_ALERT,OPEN
COMP005630,CUST055001,LOAN_ISSUE,CLOSED
COMP005631,CUST035887,CARD_ISSUE,OPEN
COMP005632,CUST012147,FRAUD_ALERT,OPEN
COMP005633,CUST077436,FRAUD_ALERT,OPEN
COMP005634,CUST013550,LOAN_ISSUE,OPEN
COMP005635,CUST061955,FRAUD_ALERT,OPEN
COMP005636,CUST058867,UPI_ISSUE,CLOSED
COMP005637,CUST014286,CARD_ISSUE,CLOSED
COMP005638,CUST082282,FRAUD_ALERT,OPEN
COMP005639,CUST079500,LOAN_ISSUE,OPEN
COMP005640,CUST014365,FRAUD_ALERT,OPEN
COMP005641,CUST030059,FRAUD_ALERT,CLOSED
COMP005642,CUST089500,LOAN_ISSUE,OPEN
COMP005643,CUST053836,LOAN_ISSUE,OPEN
COMP005644,CUST051181,LOAN_ISSUE,CLOSED
COMP005645,CUST005360,LOAN_ISSUE,OPEN
COMP005646,CUST012731,UPI_ISSUE,CLOSED
COMP005647,CUST029580,UPI_ISSUE,OPEN
COMP005648,CUST097020,UPI_ISSUE,OPEN
COMP005649,CUST069287,FRAUD_ALERT,CLOSED
COMP005650,CUST074871,CARD_ISSUE,CLOSED
COMP005651,CUST031541,LOAN_ISSUE,CLOSED
COMP005652,CUST078930,FRAUD_ALERT,OPEN
COMP005653,CUST013598,LOAN_ISSUE,OPEN
COMP005654,CUST020938,UPI_ISSUE,CLOSED
COMP005655,CUST044674,CARD_ISSUE,CLOSED
COMP005656,CUST096641,CARD_ISSUE,CLOSED
COMP005657,CUST026384,CARD_ISSUE,CLOSED
COMP005658,CUST028855,LOAN_ISSUE,OPEN
COMP005659,CUST027808,FRAUD_ALERT,CLOSED
COMP005660,CUST063833,CARD_ISSUE,OPEN
COMP005661,CUST043405,FRAUD_ALERT,OPEN
COMP005662,CUST067494,LOAN_ISSUE,OPEN
COMP005663,CUST083107,UPI_ISSUE,OPEN
COMP005664,CUST050424,UPI_ISSUE,CLOSED
COMP005665,CUST023293,LOAN_ISSUE,OPEN
COMP005666,CUST095805,LOAN_ISSUE,OPEN
COMP005667,CUST005518,FRAUD_ALERT,CLOSED
COMP005668,CUST062307,FRAUD_ALERT,OPEN
COMP005669,CUST087904,UPI_ISSUE,OPEN
COMP005670,CUST017230,CARD_ISSUE,OPEN
COMP005671,CUST070818,UPI_ISSUE,CLOSED
COMP005672,CUST039646,UPI_ISSUE,OPEN
COMP005673,CUST087650,CARD_ISSUE,CLOSED
COMP005674,CUST053857,FRAUD_ALERT,CLOSED
COMP005675,CUST068163,UPI_ISSUE,OPEN
COMP005676,CUST079328,FRAUD_ALERT,OPEN
COMP005677,CUST008618,UPI_ISSUE,CLOSED
COMP005678,CUST036170,CARD_ISSUE,OPEN
COMP005679,CUST066606,CARD_ISSUE,CLOSED
COMP005680,CUST027094,FRAUD_ALERT,OPEN
COMP005681,CUST029699,LOAN_ISSUE,CLOSED
COMP005682,CUST022052,UPI_ISSUE,OPEN
COMP005683,CUST001157,FRAUD_ALERT,CLOSED
COMP005684,CUST010727,FRAUD_ALERT,OPEN
COMP005685,CUST012647,UPI_ISSUE,CLOSED
COMP005686,CUST041708,CARD_ISSUE,OPEN
COMP005687,CUST078462,CARD_ISSUE,CLOSED
COMP005688,CUST081973,FRAUD_ALERT,CLOSED
COMP005689,CUST064105,FRAUD_ALERT,OPEN
COMP005690,CUST073735,UPI_ISSUE,CLOSED
COMP005691,CUST013197,FRAUD_ALERT,CLOSED
COMP005692,CUST042529,CARD_ISSUE,CLOSED
COMP005693,CUST023775,CARD_ISSUE,OPEN
COMP005694,CUST086160,CARD_ISSUE,CLOSED
COMP005695,CUST044945,LOAN_ISSUE,CLOSED
COMP005696,CUST077256,LOAN_ISSUE,CLOSED
COMP005697,CUST082191,FRAUD_ALERT,OPEN
COMP005698,CUST017141,UPI_ISSUE,CLOSED
COMP005699,CUST070256,LOAN_ISSUE,OPEN
COMP005700,CUST013745,CARD_ISSUE,OPEN
COMP005701,CUST059670,LOAN_ISSUE,OPEN
COMP005702,CUST086600,UPI_ISSUE,OPEN
COMP005703,CUST086764,UPI_ISSUE,CLOSED
COMP005704,CUST011757,UPI_ISSUE,OPEN
COMP005705,CUST026629,FRAUD_ALERT,OPEN
COMP005706,CUST091243,CARD_ISSUE,CLOSED
COMP005707,CUST075575,CARD_ISSUE,OPEN
COMP005708,CUST037874,LOAN_ISSUE,CLOSED
COMP005709,CUST038759,LOAN_ISSUE,OPEN
COMP005710,CUST025525,CARD_ISSUE,CLOSED
COMP005711,CUST010044,LOAN_ISSUE,OPEN
COMP005712,CUST016479,UPI_ISSUE,OPEN
COMP005713,CUST024586,CARD_ISSUE,OPEN
COMP005714,CUST076421,FRAUD_ALERT,OPEN
COMP005715,CUST031130,FRAUD_ALERT,CLOSED
COMP005716,CUST001014,LOAN_ISSUE,OPEN
COMP005717,CUST036565,FRAUD_ALERT,CLOSED
COMP005718,CUST080475,CARD_ISSUE,OPEN
COMP005719,CUST088550,FRAUD_ALERT,CLOSED
COMP005720,CUST059246,CARD_ISSUE,CLOSED
COMP005721,CUST089994,LOAN_ISSUE,OPEN
COMP005722,CUST048420,FRAUD_ALERT,OPEN
COMP005723,CUST025640,LOAN_ISSUE,CLOSED
COMP005724,CUST050113,UPI_ISSUE,OPEN
COMP005725,CUST067550,FRAUD_ALERT,OPEN
COMP005726,CUST097774,LOAN_ISSUE,CLOSED
COMP005727,CUST075134,FRAUD_ALERT,OPEN
COMP005728,CUST025720,LOAN_ISSUE,OPEN
COMP005729,CUST023680,CARD_ISSUE,CLOSED
COMP005730,CUST013755,FRAUD_ALERT,CLOSED
COMP005731,CUST077558,FRAUD_ALERT,OPEN
COMP005732,CUST085028,LOAN_ISSUE,OPEN
COMP005733,CUST053049,FRAUD_ALERT,CLOSED
COMP005734,CUST012838,CARD_ISSUE,OPEN
COMP005735,CUST081560,UPI_ISSUE,CLOSED
COMP005736,CUST059903,LOAN_ISSUE,CLOSED
COMP005737,CUST089366,LOAN_ISSUE,OPEN
COMP005738,CUST075131,CARD_ISSUE,CLOSED
COMP005739,CUST076398,LOAN_ISSUE,OPEN
COMP005740,CUST042139,CARD_ISSUE,CLOSED
COMP005741,CUST073456,LOAN_ISSUE,OPEN
COMP005742,CUST070982,CARD_ISSUE,OPEN
COMP005743,CUST043329,LOAN_ISSUE,OPEN
COMP005744,CUST077321,LOAN_ISSUE,CLOSED
COMP005745,CUST065146,UPI_ISSUE,OPEN
COMP005746,CUST088069,FRAUD_ALERT,OPEN
COMP005747,CUST000446,CARD_ISSUE,OPEN
COMP005748,CUST004372,CARD_ISSUE,CLOSED
COMP005749,CUST064553,CARD_ISSUE,OPEN
COMP005750,CUST011878,LOAN_ISSUE,OPEN
COMP005751,CUST015945,LOAN_ISSUE,OPEN
COMP005752,CUST012716,FRAUD_ALERT,CLOSED
COMP005753,CUST055158,UPI_ISSUE,CLOSED
COMP005754,CUST091308,UPI_ISSUE,OPEN
COMP005755,CUST040987,UPI_ISSUE,CLOSED
COMP005756,CUST028417,UPI_ISSUE,CLOSED
COMP005757,CUST059035,LOAN_ISSUE,CLOSED
COMP005758,CUST026125,UPI_ISSUE,OPEN
COMP005759,CUST005396,LOAN_ISSUE,CLOSED
COMP005760,CUST032095,UPI_ISSUE,OPEN
COMP005761,CUST099772,LOAN_ISSUE,CLOSED
COMP005762,CUST046592,UPI_ISSUE,OPEN
COMP005763,CUST004274,LOAN_ISSUE,OPEN
COMP005764,CUST022402,CARD_ISSUE,CLOSED
COMP005765,CUST094885,FRAUD_ALERT,CLOSED
COMP005766,CUST013831,LOAN_ISSUE,OPEN
COMP005767,CUST028489,UPI_ISSUE,CLOSED
COMP005768,CUST073624,CARD_ISSUE,CLOSED
COMP005769,CUST081354,UPI_ISSUE,CLOSED
COMP005770,CUST054745,FRAUD_ALERT,OPEN
COMP005771,CUST024578,LOAN_ISSUE,OPEN
COMP005772,CUST083664,UPI_ISSUE,OPEN
COMP005773,CUST000132,FRAUD_ALERT,CLOSED
COMP005774,CUST028520,FRAUD_ALERT,CLOSED
COMP005775,CUST064571,UPI_ISSUE,CLOSED
COMP005776,CUST073174,CARD_ISSUE,OPEN
COMP005777,CUST097698,LOAN_ISSUE,CLOSED
COMP005778,CUST092571,CARD_ISSUE,OPEN
COMP005779,CUST040010,FRAUD_ALERT,OPEN
COMP005780,CUST071499,LOAN_ISSUE,OPEN
COMP005781,CUST059848,UPI_ISSUE,CLOSED
COMP005782,CUST039981,UPI_ISSUE,CLOSED
COMP005783,CUST009872,FRAUD_ALERT,CLOSED
COMP005784,CUST053508,UPI_ISSUE,CLOSED
COMP005785,CUST091439,FRAUD_ALERT,CLOSED
COMP005786,CUST074435,UPI_ISSUE,CLOSED
COMP005787,CUST056621,CARD_ISSUE,OPEN
COMP005788,CUST096949,CARD_ISSUE,CLOSED
COMP005789,CUST094909,CARD_ISSUE,OPEN
COMP005790,CUST075346,CARD_ISSUE,OPEN
COMP005791,CUST090439,UPI_ISSUE,OPEN
COMP005792,CUST027425,UPI_ISSUE,OPEN
COMP005793,CUST067901,FRAUD_ALERT,OPEN
COMP005794,CUST087485,LOAN_ISSUE,CLOSED
COMP005795,CUST071057,FRAUD_ALERT,CLOSED
COMP005796,CUST020401,LOAN_ISSUE,CLOSED
COMP005797,CUST099445,UPI_ISSUE,OPEN
COMP005798,CUST079465,FRAUD_ALERT,OPEN
COMP005799,CUST031553,UPI_ISSUE,CLOSED
COMP005800,CUST085244,CARD_ISSUE,OPEN
COMP005801,CUST099401,FRAUD_ALERT,OPEN
COMP005802,CUST092659,FRAUD_ALERT,CLOSED
COMP005803,CUST029983,LOAN_ISSUE,OPEN
COMP005804,CUST024922,FRAUD_ALERT,CLOSED
COMP005805,CUST052202,UPI_ISSUE,OPEN
COMP005806,CUST045228,UPI_ISSUE,OPEN
COMP005807,CUST000152,LOAN_ISSUE,CLOSED
COMP005808,CUST098076,CARD_ISSUE,CLOSED
COMP005809,CUST033167,CARD_ISSUE,CLOSED
COMP005810,CUST074858,LOAN_ISSUE,CLOSED
COMP005811,CUST084512,LOAN_ISSUE,CLOSED
COMP005812,CUST095499,FRAUD_ALERT,OPEN
COMP005813,CUST084447,CARD_ISSUE,OPEN
COMP005814,CUST087875,UPI_ISSUE,CLOSED
COMP005815,CUST016099,FRAUD_ALERT,OPEN
COMP005816,CUST066333,UPI_ISSUE,CLOSED
COMP005817,CUST047233,CARD_ISSUE,OPEN
COMP005818,CUST040866,UPI_ISSUE,CLOSED
COMP005819,CUST057020,CARD_ISSUE,OPEN
COMP005820,CUST012474,LOAN_ISSUE,OPEN
COMP005821,CUST051946,CARD_ISSUE,OPEN
COMP005822,CUST050396,UPI_ISSUE,OPEN
COMP005823,CUST003933,CARD_ISSUE,OPEN
COMP005824,CUST062635,LOAN_ISSUE,OPEN
COMP005825,CUST086789,FRAUD_ALERT,CLOSED
COMP005826,CUST046333,UPI_ISSUE,CLOSED
COMP005827,CUST041667,CARD_ISSUE,OPEN
COMP005828,CUST068006,FRAUD_ALERT,OPEN
COMP005829,CUST092665,FRAUD_ALERT,CLOSED
COMP005830,CUST032838,UPI_ISSUE,CLOSED
COMP005831,CUST025997,FRAUD_ALERT,OPEN
COMP005832,CUST005827,FRAUD_ALERT,CLOSED
COMP005833,CUST001744,CARD_ISSUE,OPEN
COMP005834,CUST055383,LOAN_ISSUE,OPEN
COMP005835,CUST046407,CARD_ISSUE,OPEN
COMP005836,CUST083346,LOAN_ISSUE,OPEN
COMP005837,CUST028454,CARD_ISSUE,CLOSED
COMP005838,CUST006831,CARD_ISSUE,OPEN
COMP005839,CUST007794,UPI_ISSUE,OPEN
COMP005840,CUST036174,FRAUD_ALERT,OPEN
COMP005841,CUST078150,LOAN_ISSUE,CLOSED
COMP005842,CUST007026,UPI_ISSUE,OPEN
COMP005843,CUST035582,LOAN_ISSUE,CLOSED
COMP005844,CUST005511,UPI_ISSUE,OPEN
COMP005845,CUST064610,CARD_ISSUE,OPEN
COMP005846,CUST018868,UPI_ISSUE,CLOSED
COMP005847,CUST035494,CARD_ISSUE,OPEN
COMP005848,CUST075696,CARD_ISSUE,CLOSED
COMP005849,CUST069736,FRAUD_ALERT,CLOSED
COMP005850,CUST091962,UPI_ISSUE,OPEN
COMP005851,CUST052896,FRAUD_ALERT,OPEN
COMP005852,CUST041765,CARD_ISSUE,OPEN
COMP005853,CUST078121,CARD_ISSUE,CLOSED
COMP005854,CUST024383,FRAUD_ALERT,OPEN
COMP005855,CUST012111,CARD_ISSUE,CLOSED
COMP005856,CUST016517,FRAUD_ALERT,OPEN
COMP005857,CUST023968,LOAN_ISSUE,CLOSED
COMP005858,CUST001405,FRAUD_ALERT,OPEN
COMP005859,CUST028389,UPI_ISSUE,CLOSED
COMP005860,CUST047238,CARD_ISSUE,CLOSED
COMP005861,CUST063663,LOAN_ISSUE,CLOSED
COMP005862,CUST081196,FRAUD_ALERT,OPEN
COMP005863,CUST095096,LOAN_ISSUE,OPEN
COMP005864,CUST093389,CARD_ISSUE,OPEN
COMP005865,CUST073763,LOAN_ISSUE,CLOSED
COMP005866,CUST061563,UPI_ISSUE,OPEN
COMP005867,CUST004082,LOAN_ISSUE,OPEN
COMP005868,CUST044520,FRAUD_ALERT,CLOSED
COMP005869,CUST012638,FRAUD_ALERT,OPEN
COMP005870,CUST013522,CARD_ISSUE,OPEN
COMP005871,CUST009279,FRAUD_ALERT,OPEN
COMP005872,CUST071383,LOAN_ISSUE,OPEN
COMP005873,CUST048490,LOAN_ISSUE,OPEN
COMP005874,CUST030759,UPI_ISSUE,CLOSED
COMP005875,CUST082424,CARD_ISSUE,CLOSED
COMP005876,CUST059395,FRAUD_ALERT,OPEN
COMP005877,CUST017515,UPI_ISSUE,OPEN
COMP005878,CUST007336,FRAUD_ALERT,CLOSED
COMP005879,CUST037552,FRAUD_ALERT,OPEN
COMP005880,CUST055368,FRAUD_ALERT,OPEN
COMP005881,CUST030507,UPI_ISSUE,CLOSED
COMP005882,CUST035295,UPI_ISSUE,OPEN
COMP005883,CUST092405,LOAN_ISSUE,OPEN
COMP005884,CUST099540,LOAN_ISSUE,CLOSED
COMP005885,CUST013113,UPI_ISSUE,OPEN
COMP005886,CUST032183,LOAN_ISSUE,CLOSED
COMP005887,CUST063131,FRAUD_ALERT,CLOSED
COMP005888,CUST083133,CARD_ISSUE,OPEN
COMP005889,CUST074269,FRAUD_ALERT,OPEN
COMP005890,CUST092824,FRAUD_ALERT,OPEN
COMP005891,CUST066678,CARD_ISSUE,OPEN
COMP005892,CUST005829,CARD_ISSUE,CLOSED
COMP005893,CUST066914,LOAN_ISSUE,OPEN
COMP005894,CUST025605,LOAN_ISSUE,CLOSED
COMP005895,CUST001472,CARD_ISSUE,OPEN
COMP005896,CUST018465,UPI_ISSUE,CLOSED
COMP005897,CUST007250,LOAN_ISSUE,OPEN
COMP005898,CUST044526,UPI_ISSUE,CLOSED
COMP005899,CUST054633,LOAN_ISSUE,OPEN
COMP005900,CUST066649,FRAUD_ALERT,CLOSED
COMP005901,CUST017031,FRAUD_ALERT,CLOSED
COMP005902,CUST062733,LOAN_ISSUE,CLOSED
COMP005903,CUST033516,UPI_ISSUE,OPEN
COMP005904,CUST072695,CARD_ISSUE,CLOSED
COMP005905,CUST060632,CARD_ISSUE,OPEN
COMP005906,CUST095967,UPI_ISSUE,CLOSED
COMP005907,CUST010790,LOAN_ISSUE,CLOSED
COMP005908,CUST090545,CARD_ISSUE,OPEN
COMP005909,CUST057928,LOAN_ISSUE,OPEN
COMP005910,CUST086598,CARD_ISSUE,CLOSED
COMP005911,CUST026945,FRAUD_ALERT,OPEN
COMP005912,CUST028165,CARD_ISSUE,OPEN
COMP005913,CUST017476,LOAN_ISSUE,CLOSED
COMP005914,CUST056331,FRAUD_ALERT,OPEN
COMP005915,CUST047830,UPI_ISSUE,CLOSED
COMP005916,CUST075138,FRAUD_ALERT,OPEN
COMP005917,CUST040419,CARD_ISSUE,CLOSED
COMP005918,CUST065868,UPI_ISSUE,CLOSED
COMP005919,CUST086844,UPI_ISSUE,CLOSED
COMP005920,CUST056021,CARD_ISSUE,OPEN
COMP005921,CUST044638,LOAN_ISSUE,CLOSED
COMP005922,CUST039209,LOAN_ISSUE,OPEN
COMP005923,CUST030805,UPI_ISSUE,CLOSED
COMP005924,CUST057253,CARD_ISSUE,OPEN
COMP005925,CUST051579,FRAUD_ALERT,OPEN
COMP005926,CUST032666,FRAUD_ALERT,OPEN
COMP005927,CUST052799,UPI_ISSUE,CLOSED
COMP005928,CUST065483,LOAN_ISSUE,OPEN
COMP005929,CUST041589,LOAN_ISSUE,CLOSED
COMP005930,CUST084087,UPI_ISSUE,CLOSED
COMP005931,CUST054939,UPI_ISSUE,OPEN
COMP005932,CUST001272,LOAN_ISSUE,OPEN
COMP005933,CUST074062,FRAUD_ALERT,OPEN
COMP005934,CUST012360,CARD_ISSUE,CLOSED
COMP005935,CUST088230,CARD_ISSUE,CLOSED
COMP005936,CUST080465,FRAUD_ALERT,CLOSED
COMP005937,CUST034179,LOAN_ISSUE,OPEN
COMP005938,CUST008861,FRAUD_ALERT,CLOSED
COMP005939,CUST083785,LOAN_ISSUE,OPEN
COMP005940,CUST023927,FRAUD_ALERT,CLOSED
COMP005941,CUST043159,CARD_ISSUE,OPEN
COMP005942,CUST003125,FRAUD_ALERT,OPEN
COMP005943,CUST055029,FRAUD_ALERT,OPEN
COMP005944,CUST084300,CARD_ISSUE,OPEN
COMP005945,CUST032237,CARD_ISSUE,CLOSED
COMP005946,CUST087514,CARD_ISSUE,OPEN
COMP005947,CUST035037,LOAN_ISSUE,OPEN
COMP005948,CUST017430,UPI_ISSUE,OPEN
COMP005949,CUST063120,LOAN_ISSUE,OPEN
COMP005950,CUST043162,CARD_ISSUE,CLOSED
COMP005951,CUST080925,LOAN_ISSUE,OPEN
COMP005952,CUST075443,CARD_ISSUE,CLOSED
COMP005953,CUST021979,UPI_ISSUE,OPEN
COMP005954,CUST072860,UPI_ISSUE,CLOSED
COMP005955,CUST055296,LOAN_ISSUE,CLOSED
COMP005956,CUST095895,CARD_ISSUE,OPEN
COMP005957,CUST073089,FRAUD_ALERT,OPEN
COMP005958,CUST073831,CARD_ISSUE,CLOSED
COMP005959,CUST019001,LOAN_ISSUE,CLOSED
COMP005960,CUST020613,CARD_ISSUE,OPEN
COMP005961,CUST068186,UPI_ISSUE,OPEN
COMP005962,CUST099278,UPI_ISSUE,OPEN
COMP005963,CUST025913,UPI_ISSUE,CLOSED
COMP005964,CUST096061,LOAN_ISSUE,OPEN
COMP005965,CUST038707,CARD_ISSUE,OPEN
COMP005966,CUST002838,CARD_ISSUE,OPEN
COMP005967,CUST002211,CARD_ISSUE,CLOSED
COMP005968,CUST073588,FRAUD_ALERT,OPEN
COMP005969,CUST082596,LOAN_ISSUE,CLOSED
COMP005970,CUST017397,LOAN_ISSUE,CLOSED
COMP005971,CUST086798,FRAUD_ALERT,OPEN
COMP005972,CUST051007,CARD_ISSUE,CLOSED
COMP005973,CUST031159,FRAUD_ALERT,CLOSED
COMP005974,CUST062510,FRAUD_ALERT,OPEN
COMP005975,CUST037555,FRAUD_ALERT,OPEN
COMP005976,CUST074026,LOAN_ISSUE,CLOSED
COMP005977,CUST021294,LOAN_ISSUE,OPEN
COMP005978,CUST075835,FRAUD_ALERT,CLOSED
COMP005979,CUST029608,CARD_ISSUE,OPEN
COMP005980,CUST025535,FRAUD_ALERT,CLOSED
COMP005981,CUST038669,FRAUD_ALERT,OPEN
COMP005982,CUST055676,LOAN_ISSUE,CLOSED
COMP005983,CUST020196,CARD_ISSUE,CLOSED
COMP005984,CUST081486,FRAUD_ALERT,OPEN
COMP005985,CUST036629,UPI_ISSUE,OPEN
COMP005986,CUST048114,UPI_ISSUE,OPEN
COMP005987,CUST063214,LOAN_ISSUE,OPEN
COMP005988,CUST008378,FRAUD_ALERT,OPEN
COMP005989,CUST037767,FRAUD_ALERT,CLOSED
COMP005990,CUST083069,LOAN_ISSUE,CLOSED
COMP005991,CUST031420,UPI_ISSUE,OPEN
COMP005992,CUST052250,UPI_ISSUE,OPEN
COMP005993,CUST031467,CARD_ISSUE,OPEN
COMP005994,CUST044735,CARD_ISSUE,CLOSED
COMP005995,CUST034604,LOAN_ISSUE,OPEN
COMP005996,CUST097597,FRAUD_ALERT,CLOSED
COMP005997,CUST062916,CARD_ISSUE,CLOSED
COMP005998,CUST094373,CARD_ISSUE,CLOSED
COMP005999,CUST045831,UPI_ISSUE,CLOSED
COMP006000,CUST048447,FRAUD_ALERT,CLOSED
COMP006001,CUST027650,FRAUD_ALERT,CLOSED
COMP006002,CUST078455,CARD_ISSUE,CLOSED
COMP006003,CUST006901,LOAN_ISSUE,OPEN
COMP006004,CUST041442,FRAUD_ALERT,OPEN
COMP006005,CUST087620,UPI_ISSUE,OPEN
COMP006006,CUST051234,UPI_ISSUE,OPEN
COMP006007,CUST035444,CARD_ISSUE,OPEN
COMP006008,CUST040754,UPI_ISSUE,OPEN
COMP006009,CUST008567,UPI_ISSUE,OPEN
COMP006010,CUST054225,CARD_ISSUE,OPEN
COMP006011,CUST042062,FRAUD_ALERT,CLOSED
COMP006012,CUST019629,FRAUD_ALERT,OPEN
COMP006013,CUST086688,LOAN_ISSUE,CLOSED
COMP006014,CUST013912,LOAN_ISSUE,CLOSED
COMP006015,CUST007406,CARD_ISSUE,CLOSED
COMP006016,CUST039665,UPI_ISSUE,CLOSED
COMP006017,CUST040053,FRAUD_ALERT,OPEN
COMP006018,CUST003808,UPI_ISSUE,OPEN
COMP006019,CUST071885,UPI_ISSUE,OPEN
COMP006020,CUST047304,LOAN_ISSUE,CLOSED
COMP006021,CUST082798,UPI_ISSUE,OPEN
COMP006022,CUST038968,LOAN_ISSUE,CLOSED
COMP006023,CUST020640,CARD_ISSUE,CLOSED
COMP006024,CUST063362,CARD_ISSUE,OPEN
COMP006025,CUST013662,CARD_ISSUE,OPEN
COMP006026,CUST040949,LOAN_ISSUE,OPEN
COMP006027,CUST062769,UPI_ISSUE,CLOSED
COMP006028,CUST065467,UPI_ISSUE,OPEN
COMP006029,CUST043755,FRAUD_ALERT,OPEN
COMP006030,CUST038030,CARD_ISSUE,OPEN
COMP006031,CUST010325,UPI_ISSUE,OPEN
COMP006032,CUST079400,UPI_ISSUE,OPEN
COMP006033,CUST007686,FRAUD_ALERT,OPEN
COMP006034,CUST010686,UPI_ISSUE,CLOSED
COMP006035,CUST062773,FRAUD_ALERT,CLOSED
COMP006036,CUST094451,LOAN_ISSUE,CLOSED
COMP006037,CUST040992,UPI_ISSUE,OPEN
COMP006038,CUST036919,CARD_ISSUE,OPEN
COMP006039,CUST020507,CARD_ISSUE,OPEN
COMP006040,CUST026437,FRAUD_ALERT,CLOSED
COMP006041,CUST087287,FRAUD_ALERT,OPEN
COMP006042,CUST027430,CARD_ISSUE,CLOSED
COMP006043,CUST027009,LOAN_ISSUE,CLOSED
COMP006044,CUST032335,CARD_ISSUE,OPEN
COMP006045,CUST070719,UPI_ISSUE,CLOSED
COMP006046,CUST018692,CARD_ISSUE,OPEN
COMP006047,CUST051485,FRAUD_ALERT,CLOSED
COMP006048,CUST001997,FRAUD_ALERT,OPEN
COMP006049,CUST096287,FRAUD_ALERT,CLOSED
COMP006050,CUST087188,LOAN_ISSUE,OPEN
COMP006051,CUST060282,CARD_ISSUE,CLOSED
COMP006052,CUST078322,FRAUD_ALERT,OPEN
COMP006053,CUST014574,LOAN_ISSUE,CLOSED
COMP006054,CUST054794,FRAUD_ALERT,OPEN
COMP006055,CUST070407,UPI_ISSUE,OPEN
COMP006056,CUST018872,UPI_ISSUE,OPEN
COMP006057,CUST040432,CARD_ISSUE,OPEN
COMP006058,CUST036056,LOAN_ISSUE,OPEN
COMP006059,CUST018534,LOAN_ISSUE,CLOSED
COMP006060,CUST020460,FRAUD_ALERT,OPEN
COMP006061,CUST074221,UPI_ISSUE,OPEN
COMP006062,CUST027398,CARD_ISSUE,CLOSED
COMP006063,CUST099126,CARD_ISSUE,CLOSED
COMP006064,CUST077305,UPI_ISSUE,CLOSED
COMP006065,CUST059315,LOAN_ISSUE,CLOSED
COMP006066,CUST061689,LOAN_ISSUE,OPEN
COMP006067,CUST020564,UPI_ISSUE,CLOSED
COMP006068,CUST055917,UPI_ISSUE,CLOSED
COMP006069,CUST014490,FRAUD_ALERT,CLOSED
COMP006070,CUST017153,FRAUD_ALERT,CLOSED
COMP006071,CUST001054,UPI_ISSUE,CLOSED
COMP006072,CUST046719,FRAUD_ALERT,CLOSED
COMP006073,CUST090604,FRAUD_ALERT,OPEN
COMP006074,CUST098658,CARD_ISSUE,OPEN
COMP006075,CUST079980,LOAN_ISSUE,CLOSED
COMP006076,CUST055511,FRAUD_ALERT,CLOSED
COMP006077,CUST087373,LOAN_ISSUE,OPEN
COMP006078,CUST007270,CARD_ISSUE,CLOSED
COMP006079,CUST005124,FRAUD_ALERT,CLOSED
COMP006080,CUST074247,CARD_ISSUE,OPEN
COMP006081,CUST096417,FRAUD_ALERT,OPEN
COMP006082,CUST040314,CARD_ISSUE,CLOSED
COMP006083,CUST018443,UPI_ISSUE,CLOSED
COMP006084,CUST050394,UPI_ISSUE,CLOSED
COMP006085,CUST079084,UPI_ISSUE,OPEN
COMP006086,CUST053776,UPI_ISSUE,CLOSED
COMP006087,CUST090884,CARD_ISSUE,OPEN
COMP006088,CUST017900,UPI_ISSUE,CLOSED
COMP006089,CUST056469,FRAUD_ALERT,OPEN
COMP006090,CUST084700,FRAUD_ALERT,OPEN
COMP006091,CUST078643,FRAUD_ALERT,OPEN
COMP006092,CUST098158,CARD_ISSUE,OPEN
COMP006093,CUST075805,CARD_ISSUE,CLOSED
COMP006094,CUST076585,FRAUD_ALERT,CLOSED
COMP006095,CUST006515,LOAN_ISSUE,OPEN
COMP006096,CUST097458,LOAN_ISSUE,CLOSED
COMP006097,CUST069383,UPI_ISSUE,OPEN
COMP006098,CUST050588,CARD_ISSUE,CLOSED
COMP006099,CUST067411,UPI_ISSUE,OPEN
COMP006100,CUST040761,CARD_ISSUE,CLOSED
COMP006101,CUST083512,FRAUD_ALERT,OPEN
COMP006102,CUST011386,FRAUD_ALERT,CLOSED
COMP006103,CUST024139,LOAN_ISSUE,OPEN
COMP006104,CUST012512,UPI_ISSUE,CLOSED
COMP006105,CUST073456,CARD_ISSUE,CLOSED
COMP006106,CUST044022,LOAN_ISSUE,OPEN
COMP006107,CUST089645,UPI_ISSUE,CLOSED
COMP006108,CUST055284,FRAUD_ALERT,CLOSED
COMP006109,CUST000975,CARD_ISSUE,OPEN
COMP006110,CUST065726,UPI_ISSUE,OPEN
COMP006111,CUST091363,FRAUD_ALERT,CLOSED
COMP006112,CUST022181,LOAN_ISSUE,OPEN
COMP006113,CUST014510,UPI_ISSUE,OPEN
COMP006114,CUST047055,LOAN_ISSUE,OPEN
COMP006115,CUST047977,FRAUD_ALERT,CLOSED
COMP006116,CUST063420,CARD_ISSUE,CLOSED
COMP006117,CUST001632,FRAUD_ALERT,OPEN
COMP006118,CUST031805,CARD_ISSUE,OPEN
COMP006119,CUST040024,CARD_ISSUE,OPEN
COMP006120,CUST017419,UPI_ISSUE,CLOSED
COMP006121,CUST068160,LOAN_ISSUE,CLOSED
COMP006122,CUST021175,UPI_ISSUE,OPEN
COMP006123,CUST074763,CARD_ISSUE,OPEN
COMP006124,CUST051586,UPI_ISSUE,CLOSED
COMP006125,CUST056631,LOAN_ISSUE,CLOSED
COMP006126,CUST034123,CARD_ISSUE,OPEN
COMP006127,CUST041210,LOAN_ISSUE,CLOSED
COMP006128,CUST072580,FRAUD_ALERT,CLOSED
COMP006129,CUST088687,CARD_ISSUE,CLOSED
COMP006130,CUST037375,LOAN_ISSUE,OPEN
COMP006131,CUST093107,LOAN_ISSUE,OPEN
COMP006132,CUST047375,LOAN_ISSUE,OPEN
COMP006133,CUST096294,LOAN_ISSUE,OPEN
COMP006134,CUST042688,FRAUD_ALERT,OPEN
COMP006135,CUST025178,UPI_ISSUE,OPEN
COMP006136,CUST007271,UPI_ISSUE,OPEN
COMP006137,CUST058264,FRAUD_ALERT,CLOSED
COMP006138,CUST036504,FRAUD_ALERT,OPEN
COMP006139,CUST038660,FRAUD_ALERT,CLOSED
COMP006140,CUST022859,FRAUD_ALERT,CLOSED
COMP006141,CUST044464,CARD_ISSUE,OPEN
COMP006142,CUST025093,CARD_ISSUE,CLOSED
COMP006143,CUST096220,CARD_ISSUE,OPEN
COMP006144,CUST021634,FRAUD_ALERT,CLOSED
COMP006145,CUST021827,CARD_ISSUE,CLOSED
COMP006146,CUST005206,LOAN_ISSUE,CLOSED
COMP006147,CUST072303,FRAUD_ALERT,OPEN
COMP006148,CUST042591,UPI_ISSUE,CLOSED
COMP006149,CUST029658,LOAN_ISSUE,OPEN
COMP006150,CUST061500,UPI_ISSUE,OPEN
COMP006151,CUST082769,CARD_ISSUE,CLOSED
COMP006152,CUST044749,CARD_ISSUE,OPEN
COMP006153,CUST062175,UPI_ISSUE,CLOSED
COMP006154,CUST082254,FRAUD_ALERT,CLOSED
COMP006155,CUST080431,LOAN_ISSUE,OPEN
COMP006156,CUST040608,LOAN_ISSUE,CLOSED
COMP006157,CUST092225,CARD_ISSUE,CLOSED
COMP006158,CUST001664,CARD_ISSUE,OPEN
COMP006159,CUST034185,CARD_ISSUE,OPEN
COMP006160,CUST072544,UPI_ISSUE,OPEN
COMP006161,CUST032600,LOAN_ISSUE,CLOSED
COMP006162,CUST017908,UPI_ISSUE,OPEN
COMP006163,CUST060144,FRAUD_ALERT,CLOSED
COMP006164,CUST036262,CARD_ISSUE,CLOSED
COMP006165,CUST064601,UPI_ISSUE,OPEN
COMP006166,CUST031010,CARD_ISSUE,CLOSED
COMP006167,CUST022250,UPI_ISSUE,OPEN
COMP006168,CUST031040,CARD_ISSUE,CLOSED
COMP006169,CUST069654,LOAN_ISSUE,CLOSED
COMP006170,CUST017202,UPI_ISSUE,OPEN
COMP006171,CUST067537,CARD_ISSUE,CLOSED
COMP006172,CUST054139,CARD_ISSUE,CLOSED
COMP006173,CUST014976,LOAN_ISSUE,OPEN
COMP006174,CUST098653,UPI_ISSUE,OPEN
COMP006175,CUST097641,CARD_ISSUE,OPEN
COMP006176,CUST084161,FRAUD_ALERT,CLOSED
COMP006177,CUST051991,CARD_ISSUE,CLOSED
COMP006178,CUST059179,CARD_ISSUE,OPEN
COMP006179,CUST056880,CARD_ISSUE,OPEN
COMP006180,CUST074684,FRAUD_ALERT,OPEN
COMP006181,CUST092357,UPI_ISSUE,CLOSED
COMP006182,CUST077610,UPI_ISSUE,CLOSED
COMP006183,CUST010320,FRAUD_ALERT,CLOSED
COMP006184,CUST028828,CARD_ISSUE,CLOSED
COMP006185,CUST073807,LOAN_ISSUE,CLOSED
COMP006186,CUST010482,CARD_ISSUE,OPEN
COMP006187,CUST067389,CARD_ISSUE,CLOSED
COMP006188,CUST053944,LOAN_ISSUE,OPEN
COMP006189,CUST098772,UPI_ISSUE,CLOSED
COMP006190,CUST013980,LOAN_ISSUE,CLOSED
COMP006191,CUST081868,UPI_ISSUE,OPEN
COMP006192,CUST056394,LOAN_ISSUE,CLOSED
COMP006193,CUST074777,FRAUD_ALERT,CLOSED
COMP006194,CUST058720,LOAN_ISSUE,OPEN
COMP006195,CUST054264,LOAN_ISSUE,CLOSED
COMP006196,CUST070851,LOAN_ISSUE,OPEN
COMP006197,CUST073019,LOAN_ISSUE,OPEN
COMP006198,CUST001093,CARD_ISSUE,CLOSED
COMP006199,CUST032670,LOAN_ISSUE,OPEN
COMP006200,CUST004938,UPI_ISSUE,CLOSED
COMP006201,CUST033070,UPI_ISSUE,CLOSED
COMP006202,CUST072268,FRAUD_ALERT,OPEN
COMP006203,CUST087873,CARD_ISSUE,CLOSED
COMP006204,CUST041325,FRAUD_ALERT,OPEN
COMP006205,CUST010418,UPI_ISSUE,CLOSED
COMP006206,CUST010481,CARD_ISSUE,OPEN
COMP006207,CUST001096,LOAN_ISSUE,OPEN
COMP006208,CUST016292,FRAUD_ALERT,OPEN
COMP006209,CUST081988,UPI_ISSUE,CLOSED
COMP006210,CUST017095,FRAUD_ALERT,OPEN
COMP006211,CUST099588,UPI_ISSUE,OPEN
COMP006212,CUST086312,UPI_ISSUE,OPEN
COMP006213,CUST075362,CARD_ISSUE,OPEN
COMP006214,CUST042657,FRAUD_ALERT,CLOSED
COMP006215,CUST023178,LOAN_ISSUE,OPEN
COMP006216,CUST058867,UPI_ISSUE,CLOSED
COMP006217,CUST085574,FRAUD_ALERT,CLOSED
COMP006218,CUST036598,UPI_ISSUE,OPEN
COMP006219,CUST023317,UPI_ISSUE,CLOSED
COMP006220,CUST074297,LOAN_ISSUE,CLOSED
COMP006221,CUST003211,UPI_ISSUE,CLOSED
COMP006222,CUST042738,FRAUD_ALERT,CLOSED
COMP006223,CUST034916,CARD_ISSUE,OPEN
COMP006224,CUST061543,LOAN_ISSUE,OPEN
COMP006225,CUST045234,FRAUD_ALERT,CLOSED
COMP006226,CUST054703,LOAN_ISSUE,CLOSED
COMP006227,CUST024185,FRAUD_ALERT,OPEN
COMP006228,CUST088284,UPI_ISSUE,CLOSED
COMP006229,CUST088751,LOAN_ISSUE,OPEN
COMP006230,CUST011022,FRAUD_ALERT,CLOSED
COMP006231,CUST038451,CARD_ISSUE,OPEN
COMP006232,CUST043353,UPI_ISSUE,CLOSED
COMP006233,CUST064887,FRAUD_ALERT,OPEN
COMP006234,CUST062521,CARD_ISSUE,OPEN
COMP006235,CUST040683,CARD_ISSUE,CLOSED
COMP006236,CUST048063,CARD_ISSUE,CLOSED
COMP006237,CUST072328,FRAUD_ALERT,CLOSED
COMP006238,CUST053585,UPI_ISSUE,CLOSED
COMP006239,CUST015252,CARD_ISSUE,CLOSED
COMP006240,CUST068374,UPI_ISSUE,CLOSED
COMP006241,CUST070047,LOAN_ISSUE,OPEN
COMP006242,CUST039029,FRAUD_ALERT,OPEN
COMP006243,CUST005986,FRAUD_ALERT,CLOSED
COMP006244,CUST079199,LOAN_ISSUE,CLOSED
COMP006245,CUST097370,CARD_ISSUE,CLOSED
COMP006246,CUST024452,FRAUD_ALERT,CLOSED
COMP006247,CUST059907,CARD_ISSUE,CLOSED
COMP006248,CUST028953,LOAN_ISSUE,CLOSED
COMP006249,CUST041881,FRAUD_ALERT,OPEN
COMP006250,CUST097559,CARD_ISSUE,OPEN
COMP006251,CUST048475,CARD_ISSUE,OPEN
COMP006252,CUST038859,UPI_ISSUE,CLOSED
COMP006253,CUST042927,CARD_ISSUE,OPEN
COMP006254,CUST075112,CARD_ISSUE,CLOSED
COMP006255,CUST036959,UPI_ISSUE,CLOSED
COMP006256,CUST039546,LOAN_ISSUE,CLOSED
COMP006257,CUST036856,FRAUD_ALERT,OPEN
COMP006258,CUST072641,UPI_ISSUE,OPEN
COMP006259,CUST094909,LOAN_ISSUE,OPEN
COMP006260,CUST074542,FRAUD_ALERT,CLOSED
COMP006261,CUST042209,LOAN_ISSUE,CLOSED
COMP006262,CUST048568,LOAN_ISSUE,CLOSED
COMP006263,CUST017119,CARD_ISSUE,CLOSED
COMP006264,CUST077264,UPI_ISSUE,CLOSED
COMP006265,CUST065717,UPI_ISSUE,OPEN
COMP006266,CUST095672,FRAUD_ALERT,OPEN
COMP006267,CUST009582,LOAN_ISSUE,OPEN
COMP006268,CUST073220,CARD_ISSUE,OPEN
COMP006269,CUST001899,CARD_ISSUE,CLOSED
COMP006270,CUST004997,CARD_ISSUE,CLOSED
COMP006271,CUST000500,FRAUD_ALERT,CLOSED
COMP006272,CUST005905,FRAUD_ALERT,CLOSED
COMP006273,CUST073533,LOAN_ISSUE,OPEN
COMP006274,CUST072674,UPI_ISSUE,OPEN
COMP006275,CUST025794,CARD_ISSUE,CLOSED
COMP006276,CUST096470,CARD_ISSUE,OPEN
COMP006277,CUST062767,LOAN_ISSUE,OPEN
COMP006278,CUST035752,UPI_ISSUE,OPEN
COMP006279,CUST014364,UPI_ISSUE,OPEN
COMP006280,CUST085690,FRAUD_ALERT,CLOSED
COMP006281,CUST092792,UPI_ISSUE,CLOSED
COMP006282,CUST063200,CARD_ISSUE,OPEN
COMP006283,CUST053319,LOAN_ISSUE,CLOSED
COMP006284,CUST061327,CARD_ISSUE,OPEN
COMP006285,CUST089629,FRAUD_ALERT,CLOSED
COMP006286,CUST082392,LOAN_ISSUE,CLOSED
COMP006287,CUST034109,FRAUD_ALERT,OPEN
COMP006288,CUST071567,UPI_ISSUE,OPEN
COMP006289,CUST006344,CARD_ISSUE,CLOSED
COMP006290,CUST069031,CARD_ISSUE,OPEN
COMP006291,CUST038068,LOAN_ISSUE,OPEN
COMP006292,CUST067888,FRAUD_ALERT,CLOSED
COMP006293,CUST073181,UPI_ISSUE,OPEN
COMP006294,CUST077246,CARD_ISSUE,OPEN
COMP006295,CUST072048,FRAUD_ALERT,OPEN
COMP006296,CUST033998,CARD_ISSUE,OPEN
COMP006297,CUST084871,FRAUD_ALERT,OPEN
COMP006298,CUST052450,FRAUD_ALERT,OPEN
COMP006299,CUST002587,FRAUD_ALERT,OPEN
COMP006300,CUST044336,UPI_ISSUE,CLOSED
COMP006301,CUST096680,LOAN_ISSUE,CLOSED
COMP006302,CUST028036,UPI_ISSUE,CLOSED
COMP006303,CUST022793,LOAN_ISSUE,OPEN
COMP006304,CUST069173,CARD_ISSUE,OPEN
COMP006305,CUST012319,LOAN_ISSUE,CLOSED
COMP006306,CUST059832,CARD_ISSUE,OPEN
COMP006307,CUST075318,FRAUD_ALERT,OPEN
COMP006308,CUST056653,CARD_ISSUE,CLOSED
COMP006309,CUST062402,LOAN_ISSUE,CLOSED
COMP006310,CUST000475,LOAN_ISSUE,CLOSED
COMP006311,CUST035022,UPI_ISSUE,OPEN
COMP006312,CUST090545,UPI_ISSUE,OPEN
COMP006313,CUST069002,FRAUD_ALERT,CLOSED
COMP006314,CUST081006,FRAUD_ALERT,CLOSED
COMP006315,CUST060303,FRAUD_ALERT,OPEN
COMP006316,CUST050343,CARD_ISSUE,CLOSED
COMP006317,CUST010119,CARD_ISSUE,CLOSED
COMP006318,CUST026446,FRAUD_ALERT,CLOSED
COMP006319,CUST029925,LOAN_ISSUE,CLOSED
COMP006320,CUST037727,UPI_ISSUE,OPEN
COMP006321,CUST049308,CARD_ISSUE,CLOSED
COMP006322,CUST033601,FRAUD_ALERT,OPEN
COMP006323,CUST068257,UPI_ISSUE,OPEN
COMP006324,CUST079729,LOAN_ISSUE,OPEN
COMP006325,CUST069297,UPI_ISSUE,OPEN
COMP006326,CUST059844,UPI_ISSUE,OPEN
COMP006327,CUST024400,LOAN_ISSUE,OPEN
COMP006328,CUST030823,FRAUD_ALERT,CLOSED
COMP006329,CUST041790,LOAN_ISSUE,CLOSED
COMP006330,CUST068290,LOAN_ISSUE,CLOSED
COMP006331,CUST085479,UPI_ISSUE,OPEN
COMP006332,CUST084573,UPI_ISSUE,CLOSED
COMP006333,CUST004263,FRAUD_ALERT,OPEN
COMP006334,CUST073280,LOAN_ISSUE,CLOSED
COMP006335,CUST012807,CARD_ISSUE,CLOSED
COMP006336,CUST009749,UPI_ISSUE,OPEN
COMP006337,CUST084429,FRAUD_ALERT,CLOSED
COMP006338,CUST011679,FRAUD_ALERT,CLOSED
COMP006339,CUST092945,FRAUD_ALERT,CLOSED
COMP006340,CUST047043,UPI_ISSUE,CLOSED
COMP006341,CUST041173,CARD_ISSUE,CLOSED
COMP006342,CUST087316,FRAUD_ALERT,CLOSED
COMP006343,CUST098353,LOAN_ISSUE,OPEN
COMP006344,CUST077726,CARD_ISSUE,CLOSED
COMP006345,CUST097892,FRAUD_ALERT,CLOSED
COMP006346,CUST038268,FRAUD_ALERT,OPEN
COMP006347,CUST059241,FRAUD_ALERT,OPEN
COMP006348,CUST091234,CARD_ISSUE,OPEN
COMP006349,CUST009427,UPI_ISSUE,OPEN
COMP006350,CUST021856,LOAN_ISSUE,CLOSED
COMP006351,CUST057315,CARD_ISSUE,CLOSED
COMP006352,CUST024515,UPI_ISSUE,CLOSED
COMP006353,CUST031080,FRAUD_ALERT,CLOSED
COMP006354,CUST064106,LOAN_ISSUE,CLOSED
COMP006355,CUST040053,CARD_ISSUE,OPEN
COMP006356,CUST013520,LOAN_ISSUE,CLOSED
COMP006357,CUST024311,UPI_ISSUE,OPEN
COMP006358,CUST085903,LOAN_ISSUE,CLOSED
COMP006359,CUST078995,FRAUD_ALERT,OPEN
COMP006360,CUST031764,UPI_ISSUE,CLOSED
COMP006361,CUST043208,CARD_ISSUE,CLOSED
COMP006362,CUST069470,CARD_ISSUE,OPEN
COMP006363,CUST033765,UPI_ISSUE,OPEN
COMP006364,CUST054708,LOAN_ISSUE,OPEN
COMP006365,CUST069410,UPI_ISSUE,OPEN
COMP006366,CUST085409,FRAUD_ALERT,CLOSED
COMP006367,CUST055862,LOAN_ISSUE,OPEN
COMP006368,CUST014120,CARD_ISSUE,OPEN
COMP006369,CUST091121,CARD_ISSUE,OPEN
COMP006370,CUST074481,CARD_ISSUE,OPEN
COMP006371,CUST077887,FRAUD_ALERT,CLOSED
COMP006372,CUST012134,LOAN_ISSUE,OPEN
COMP006373,CUST064018,FRAUD_ALERT,OPEN
COMP006374,CUST077347,LOAN_ISSUE,CLOSED
COMP006375,CUST008879,CARD_ISSUE,CLOSED
COMP006376,CUST061725,UPI_ISSUE,CLOSED
COMP006377,CUST069681,UPI_ISSUE,OPEN
COMP006378,CUST057192,FRAUD_ALERT,CLOSED
COMP006379,CUST044877,LOAN_ISSUE,CLOSED
COMP006380,CUST065705,CARD_ISSUE,CLOSED
COMP006381,CUST062909,FRAUD_ALERT,CLOSED
COMP006382,CUST015478,UPI_ISSUE,OPEN
COMP006383,CUST038745,LOAN_ISSUE,CLOSED
COMP006384,CUST079159,CARD_ISSUE,CLOSED
COMP006385,CUST012013,UPI_ISSUE,CLOSED
COMP006386,CUST095466,CARD_ISSUE,CLOSED
COMP006387,CUST005213,LOAN_ISSUE,CLOSED
COMP006388,CUST059334,CARD_ISSUE,OPEN
COMP006389,CUST050749,FRAUD_ALERT,CLOSED
COMP006390,CUST011044,LOAN_ISSUE,CLOSED
COMP006391,CUST078284,CARD_ISSUE,CLOSED
COMP006392,CUST048572,UPI_ISSUE,OPEN
COMP006393,CUST029051,FRAUD_ALERT,OPEN
COMP006394,CUST078915,LOAN_ISSUE,CLOSED
COMP006395,CUST095064,CARD_ISSUE,CLOSED
COMP006396,CUST041927,UPI_ISSUE,OPEN
COMP006397,CUST057291,CARD_ISSUE,OPEN
COMP006398,CUST085987,FRAUD_ALERT,CLOSED
COMP006399,CUST041918,UPI_ISSUE,CLOSED
COMP006400,CUST097613,FRAUD_ALERT,CLOSED
COMP006401,CUST050327,LOAN_ISSUE,CLOSED
COMP006402,CUST036750,CARD_ISSUE,CLOSED
COMP006403,CUST027013,LOAN_ISSUE,OPEN
COMP006404,CUST064861,LOAN_ISSUE,CLOSED
COMP006405,CUST063785,LOAN_ISSUE,CLOSED
COMP006406,CUST028562,CARD_ISSUE,CLOSED
COMP006407,CUST091721,UPI_ISSUE,CLOSED
COMP006408,CUST067721,UPI_ISSUE,OPEN
COMP006409,CUST082635,UPI_ISSUE,OPEN
COMP006410,CUST071148,LOAN_ISSUE,OPEN
COMP006411,CUST042443,LOAN_ISSUE,CLOSED
COMP006412,CUST082257,UPI_ISSUE,CLOSED
COMP006413,CUST097190,LOAN_ISSUE,CLOSED
COMP006414,CUST014488,LOAN_ISSUE,CLOSED
COMP006415,CUST061857,CARD_ISSUE,CLOSED
COMP006416,CUST017491,FRAUD_ALERT,CLOSED
COMP006417,CUST006622,LOAN_ISSUE,CLOSED
COMP006418,CUST067857,CARD_ISSUE,OPEN
COMP006419,CUST066701,LOAN_ISSUE,CLOSED
COMP006420,CUST057811,FRAUD_ALERT,OPEN
COMP006421,CUST086220,UPI_ISSUE,OPEN
COMP006422,CUST092561,CARD_ISSUE,CLOSED
COMP006423,CUST006070,CARD_ISSUE,OPEN
COMP006424,CUST009473,CARD_ISSUE,OPEN
COMP006425,CUST076730,LOAN_ISSUE,CLOSED
COMP006426,CUST060317,LOAN_ISSUE,OPEN
COMP006427,CUST024225,UPI_ISSUE,OPEN
COMP006428,CUST075833,CARD_ISSUE,CLOSED
COMP006429,CUST003130,UPI_ISSUE,CLOSED
COMP006430,CUST095809,FRAUD_ALERT,OPEN
COMP006431,CUST014901,CARD_ISSUE,CLOSED
COMP006432,CUST092880,FRAUD_ALERT,OPEN
COMP006433,CUST092533,LOAN_ISSUE,CLOSED
COMP006434,CUST090163,FRAUD_ALERT,OPEN
COMP006435,CUST032327,FRAUD_ALERT,CLOSED
COMP006436,CUST007891,CARD_ISSUE,CLOSED
COMP006437,CUST014094,FRAUD_ALERT,CLOSED
COMP006438,CUST086092,FRAUD_ALERT,CLOSED
COMP006439,CUST081423,LOAN_ISSUE,CLOSED
COMP006440,CUST097931,CARD_ISSUE,CLOSED
COMP006441,CUST076131,CARD_ISSUE,OPEN
COMP006442,CUST022746,LOAN_ISSUE,OPEN
COMP006443,CUST032675,CARD_ISSUE,CLOSED
COMP006444,CUST069292,CARD_ISSUE,OPEN
COMP006445,CUST050141,UPI_ISSUE,CLOSED
COMP006446,CUST061416,UPI_ISSUE,OPEN
COMP006447,CUST000653,LOAN_ISSUE,OPEN
COMP006448,CUST059831,CARD_ISSUE,CLOSED
COMP006449,CUST069252,CARD_ISSUE,OPEN
COMP006450,CUST057421,CARD_ISSUE,CLOSED
COMP006451,CUST003157,LOAN_ISSUE,CLOSED
COMP006452,CUST054409,CARD_ISSUE,OPEN
COMP006453,CUST066532,FRAUD_ALERT,CLOSED
COMP006454,CUST072582,UPI_ISSUE,OPEN
COMP006455,CUST076786,CARD_ISSUE,OPEN
COMP006456,CUST035104,CARD_ISSUE,OPEN
COMP006457,CUST069700,FRAUD_ALERT,CLOSED
COMP006458,CUST061239,UPI_ISSUE,CLOSED
COMP006459,CUST075193,LOAN_ISSUE,OPEN
COMP006460,CUST033786,CARD_ISSUE,CLOSED
COMP006461,CUST002378,UPI_ISSUE,OPEN
COMP006462,CUST071767,LOAN_ISSUE,OPEN
COMP006463,CUST037829,FRAUD_ALERT,CLOSED
COMP006464,CUST064026,UPI_ISSUE,OPEN
COMP006465,CUST022077,CARD_ISSUE,OPEN
COMP006466,CUST086037,UPI_ISSUE,CLOSED
COMP006467,CUST063072,CARD_ISSUE,CLOSED
COMP006468,CUST060478,UPI_ISSUE,CLOSED
COMP006469,CUST034763,FRAUD_ALERT,CLOSED
COMP006470,CUST060811,UPI_ISSUE,OPEN
COMP006471,CUST069261,CARD_ISSUE,OPEN
COMP006472,CUST093843,CARD_ISSUE,OPEN
COMP006473,CUST093381,CARD_ISSUE,OPEN
COMP006474,CUST008291,LOAN_ISSUE,OPEN
COMP006475,CUST031576,UPI_ISSUE,OPEN
COMP006476,CUST012009,CARD_ISSUE,OPEN
COMP006477,CUST035316,UPI_ISSUE,CLOSED
COMP006478,CUST017103,UPI_ISSUE,OPEN
COMP006479,CUST048877,UPI_ISSUE,CLOSED
COMP006480,CUST037493,LOAN_ISSUE,CLOSED
COMP006481,CUST066008,FRAUD_ALERT,OPEN
COMP006482,CUST055885,CARD_ISSUE,CLOSED
COMP006483,CUST061963,FRAUD_ALERT,OPEN
COMP006484,CUST045390,CARD_ISSUE,OPEN
COMP006485,CUST016223,CARD_ISSUE,OPEN
COMP006486,CUST074969,FRAUD_ALERT,CLOSED
COMP006487,CUST060328,FRAUD_ALERT,OPEN
COMP006488,CUST092398,LOAN_ISSUE,CLOSED
COMP006489,CUST046223,UPI_ISSUE,OPEN
COMP006490,CUST042985,FRAUD_ALERT,OPEN
COMP006491,CUST093272,CARD_ISSUE,CLOSED
COMP006492,CUST057730,UPI_ISSUE,OPEN
COMP006493,CUST089735,CARD_ISSUE,CLOSED
COMP006494,CUST074710,UPI_ISSUE,CLOSED
COMP006495,CUST064701,FRAUD_ALERT,CLOSED
COMP006496,CUST093733,FRAUD_ALERT,OPEN
COMP006497,CUST086398,CARD_ISSUE,CLOSED
COMP006498,CUST060603,LOAN_ISSUE,OPEN
COMP006499,CUST059297,CARD_ISSUE,OPEN
COMP006500,CUST081428,LOAN_ISSUE,OPEN
COMP006501,CUST078135,LOAN_ISSUE,CLOSED
COMP006502,CUST084832,FRAUD_ALERT,CLOSED
COMP006503,CUST095944,LOAN_ISSUE,CLOSED
COMP006504,CUST074609,UPI_ISSUE,OPEN
COMP006505,CUST017085,LOAN_ISSUE,OPEN
COMP006506,CUST037883,CARD_ISSUE,OPEN
COMP006507,CUST060804,CARD_ISSUE,OPEN
COMP006508,CUST074850,FRAUD_ALERT,OPEN
COMP006509,CUST079526,CARD_ISSUE,OPEN
COMP006510,CUST086119,CARD_ISSUE,CLOSED
COMP006511,CUST008091,UPI_ISSUE,CLOSED
COMP006512,CUST072585,CARD_ISSUE,OPEN
COMP006513,CUST061444,LOAN_ISSUE,OPEN
COMP006514,CUST085915,UPI_ISSUE,CLOSED
COMP006515,CUST042070,CARD_ISSUE,CLOSED
COMP006516,CUST029146,CARD_ISSUE,OPEN
COMP006517,CUST051014,FRAUD_ALERT,OPEN
COMP006518,CUST078288,UPI_ISSUE,OPEN
COMP006519,CUST071975,LOAN_ISSUE,CLOSED
COMP006520,CUST099749,FRAUD_ALERT,OPEN
COMP006521,CUST097876,CARD_ISSUE,OPEN
COMP006522,CUST064104,UPI_ISSUE,CLOSED
COMP006523,CUST041398,CARD_ISSUE,CLOSED
COMP006524,CUST060718,CARD_ISSUE,CLOSED
COMP006525,CUST034804,CARD_ISSUE,CLOSED
COMP006526,CUST092285,FRAUD_ALERT,OPEN
COMP006527,CUST094548,CARD_ISSUE,OPEN
COMP006528,CUST064124,LOAN_ISSUE,OPEN
COMP006529,CUST022157,FRAUD_ALERT,CLOSED
COMP006530,CUST044315,UPI_ISSUE,OPEN
COMP006531,CUST009026,LOAN_ISSUE,CLOSED
COMP006532,CUST021875,UPI_ISSUE,OPEN
COMP006533,CUST097335,CARD_ISSUE,CLOSED
COMP006534,CUST004519,UPI_ISSUE,CLOSED
COMP006535,CUST076932,FRAUD_ALERT,OPEN
COMP006536,CUST041555,FRAUD_ALERT,CLOSED
COMP006537,CUST023462,LOAN_ISSUE,CLOSED
COMP006538,CUST094372,FRAUD_ALERT,OPEN
COMP006539,CUST050961,FRAUD_ALERT,CLOSED
COMP006540,CUST032801,LOAN_ISSUE,OPEN
COMP006541,CUST062774,UPI_ISSUE,OPEN
COMP006542,CUST098974,FRAUD_ALERT,OPEN
COMP006543,CUST094058,FRAUD_ALERT,CLOSED
COMP006544,CUST087127,UPI_ISSUE,CLOSED
COMP006545,CUST049647,UPI_ISSUE,CLOSED
COMP006546,CUST089465,LOAN_ISSUE,CLOSED
COMP006547,CUST098699,FRAUD_ALERT,OPEN
COMP006548,CUST050817,LOAN_ISSUE,CLOSED
COMP006549,CUST037658,CARD_ISSUE,CLOSED
COMP006550,CUST011820,CARD_ISSUE,CLOSED
COMP006551,CUST028578,UPI_ISSUE,CLOSED
COMP006552,CUST029881,LOAN_ISSUE,OPEN
COMP006553,CUST089449,UPI_ISSUE,CLOSED
COMP006554,CUST029703,CARD_ISSUE,CLOSED
COMP006555,CUST008252,FRAUD_ALERT,OPEN
COMP006556,CUST098469,UPI_ISSUE,OPEN
COMP006557,CUST070114,CARD_ISSUE,OPEN
COMP006558,CUST060926,FRAUD_ALERT,CLOSED
COMP006559,CUST040627,LOAN_ISSUE,OPEN
COMP006560,CUST053170,UPI_ISSUE,OPEN
COMP006561,CUST077752,CARD_ISSUE,CLOSED
COMP006562,CUST042957,LOAN_ISSUE,OPEN
COMP006563,CUST054320,LOAN_ISSUE,CLOSED
COMP006564,CUST014455,CARD_ISSUE,CLOSED
COMP006565,CUST022546,FRAUD_ALERT,CLOSED
COMP006566,CUST006734,LOAN_ISSUE,OPEN
COMP006567,CUST056733,LOAN_ISSUE,OPEN
COMP006568,CUST067001,FRAUD_ALERT,CLOSED
COMP006569,CUST097913,FRAUD_ALERT,OPEN
COMP006570,CUST003882,LOAN_ISSUE,CLOSED
COMP006571,CUST013128,FRAUD_ALERT,CLOSED
COMP006572,CUST054216,FRAUD_ALERT,CLOSED
COMP006573,CUST014644,CARD_ISSUE,CLOSED
COMP006574,CUST022224,FRAUD_ALERT,CLOSED
COMP006575,CUST047102,CARD_ISSUE,CLOSED
COMP006576,CUST075763,CARD_ISSUE,OPEN
COMP006577,CUST015280,LOAN_ISSUE,CLOSED
COMP006578,CUST097063,LOAN_ISSUE,CLOSED
COMP006579,CUST071626,FRAUD_ALERT,OPEN
COMP006580,CUST044602,LOAN_ISSUE,CLOSED
COMP006581,CUST079384,CARD_ISSUE,CLOSED
COMP006582,CUST037401,UPI_ISSUE,OPEN
COMP006583,CUST063962,LOAN_ISSUE,CLOSED
COMP006584,CUST083756,FRAUD_ALERT,CLOSED
COMP006585,CUST057127,LOAN_ISSUE,OPEN
COMP006586,CUST012546,LOAN_ISSUE,OPEN
COMP006587,CUST081328,LOAN_ISSUE,OPEN
COMP006588,CUST003686,FRAUD_ALERT,CLOSED
COMP006589,CUST011889,LOAN_ISSUE,OPEN
COMP006590,CUST083885,CARD_ISSUE,OPEN
COMP006591,CUST061485,FRAUD_ALERT,CLOSED
COMP006592,CUST078377,CARD_ISSUE,CLOSED
COMP006593,CUST010880,FRAUD_ALERT,CLOSED
COMP006594,CUST075616,UPI_ISSUE,CLOSED
COMP006595,CUST061393,FRAUD_ALERT,OPEN
COMP006596,CUST013007,FRAUD_ALERT,OPEN
COMP006597,CUST036751,UPI_ISSUE,OPEN
COMP006598,CUST047837,CARD_ISSUE,OPEN
COMP006599,CUST003517,CARD_ISSUE,CLOSED
COMP006600,CUST032590,UPI_ISSUE,CLOSED
COMP006601,CUST066671,CARD_ISSUE,CLOSED
COMP006602,CUST060551,UPI_ISSUE,OPEN
COMP006603,CUST029425,FRAUD_ALERT,OPEN
COMP006604,CUST043602,LOAN_ISSUE,CLOSED
COMP006605,CUST088373,FRAUD_ALERT,OPEN
COMP006606,CUST096292,FRAUD_ALERT,OPEN
COMP006607,CUST001987,CARD_ISSUE,CLOSED
COMP006608,CUST081506,FRAUD_ALERT,OPEN
COMP006609,CUST063040,CARD_ISSUE,CLOSED
COMP006610,CUST029459,LOAN_ISSUE,OPEN
COMP006611,CUST031881,FRAUD_ALERT,OPEN
COMP006612,CUST080669,FRAUD_ALERT,OPEN
COMP006613,CUST058462,FRAUD_ALERT,OPEN
COMP006614,CUST003667,FRAUD_ALERT,CLOSED
COMP006615,CUST094729,FRAUD_ALERT,OPEN
COMP006616,CUST009773,LOAN_ISSUE,OPEN
COMP006617,CUST096848,CARD_ISSUE,OPEN
COMP006618,CUST038152,LOAN_ISSUE,OPEN
COMP006619,CUST009875,CARD_ISSUE,OPEN
COMP006620,CUST012058,CARD_ISSUE,CLOSED
COMP006621,CUST026274,CARD_ISSUE,CLOSED
COMP006622,CUST016780,LOAN_ISSUE,CLOSED
COMP006623,CUST011084,FRAUD_ALERT,OPEN
COMP006624,CUST015346,LOAN_ISSUE,CLOSED
COMP006625,CUST085933,UPI_ISSUE,CLOSED
COMP006626,CUST064093,FRAUD_ALERT,CLOSED
COMP006627,CUST021308,UPI_ISSUE,CLOSED
COMP006628,CUST055210,LOAN_ISSUE,OPEN
COMP006629,CUST036755,UPI_ISSUE,CLOSED
COMP006630,CUST043610,CARD_ISSUE,OPEN
COMP006631,CUST022137,LOAN_ISSUE,OPEN
COMP006632,CUST029538,CARD_ISSUE,CLOSED
COMP006633,CUST016756,LOAN_ISSUE,OPEN
COMP006634,CUST057331,LOAN_ISSUE,CLOSED
COMP006635,CUST036241,LOAN_ISSUE,CLOSED
COMP006636,CUST065915,LOAN_ISSUE,OPEN
COMP006637,CUST013825,CARD_ISSUE,CLOSED
COMP006638,CUST054704,CARD_ISSUE,OPEN
COMP006639,CUST054250,CARD_ISSUE,CLOSED
COMP006640,CUST071955,UPI_ISSUE,OPEN
COMP006641,CUST052806,UPI_ISSUE,CLOSED
COMP006642,CUST007246,FRAUD_ALERT,OPEN
COMP006643,CUST082546,UPI_ISSUE,OPEN
COMP006644,CUST059604,UPI_ISSUE,OPEN
COMP006645,CUST095802,UPI_ISSUE,OPEN
COMP006646,CUST014286,LOAN_ISSUE,CLOSED
COMP006647,CUST050028,CARD_ISSUE,OPEN
COMP006648,CUST087167,UPI_ISSUE,CLOSED
COMP006649,CUST078981,FRAUD_ALERT,OPEN
COMP006650,CUST067070,UPI_ISSUE,CLOSED
COMP006651,CUST069935,FRAUD_ALERT,OPEN
COMP006652,CUST076567,LOAN_ISSUE,OPEN
COMP006653,CUST018006,CARD_ISSUE,CLOSED
COMP006654,CUST013975,LOAN_ISSUE,OPEN
COMP006655,CUST032980,LOAN_ISSUE,OPEN
COMP006656,CUST092074,FRAUD_ALERT,CLOSED
COMP006657,CUST088034,UPI_ISSUE,OPEN
COMP006658,CUST054702,FRAUD_ALERT,CLOSED
COMP006659,CUST013551,FRAUD_ALERT,CLOSED
COMP006660,CUST054368,LOAN_ISSUE,CLOSED
COMP006661,CUST081806,CARD_ISSUE,CLOSED
COMP006662,CUST081967,FRAUD_ALERT,CLOSED
COMP006663,CUST085489,LOAN_ISSUE,CLOSED
COMP006664,CUST004031,CARD_ISSUE,CLOSED
COMP006665,CUST092441,UPI_ISSUE,CLOSED
COMP006666,CUST096380,CARD_ISSUE,CLOSED
COMP006667,CUST057310,LOAN_ISSUE,OPEN
COMP006668,CUST073553,FRAUD_ALERT,CLOSED
COMP006669,CUST045162,UPI_ISSUE,OPEN
COMP006670,CUST050659,CARD_ISSUE,OPEN
COMP006671,CUST052928,FRAUD_ALERT,CLOSED
COMP006672,CUST097338,UPI_ISSUE,OPEN
COMP006673,CUST052484,LOAN_ISSUE,OPEN
COMP006674,CUST019830,LOAN_ISSUE,OPEN
COMP006675,CUST048981,CARD_ISSUE,CLOSED
COMP006676,CUST059424,FRAUD_ALERT,CLOSED
COMP006677,CUST032614,CARD_ISSUE,OPEN
COMP006678,CUST084203,UPI_ISSUE,OPEN
COMP006679,CUST002917,FRAUD_ALERT,OPEN
COMP006680,CUST045719,LOAN_ISSUE,OPEN
COMP006681,CUST015781,LOAN_ISSUE,CLOSED
COMP006682,CUST039509,CARD_ISSUE,OPEN
COMP006683,CUST069283,UPI_ISSUE,OPEN
COMP006684,CUST061079,UPI_ISSUE,OPEN
COMP006685,CUST050902,LOAN_ISSUE,CLOSED
COMP006686,CUST048332,LOAN_ISSUE,CLOSED
COMP006687,CUST029820,CARD_ISSUE,OPEN
COMP006688,CUST072023,LOAN_ISSUE,OPEN
COMP006689,CUST050872,CARD_ISSUE,CLOSED
COMP006690,CUST014148,LOAN_ISSUE,CLOSED
COMP006691,CUST081481,FRAUD_ALERT,OPEN
COMP006692,CUST091195,CARD_ISSUE,CLOSED
COMP006693,CUST096087,CARD_ISSUE,OPEN
COMP006694,CUST067907,UPI_ISSUE,CLOSED
COMP006695,CUST066102,CARD_ISSUE,CLOSED
COMP006696,CUST004768,FRAUD_ALERT,OPEN
COMP006697,CUST030660,LOAN_ISSUE,OPEN
COMP006698,CUST071980,LOAN_ISSUE,OPEN
COMP006699,CUST071794,UPI_ISSUE,OPEN
COMP006700,CUST020572,LOAN_ISSUE,CLOSED
COMP006701,CUST016291,CARD_ISSUE,OPEN
COMP006702,CUST017014,CARD_ISSUE,CLOSED
COMP006703,CUST053437,FRAUD_ALERT,OPEN
COMP006704,CUST005767,FRAUD_ALERT,OPEN
COMP006705,CUST073190,FRAUD_ALERT,OPEN
COMP006706,CUST067715,UPI_ISSUE,OPEN
COMP006707,CUST026841,CARD_ISSUE,OPEN
COMP006708,CUST003818,UPI_ISSUE,CLOSED
COMP006709,CUST092580,LOAN_ISSUE,CLOSED
COMP006710,CUST006301,UPI_ISSUE,CLOSED
COMP006711,CUST068018,LOAN_ISSUE,OPEN
COMP006712,CUST023485,CARD_ISSUE,OPEN
COMP006713,CUST060544,FRAUD_ALERT,CLOSED
COMP006714,CUST010910,LOAN_ISSUE,OPEN
COMP006715,CUST044068,UPI_ISSUE,OPEN
COMP006716,CUST038131,FRAUD_ALERT,CLOSED
COMP006717,CUST098083,UPI_ISSUE,OPEN
COMP006718,CUST055667,FRAUD_ALERT,OPEN
COMP006719,CUST056820,LOAN_ISSUE,OPEN
COMP006720,CUST057719,UPI_ISSUE,OPEN
COMP006721,CUST086299,FRAUD_ALERT,CLOSED
COMP006722,CUST079001,UPI_ISSUE,OPEN
COMP006723,CUST051226,UPI_ISSUE,OPEN
COMP006724,CUST008453,UPI_ISSUE,OPEN
COMP006725,CUST092649,UPI_ISSUE,OPEN
COMP006726,CUST079730,FRAUD_ALERT,OPEN
COMP006727,CUST063972,CARD_ISSUE,OPEN
COMP006728,CUST036697,UPI_ISSUE,CLOSED
COMP006729,CUST048857,CARD_ISSUE,CLOSED
COMP006730,CUST008048,LOAN_ISSUE,CLOSED
COMP006731,CUST084057,FRAUD_ALERT,CLOSED
COMP006732,CUST052951,LOAN_ISSUE,CLOSED
COMP006733,CUST083540,CARD_ISSUE,CLOSED
COMP006734,CUST061318,UPI_ISSUE,OPEN
COMP006735,CUST056403,UPI_ISSUE,CLOSED
COMP006736,CUST068644,LOAN_ISSUE,CLOSED
COMP006737,CUST082187,FRAUD_ALERT,CLOSED
COMP006738,CUST060112,LOAN_ISSUE,OPEN
COMP006739,CUST015546,CARD_ISSUE,CLOSED
COMP006740,CUST068421,UPI_ISSUE,CLOSED
COMP006741,CUST098997,UPI_ISSUE,CLOSED
COMP006742,CUST053373,FRAUD_ALERT,OPEN
COMP006743,CUST035661,UPI_ISSUE,OPEN
COMP006744,CUST064202,UPI_ISSUE,OPEN
COMP006745,CUST044393,FRAUD_ALERT,CLOSED
COMP006746,CUST030616,FRAUD_ALERT,CLOSED
COMP006747,CUST012263,CARD_ISSUE,OPEN
COMP006748,CUST065750,CARD_ISSUE,CLOSED
COMP006749,CUST061932,CARD_ISSUE,OPEN
COMP006750,CUST026033,CARD_ISSUE,OPEN
COMP006751,CUST097010,UPI_ISSUE,CLOSED
COMP006752,CUST001250,UPI_ISSUE,OPEN
COMP006753,CUST080310,FRAUD_ALERT,CLOSED
COMP006754,CUST052869,UPI_ISSUE,OPEN
COMP006755,CUST093828,CARD_ISSUE,CLOSED
COMP006756,CUST097137,LOAN_ISSUE,CLOSED
COMP006757,CUST034448,FRAUD_ALERT,OPEN
COMP006758,CUST019318,FRAUD_ALERT,OPEN
COMP006759,CUST074311,LOAN_ISSUE,CLOSED
COMP006760,CUST091586,UPI_ISSUE,CLOSED
COMP006761,CUST053288,UPI_ISSUE,OPEN
COMP006762,CUST037156,LOAN_ISSUE,CLOSED
COMP006763,CUST027919,CARD_ISSUE,OPEN
COMP006764,CUST030023,CARD_ISSUE,CLOSED
COMP006765,CUST032312,UPI_ISSUE,CLOSED
COMP006766,CUST069996,FRAUD_ALERT,CLOSED
COMP006767,CUST099150,LOAN_ISSUE,CLOSED
COMP006768,CUST019557,UPI_ISSUE,CLOSED
COMP006769,CUST033947,FRAUD_ALERT,CLOSED
COMP006770,CUST017150,CARD_ISSUE,OPEN
COMP006771,CUST073665,LOAN_ISSUE,OPEN
COMP006772,CUST055162,UPI_ISSUE,CLOSED
COMP006773,CUST033104,CARD_ISSUE,OPEN
COMP006774,CUST016984,UPI_ISSUE,CLOSED
COMP006775,CUST041436,UPI_ISSUE,OPEN
COMP006776,CUST012894,CARD_ISSUE,OPEN
COMP006777,CUST081500,UPI_ISSUE,OPEN
COMP006778,CUST060445,FRAUD_ALERT,CLOSED
COMP006779,CUST081358,UPI_ISSUE,OPEN
COMP006780,CUST050648,FRAUD_ALERT,CLOSED
COMP006781,CUST015745,FRAUD_ALERT,CLOSED
COMP006782,CUST080077,FRAUD_ALERT,CLOSED
COMP006783,CUST052321,UPI_ISSUE,OPEN
COMP006784,CUST039274,UPI_ISSUE,OPEN
COMP006785,CUST014645,CARD_ISSUE,OPEN
COMP006786,CUST052299,FRAUD_ALERT,CLOSED
COMP006787,CUST062073,UPI_ISSUE,CLOSED
COMP006788,CUST071150,UPI_ISSUE,CLOSED
COMP006789,CUST098983,UPI_ISSUE,CLOSED
COMP006790,CUST041127,FRAUD_ALERT,OPEN
COMP006791,CUST015784,CARD_ISSUE,OPEN
COMP006792,CUST087298,LOAN_ISSUE,OPEN
COMP006793,CUST090660,LOAN_ISSUE,OPEN
COMP006794,CUST026518,LOAN_ISSUE,CLOSED
COMP006795,CUST014450,FRAUD_ALERT,CLOSED
COMP006796,CUST082062,LOAN_ISSUE,OPEN
COMP006797,CUST083123,LOAN_ISSUE,CLOSED
COMP006798,CUST082382,CARD_ISSUE,OPEN
COMP006799,CUST089549,UPI_ISSUE,CLOSED
COMP006800,CUST052205,UPI_ISSUE,OPEN
COMP006801,CUST038662,LOAN_ISSUE,CLOSED
COMP006802,CUST098999,UPI_ISSUE,CLOSED
COMP006803,CUST095257,UPI_ISSUE,OPEN
COMP006804,CUST024418,CARD_ISSUE,CLOSED
COMP006805,CUST064996,CARD_ISSUE,CLOSED
COMP006806,CUST032626,LOAN_ISSUE,OPEN
COMP006807,CUST013605,CARD_ISSUE,OPEN
COMP006808,CUST062428,FRAUD_ALERT,OPEN
COMP006809,CUST063054,FRAUD_ALERT,OPEN
COMP006810,CUST078899,UPI_ISSUE,OPEN
COMP006811,CUST002664,LOAN_ISSUE,CLOSED
COMP006812,CUST082478,LOAN_ISSUE,OPEN
COMP006813,CUST013568,FRAUD_ALERT,OPEN
COMP006814,CUST085318,UPI_ISSUE,CLOSED
COMP006815,CUST007133,UPI_ISSUE,OPEN
COMP006816,CUST095482,LOAN_ISSUE,OPEN
COMP006817,CUST074900,FRAUD_ALERT,OPEN
COMP006818,CUST067576,FRAUD_ALERT,CLOSED
COMP006819,CUST035800,UPI_ISSUE,CLOSED
COMP006820,CUST048731,UPI_ISSUE,CLOSED
COMP006821,CUST002467,LOAN_ISSUE,OPEN
COMP006822,CUST010589,CARD_ISSUE,CLOSED
COMP006823,CUST084247,UPI_ISSUE,CLOSED
COMP006824,CUST091495,LOAN_ISSUE,OPEN
COMP006825,CUST032663,UPI_ISSUE,CLOSED
COMP006826,CUST038052,UPI_ISSUE,OPEN
COMP006827,CUST057792,CARD_ISSUE,CLOSED
COMP006828,CUST061075,CARD_ISSUE,CLOSED
COMP006829,CUST069343,UPI_ISSUE,CLOSED
COMP006830,CUST094860,FRAUD_ALERT,OPEN
COMP006831,CUST008817,FRAUD_ALERT,CLOSED
COMP006832,CUST018719,FRAUD_ALERT,OPEN
COMP006833,CUST033074,FRAUD_ALERT,OPEN
COMP006834,CUST068771,CARD_ISSUE,CLOSED
COMP006835,CUST085697,LOAN_ISSUE,OPEN
COMP006836,CUST043927,FRAUD_ALERT,CLOSED
COMP006837,CUST069089,FRAUD_ALERT,CLOSED
COMP006838,CUST046124,LOAN_ISSUE,CLOSED
COMP006839,CUST030548,FRAUD_ALERT,CLOSED
COMP006840,CUST025646,CARD_ISSUE,OPEN
COMP006841,CUST019125,LOAN_ISSUE,CLOSED
COMP006842,CUST055169,FRAUD_ALERT,CLOSED
COMP006843,CUST037999,LOAN_ISSUE,OPEN
COMP006844,CUST090499,CARD_ISSUE,OPEN
COMP006845,CUST041222,FRAUD_ALERT,OPEN
COMP006846,CUST045018,CARD_ISSUE,OPEN
COMP006847,CUST079410,CARD_ISSUE,CLOSED
COMP006848,CUST062952,CARD_ISSUE,OPEN
COMP006849,CUST060259,UPI_ISSUE,CLOSED
COMP006850,CUST087336,UPI_ISSUE,CLOSED
COMP006851,CUST032038,UPI_ISSUE,OPEN
COMP006852,CUST002451,CARD_ISSUE,OPEN
COMP006853,CUST011204,FRAUD_ALERT,CLOSED
COMP006854,CUST092919,CARD_ISSUE,OPEN
COMP006855,CUST015626,UPI_ISSUE,OPEN
COMP006856,CUST024727,CARD_ISSUE,CLOSED
COMP006857,CUST039095,UPI_ISSUE,OPEN
COMP006858,CUST028895,LOAN_ISSUE,OPEN
COMP006859,CUST087597,LOAN_ISSUE,CLOSED
COMP006860,CUST019703,CARD_ISSUE,OPEN
COMP006861,CUST054689,LOAN_ISSUE,OPEN
COMP006862,CUST017793,LOAN_ISSUE,OPEN
COMP006863,CUST072177,FRAUD_ALERT,CLOSED
COMP006864,CUST056194,CARD_ISSUE,CLOSED
COMP006865,CUST079823,FRAUD_ALERT,CLOSED
COMP006866,CUST081926,UPI_ISSUE,CLOSED
COMP006867,CUST045461,FRAUD_ALERT,OPEN
COMP006868,CUST035916,LOAN_ISSUE,CLOSED
COMP006869,CUST036383,UPI_ISSUE,OPEN
COMP006870,CUST025911,LOAN_ISSUE,CLOSED
COMP006871,CUST051593,LOAN_ISSUE,CLOSED
COMP006872,CUST054206,LOAN_ISSUE,OPEN
COMP006873,CUST049572,FRAUD_ALERT,CLOSED
COMP006874,CUST016269,UPI_ISSUE,OPEN
COMP006875,CUST037819,LOAN_ISSUE,CLOSED
COMP006876,CUST043501,LOAN_ISSUE,CLOSED
COMP006877,CUST085938,CARD_ISSUE,CLOSED
COMP006878,CUST032203,UPI_ISSUE,OPEN
COMP006879,CUST095106,LOAN_ISSUE,OPEN
COMP006880,CUST032667,CARD_ISSUE,CLOSED
COMP006881,CUST031797,LOAN_ISSUE,CLOSED
COMP006882,CUST063905,CARD_ISSUE,CLOSED
COMP006883,CUST039591,UPI_ISSUE,CLOSED
COMP006884,CUST079671,UPI_ISSUE,OPEN
COMP006885,CUST077193,UPI_ISSUE,CLOSED
COMP006886,CUST081433,UPI_ISSUE,OPEN
COMP006887,CUST023730,CARD_ISSUE,CLOSED
COMP006888,CUST035298,FRAUD_ALERT,CLOSED
COMP006889,CUST019380,LOAN_ISSUE,OPEN
COMP006890,CUST086582,UPI_ISSUE,CLOSED
COMP006891,CUST022336,FRAUD_ALERT,OPEN
COMP006892,CUST015120,FRAUD_ALERT,OPEN
COMP006893,CUST018468,UPI_ISSUE,OPEN
COMP006894,CUST008828,CARD_ISSUE,OPEN
COMP006895,CUST037969,FRAUD_ALERT,CLOSED
COMP006896,CUST001326,CARD_ISSUE,CLOSED
COMP006897,CUST049649,FRAUD_ALERT,OPEN
COMP006898,CUST038044,UPI_ISSUE,OPEN
COMP006899,CUST083188,CARD_ISSUE,CLOSED
COMP006900,CUST012501,UPI_ISSUE,OPEN
COMP006901,CUST064758,LOAN_ISSUE,CLOSED
COMP006902,CUST014713,FRAUD_ALERT,CLOSED
COMP006903,CUST077360,UPI_ISSUE,CLOSED
COMP006904,CUST044768,CARD_ISSUE,CLOSED
COMP006905,CUST033609,UPI_ISSUE,CLOSED
COMP006906,CUST098068,LOAN_ISSUE,CLOSED
COMP006907,CUST045186,LOAN_ISSUE,CLOSED
COMP006908,CUST072961,CARD_ISSUE,CLOSED
COMP006909,CUST068822,FRAUD_ALERT,CLOSED
COMP006910,CUST082114,UPI_ISSUE,OPEN
COMP006911,CUST037957,UPI_ISSUE,OPEN
COMP006912,CUST072471,CARD_ISSUE,OPEN
COMP006913,CUST060340,LOAN_ISSUE,OPEN
COMP006914,CUST058289,CARD_ISSUE,OPEN
COMP006915,CUST032277,CARD_ISSUE,CLOSED
COMP006916,CUST006423,LOAN_ISSUE,CLOSED
COMP006917,CUST076078,LOAN_ISSUE,CLOSED
COMP006918,CUST001243,CARD_ISSUE,CLOSED
COMP006919,CUST030318,CARD_ISSUE,CLOSED
COMP006920,CUST062189,LOAN_ISSUE,CLOSED
COMP006921,CUST045761,CARD_ISSUE,OPEN
COMP006922,CUST003639,CARD_ISSUE,CLOSED
COMP006923,CUST046348,FRAUD_ALERT,OPEN
COMP006924,CUST015683,LOAN_ISSUE,OPEN
COMP006925,CUST063323,CARD_ISSUE,OPEN
COMP006926,CUST047030,UPI_ISSUE,OPEN
COMP006927,CUST001328,UPI_ISSUE,OPEN
COMP006928,CUST006016,LOAN_ISSUE,CLOSED
COMP006929,CUST014946,UPI_ISSUE,OPEN
COMP006930,CUST091945,CARD_ISSUE,OPEN
COMP006931,CUST076212,FRAUD_ALERT,OPEN
COMP006932,CUST028193,FRAUD_ALERT,OPEN
COMP006933,CUST043538,UPI_ISSUE,CLOSED
COMP006934,CUST059198,CARD_ISSUE,CLOSED
COMP006935,CUST075428,FRAUD_ALERT,CLOSED
COMP006936,CUST038018,FRAUD_ALERT,OPEN
COMP006937,CUST094839,FRAUD_ALERT,OPEN
COMP006938,CUST068394,LOAN_ISSUE,OPEN
COMP006939,CUST086256,FRAUD_ALERT,OPEN
COMP006940,CUST055784,FRAUD_ALERT,OPEN
COMP006941,CUST047280,LOAN_ISSUE,OPEN
COMP006942,CUST059007,UPI_ISSUE,CLOSED
COMP006943,CUST095590,FRAUD_ALERT,OPEN
COMP006944,CUST005500,FRAUD_ALERT,OPEN
COMP006945,CUST056113,CARD_ISSUE,OPEN
COMP006946,CUST007152,UPI_ISSUE,CLOSED
COMP006947,CUST011968,FRAUD_ALERT,CLOSED
COMP006948,CUST030578,FRAUD_ALERT,OPEN
COMP006949,CUST032444,FRAUD_ALERT,CLOSED
COMP006950,CUST082010,UPI_ISSUE,CLOSED
COMP006951,CUST020187,CARD_ISSUE,OPEN
COMP006952,CUST092834,FRAUD_ALERT,CLOSED
COMP006953,CUST044377,FRAUD_ALERT,CLOSED
COMP006954,CUST073596,CARD_ISSUE,OPEN
COMP006955,CUST070522,FRAUD_ALERT,OPEN
COMP006956,CUST032790,LOAN_ISSUE,OPEN
COMP006957,CUST077179,UPI_ISSUE,OPEN
COMP006958,CUST065218,FRAUD_ALERT,OPEN
COMP006959,CUST031422,FRAUD_ALERT,CLOSED
COMP006960,CUST001412,UPI_ISSUE,OPEN
COMP006961,CUST004880,UPI_ISSUE,OPEN
COMP006962,CUST010348,UPI_ISSUE,OPEN
COMP006963,CUST064969,UPI_ISSUE,OPEN
COMP006964,CUST068651,CARD_ISSUE,OPEN
COMP006965,CUST039874,FRAUD_ALERT,OPEN
COMP006966,CUST072476,FRAUD_ALERT,OPEN
COMP006967,CUST010002,CARD_ISSUE,OPEN
COMP006968,CUST019855,UPI_ISSUE,OPEN
COMP006969,CUST021556,FRAUD_ALERT,CLOSED
COMP006970,CUST040063,UPI_ISSUE,OPEN
COMP006971,CUST024120,CARD_ISSUE,OPEN
COMP006972,CUST039116,FRAUD_ALERT,OPEN
COMP006973,CUST074804,CARD_ISSUE,OPEN
COMP006974,CUST074026,UPI_ISSUE,CLOSED
COMP006975,CUST054871,CARD_ISSUE,OPEN
COMP006976,CUST004925,CARD_ISSUE,CLOSED
COMP006977,CUST024556,LOAN_ISSUE,OPEN
COMP006978,CUST091254,LOAN_ISSUE,OPEN
COMP006979,CUST026164,LOAN_ISSUE,OPEN
COMP006980,CUST049920,CARD_ISSUE,CLOSED
COMP006981,CUST033017,UPI_ISSUE,OPEN
COMP006982,CUST095080,UPI_ISSUE,OPEN
COMP006983,CUST069753,FRAUD_ALERT,CLOSED
COMP006984,CUST084152,LOAN_ISSUE,CLOSED
COMP006985,CUST064241,LOAN_ISSUE,OPEN
COMP006986,CUST043712,CARD_ISSUE,OPEN
COMP006987,CUST003108,CARD_ISSUE,CLOSED
COMP006988,CUST051495,CARD_ISSUE,OPEN
COMP006989,CUST058668,LOAN_ISSUE,CLOSED
COMP006990,CUST010690,LOAN_ISSUE,CLOSED
COMP006991,CUST052716,UPI_ISSUE,OPEN
COMP006992,CUST094462,LOAN_ISSUE,CLOSED
COMP006993,CUST010039,UPI_ISSUE,OPEN
COMP006994,CUST077823,FRAUD_ALERT,OPEN
COMP006995,CUST046351,UPI_ISSUE,CLOSED
COMP006996,CUST062103,FRAUD_ALERT,CLOSED
COMP006997,CUST027170,UPI_ISSUE,CLOSED
COMP006998,CUST055781,CARD_ISSUE,OPEN
COMP006999,CUST039197,LOAN_ISSUE,CLOSED
COMP007000,CUST002968,UPI_ISSUE,CLOSED
COMP007001,CUST060938,CARD_ISSUE,CLOSED
COMP007002,CUST090633,LOAN_ISSUE,OPEN
COMP007003,CUST010961,CARD_ISSUE,OPEN
COMP007004,CUST031922,LOAN_ISSUE,CLOSED
COMP007005,CUST083180,CARD_ISSUE,CLOSED
COMP007006,CUST003319,FRAUD_ALERT,OPEN
COMP007007,CUST093938,LOAN_ISSUE,CLOSED
COMP007008,CUST053335,FRAUD_ALERT,CLOSED
COMP007009,CUST007435,LOAN_ISSUE,CLOSED
COMP007010,CUST017424,UPI_ISSUE,OPEN
COMP007011,CUST095282,UPI_ISSUE,OPEN
COMP007012,CUST099713,FRAUD_ALERT,CLOSED
COMP007013,CUST040768,LOAN_ISSUE,CLOSED
COMP007014,CUST036687,LOAN_ISSUE,OPEN
COMP007015,CUST030113,LOAN_ISSUE,OPEN
COMP007016,CUST025863,FRAUD_ALERT,OPEN
COMP007017,CUST024660,CARD_ISSUE,OPEN
COMP007018,CUST064548,LOAN_ISSUE,OPEN
COMP007019,CUST079436,CARD_ISSUE,OPEN
COMP007020,CUST083188,FRAUD_ALERT,CLOSED
COMP007021,CUST097111,LOAN_ISSUE,CLOSED
COMP007022,CUST070070,FRAUD_ALERT,CLOSED
COMP007023,CUST079380,FRAUD_ALERT,OPEN
COMP007024,CUST046383,UPI_ISSUE,CLOSED
COMP007025,CUST038299,UPI_ISSUE,OPEN
COMP007026,CUST073361,FRAUD_ALERT,CLOSED
COMP007027,CUST015695,LOAN_ISSUE,CLOSED
COMP007028,CUST098502,FRAUD_ALERT,CLOSED
COMP007029,CUST056757,CARD_ISSUE,CLOSED
COMP007030,CUST009632,CARD_ISSUE,OPEN
COMP007031,CUST037143,LOAN_ISSUE,OPEN
COMP007032,CUST058380,FRAUD_ALERT,CLOSED
COMP007033,CUST006640,FRAUD_ALERT,OPEN
COMP007034,CUST019251,LOAN_ISSUE,CLOSED
COMP007035,CUST049881,UPI_ISSUE,CLOSED
COMP007036,CUST030259,FRAUD_ALERT,OPEN
COMP007037,CUST077386,UPI_ISSUE,OPEN
COMP007038,CUST029456,UPI_ISSUE,OPEN
COMP007039,CUST086731,UPI_ISSUE,OPEN
COMP007040,CUST007070,FRAUD_ALERT,CLOSED
COMP007041,CUST088139,UPI_ISSUE,CLOSED
COMP007042,CUST067607,CARD_ISSUE,CLOSED
COMP007043,CUST090630,LOAN_ISSUE,CLOSED
COMP007044,CUST023907,FRAUD_ALERT,OPEN
COMP007045,CUST063989,UPI_ISSUE,CLOSED
COMP007046,CUST079437,FRAUD_ALERT,OPEN
COMP007047,CUST069365,FRAUD_ALERT,OPEN
COMP007048,CUST043145,UPI_ISSUE,CLOSED
COMP007049,CUST019757,LOAN_ISSUE,CLOSED
COMP007050,CUST091900,FRAUD_ALERT,CLOSED
COMP007051,CUST006219,LOAN_ISSUE,OPEN
COMP007052,CUST036069,CARD_ISSUE,OPEN
COMP007053,CUST078907,LOAN_ISSUE,OPEN
COMP007054,CUST093995,CARD_ISSUE,CLOSED
COMP007055,CUST030559,LOAN_ISSUE,OPEN
COMP007056,CUST029894,FRAUD_ALERT,OPEN
COMP007057,CUST028259,LOAN_ISSUE,OPEN
COMP007058,CUST023193,UPI_ISSUE,CLOSED
COMP007059,CUST069680,LOAN_ISSUE,CLOSED
COMP007060,CUST021023,UPI_ISSUE,OPEN
COMP007061,CUST089000,LOAN_ISSUE,CLOSED
COMP007062,CUST000147,LOAN_ISSUE,CLOSED
COMP007063,CUST045384,FRAUD_ALERT,CLOSED
COMP007064,CUST007316,UPI_ISSUE,CLOSED
COMP007065,CUST095901,LOAN_ISSUE,OPEN
COMP007066,CUST096119,FRAUD_ALERT,OPEN
COMP007067,CUST096661,CARD_ISSUE,OPEN
COMP007068,CUST043320,LOAN_ISSUE,OPEN
COMP007069,CUST051788,FRAUD_ALERT,CLOSED
COMP007070,CUST066556,FRAUD_ALERT,OPEN
COMP007071,CUST037088,FRAUD_ALERT,CLOSED
COMP007072,CUST026963,CARD_ISSUE,CLOSED
COMP007073,CUST032327,LOAN_ISSUE,CLOSED
COMP007074,CUST042892,UPI_ISSUE,CLOSED
COMP007075,CUST034001,LOAN_ISSUE,CLOSED
COMP007076,CUST088132,FRAUD_ALERT,OPEN
COMP007077,CUST064766,FRAUD_ALERT,OPEN
COMP007078,CUST080616,LOAN_ISSUE,CLOSED
COMP007079,CUST082461,FRAUD_ALERT,OPEN
COMP007080,CUST035224,FRAUD_ALERT,CLOSED
COMP007081,CUST027808,UPI_ISSUE,CLOSED
COMP007082,CUST051732,FRAUD_ALERT,OPEN
COMP007083,CUST061263,FRAUD_ALERT,OPEN
COMP007084,CUST002563,FRAUD_ALERT,CLOSED
COMP007085,CUST074943,LOAN_ISSUE,CLOSED
COMP007086,CUST036421,UPI_ISSUE,OPEN
COMP007087,CUST038861,LOAN_ISSUE,CLOSED
COMP007088,CUST034636,UPI_ISSUE,CLOSED
COMP007089,CUST084650,LOAN_ISSUE,OPEN
COMP007090,CUST095671,CARD_ISSUE,OPEN
COMP007091,CUST035455,UPI_ISSUE,CLOSED
COMP007092,CUST093285,LOAN_ISSUE,CLOSED
COMP007093,CUST079830,FRAUD_ALERT,OPEN
COMP007094,CUST022464,CARD_ISSUE,OPEN
COMP007095,CUST061255,CARD_ISSUE,OPEN
COMP007096,CUST088536,UPI_ISSUE,OPEN
COMP007097,CUST016743,FRAUD_ALERT,OPEN
COMP007098,CUST072607,CARD_ISSUE,CLOSED
COMP007099,CUST001689,FRAUD_ALERT,CLOSED
COMP007100,CUST026350,LOAN_ISSUE,CLOSED
COMP007101,CUST069195,UPI_ISSUE,OPEN
COMP007102,CUST070194,LOAN_ISSUE,CLOSED
COMP007103,CUST038892,LOAN_ISSUE,CLOSED
COMP007104,CUST098722,LOAN_ISSUE,OPEN
COMP007105,CUST085632,FRAUD_ALERT,CLOSED
COMP007106,CUST005969,LOAN_ISSUE,OPEN
COMP007107,CUST046899,LOAN_ISSUE,CLOSED
COMP007108,CUST090007,UPI_ISSUE,CLOSED
COMP007109,CUST047408,UPI_ISSUE,CLOSED
COMP007110,CUST027021,FRAUD_ALERT,CLOSED
COMP007111,CUST066496,UPI_ISSUE,OPEN
COMP007112,CUST050458,LOAN_ISSUE,CLOSED
COMP007113,CUST020378,FRAUD_ALERT,CLOSED
COMP007114,CUST027074,UPI_ISSUE,OPEN
COMP007115,CUST013322,LOAN_ISSUE,OPEN
COMP007116,CUST025534,FRAUD_ALERT,CLOSED
COMP007117,CUST009398,FRAUD_ALERT,CLOSED
COMP007118,CUST091885,FRAUD_ALERT,OPEN
COMP007119,CUST089365,UPI_ISSUE,OPEN
COMP007120,CUST026220,UPI_ISSUE,CLOSED
COMP007121,CUST065526,CARD_ISSUE,CLOSED
COMP007122,CUST078676,UPI_ISSUE,OPEN
COMP007123,CUST098182,UPI_ISSUE,CLOSED
COMP007124,CUST043564,LOAN_ISSUE,OPEN
COMP007125,CUST002701,LOAN_ISSUE,CLOSED
COMP007126,CUST091989,UPI_ISSUE,CLOSED
COMP007127,CUST094826,LOAN_ISSUE,OPEN
COMP007128,CUST025655,LOAN_ISSUE,OPEN
COMP007129,CUST080586,UPI_ISSUE,CLOSED
COMP007130,CUST029054,FRAUD_ALERT,CLOSED
COMP007131,CUST072506,UPI_ISSUE,OPEN
COMP007132,CUST041081,UPI_ISSUE,OPEN
COMP007133,CUST067845,CARD_ISSUE,OPEN
COMP007134,CUST019571,FRAUD_ALERT,OPEN
COMP007135,CUST094136,LOAN_ISSUE,CLOSED
COMP007136,CUST012221,FRAUD_ALERT,OPEN
COMP007137,CUST050598,CARD_ISSUE,CLOSED
COMP007138,CUST079657,FRAUD_ALERT,CLOSED
COMP007139,CUST066847,CARD_ISSUE,OPEN
COMP007140,CUST093818,UPI_ISSUE,OPEN
COMP007141,CUST071654,CARD_ISSUE,OPEN
COMP007142,CUST080172,FRAUD_ALERT,OPEN
COMP007143,CUST018226,FRAUD_ALERT,OPEN
COMP007144,CUST018395,FRAUD_ALERT,CLOSED
COMP007145,CUST073045,UPI_ISSUE,OPEN
COMP007146,CUST083556,CARD_ISSUE,OPEN
COMP007147,CUST043773,UPI_ISSUE,CLOSED
COMP007148,CUST066086,CARD_ISSUE,CLOSED
COMP007149,CUST015308,UPI_ISSUE,CLOSED
COMP007150,CUST098473,FRAUD_ALERT,CLOSED
COMP007151,CUST017007,FRAUD_ALERT,OPEN
COMP007152,CUST023456,CARD_ISSUE,OPEN
COMP007153,CUST086999,CARD_ISSUE,OPEN
COMP007154,CUST071685,UPI_ISSUE,OPEN
COMP007155,CUST063401,UPI_ISSUE,OPEN
COMP007156,CUST079088,LOAN_ISSUE,OPEN
COMP007157,CUST048397,FRAUD_ALERT,CLOSED
COMP007158,CUST086600,LOAN_ISSUE,CLOSED
COMP007159,CUST068265,CARD_ISSUE,CLOSED
COMP007160,CUST065203,UPI_ISSUE,CLOSED
COMP007161,CUST028143,CARD_ISSUE,OPEN
COMP007162,CUST002771,LOAN_ISSUE,OPEN
COMP007163,CUST088189,LOAN_ISSUE,CLOSED
COMP007164,CUST021042,FRAUD_ALERT,OPEN
COMP007165,CUST008622,LOAN_ISSUE,CLOSED
COMP007166,CUST031208,CARD_ISSUE,CLOSED
COMP007167,CUST057588,FRAUD_ALERT,CLOSED
COMP007168,CUST081008,LOAN_ISSUE,OPEN
COMP007169,CUST095627,CARD_ISSUE,CLOSED
COMP007170,CUST091132,UPI_ISSUE,CLOSED
COMP007171,CUST058432,LOAN_ISSUE,OPEN
COMP007172,CUST010543,LOAN_ISSUE,OPEN
COMP007173,CUST012266,FRAUD_ALERT,CLOSED
COMP007174,CUST081073,LOAN_ISSUE,CLOSED
COMP007175,CUST041869,LOAN_ISSUE,CLOSED
COMP007176,CUST079931,UPI_ISSUE,CLOSED
COMP007177,CUST050260,FRAUD_ALERT,CLOSED
COMP007178,CUST035980,FRAUD_ALERT,CLOSED
COMP007179,CUST008732,CARD_ISSUE,CLOSED
COMP007180,CUST029668,FRAUD_ALERT,CLOSED
COMP007181,CUST033785,CARD_ISSUE,CLOSED
COMP007182,CUST077381,FRAUD_ALERT,CLOSED
COMP007183,CUST033849,LOAN_ISSUE,CLOSED
COMP007184,CUST046711,FRAUD_ALERT,OPEN
COMP007185,CUST004991,CARD_ISSUE,OPEN
COMP007186,CUST017147,FRAUD_ALERT,OPEN
COMP007187,CUST002580,CARD_ISSUE,OPEN
COMP007188,CUST087928,FRAUD_ALERT,CLOSED
COMP007189,CUST081868,FRAUD_ALERT,OPEN
COMP007190,CUST041508,FRAUD_ALERT,CLOSED
COMP007191,CUST054491,FRAUD_ALERT,OPEN
COMP007192,CUST075825,UPI_ISSUE,CLOSED
COMP007193,CUST025649,FRAUD_ALERT,OPEN
COMP007194,CUST090129,LOAN_ISSUE,CLOSED
COMP007195,CUST001061,LOAN_ISSUE,CLOSED
COMP007196,CUST019412,FRAUD_ALERT,OPEN
COMP007197,CUST047184,LOAN_ISSUE,OPEN
COMP007198,CUST031340,LOAN_ISSUE,CLOSED
COMP007199,CUST064595,LOAN_ISSUE,OPEN
COMP007200,CUST004774,CARD_ISSUE,OPEN
COMP007201,CUST013093,CARD_ISSUE,OPEN
COMP007202,CUST041667,UPI_ISSUE,CLOSED
COMP007203,CUST091356,UPI_ISSUE,CLOSED
COMP007204,CUST087449,LOAN_ISSUE,CLOSED
COMP007205,CUST021858,UPI_ISSUE,OPEN
COMP007206,CUST077914,LOAN_ISSUE,OPEN
COMP007207,CUST039662,FRAUD_ALERT,OPEN
COMP007208,CUST088194,UPI_ISSUE,OPEN
COMP007209,CUST073480,LOAN_ISSUE,OPEN
COMP007210,CUST039359,CARD_ISSUE,OPEN
COMP007211,CUST061581,UPI_ISSUE,OPEN
COMP007212,CUST000062,UPI_ISSUE,OPEN
COMP007213,CUST000281,LOAN_ISSUE,CLOSED
COMP007214,CUST026232,UPI_ISSUE,OPEN
COMP007215,CUST082383,CARD_ISSUE,CLOSED
COMP007216,CUST066898,FRAUD_ALERT,OPEN
COMP007217,CUST044746,UPI_ISSUE,OPEN
COMP007218,CUST020250,FRAUD_ALERT,OPEN
COMP007219,CUST003775,CARD_ISSUE,CLOSED
COMP007220,CUST002839,LOAN_ISSUE,CLOSED
COMP007221,CUST051814,LOAN_ISSUE,OPEN
COMP007222,CUST051671,UPI_ISSUE,OPEN
COMP007223,CUST002929,UPI_ISSUE,CLOSED
COMP007224,CUST021568,FRAUD_ALERT,CLOSED
COMP007225,CUST014340,CARD_ISSUE,OPEN
COMP007226,CUST026051,UPI_ISSUE,CLOSED
COMP007227,CUST035341,UPI_ISSUE,OPEN
COMP007228,CUST014993,FRAUD_ALERT,CLOSED
COMP007229,CUST034009,FRAUD_ALERT,CLOSED
COMP007230,CUST067590,FRAUD_ALERT,CLOSED
COMP007231,CUST041680,LOAN_ISSUE,CLOSED
COMP007232,CUST075182,CARD_ISSUE,CLOSED
COMP007233,CUST093450,LOAN_ISSUE,OPEN
COMP007234,CUST017340,UPI_ISSUE,OPEN
COMP007235,CUST020825,UPI_ISSUE,CLOSED
COMP007236,CUST032665,LOAN_ISSUE,OPEN
COMP007237,CUST052970,CARD_ISSUE,OPEN
COMP007238,CUST087902,CARD_ISSUE,OPEN
COMP007239,CUST020208,UPI_ISSUE,OPEN
COMP007240,CUST047825,FRAUD_ALERT,OPEN
COMP007241,CUST082221,FRAUD_ALERT,CLOSED
COMP007242,CUST096501,CARD_ISSUE,OPEN
COMP007243,CUST045340,CARD_ISSUE,OPEN
COMP007244,CUST046714,UPI_ISSUE,OPEN
COMP007245,CUST064021,LOAN_ISSUE,CLOSED
COMP007246,CUST009307,LOAN_ISSUE,OPEN
COMP007247,CUST071547,FRAUD_ALERT,CLOSED
COMP007248,CUST027960,FRAUD_ALERT,OPEN
COMP007249,CUST029589,FRAUD_ALERT,OPEN
COMP007250,CUST035862,FRAUD_ALERT,CLOSED
COMP007251,CUST066665,UPI_ISSUE,CLOSED
COMP007252,CUST072510,FRAUD_ALERT,OPEN
COMP007253,CUST088924,UPI_ISSUE,OPEN
COMP007254,CUST026108,FRAUD_ALERT,CLOSED
COMP007255,CUST070137,FRAUD_ALERT,CLOSED
COMP007256,CUST013961,CARD_ISSUE,OPEN
COMP007257,CUST010469,CARD_ISSUE,CLOSED
COMP007258,CUST081090,CARD_ISSUE,CLOSED
COMP007259,CUST047712,FRAUD_ALERT,CLOSED
COMP007260,CUST014336,LOAN_ISSUE,CLOSED
COMP007261,CUST027067,UPI_ISSUE,OPEN
COMP007262,CUST052810,UPI_ISSUE,CLOSED
COMP007263,CUST081685,LOAN_ISSUE,OPEN
COMP007264,CUST011068,CARD_ISSUE,OPEN
COMP007265,CUST051746,FRAUD_ALERT,OPEN
COMP007266,CUST077060,CARD_ISSUE,CLOSED
COMP007267,CUST023529,CARD_ISSUE,OPEN
COMP007268,CUST051448,FRAUD_ALERT,CLOSED
COMP007269,CUST091347,FRAUD_ALERT,CLOSED
COMP007270,CUST017095,CARD_ISSUE,OPEN
COMP007271,CUST097958,FRAUD_ALERT,CLOSED
COMP007272,CUST093419,UPI_ISSUE,CLOSED
COMP007273,CUST027500,UPI_ISSUE,OPEN
COMP007274,CUST033477,FRAUD_ALERT,CLOSED
COMP007275,CUST084726,CARD_ISSUE,CLOSED
COMP007276,CUST005857,CARD_ISSUE,OPEN
COMP007277,CUST013257,LOAN_ISSUE,OPEN
COMP007278,CUST008939,CARD_ISSUE,CLOSED
COMP007279,CUST066549,CARD_ISSUE,CLOSED
COMP007280,CUST004093,LOAN_ISSUE,CLOSED
COMP007281,CUST093283,FRAUD_ALERT,OPEN
COMP007282,CUST060420,LOAN_ISSUE,CLOSED
COMP007283,CUST087555,CARD_ISSUE,CLOSED
COMP007284,CUST090189,CARD_ISSUE,CLOSED
COMP007285,CUST015714,FRAUD_ALERT,CLOSED
COMP007286,CUST023971,LOAN_ISSUE,CLOSED
COMP007287,CUST093067,UPI_ISSUE,OPEN
COMP007288,CUST034666,CARD_ISSUE,CLOSED
COMP007289,CUST001996,FRAUD_ALERT,CLOSED
COMP007290,CUST040099,UPI_ISSUE,OPEN
COMP007291,CUST063775,FRAUD_ALERT,CLOSED
COMP007292,CUST000527,FRAUD_ALERT,OPEN
COMP007293,CUST019033,FRAUD_ALERT,OPEN
COMP007294,CUST034398,LOAN_ISSUE,OPEN
COMP007295,CUST023829,LOAN_ISSUE,CLOSED
COMP007296,CUST098002,UPI_ISSUE,CLOSED
COMP007297,CUST067284,FRAUD_ALERT,CLOSED
COMP007298,CUST018716,LOAN_ISSUE,CLOSED
COMP007299,CUST031905,FRAUD_ALERT,CLOSED
COMP007300,CUST080514,CARD_ISSUE,CLOSED
COMP007301,CUST070384,UPI_ISSUE,OPEN
COMP007302,CUST019853,LOAN_ISSUE,CLOSED
COMP007303,CUST067381,FRAUD_ALERT,CLOSED
COMP007304,CUST028590,LOAN_ISSUE,CLOSED
COMP007305,CUST039019,LOAN_ISSUE,CLOSED
COMP007306,CUST070612,LOAN_ISSUE,OPEN
COMP007307,CUST018901,FRAUD_ALERT,OPEN
COMP007308,CUST010031,FRAUD_ALERT,OPEN
COMP007309,CUST030487,LOAN_ISSUE,CLOSED
COMP007310,CUST056937,LOAN_ISSUE,OPEN
COMP007311,CUST095790,CARD_ISSUE,CLOSED
COMP007312,CUST058771,FRAUD_ALERT,OPEN
COMP007313,CUST048945,CARD_ISSUE,CLOSED
COMP007314,CUST020247,FRAUD_ALERT,OPEN
COMP007315,CUST080910,LOAN_ISSUE,OPEN
COMP007316,CUST027881,LOAN_ISSUE,OPEN
COMP007317,CUST077245,CARD_ISSUE,OPEN
COMP007318,CUST046356,LOAN_ISSUE,OPEN
COMP007319,CUST086489,LOAN_ISSUE,CLOSED
COMP007320,CUST047263,FRAUD_ALERT,CLOSED
COMP007321,CUST070498,UPI_ISSUE,CLOSED
COMP007322,CUST004666,FRAUD_ALERT,OPEN
COMP007323,CUST001354,UPI_ISSUE,OPEN
COMP007324,CUST097929,CARD_ISSUE,CLOSED
COMP007325,CUST010855,UPI_ISSUE,CLOSED
COMP007326,CUST048878,UPI_ISSUE,OPEN
COMP007327,CUST085929,LOAN_ISSUE,CLOSED
COMP007328,CUST010372,FRAUD_ALERT,OPEN
COMP007329,CUST076568,FRAUD_ALERT,OPEN
COMP007330,CUST023686,FRAUD_ALERT,OPEN
COMP007331,CUST031896,LOAN_ISSUE,CLOSED
COMP007332,CUST043107,CARD_ISSUE,OPEN
COMP007333,CUST062109,FRAUD_ALERT,CLOSED
COMP007334,CUST056488,CARD_ISSUE,OPEN
COMP007335,CUST055455,LOAN_ISSUE,CLOSED
COMP007336,CUST087858,FRAUD_ALERT,OPEN
COMP007337,CUST015966,FRAUD_ALERT,CLOSED
COMP007338,CUST017776,UPI_ISSUE,OPEN
COMP007339,CUST008784,CARD_ISSUE,CLOSED
COMP007340,CUST085599,UPI_ISSUE,OPEN
COMP007341,CUST005549,FRAUD_ALERT,OPEN
COMP007342,CUST038534,CARD_ISSUE,CLOSED
COMP007343,CUST087604,UPI_ISSUE,CLOSED
COMP007344,CUST096087,LOAN_ISSUE,OPEN
COMP007345,CUST059392,CARD_ISSUE,OPEN
COMP007346,CUST044800,FRAUD_ALERT,OPEN
COMP007347,CUST018348,FRAUD_ALERT,CLOSED
COMP007348,CUST059114,LOAN_ISSUE,CLOSED
COMP007349,CUST045344,FRAUD_ALERT,CLOSED
COMP007350,CUST062724,LOAN_ISSUE,CLOSED
COMP007351,CUST046421,CARD_ISSUE,CLOSED
COMP007352,CUST090348,CARD_ISSUE,CLOSED
COMP007353,CUST098066,LOAN_ISSUE,CLOSED
COMP007354,CUST075062,CARD_ISSUE,CLOSED
COMP007355,CUST069676,CARD_ISSUE,OPEN
COMP007356,CUST073776,UPI_ISSUE,CLOSED
COMP007357,CUST056410,LOAN_ISSUE,CLOSED
COMP007358,CUST063786,CARD_ISSUE,CLOSED
COMP007359,CUST035661,LOAN_ISSUE,CLOSED
COMP007360,CUST041750,CARD_ISSUE,OPEN
COMP007361,CUST028136,CARD_ISSUE,CLOSED
COMP007362,CUST064533,CARD_ISSUE,CLOSED
COMP007363,CUST085727,FRAUD_ALERT,OPEN
COMP007364,CUST092125,CARD_ISSUE,CLOSED
COMP007365,CUST063588,LOAN_ISSUE,CLOSED
COMP007366,CUST061533,UPI_ISSUE,CLOSED
COMP007367,CUST076175,CARD_ISSUE,OPEN
COMP007368,CUST083314,UPI_ISSUE,CLOSED
COMP007369,CUST037257,FRAUD_ALERT,CLOSED
COMP007370,CUST066922,CARD_ISSUE,OPEN
COMP007371,CUST087632,FRAUD_ALERT,CLOSED
COMP007372,CUST067232,FRAUD_ALERT,OPEN
COMP007373,CUST045373,LOAN_ISSUE,CLOSED
COMP007374,CUST070545,FRAUD_ALERT,CLOSED
COMP007375,CUST018820,UPI_ISSUE,CLOSED
COMP007376,CUST022248,CARD_ISSUE,CLOSED
COMP007377,CUST072968,LOAN_ISSUE,OPEN
COMP007378,CUST056907,LOAN_ISSUE,CLOSED
COMP007379,CUST012176,FRAUD_ALERT,CLOSED
COMP007380,CUST046111,CARD_ISSUE,CLOSED
COMP007381,CUST070803,CARD_ISSUE,CLOSED
COMP007382,CUST086748,LOAN_ISSUE,OPEN
COMP007383,CUST099555,FRAUD_ALERT,CLOSED
COMP007384,CUST066150,UPI_ISSUE,CLOSED
COMP007385,CUST036213,CARD_ISSUE,OPEN
COMP007386,CUST042935,LOAN_ISSUE,OPEN
COMP007387,CUST018653,CARD_ISSUE,CLOSED
COMP007388,CUST048732,FRAUD_ALERT,OPEN
COMP007389,CUST012228,FRAUD_ALERT,OPEN
COMP007390,CUST012340,LOAN_ISSUE,CLOSED
COMP007391,CUST090163,UPI_ISSUE,OPEN
COMP007392,CUST093750,LOAN_ISSUE,CLOSED
COMP007393,CUST085530,CARD_ISSUE,CLOSED
COMP007394,CUST044761,LOAN_ISSUE,OPEN
COMP007395,CUST044666,UPI_ISSUE,OPEN
COMP007396,CUST085425,LOAN_ISSUE,CLOSED
COMP007397,CUST061242,FRAUD_ALERT,OPEN
COMP007398,CUST027230,UPI_ISSUE,CLOSED
COMP007399,CUST064606,UPI_ISSUE,CLOSED
COMP007400,CUST040339,FRAUD_ALERT,CLOSED
COMP007401,CUST085426,FRAUD_ALERT,OPEN
COMP007402,CUST095493,UPI_ISSUE,CLOSED
COMP007403,CUST003182,UPI_ISSUE,OPEN
COMP007404,CUST010203,FRAUD_ALERT,CLOSED
COMP007405,CUST078970,CARD_ISSUE,OPEN
COMP007406,CUST093870,CARD_ISSUE,OPEN
COMP007407,CUST013110,FRAUD_ALERT,CLOSED
COMP007408,CUST063293,CARD_ISSUE,CLOSED
COMP007409,CUST012824,UPI_ISSUE,CLOSED
COMP007410,CUST042933,CARD_ISSUE,CLOSED
COMP007411,CUST066330,FRAUD_ALERT,OPEN
COMP007412,CUST019560,UPI_ISSUE,CLOSED
COMP007413,CUST023116,UPI_ISSUE,OPEN
COMP007414,CUST071758,UPI_ISSUE,OPEN
COMP007415,CUST047479,UPI_ISSUE,CLOSED
COMP007416,CUST025108,UPI_ISSUE,CLOSED
COMP007417,CUST095617,FRAUD_ALERT,OPEN
COMP007418,CUST022252,CARD_ISSUE,OPEN
COMP007419,CUST062475,LOAN_ISSUE,CLOSED
COMP007420,CUST093966,UPI_ISSUE,CLOSED
COMP007421,CUST047476,FRAUD_ALERT,CLOSED
COMP007422,CUST063764,FRAUD_ALERT,CLOSED
COMP007423,CUST065885,UPI_ISSUE,CLOSED
COMP007424,CUST013192,LOAN_ISSUE,CLOSED
COMP007425,CUST019426,CARD_ISSUE,OPEN
COMP007426,CUST036035,FRAUD_ALERT,CLOSED
COMP007427,CUST013638,UPI_ISSUE,OPEN
COMP007428,CUST083290,LOAN_ISSUE,OPEN
COMP007429,CUST013701,CARD_ISSUE,CLOSED
COMP007430,CUST001416,CARD_ISSUE,OPEN
COMP007431,CUST092149,CARD_ISSUE,CLOSED
COMP007432,CUST085100,FRAUD_ALERT,CLOSED
COMP007433,CUST064914,LOAN_ISSUE,CLOSED
COMP007434,CUST079319,UPI_ISSUE,CLOSED
COMP007435,CUST048362,UPI_ISSUE,CLOSED
COMP007436,CUST056071,FRAUD_ALERT,CLOSED
COMP007437,CUST062642,UPI_ISSUE,CLOSED
COMP007438,CUST028134,UPI_ISSUE,OPEN
COMP007439,CUST084657,LOAN_ISSUE,OPEN
COMP007440,CUST006962,UPI_ISSUE,CLOSED
COMP007441,CUST027384,CARD_ISSUE,CLOSED
COMP007442,CUST094795,UPI_ISSUE,OPEN
COMP007443,CUST004363,UPI_ISSUE,OPEN
COMP007444,CUST077208,CARD_ISSUE,OPEN
COMP007445,CUST037718,CARD_ISSUE,OPEN
COMP007446,CUST061836,UPI_ISSUE,OPEN
COMP007447,CUST099003,LOAN_ISSUE,OPEN
COMP007448,CUST046864,CARD_ISSUE,CLOSED
COMP007449,CUST064931,CARD_ISSUE,OPEN
COMP007450,CUST055032,UPI_ISSUE,OPEN
COMP007451,CUST032237,LOAN_ISSUE,OPEN
COMP007452,CUST014492,CARD_ISSUE,OPEN
COMP007453,CUST070155,UPI_ISSUE,OPEN
COMP007454,CUST071919,UPI_ISSUE,CLOSED
COMP007455,CUST098922,LOAN_ISSUE,CLOSED
COMP007456,CUST074678,LOAN_ISSUE,OPEN
COMP007457,CUST000450,UPI_ISSUE,OPEN
COMP007458,CUST086073,LOAN_ISSUE,OPEN
COMP007459,CUST061264,UPI_ISSUE,CLOSED
COMP007460,CUST031113,UPI_ISSUE,CLOSED
COMP007461,CUST017975,CARD_ISSUE,CLOSED
COMP007462,CUST066819,LOAN_ISSUE,CLOSED
COMP007463,CUST071583,FRAUD_ALERT,CLOSED
COMP007464,CUST052358,UPI_ISSUE,CLOSED
COMP007465,CUST069596,FRAUD_ALERT,CLOSED
COMP007466,CUST000428,LOAN_ISSUE,CLOSED
COMP007467,CUST014123,UPI_ISSUE,OPEN
COMP007468,CUST058886,UPI_ISSUE,OPEN
COMP007469,CUST060396,LOAN_ISSUE,CLOSED
COMP007470,CUST025954,CARD_ISSUE,CLOSED
COMP007471,CUST012441,UPI_ISSUE,CLOSED
COMP007472,CUST004303,UPI_ISSUE,CLOSED
COMP007473,CUST055145,CARD_ISSUE,OPEN
COMP007474,CUST087503,CARD_ISSUE,OPEN
COMP007475,CUST053105,FRAUD_ALERT,CLOSED
COMP007476,CUST021272,FRAUD_ALERT,CLOSED
COMP007477,CUST099910,FRAUD_ALERT,OPEN
COMP007478,CUST073288,FRAUD_ALERT,OPEN
COMP007479,CUST072283,LOAN_ISSUE,CLOSED
COMP007480,CUST075044,CARD_ISSUE,CLOSED
COMP007481,CUST003752,CARD_ISSUE,CLOSED
COMP007482,CUST025913,LOAN_ISSUE,OPEN
COMP007483,CUST056187,UPI_ISSUE,CLOSED
COMP007484,CUST017106,FRAUD_ALERT,CLOSED
COMP007485,CUST063838,CARD_ISSUE,OPEN
COMP007486,CUST070082,FRAUD_ALERT,CLOSED
COMP007487,CUST023988,LOAN_ISSUE,CLOSED
COMP007488,CUST057361,CARD_ISSUE,OPEN
COMP007489,CUST064263,FRAUD_ALERT,OPEN
COMP007490,CUST063403,UPI_ISSUE,CLOSED
COMP007491,CUST028844,CARD_ISSUE,OPEN
COMP007492,CUST006306,LOAN_ISSUE,CLOSED
COMP007493,CUST080291,FRAUD_ALERT,OPEN
COMP007494,CUST058996,UPI_ISSUE,CLOSED
COMP007495,CUST096058,LOAN_ISSUE,OPEN
COMP007496,CUST087316,FRAUD_ALERT,OPEN
COMP007497,CUST087491,LOAN_ISSUE,OPEN
COMP007498,CUST025442,FRAUD_ALERT,CLOSED
COMP007499,CUST004916,LOAN_ISSUE,OPEN
COMP007500,CUST003181,FRAUD_ALERT,CLOSED
COMP007501,CUST000727,CARD_ISSUE,OPEN
COMP007502,CUST089776,UPI_ISSUE,CLOSED
COMP007503,CUST093738,UPI_ISSUE,CLOSED
COMP007504,CUST032730,LOAN_ISSUE,OPEN
COMP007505,CUST078189,LOAN_ISSUE,OPEN
COMP007506,CUST031878,LOAN_ISSUE,CLOSED
COMP007507,CUST070998,CARD_ISSUE,OPEN
COMP007508,CUST089476,FRAUD_ALERT,OPEN
COMP007509,CUST067124,FRAUD_ALERT,OPEN
COMP007510,CUST022334,FRAUD_ALERT,OPEN
COMP007511,CUST069771,UPI_ISSUE,OPEN
COMP007512,CUST016735,LOAN_ISSUE,OPEN
COMP007513,CUST056206,LOAN_ISSUE,OPEN
COMP007514,CUST089303,UPI_ISSUE,OPEN
COMP007515,CUST016050,FRAUD_ALERT,CLOSED
COMP007516,CUST085948,FRAUD_ALERT,CLOSED
COMP007517,CUST070592,FRAUD_ALERT,OPEN
COMP007518,CUST030984,CARD_ISSUE,OPEN
COMP007519,CUST040716,LOAN_ISSUE,OPEN
COMP007520,CUST020500,CARD_ISSUE,OPEN
COMP007521,CUST025848,UPI_ISSUE,CLOSED
COMP007522,CUST010627,FRAUD_ALERT,OPEN
COMP007523,CUST009666,FRAUD_ALERT,OPEN
COMP007524,CUST015448,CARD_ISSUE,OPEN
COMP007525,CUST070694,CARD_ISSUE,CLOSED
COMP007526,CUST083151,FRAUD_ALERT,CLOSED
COMP007527,CUST029937,FRAUD_ALERT,OPEN
COMP007528,CUST037388,LOAN_ISSUE,CLOSED
COMP007529,CUST091583,UPI_ISSUE,OPEN
COMP007530,CUST071197,UPI_ISSUE,OPEN
COMP007531,CUST025277,FRAUD_ALERT,CLOSED
COMP007532,CUST055969,CARD_ISSUE,OPEN
COMP007533,CUST076593,CARD_ISSUE,OPEN
COMP007534,CUST044332,UPI_ISSUE,OPEN
COMP007535,CUST002811,UPI_ISSUE,OPEN
COMP007536,CUST051495,FRAUD_ALERT,CLOSED
COMP007537,CUST032877,LOAN_ISSUE,CLOSED
COMP007538,CUST092909,FRAUD_ALERT,OPEN
COMP007539,CUST027873,FRAUD_ALERT,OPEN
COMP007540,CUST056189,UPI_ISSUE,CLOSED
COMP007541,CUST023880,LOAN_ISSUE,OPEN
COMP007542,CUST023463,CARD_ISSUE,OPEN
COMP007543,CUST032073,CARD_ISSUE,CLOSED
COMP007544,CUST033182,UPI_ISSUE,OPEN
COMP007545,CUST064642,LOAN_ISSUE,CLOSED
COMP007546,CUST042380,UPI_ISSUE,OPEN
COMP007547,CUST056846,LOAN_ISSUE,OPEN
COMP007548,CUST088227,CARD_ISSUE,OPEN
COMP007549,CUST006839,UPI_ISSUE,CLOSED
COMP007550,CUST009665,CARD_ISSUE,OPEN
COMP007551,CUST092174,CARD_ISSUE,OPEN
COMP007552,CUST039262,UPI_ISSUE,OPEN
COMP007553,CUST092100,CARD_ISSUE,CLOSED
COMP007554,CUST062952,FRAUD_ALERT,OPEN
COMP007555,CUST060924,LOAN_ISSUE,OPEN
COMP007556,CUST035711,LOAN_ISSUE,OPEN
COMP007557,CUST014888,UPI_ISSUE,OPEN
COMP007558,CUST026457,CARD_ISSUE,CLOSED
COMP007559,CUST001765,LOAN_ISSUE,CLOSED
COMP007560,CUST095427,FRAUD_ALERT,OPEN
COMP007561,CUST087328,LOAN_ISSUE,CLOSED
COMP007562,CUST074231,FRAUD_ALERT,OPEN
COMP007563,CUST007108,LOAN_ISSUE,OPEN
COMP007564,CUST027834,CARD_ISSUE,CLOSED
COMP007565,CUST041084,LOAN_ISSUE,CLOSED
COMP007566,CUST096175,LOAN_ISSUE,CLOSED
COMP007567,CUST069876,CARD_ISSUE,OPEN
COMP007568,CUST053138,UPI_ISSUE,OPEN
COMP007569,CUST013813,UPI_ISSUE,CLOSED
COMP007570,CUST062676,LOAN_ISSUE,OPEN
COMP007571,CUST062049,UPI_ISSUE,OPEN
COMP007572,CUST072498,LOAN_ISSUE,OPEN
COMP007573,CUST097371,LOAN_ISSUE,OPEN
COMP007574,CUST024955,CARD_ISSUE,OPEN
COMP007575,CUST020088,CARD_ISSUE,OPEN
COMP007576,CUST062725,FRAUD_ALERT,CLOSED
COMP007577,CUST069729,CARD_ISSUE,OPEN
COMP007578,CUST088129,CARD_ISSUE,OPEN
COMP007579,CUST066238,CARD_ISSUE,CLOSED
COMP007580,CUST053135,UPI_ISSUE,CLOSED
COMP007581,CUST019839,UPI_ISSUE,OPEN
COMP007582,CUST009857,LOAN_ISSUE,OPEN
COMP007583,CUST035210,CARD_ISSUE,OPEN
COMP007584,CUST025259,LOAN_ISSUE,OPEN
COMP007585,CUST008461,UPI_ISSUE,OPEN
COMP007586,CUST072102,LOAN_ISSUE,OPEN
COMP007587,CUST084826,CARD_ISSUE,CLOSED
COMP007588,CUST009266,LOAN_ISSUE,OPEN
COMP007589,CUST081832,LOAN_ISSUE,OPEN
COMP007590,CUST030228,LOAN_ISSUE,CLOSED
COMP007591,CUST072490,CARD_ISSUE,CLOSED
COMP007592,CUST064565,CARD_ISSUE,OPEN
COMP007593,CUST057236,LOAN_ISSUE,OPEN
COMP007594,CUST017043,LOAN_ISSUE,CLOSED
COMP007595,CUST056901,UPI_ISSUE,OPEN
COMP007596,CUST094394,CARD_ISSUE,OPEN
COMP007597,CUST043705,UPI_ISSUE,CLOSED
COMP007598,CUST015484,CARD_ISSUE,CLOSED
COMP007599,CUST004539,UPI_ISSUE,OPEN
COMP007600,CUST015091,LOAN_ISSUE,CLOSED
COMP007601,CUST047820,FRAUD_ALERT,OPEN
COMP007602,CUST050131,CARD_ISSUE,OPEN
COMP007603,CUST052813,LOAN_ISSUE,CLOSED
COMP007604,CUST076046,UPI_ISSUE,OPEN
COMP007605,CUST002442,CARD_ISSUE,OPEN
COMP007606,CUST098440,FRAUD_ALERT,OPEN
COMP007607,CUST059780,FRAUD_ALERT,CLOSED
COMP007608,CUST097878,CARD_ISSUE,CLOSED
COMP007609,CUST087138,FRAUD_ALERT,OPEN
COMP007610,CUST024506,UPI_ISSUE,OPEN
COMP007611,CUST056521,UPI_ISSUE,CLOSED
COMP007612,CUST093249,UPI_ISSUE,CLOSED
COMP007613,CUST098149,LOAN_ISSUE,OPEN
COMP007614,CUST006927,FRAUD_ALERT,OPEN
COMP007615,CUST013639,FRAUD_ALERT,OPEN
COMP007616,CUST028291,FRAUD_ALERT,CLOSED
COMP007617,CUST084091,LOAN_ISSUE,CLOSED
COMP007618,CUST031381,FRAUD_ALERT,OPEN
COMP007619,CUST037829,LOAN_ISSUE,CLOSED
COMP007620,CUST072249,LOAN_ISSUE,OPEN
COMP007621,CUST046675,CARD_ISSUE,OPEN
COMP007622,CUST011429,UPI_ISSUE,OPEN
COMP007623,CUST040498,FRAUD_ALERT,OPEN
COMP007624,CUST003907,UPI_ISSUE,CLOSED
COMP007625,CUST013926,LOAN_ISSUE,OPEN
COMP007626,CUST010118,LOAN_ISSUE,OPEN
COMP007627,CUST099144,UPI_ISSUE,OPEN
COMP007628,CUST036729,FRAUD_ALERT,CLOSED
COMP007629,CUST008168,FRAUD_ALERT,OPEN
COMP007630,CUST025935,CARD_ISSUE,CLOSED
COMP007631,CUST075943,CARD_ISSUE,CLOSED
COMP007632,CUST042338,CARD_ISSUE,OPEN
COMP007633,CUST055986,CARD_ISSUE,CLOSED
COMP007634,CUST044531,UPI_ISSUE,OPEN
COMP007635,CUST071890,FRAUD_ALERT,OPEN
COMP007636,CUST063272,CARD_ISSUE,OPEN
COMP007637,CUST076435,UPI_ISSUE,CLOSED
COMP007638,CUST014053,CARD_ISSUE,OPEN
COMP007639,CUST017336,UPI_ISSUE,CLOSED
COMP007640,CUST033779,LOAN_ISSUE,CLOSED
COMP007641,CUST083393,CARD_ISSUE,OPEN
COMP007642,CUST069778,CARD_ISSUE,OPEN
COMP007643,CUST034963,LOAN_ISSUE,OPEN
COMP007644,CUST073116,FRAUD_ALERT,OPEN
COMP007645,CUST090081,LOAN_ISSUE,OPEN
COMP007646,CUST098210,LOAN_ISSUE,OPEN
COMP007647,CUST038876,CARD_ISSUE,OPEN
COMP007648,CUST001302,LOAN_ISSUE,OPEN
COMP007649,CUST023654,CARD_ISSUE,CLOSED
COMP007650,CUST036964,FRAUD_ALERT,CLOSED
COMP007651,CUST085748,FRAUD_ALERT,OPEN
COMP007652,CUST056888,CARD_ISSUE,CLOSED
COMP007653,CUST024821,LOAN_ISSUE,OPEN
COMP007654,CUST098502,UPI_ISSUE,OPEN
COMP007655,CUST034337,FRAUD_ALERT,CLOSED
COMP007656,CUST008873,CARD_ISSUE,CLOSED
COMP007657,CUST011598,CARD_ISSUE,OPEN
COMP007658,CUST007583,LOAN_ISSUE,CLOSED
COMP007659,CUST020967,UPI_ISSUE,OPEN
COMP007660,CUST042027,CARD_ISSUE,OPEN
COMP007661,CUST058417,FRAUD_ALERT,CLOSED
COMP007662,CUST008227,CARD_ISSUE,OPEN
COMP007663,CUST047206,CARD_ISSUE,OPEN
COMP007664,CUST077964,LOAN_ISSUE,OPEN
COMP007665,CUST088185,CARD_ISSUE,CLOSED
COMP007666,CUST011971,UPI_ISSUE,CLOSED
COMP007667,CUST062198,CARD_ISSUE,CLOSED
COMP007668,CUST034062,UPI_ISSUE,OPEN
COMP007669,CUST015175,LOAN_ISSUE,OPEN
COMP007670,CUST096792,UPI_ISSUE,CLOSED
COMP007671,CUST088442,UPI_ISSUE,CLOSED
COMP007672,CUST039992,CARD_ISSUE,OPEN
COMP007673,CUST032614,CARD_ISSUE,OPEN
COMP007674,CUST096799,LOAN_ISSUE,OPEN
COMP007675,CUST009328,FRAUD_ALERT,OPEN
COMP007676,CUST050674,UPI_ISSUE,CLOSED
COMP007677,CUST016041,UPI_ISSUE,OPEN
COMP007678,CUST075257,LOAN_ISSUE,CLOSED
COMP007679,CUST095632,UPI_ISSUE,OPEN
COMP007680,CUST040809,LOAN_ISSUE,OPEN
COMP007681,CUST063446,FRAUD_ALERT,OPEN
COMP007682,CUST048154,CARD_ISSUE,CLOSED
COMP007683,CUST012939,LOAN_ISSUE,OPEN
COMP007684,CUST097330,UPI_ISSUE,CLOSED
COMP007685,CUST097533,LOAN_ISSUE,CLOSED
COMP007686,CUST048868,CARD_ISSUE,CLOSED
COMP007687,CUST049731,FRAUD_ALERT,CLOSED
COMP007688,CUST028643,UPI_ISSUE,OPEN
COMP007689,CUST000753,LOAN_ISSUE,OPEN
COMP007690,CUST002130,UPI_ISSUE,CLOSED
COMP007691,CUST054572,LOAN_ISSUE,CLOSED
COMP007692,CUST073763,CARD_ISSUE,CLOSED
COMP007693,CUST077351,UPI_ISSUE,CLOSED
COMP007694,CUST006670,CARD_ISSUE,OPEN
COMP007695,CUST059802,LOAN_ISSUE,CLOSED
COMP007696,CUST059819,UPI_ISSUE,OPEN
COMP007697,CUST082839,FRAUD_ALERT,OPEN
COMP007698,CUST023740,LOAN_ISSUE,OPEN
COMP007699,CUST049551,FRAUD_ALERT,CLOSED
COMP007700,CUST005561,LOAN_ISSUE,OPEN
COMP007701,CUST058662,UPI_ISSUE,CLOSED
COMP007702,CUST035120,LOAN_ISSUE,CLOSED
COMP007703,CUST038295,UPI_ISSUE,OPEN
COMP007704,CUST058629,FRAUD_ALERT,OPEN
COMP007705,CUST045161,UPI_ISSUE,OPEN
COMP007706,CUST061054,CARD_ISSUE,OPEN
COMP007707,CUST000322,FRAUD_ALERT,OPEN
COMP007708,CUST094235,CARD_ISSUE,OPEN
COMP007709,CUST093308,FRAUD_ALERT,OPEN
COMP007710,CUST020979,FRAUD_ALERT,OPEN
COMP007711,CUST084175,LOAN_ISSUE,CLOSED
COMP007712,CUST076512,UPI_ISSUE,CLOSED
COMP007713,CUST010256,FRAUD_ALERT,CLOSED
COMP007714,CUST088792,LOAN_ISSUE,OPEN
COMP007715,CUST003285,CARD_ISSUE,OPEN
COMP007716,CUST003221,LOAN_ISSUE,OPEN
COMP007717,CUST035967,FRAUD_ALERT,CLOSED
COMP007718,CUST001299,FRAUD_ALERT,CLOSED
COMP007719,CUST067572,CARD_ISSUE,CLOSED
COMP007720,CUST026678,CARD_ISSUE,CLOSED
COMP007721,CUST085729,LOAN_ISSUE,OPEN
COMP007722,CUST027136,LOAN_ISSUE,CLOSED
COMP007723,CUST061321,FRAUD_ALERT,CLOSED
COMP007724,CUST028170,CARD_ISSUE,OPEN
COMP007725,CUST064173,CARD_ISSUE,OPEN
COMP007726,CUST000471,UPI_ISSUE,CLOSED
COMP007727,CUST050363,LOAN_ISSUE,OPEN
COMP007728,CUST022591,LOAN_ISSUE,OPEN
COMP007729,CUST072279,CARD_ISSUE,CLOSED
COMP007730,CUST020481,UPI_ISSUE,CLOSED
COMP007731,CUST077773,FRAUD_ALERT,CLOSED
COMP007732,CUST010008,CARD_ISSUE,OPEN
COMP007733,CUST001561,UPI_ISSUE,CLOSED
COMP007734,CUST002176,FRAUD_ALERT,OPEN
COMP007735,CUST092409,FRAUD_ALERT,CLOSED
COMP007736,CUST054315,LOAN_ISSUE,OPEN
COMP007737,CUST040686,FRAUD_ALERT,CLOSED
COMP007738,CUST000984,FRAUD_ALERT,CLOSED
COMP007739,CUST008518,LOAN_ISSUE,OPEN
COMP007740,CUST002183,LOAN_ISSUE,CLOSED
COMP007741,CUST053596,UPI_ISSUE,OPEN
COMP007742,CUST086547,CARD_ISSUE,OPEN
COMP007743,CUST017367,UPI_ISSUE,CLOSED
COMP007744,CUST091675,FRAUD_ALERT,OPEN
COMP007745,CUST019606,UPI_ISSUE,CLOSED
COMP007746,CUST025132,CARD_ISSUE,OPEN
COMP007747,CUST024220,FRAUD_ALERT,OPEN
COMP007748,CUST001641,LOAN_ISSUE,CLOSED
COMP007749,CUST067109,CARD_ISSUE,CLOSED
COMP007750,CUST079850,UPI_ISSUE,OPEN
COMP007751,CUST012443,UPI_ISSUE,OPEN
COMP007752,CUST071970,FRAUD_ALERT,CLOSED
COMP007753,CUST084134,CARD_ISSUE,OPEN
COMP007754,CUST030989,CARD_ISSUE,CLOSED
COMP007755,CUST062956,LOAN_ISSUE,CLOSED
COMP007756,CUST010760,LOAN_ISSUE,OPEN
COMP007757,CUST091539,UPI_ISSUE,OPEN
COMP007758,CUST036039,LOAN_ISSUE,CLOSED
COMP007759,CUST079011,LOAN_ISSUE,CLOSED
COMP007760,CUST079697,UPI_ISSUE,CLOSED
COMP007761,CUST059915,UPI_ISSUE,OPEN
COMP007762,CUST033217,FRAUD_ALERT,CLOSED
COMP007763,CUST057980,UPI_ISSUE,OPEN
COMP007764,CUST088981,FRAUD_ALERT,OPEN
COMP007765,CUST079026,LOAN_ISSUE,OPEN
COMP007766,CUST090612,FRAUD_ALERT,CLOSED
COMP007767,CUST076824,FRAUD_ALERT,CLOSED
COMP007768,CUST034128,UPI_ISSUE,OPEN
COMP007769,CUST068555,FRAUD_ALERT,OPEN
COMP007770,CUST048768,FRAUD_ALERT,OPEN
COMP007771,CUST049837,CARD_ISSUE,OPEN
COMP007772,CUST012103,FRAUD_ALERT,CLOSED
COMP007773,CUST069894,FRAUD_ALERT,OPEN
COMP007774,CUST044086,LOAN_ISSUE,CLOSED
COMP007775,CUST032457,LOAN_ISSUE,CLOSED
COMP007776,CUST043003,CARD_ISSUE,OPEN
COMP007777,CUST013928,FRAUD_ALERT,CLOSED
COMP007778,CUST007382,FRAUD_ALERT,CLOSED
COMP007779,CUST080189,FRAUD_ALERT,OPEN
COMP007780,CUST086229,UPI_ISSUE,CLOSED
COMP007781,CUST043653,UPI_ISSUE,OPEN
COMP007782,CUST035468,FRAUD_ALERT,OPEN
COMP007783,CUST020373,FRAUD_ALERT,CLOSED
COMP007784,CUST014599,CARD_ISSUE,OPEN
COMP007785,CUST050008,CARD_ISSUE,CLOSED
COMP007786,CUST015593,CARD_ISSUE,OPEN
COMP007787,CUST019004,FRAUD_ALERT,OPEN
COMP007788,CUST041214,LOAN_ISSUE,OPEN
COMP007789,CUST017614,UPI_ISSUE,CLOSED
COMP007790,CUST067411,UPI_ISSUE,OPEN
COMP007791,CUST050567,FRAUD_ALERT,OPEN
COMP007792,CUST097544,LOAN_ISSUE,OPEN
COMP007793,CUST030708,UPI_ISSUE,OPEN
COMP007794,CUST005500,UPI_ISSUE,OPEN
COMP007795,CUST062835,CARD_ISSUE,CLOSED
COMP007796,CUST032677,FRAUD_ALERT,CLOSED
COMP007797,CUST034660,LOAN_ISSUE,CLOSED
COMP007798,CUST030434,FRAUD_ALERT,CLOSED
COMP007799,CUST002736,CARD_ISSUE,OPEN
COMP007800,CUST078663,LOAN_ISSUE,OPEN
COMP007801,CUST063596,FRAUD_ALERT,CLOSED
COMP007802,CUST068470,CARD_ISSUE,CLOSED
COMP007803,CUST013971,CARD_ISSUE,CLOSED
COMP007804,CUST036404,CARD_ISSUE,CLOSED
COMP007805,CUST085127,UPI_ISSUE,CLOSED
COMP007806,CUST082185,CARD_ISSUE,CLOSED
COMP007807,CUST025043,CARD_ISSUE,CLOSED
COMP007808,CUST081595,LOAN_ISSUE,CLOSED
COMP007809,CUST009166,FRAUD_ALERT,OPEN
COMP007810,CUST034418,UPI_ISSUE,OPEN
COMP007811,CUST020648,CARD_ISSUE,OPEN
COMP007812,CUST009522,UPI_ISSUE,CLOSED
COMP007813,CUST029488,LOAN_ISSUE,OPEN
COMP007814,CUST001365,CARD_ISSUE,OPEN
COMP007815,CUST030823,UPI_ISSUE,CLOSED
COMP007816,CUST043410,UPI_ISSUE,OPEN
COMP007817,CUST006616,CARD_ISSUE,OPEN
COMP007818,CUST027836,CARD_ISSUE,OPEN
COMP007819,CUST050320,UPI_ISSUE,OPEN
COMP007820,CUST023663,UPI_ISSUE,CLOSED
COMP007821,CUST037902,CARD_ISSUE,CLOSED
COMP007822,CUST063671,FRAUD_ALERT,OPEN
COMP007823,CUST035558,CARD_ISSUE,OPEN
COMP007824,CUST066750,FRAUD_ALERT,CLOSED
COMP007825,CUST090345,UPI_ISSUE,CLOSED
COMP007826,CUST072932,LOAN_ISSUE,CLOSED
COMP007827,CUST056689,CARD_ISSUE,CLOSED
COMP007828,CUST081216,UPI_ISSUE,OPEN
COMP007829,CUST039559,CARD_ISSUE,CLOSED
COMP007830,CUST043571,LOAN_ISSUE,CLOSED
COMP007831,CUST095306,CARD_ISSUE,OPEN
COMP007832,CUST027537,LOAN_ISSUE,OPEN
COMP007833,CUST091942,LOAN_ISSUE,OPEN
COMP007834,CUST079721,CARD_ISSUE,OPEN
COMP007835,CUST000868,CARD_ISSUE,CLOSED
COMP007836,CUST005274,LOAN_ISSUE,CLOSED
COMP007837,CUST049089,CARD_ISSUE,CLOSED
COMP007838,CUST092325,UPI_ISSUE,OPEN
COMP007839,CUST006854,UPI_ISSUE,CLOSED
COMP007840,CUST019430,UPI_ISSUE,OPEN
COMP007841,CUST073532,UPI_ISSUE,OPEN
COMP007842,CUST015621,CARD_ISSUE,CLOSED
COMP007843,CUST075447,LOAN_ISSUE,CLOSED
COMP007844,CUST023100,UPI_ISSUE,OPEN
COMP007845,CUST035146,FRAUD_ALERT,CLOSED
COMP007846,CUST093581,FRAUD_ALERT,OPEN
COMP007847,CUST039941,FRAUD_ALERT,CLOSED
COMP007848,CUST091200,FRAUD_ALERT,OPEN
COMP007849,CUST067936,CARD_ISSUE,CLOSED
COMP007850,CUST066284,CARD_ISSUE,CLOSED
COMP007851,CUST036991,LOAN_ISSUE,OPEN
COMP007852,CUST044753,CARD_ISSUE,CLOSED
COMP007853,CUST043038,LOAN_ISSUE,OPEN
COMP007854,CUST086218,UPI_ISSUE,OPEN
COMP007855,CUST047460,CARD_ISSUE,CLOSED
COMP007856,CUST018996,LOAN_ISSUE,OPEN
COMP007857,CUST052328,LOAN_ISSUE,OPEN
COMP007858,CUST081552,CARD_ISSUE,OPEN
COMP007859,CUST034752,FRAUD_ALERT,CLOSED
COMP007860,CUST020494,LOAN_ISSUE,OPEN
COMP007861,CUST068234,UPI_ISSUE,OPEN
COMP007862,CUST064357,FRAUD_ALERT,CLOSED
COMP007863,CUST077575,UPI_ISSUE,OPEN
COMP007864,CUST043107,LOAN_ISSUE,OPEN
COMP007865,CUST096081,CARD_ISSUE,CLOSED
COMP007866,CUST049979,LOAN_ISSUE,CLOSED
COMP007867,CUST070539,LOAN_ISSUE,OPEN
COMP007868,CUST027098,UPI_ISSUE,OPEN
COMP007869,CUST048080,UPI_ISSUE,OPEN
COMP007870,CUST077247,LOAN_ISSUE,CLOSED
COMP007871,CUST027581,UPI_ISSUE,OPEN
COMP007872,CUST044291,FRAUD_ALERT,OPEN
COMP007873,CUST067596,CARD_ISSUE,CLOSED
COMP007874,CUST092068,CARD_ISSUE,CLOSED
COMP007875,CUST095588,UPI_ISSUE,OPEN
COMP007876,CUST002514,LOAN_ISSUE,CLOSED
COMP007877,CUST021854,CARD_ISSUE,OPEN
COMP007878,CUST081744,CARD_ISSUE,OPEN
COMP007879,CUST052731,UPI_ISSUE,CLOSED
COMP007880,CUST097803,CARD_ISSUE,CLOSED
COMP007881,CUST037557,LOAN_ISSUE,OPEN
COMP007882,CUST053990,CARD_ISSUE,OPEN
COMP007883,CUST017072,LOAN_ISSUE,OPEN
COMP007884,CUST010333,FRAUD_ALERT,CLOSED
COMP007885,CUST036958,UPI_ISSUE,OPEN
COMP007886,CUST057409,FRAUD_ALERT,CLOSED
COMP007887,CUST034294,FRAUD_ALERT,CLOSED
COMP007888,CUST095138,FRAUD_ALERT,OPEN
COMP007889,CUST021460,LOAN_ISSUE,CLOSED
COMP007890,CUST032505,LOAN_ISSUE,OPEN
COMP007891,CUST022247,FRAUD_ALERT,OPEN
COMP007892,CUST059558,CARD_ISSUE,OPEN
COMP007893,CUST097286,UPI_ISSUE,OPEN
COMP007894,CUST058540,CARD_ISSUE,CLOSED
COMP007895,CUST035789,CARD_ISSUE,CLOSED
COMP007896,CUST010222,CARD_ISSUE,OPEN
COMP007897,CUST027012,CARD_ISSUE,OPEN
COMP007898,CUST002936,FRAUD_ALERT,CLOSED
COMP007899,CUST018442,CARD_ISSUE,OPEN
COMP007900,CUST041174,FRAUD_ALERT,CLOSED
COMP007901,CUST050275,FRAUD_ALERT,CLOSED
COMP007902,CUST094074,LOAN_ISSUE,CLOSED
COMP007903,CUST086388,UPI_ISSUE,CLOSED
COMP007904,CUST047452,FRAUD_ALERT,CLOSED
COMP007905,CUST014993,FRAUD_ALERT,CLOSED
COMP007906,CUST049959,UPI_ISSUE,CLOSED
COMP007907,CUST058408,LOAN_ISSUE,CLOSED
COMP007908,CUST082564,LOAN_ISSUE,OPEN
COMP007909,CUST049339,FRAUD_ALERT,OPEN
COMP007910,CUST033357,CARD_ISSUE,OPEN
COMP007911,CUST041452,LOAN_ISSUE,OPEN
COMP007912,CUST039624,UPI_ISSUE,OPEN
COMP007913,CUST051772,UPI_ISSUE,CLOSED
COMP007914,CUST047464,CARD_ISSUE,OPEN
COMP007915,CUST094914,UPI_ISSUE,CLOSED
COMP007916,CUST043950,CARD_ISSUE,OPEN
COMP007917,CUST075432,FRAUD_ALERT,OPEN
COMP007918,CUST021450,UPI_ISSUE,OPEN
COMP007919,CUST009135,FRAUD_ALERT,OPEN
COMP007920,CUST007228,UPI_ISSUE,CLOSED
COMP007921,CUST074247,LOAN_ISSUE,CLOSED
COMP007922,CUST011619,FRAUD_ALERT,CLOSED
COMP007923,CUST064334,LOAN_ISSUE,CLOSED
COMP007924,CUST052242,CARD_ISSUE,CLOSED
COMP007925,CUST035469,FRAUD_ALERT,OPEN
COMP007926,CUST069933,UPI_ISSUE,OPEN
COMP007927,CUST090664,CARD_ISSUE,CLOSED
COMP007928,CUST066810,CARD_ISSUE,CLOSED
COMP007929,CUST060005,CARD_ISSUE,OPEN
COMP007930,CUST083711,FRAUD_ALERT,OPEN
COMP007931,CUST061882,UPI_ISSUE,CLOSED
COMP007932,CUST034566,FRAUD_ALERT,OPEN
COMP007933,CUST089712,LOAN_ISSUE,CLOSED
COMP007934,CUST011746,CARD_ISSUE,OPEN
COMP007935,CUST024834,CARD_ISSUE,OPEN
COMP007936,CUST037874,UPI_ISSUE,OPEN
COMP007937,CUST083453,CARD_ISSUE,CLOSED
COMP007938,CUST085252,LOAN_ISSUE,CLOSED
COMP007939,CUST049644,CARD_ISSUE,CLOSED
COMP007940,CUST069483,UPI_ISSUE,CLOSED
COMP007941,CUST000637,CARD_ISSUE,CLOSED
COMP007942,CUST018882,UPI_ISSUE,OPEN
COMP007943,CUST070909,CARD_ISSUE,OPEN
COMP007944,CUST048189,CARD_ISSUE,CLOSED
COMP007945,CUST012002,CARD_ISSUE,CLOSED
COMP007946,CUST010541,FRAUD_ALERT,CLOSED
COMP007947,CUST043402,CARD_ISSUE,CLOSED
COMP007948,CUST069018,CARD_ISSUE,CLOSED
COMP007949,CUST067985,LOAN_ISSUE,OPEN
COMP007950,CUST095733,LOAN_ISSUE,OPEN
COMP007951,CUST086437,FRAUD_ALERT,OPEN
COMP007952,CUST028493,UPI_ISSUE,CLOSED
COMP007953,CUST040747,LOAN_ISSUE,CLOSED
COMP007954,CUST068675,LOAN_ISSUE,OPEN
COMP007955,CUST032141,CARD_ISSUE,OPEN
COMP007956,CUST085985,UPI_ISSUE,OPEN
COMP007957,CUST054492,FRAUD_ALERT,OPEN
COMP007958,CUST058074,FRAUD_ALERT,OPEN
COMP007959,CUST037335,LOAN_ISSUE,CLOSED
COMP007960,CUST044987,FRAUD_ALERT,OPEN
COMP007961,CUST036948,UPI_ISSUE,CLOSED
COMP007962,CUST033902,FRAUD_ALERT,OPEN
COMP007963,CUST004438,FRAUD_ALERT,OPEN
COMP007964,CUST058634,FRAUD_ALERT,OPEN
COMP007965,CUST065150,FRAUD_ALERT,OPEN
COMP007966,CUST058801,UPI_ISSUE,CLOSED
COMP007967,CUST008020,UPI_ISSUE,CLOSED
COMP007968,CUST040624,CARD_ISSUE,CLOSED
COMP007969,CUST033761,FRAUD_ALERT,OPEN
COMP007970,CUST059982,FRAUD_ALERT,OPEN
COMP007971,CUST040217,FRAUD_ALERT,CLOSED
COMP007972,CUST095971,LOAN_ISSUE,OPEN
COMP007973,CUST056228,CARD_ISSUE,OPEN
COMP007974,CUST078372,FRAUD_ALERT,CLOSED
COMP007975,CUST060746,LOAN_ISSUE,CLOSED
COMP007976,CUST039898,FRAUD_ALERT,OPEN
COMP007977,CUST008678,LOAN_ISSUE,OPEN
COMP007978,CUST040994,FRAUD_ALERT,CLOSED
COMP007979,CUST033407,FRAUD_ALERT,OPEN
COMP007980,CUST090973,FRAUD_ALERT,OPEN
COMP007981,CUST039201,UPI_ISSUE,OPEN
COMP007982,CUST069953,CARD_ISSUE,CLOSED
COMP007983,CUST074471,UPI_ISSUE,OPEN
COMP007984,CUST007765,LOAN_ISSUE,CLOSED
COMP007985,CUST057582,UPI_ISSUE,OPEN
COMP007986,CUST023892,FRAUD_ALERT,OPEN
COMP007987,CUST068533,LOAN_ISSUE,OPEN
COMP007988,CUST015393,LOAN_ISSUE,CLOSED
COMP007989,CUST026888,UPI_ISSUE,CLOSED
COMP007990,CUST098273,CARD_ISSUE,CLOSED
COMP007991,CUST047202,LOAN_ISSUE,CLOSED
COMP007992,CUST050614,UPI_ISSUE,CLOSED
COMP007993,CUST018790,FRAUD_ALERT,CLOSED
COMP007994,CUST064609,CARD_ISSUE,CLOSED
COMP007995,CUST020505,FRAUD_ALERT,OPEN
COMP007996,CUST082918,LOAN_ISSUE,OPEN
COMP007997,CUST028186,LOAN_ISSUE,OPEN
COMP007998,CUST079953,LOAN_ISSUE,OPEN
COMP007999,CUST069917,CARD_ISSUE,OPEN
COMP008000,CUST084896,UPI_ISSUE,CLOSED
COMP008001,CUST006480,LOAN_ISSUE,CLOSED
COMP008002,CUST059854,FRAUD_ALERT,OPEN
COMP008003,CUST053811,CARD_ISSUE,CLOSED
COMP008004,CUST068281,FRAUD_ALERT,OPEN
COMP008005,CUST096745,FRAUD_ALERT,OPEN
COMP008006,CUST078032,CARD_ISSUE,OPEN
COMP008007,CUST021013,CARD_ISSUE,CLOSED
COMP008008,CUST068898,UPI_ISSUE,CLOSED
COMP008009,CUST060527,FRAUD_ALERT,OPEN
COMP008010,CUST045411,UPI_ISSUE,CLOSED
COMP008011,CUST043933,FRAUD_ALERT,OPEN
COMP008012,CUST073591,CARD_ISSUE,OPEN
COMP008013,CUST000691,FRAUD_ALERT,CLOSED
COMP008014,CUST007120,LOAN_ISSUE,CLOSED
COMP008015,CUST067278,FRAUD_ALERT,CLOSED
COMP008016,CUST009882,UPI_ISSUE,CLOSED
COMP008017,CUST036027,UPI_ISSUE,CLOSED
COMP008018,CUST099754,UPI_ISSUE,OPEN
COMP008019,CUST054131,FRAUD_ALERT,OPEN
COMP008020,CUST044562,FRAUD_ALERT,CLOSED
COMP008021,CUST076939,CARD_ISSUE,CLOSED
COMP008022,CUST031234,LOAN_ISSUE,OPEN
COMP008023,CUST023235,UPI_ISSUE,OPEN
COMP008024,CUST012525,UPI_ISSUE,CLOSED
COMP008025,CUST002537,LOAN_ISSUE,OPEN
COMP008026,CUST012372,LOAN_ISSUE,OPEN
COMP008027,CUST032733,LOAN_ISSUE,OPEN
COMP008028,CUST054863,UPI_ISSUE,CLOSED
COMP008029,CUST058477,FRAUD_ALERT,CLOSED
COMP008030,CUST099627,UPI_ISSUE,OPEN
COMP008031,CUST005622,UPI_ISSUE,OPEN
COMP008032,CUST023652,UPI_ISSUE,CLOSED
COMP008033,CUST080730,UPI_ISSUE,OPEN
COMP008034,CUST027106,UPI_ISSUE,CLOSED
COMP008035,CUST008546,LOAN_ISSUE,OPEN
COMP008036,CUST006693,FRAUD_ALERT,CLOSED
COMP008037,CUST030688,FRAUD_ALERT,OPEN
COMP008038,CUST091970,CARD_ISSUE,CLOSED
COMP008039,CUST026810,FRAUD_ALERT,OPEN
COMP008040,CUST024008,UPI_ISSUE,OPEN
COMP008041,CUST064818,LOAN_ISSUE,OPEN
COMP008042,CUST035306,CARD_ISSUE,CLOSED
COMP008043,CUST066760,FRAUD_ALERT,CLOSED
COMP008044,CUST091282,LOAN_ISSUE,CLOSED
COMP008045,CUST002695,LOAN_ISSUE,CLOSED
COMP008046,CUST039420,LOAN_ISSUE,OPEN
COMP008047,CUST062951,FRAUD_ALERT,OPEN
COMP008048,CUST060704,UPI_ISSUE,CLOSED
COMP008049,CUST056877,FRAUD_ALERT,OPEN
COMP008050,CUST017218,LOAN_ISSUE,CLOSED
COMP008051,CUST059333,LOAN_ISSUE,OPEN
COMP008052,CUST060984,CARD_ISSUE,OPEN
COMP008053,CUST041308,UPI_ISSUE,OPEN
COMP008054,CUST031907,LOAN_ISSUE,CLOSED
COMP008055,CUST062137,UPI_ISSUE,CLOSED
COMP008056,CUST004546,LOAN_ISSUE,CLOSED
COMP008057,CUST015748,LOAN_ISSUE,OPEN
COMP008058,CUST068351,LOAN_ISSUE,CLOSED
COMP008059,CUST069351,UPI_ISSUE,OPEN
COMP008060,CUST001669,UPI_ISSUE,OPEN
COMP008061,CUST089203,FRAUD_ALERT,OPEN
COMP008062,CUST012712,FRAUD_ALERT,CLOSED
COMP008063,CUST012502,FRAUD_ALERT,OPEN
COMP008064,CUST038314,LOAN_ISSUE,CLOSED
COMP008065,CUST019526,LOAN_ISSUE,CLOSED
COMP008066,CUST050858,FRAUD_ALERT,CLOSED
COMP008067,CUST023152,CARD_ISSUE,CLOSED
COMP008068,CUST021510,LOAN_ISSUE,CLOSED
COMP008069,CUST040411,UPI_ISSUE,CLOSED
COMP008070,CUST043148,LOAN_ISSUE,CLOSED
COMP008071,CUST041593,LOAN_ISSUE,OPEN
COMP008072,CUST035829,CARD_ISSUE,OPEN
COMP008073,CUST095840,UPI_ISSUE,OPEN
COMP008074,CUST053331,UPI_ISSUE,CLOSED
COMP008075,CUST082519,FRAUD_ALERT,OPEN
COMP008076,CUST058092,LOAN_ISSUE,OPEN
COMP008077,CUST017576,CARD_ISSUE,CLOSED
COMP008078,CUST006804,CARD_ISSUE,CLOSED
COMP008079,CUST020450,LOAN_ISSUE,OPEN
COMP008080,CUST079694,FRAUD_ALERT,CLOSED
COMP008081,CUST056565,FRAUD_ALERT,OPEN
COMP008082,CUST010035,LOAN_ISSUE,CLOSED
COMP008083,CUST080040,UPI_ISSUE,CLOSED
COMP008084,CUST059701,UPI_ISSUE,CLOSED
COMP008085,CUST091267,FRAUD_ALERT,CLOSED
COMP008086,CUST099836,CARD_ISSUE,OPEN
COMP008087,CUST013143,UPI_ISSUE,OPEN
COMP008088,CUST089341,UPI_ISSUE,OPEN
COMP008089,CUST002380,FRAUD_ALERT,OPEN
COMP008090,CUST011415,LOAN_ISSUE,CLOSED
COMP008091,CUST074214,UPI_ISSUE,CLOSED
COMP008092,CUST013128,FRAUD_ALERT,CLOSED
COMP008093,CUST099402,FRAUD_ALERT,CLOSED
COMP008094,CUST049474,FRAUD_ALERT,CLOSED
COMP008095,CUST020809,LOAN_ISSUE,CLOSED
COMP008096,CUST044525,UPI_ISSUE,CLOSED
COMP008097,CUST066222,UPI_ISSUE,OPEN
COMP008098,CUST076424,UPI_ISSUE,OPEN
COMP008099,CUST050644,CARD_ISSUE,CLOSED
COMP008100,CUST068174,UPI_ISSUE,CLOSED
COMP008101,CUST055148,FRAUD_ALERT,OPEN
COMP008102,CUST003899,FRAUD_ALERT,CLOSED
COMP008103,CUST015292,CARD_ISSUE,CLOSED
COMP008104,CUST016205,CARD_ISSUE,CLOSED
COMP008105,CUST050584,LOAN_ISSUE,OPEN
COMP008106,CUST045693,LOAN_ISSUE,OPEN
COMP008107,CUST037863,UPI_ISSUE,CLOSED
COMP008108,CUST091706,UPI_ISSUE,CLOSED
COMP008109,CUST058180,UPI_ISSUE,OPEN
COMP008110,CUST093791,UPI_ISSUE,CLOSED
COMP008111,CUST027270,UPI_ISSUE,CLOSED
COMP008112,CUST012877,LOAN_ISSUE,OPEN
COMP008113,CUST054215,CARD_ISSUE,CLOSED
COMP008114,CUST085648,CARD_ISSUE,OPEN
COMP008115,CUST023167,CARD_ISSUE,CLOSED
COMP008116,CUST038102,CARD_ISSUE,OPEN
COMP008117,CUST053006,FRAUD_ALERT,OPEN
COMP008118,CUST083342,UPI_ISSUE,CLOSED
COMP008119,CUST055026,CARD_ISSUE,CLOSED
COMP008120,CUST020485,CARD_ISSUE,CLOSED
COMP008121,CUST033534,CARD_ISSUE,OPEN
COMP008122,CUST034329,CARD_ISSUE,OPEN
COMP008123,CUST078293,FRAUD_ALERT,OPEN
COMP008124,CUST014153,LOAN_ISSUE,CLOSED
COMP008125,CUST099485,FRAUD_ALERT,CLOSED
COMP008126,CUST011777,LOAN_ISSUE,OPEN
COMP008127,CUST099503,FRAUD_ALERT,OPEN
COMP008128,CUST025183,LOAN_ISSUE,CLOSED
COMP008129,CUST004735,LOAN_ISSUE,CLOSED
COMP008130,CUST060324,CARD_ISSUE,CLOSED
COMP008131,CUST064772,CARD_ISSUE,OPEN
COMP008132,CUST076414,CARD_ISSUE,CLOSED
COMP008133,CUST056586,FRAUD_ALERT,CLOSED
COMP008134,CUST053558,CARD_ISSUE,CLOSED
COMP008135,CUST035857,FRAUD_ALERT,CLOSED
COMP008136,CUST013769,UPI_ISSUE,OPEN
COMP008137,CUST090509,CARD_ISSUE,OPEN
COMP008138,CUST078154,UPI_ISSUE,CLOSED
COMP008139,CUST063780,FRAUD_ALERT,CLOSED
COMP008140,CUST013014,CARD_ISSUE,OPEN
COMP008141,CUST037481,UPI_ISSUE,CLOSED
COMP008142,CUST094201,FRAUD_ALERT,CLOSED
COMP008143,CUST044894,LOAN_ISSUE,OPEN
COMP008144,CUST081782,UPI_ISSUE,OPEN
COMP008145,CUST079059,CARD_ISSUE,OPEN
COMP008146,CUST055034,LOAN_ISSUE,OPEN
COMP008147,CUST067693,LOAN_ISSUE,OPEN
COMP008148,CUST050645,FRAUD_ALERT,CLOSED
COMP008149,CUST087657,UPI_ISSUE,CLOSED
COMP008150,CUST085611,CARD_ISSUE,CLOSED
COMP008151,CUST020213,FRAUD_ALERT,OPEN
COMP008152,CUST044155,UPI_ISSUE,CLOSED
COMP008153,CUST086744,UPI_ISSUE,CLOSED
COMP008154,CUST089687,LOAN_ISSUE,CLOSED
COMP008155,CUST088822,FRAUD_ALERT,OPEN
COMP008156,CUST037253,CARD_ISSUE,CLOSED
COMP008157,CUST093856,CARD_ISSUE,CLOSED
COMP008158,CUST029779,FRAUD_ALERT,OPEN
COMP008159,CUST094860,FRAUD_ALERT,CLOSED
COMP008160,CUST090292,FRAUD_ALERT,OPEN
COMP008161,CUST069466,UPI_ISSUE,CLOSED
COMP008162,CUST085077,UPI_ISSUE,CLOSED
COMP008163,CUST025238,CARD_ISSUE,CLOSED
COMP008164,CUST003224,FRAUD_ALERT,OPEN
COMP008165,CUST053074,LOAN_ISSUE,CLOSED
COMP008166,CUST094058,CARD_ISSUE,CLOSED
COMP008167,CUST055390,LOAN_ISSUE,OPEN
COMP008168,CUST003844,CARD_ISSUE,CLOSED
COMP008169,CUST098758,FRAUD_ALERT,OPEN
COMP008170,CUST049185,UPI_ISSUE,OPEN
COMP008171,CUST025324,LOAN_ISSUE,OPEN
COMP008172,CUST012108,UPI_ISSUE,CLOSED
COMP008173,CUST059936,LOAN_ISSUE,OPEN
COMP008174,CUST056577,CARD_ISSUE,OPEN
COMP008175,CUST097196,LOAN_ISSUE,CLOSED
COMP008176,CUST073097,UPI_ISSUE,OPEN
COMP008177,CUST085097,CARD_ISSUE,OPEN
COMP008178,CUST060733,UPI_ISSUE,OPEN
COMP008179,CUST025079,UPI_ISSUE,OPEN
COMP008180,CUST086944,FRAUD_ALERT,CLOSED
COMP008181,CUST069501,FRAUD_ALERT,CLOSED
COMP008182,CUST015187,UPI_ISSUE,CLOSED
COMP008183,CUST089964,UPI_ISSUE,CLOSED
COMP008184,CUST084371,CARD_ISSUE,OPEN
COMP008185,CUST040821,LOAN_ISSUE,OPEN
COMP008186,CUST091584,UPI_ISSUE,OPEN
COMP008187,CUST021004,CARD_ISSUE,OPEN
COMP008188,CUST021546,CARD_ISSUE,CLOSED
COMP008189,CUST039602,CARD_ISSUE,OPEN
COMP008190,CUST084188,CARD_ISSUE,OPEN
COMP008191,CUST036363,CARD_ISSUE,OPEN
COMP008192,CUST007550,LOAN_ISSUE,OPEN
COMP008193,CUST085568,LOAN_ISSUE,CLOSED
COMP008194,CUST077076,UPI_ISSUE,OPEN
COMP008195,CUST034806,CARD_ISSUE,CLOSED
COMP008196,CUST031302,FRAUD_ALERT,OPEN
COMP008197,CUST003113,CARD_ISSUE,CLOSED
COMP008198,CUST077619,CARD_ISSUE,OPEN
COMP008199,CUST073609,FRAUD_ALERT,CLOSED
COMP008200,CUST010186,FRAUD_ALERT,CLOSED
COMP008201,CUST094878,CARD_ISSUE,OPEN
COMP008202,CUST039816,CARD_ISSUE,CLOSED
COMP008203,CUST085815,LOAN_ISSUE,OPEN
COMP008204,CUST041115,LOAN_ISSUE,CLOSED
COMP008205,CUST065736,LOAN_ISSUE,OPEN
COMP008206,CUST016034,UPI_ISSUE,CLOSED
COMP008207,CUST073342,CARD_ISSUE,CLOSED
COMP008208,CUST038499,CARD_ISSUE,CLOSED
COMP008209,CUST060788,FRAUD_ALERT,OPEN
COMP008210,CUST029975,CARD_ISSUE,CLOSED
COMP008211,CUST097348,LOAN_ISSUE,CLOSED
COMP008212,CUST052544,LOAN_ISSUE,OPEN
COMP008213,CUST059273,UPI_ISSUE,OPEN
COMP008214,CUST018348,UPI_ISSUE,OPEN
COMP008215,CUST032760,CARD_ISSUE,OPEN
COMP008216,CUST029952,UPI_ISSUE,CLOSED
COMP008217,CUST082084,FRAUD_ALERT,OPEN
COMP008218,CUST022268,LOAN_ISSUE,OPEN
COMP008219,CUST070292,UPI_ISSUE,CLOSED
COMP008220,CUST049020,CARD_ISSUE,CLOSED
COMP008221,CUST065348,LOAN_ISSUE,OPEN
COMP008222,CUST037594,UPI_ISSUE,OPEN
COMP008223,CUST027804,LOAN_ISSUE,OPEN
COMP008224,CUST010735,UPI_ISSUE,OPEN
COMP008225,CUST076118,UPI_ISSUE,CLOSED
COMP008226,CUST054667,FRAUD_ALERT,OPEN
COMP008227,CUST059253,LOAN_ISSUE,OPEN
COMP008228,CUST022585,UPI_ISSUE,CLOSED
COMP008229,CUST054106,UPI_ISSUE,OPEN
COMP008230,CUST042768,FRAUD_ALERT,OPEN
COMP008231,CUST024149,LOAN_ISSUE,CLOSED
COMP008232,CUST046918,UPI_ISSUE,OPEN
COMP008233,CUST075477,FRAUD_ALERT,OPEN
COMP008234,CUST036827,UPI_ISSUE,OPEN
COMP008235,CUST001874,LOAN_ISSUE,CLOSED
COMP008236,CUST038104,LOAN_ISSUE,CLOSED
COMP008237,CUST003883,FRAUD_ALERT,CLOSED
COMP008238,CUST013713,UPI_ISSUE,CLOSED
COMP008239,CUST065723,LOAN_ISSUE,CLOSED
COMP008240,CUST019950,LOAN_ISSUE,OPEN
COMP008241,CUST014868,LOAN_ISSUE,CLOSED
COMP008242,CUST065606,UPI_ISSUE,CLOSED
COMP008243,CUST032917,CARD_ISSUE,CLOSED
COMP008244,CUST038633,UPI_ISSUE,OPEN
COMP008245,CUST076349,CARD_ISSUE,OPEN
COMP008246,CUST049953,LOAN_ISSUE,OPEN
COMP008247,CUST064998,UPI_ISSUE,OPEN
COMP008248,CUST090032,FRAUD_ALERT,OPEN
COMP008249,CUST044245,CARD_ISSUE,CLOSED
COMP008250,CUST053441,UPI_ISSUE,OPEN
COMP008251,CUST040711,LOAN_ISSUE,OPEN
COMP008252,CUST082177,LOAN_ISSUE,CLOSED
COMP008253,CUST065684,UPI_ISSUE,CLOSED
COMP008254,CUST089827,UPI_ISSUE,CLOSED
COMP008255,CUST043815,FRAUD_ALERT,OPEN
COMP008256,CUST080124,UPI_ISSUE,CLOSED
COMP008257,CUST003392,UPI_ISSUE,OPEN
COMP008258,CUST060832,CARD_ISSUE,OPEN
COMP008259,CUST093969,FRAUD_ALERT,OPEN
COMP008260,CUST044130,CARD_ISSUE,CLOSED
COMP008261,CUST005031,UPI_ISSUE,OPEN
COMP008262,CUST066557,LOAN_ISSUE,CLOSED
COMP008263,CUST016391,LOAN_ISSUE,CLOSED
COMP008264,CUST090883,UPI_ISSUE,CLOSED
COMP008265,CUST088213,LOAN_ISSUE,CLOSED
COMP008266,CUST091389,UPI_ISSUE,CLOSED
COMP008267,CUST080804,LOAN_ISSUE,OPEN
COMP008268,CUST053158,CARD_ISSUE,OPEN
COMP008269,CUST022388,FRAUD_ALERT,CLOSED
COMP008270,CUST068245,FRAUD_ALERT,OPEN
COMP008271,CUST094901,LOAN_ISSUE,OPEN
COMP008272,CUST037978,CARD_ISSUE,OPEN
COMP008273,CUST088754,CARD_ISSUE,CLOSED
COMP008274,CUST000814,LOAN_ISSUE,OPEN
COMP008275,CUST033650,LOAN_ISSUE,CLOSED
COMP008276,CUST073038,FRAUD_ALERT,OPEN
COMP008277,CUST001831,UPI_ISSUE,OPEN
COMP008278,CUST095316,FRAUD_ALERT,OPEN
COMP008279,CUST071683,LOAN_ISSUE,CLOSED
COMP008280,CUST017603,UPI_ISSUE,OPEN
COMP008281,CUST013977,LOAN_ISSUE,OPEN
COMP008282,CUST013152,CARD_ISSUE,OPEN
COMP008283,CUST095657,FRAUD_ALERT,OPEN
COMP008284,CUST067758,UPI_ISSUE,OPEN
COMP008285,CUST056946,FRAUD_ALERT,OPEN
COMP008286,CUST048340,FRAUD_ALERT,OPEN
COMP008287,CUST061553,FRAUD_ALERT,OPEN
COMP008288,CUST091481,LOAN_ISSUE,CLOSED
COMP008289,CUST024588,UPI_ISSUE,CLOSED
COMP008290,CUST042522,CARD_ISSUE,OPEN
COMP008291,CUST031599,CARD_ISSUE,CLOSED
COMP008292,CUST027330,UPI_ISSUE,CLOSED
COMP008293,CUST043581,LOAN_ISSUE,CLOSED
COMP008294,CUST005444,FRAUD_ALERT,OPEN
COMP008295,CUST004265,UPI_ISSUE,CLOSED
COMP008296,CUST093212,CARD_ISSUE,OPEN
COMP008297,CUST013178,CARD_ISSUE,CLOSED
COMP008298,CUST031317,UPI_ISSUE,OPEN
COMP008299,CUST051252,LOAN_ISSUE,OPEN
COMP008300,CUST013874,UPI_ISSUE,OPEN
COMP008301,CUST038839,LOAN_ISSUE,CLOSED
COMP008302,CUST023161,CARD_ISSUE,OPEN
COMP008303,CUST010278,CARD_ISSUE,OPEN
COMP008304,CUST033550,CARD_ISSUE,OPEN
COMP008305,CUST070133,LOAN_ISSUE,OPEN
COMP008306,CUST018689,LOAN_ISSUE,CLOSED
COMP008307,CUST073276,FRAUD_ALERT,OPEN
COMP008308,CUST019939,FRAUD_ALERT,OPEN
COMP008309,CUST074903,UPI_ISSUE,CLOSED
COMP008310,CUST007752,CARD_ISSUE,OPEN
COMP008311,CUST036138,FRAUD_ALERT,CLOSED
COMP008312,CUST049092,FRAUD_ALERT,OPEN
COMP008313,CUST063893,LOAN_ISSUE,OPEN
COMP008314,CUST073657,UPI_ISSUE,CLOSED
COMP008315,CUST025214,UPI_ISSUE,OPEN
COMP008316,CUST083078,FRAUD_ALERT,CLOSED
COMP008317,CUST071020,LOAN_ISSUE,CLOSED
COMP008318,CUST068104,UPI_ISSUE,OPEN
COMP008319,CUST023872,LOAN_ISSUE,OPEN
COMP008320,CUST022594,CARD_ISSUE,OPEN
COMP008321,CUST076097,FRAUD_ALERT,CLOSED
COMP008322,CUST003234,UPI_ISSUE,CLOSED
COMP008323,CUST098361,LOAN_ISSUE,OPEN
COMP008324,CUST058035,UPI_ISSUE,CLOSED
COMP008325,CUST005177,LOAN_ISSUE,OPEN
COMP008326,CUST059120,CARD_ISSUE,CLOSED
COMP008327,CUST074338,LOAN_ISSUE,OPEN
COMP008328,CUST084522,LOAN_ISSUE,OPEN
COMP008329,CUST074218,UPI_ISSUE,OPEN
COMP008330,CUST044179,LOAN_ISSUE,CLOSED
COMP008331,CUST086254,CARD_ISSUE,OPEN
COMP008332,CUST008352,FRAUD_ALERT,CLOSED
COMP008333,CUST052902,LOAN_ISSUE,CLOSED
COMP008334,CUST095785,CARD_ISSUE,OPEN
COMP008335,CUST022152,UPI_ISSUE,OPEN
COMP008336,CUST027058,LOAN_ISSUE,OPEN
COMP008337,CUST034290,CARD_ISSUE,OPEN
COMP008338,CUST090009,FRAUD_ALERT,CLOSED
COMP008339,CUST064295,UPI_ISSUE,OPEN
COMP008340,CUST091198,CARD_ISSUE,OPEN
COMP008341,CUST080560,LOAN_ISSUE,CLOSED
COMP008342,CUST016937,FRAUD_ALERT,CLOSED
COMP008343,CUST074205,UPI_ISSUE,OPEN
COMP008344,CUST057968,FRAUD_ALERT,CLOSED
COMP008345,CUST090843,UPI_ISSUE,OPEN
COMP008346,CUST001017,UPI_ISSUE,OPEN
COMP008347,CUST093857,UPI_ISSUE,CLOSED
COMP008348,CUST017673,FRAUD_ALERT,CLOSED
COMP008349,CUST036966,UPI_ISSUE,OPEN
COMP008350,CUST064948,FRAUD_ALERT,CLOSED
COMP008351,CUST050399,LOAN_ISSUE,OPEN
COMP008352,CUST029804,LOAN_ISSUE,CLOSED
COMP008353,CUST015797,FRAUD_ALERT,CLOSED
COMP008354,CUST083705,FRAUD_ALERT,OPEN
COMP008355,CUST092549,CARD_ISSUE,OPEN
COMP008356,CUST084027,FRAUD_ALERT,OPEN
COMP008357,CUST095319,UPI_ISSUE,CLOSED
COMP008358,CUST009411,CARD_ISSUE,OPEN
COMP008359,CUST093486,UPI_ISSUE,OPEN
COMP008360,CUST016241,LOAN_ISSUE,OPEN
COMP008361,CUST028551,UPI_ISSUE,CLOSED
COMP008362,CUST046049,FRAUD_ALERT,OPEN
COMP008363,CUST003736,LOAN_ISSUE,OPEN
COMP008364,CUST030647,CARD_ISSUE,CLOSED
COMP008365,CUST003761,LOAN_ISSUE,CLOSED
COMP008366,CUST041500,CARD_ISSUE,CLOSED
COMP008367,CUST040349,CARD_ISSUE,CLOSED
COMP008368,CUST055361,FRAUD_ALERT,CLOSED
COMP008369,CUST064122,UPI_ISSUE,OPEN
COMP008370,CUST046206,UPI_ISSUE,OPEN
COMP008371,CUST038663,UPI_ISSUE,OPEN
COMP008372,CUST033895,LOAN_ISSUE,OPEN
COMP008373,CUST075156,FRAUD_ALERT,CLOSED
COMP008374,CUST068785,LOAN_ISSUE,OPEN
COMP008375,CUST015030,UPI_ISSUE,OPEN
COMP008376,CUST025410,UPI_ISSUE,CLOSED
COMP008377,CUST093359,LOAN_ISSUE,OPEN
COMP008378,CUST072348,LOAN_ISSUE,CLOSED
COMP008379,CUST026625,LOAN_ISSUE,CLOSED
COMP008380,CUST026458,UPI_ISSUE,OPEN
COMP008381,CUST058760,FRAUD_ALERT,CLOSED
COMP008382,CUST066867,UPI_ISSUE,OPEN
COMP008383,CUST030136,CARD_ISSUE,OPEN
COMP008384,CUST020030,FRAUD_ALERT,OPEN
COMP008385,CUST053040,LOAN_ISSUE,CLOSED
COMP008386,CUST054008,UPI_ISSUE,OPEN
COMP008387,CUST065361,CARD_ISSUE,CLOSED
COMP008388,CUST031770,CARD_ISSUE,OPEN
COMP008389,CUST086955,UPI_ISSUE,OPEN
COMP008390,CUST062318,LOAN_ISSUE,OPEN
COMP008391,CUST042679,LOAN_ISSUE,CLOSED
COMP008392,CUST009224,LOAN_ISSUE,OPEN
COMP008393,CUST035129,LOAN_ISSUE,OPEN
COMP008394,CUST053034,UPI_ISSUE,OPEN
COMP008395,CUST085599,LOAN_ISSUE,OPEN
COMP008396,CUST083009,FRAUD_ALERT,OPEN
COMP008397,CUST028105,CARD_ISSUE,OPEN
COMP008398,CUST033676,UPI_ISSUE,OPEN
COMP008399,CUST093718,UPI_ISSUE,OPEN
COMP008400,CUST008563,CARD_ISSUE,OPEN
COMP008401,CUST085553,LOAN_ISSUE,CLOSED
COMP008402,CUST087418,LOAN_ISSUE,OPEN
COMP008403,CUST030522,FRAUD_ALERT,CLOSED
COMP008404,CUST041397,LOAN_ISSUE,CLOSED
COMP008405,CUST075426,LOAN_ISSUE,CLOSED
COMP008406,CUST078634,CARD_ISSUE,CLOSED
COMP008407,CUST083505,FRAUD_ALERT,CLOSED
COMP008408,CUST006076,UPI_ISSUE,CLOSED
COMP008409,CUST063664,CARD_ISSUE,OPEN
COMP008410,CUST065758,FRAUD_ALERT,OPEN
COMP008411,CUST032783,FRAUD_ALERT,CLOSED
COMP008412,CUST020857,CARD_ISSUE,CLOSED
COMP008413,CUST062439,CARD_ISSUE,OPEN
COMP008414,CUST038989,UPI_ISSUE,CLOSED
COMP008415,CUST012028,FRAUD_ALERT,CLOSED
COMP008416,CUST088929,LOAN_ISSUE,CLOSED
COMP008417,CUST071469,LOAN_ISSUE,CLOSED
COMP008418,CUST008189,FRAUD_ALERT,OPEN
COMP008419,CUST067541,LOAN_ISSUE,OPEN
COMP008420,CUST034630,LOAN_ISSUE,OPEN
COMP008421,CUST040393,FRAUD_ALERT,OPEN
COMP008422,CUST067047,FRAUD_ALERT,CLOSED
COMP008423,CUST001848,CARD_ISSUE,CLOSED
COMP008424,CUST058210,CARD_ISSUE,OPEN
COMP008425,CUST012827,CARD_ISSUE,OPEN
COMP008426,CUST007529,LOAN_ISSUE,OPEN
COMP008427,CUST095004,LOAN_ISSUE,OPEN
COMP008428,CUST044089,CARD_ISSUE,CLOSED
COMP008429,CUST067601,FRAUD_ALERT,CLOSED
COMP008430,CUST076540,CARD_ISSUE,OPEN
COMP008431,CUST017004,CARD_ISSUE,OPEN
COMP008432,CUST044681,CARD_ISSUE,CLOSED
COMP008433,CUST082964,CARD_ISSUE,OPEN
COMP008434,CUST014951,UPI_ISSUE,CLOSED
COMP008435,CUST031591,FRAUD_ALERT,CLOSED
COMP008436,CUST054962,LOAN_ISSUE,CLOSED
COMP008437,CUST064461,UPI_ISSUE,CLOSED
COMP008438,CUST023792,CARD_ISSUE,CLOSED
COMP008439,CUST065666,LOAN_ISSUE,OPEN
COMP008440,CUST031813,LOAN_ISSUE,OPEN
COMP008441,CUST018025,LOAN_ISSUE,OPEN
COMP008442,CUST088528,UPI_ISSUE,OPEN
COMP008443,CUST048499,LOAN_ISSUE,CLOSED
COMP008444,CUST090156,FRAUD_ALERT,CLOSED
COMP008445,CUST096695,UPI_ISSUE,CLOSED
COMP008446,CUST027408,LOAN_ISSUE,OPEN
COMP008447,CUST068194,LOAN_ISSUE,CLOSED
COMP008448,CUST048683,CARD_ISSUE,CLOSED
COMP008449,CUST067021,UPI_ISSUE,OPEN
COMP008450,CUST032383,LOAN_ISSUE,OPEN
COMP008451,CUST044635,UPI_ISSUE,OPEN
COMP008452,CUST036594,CARD_ISSUE,CLOSED
COMP008453,CUST080610,CARD_ISSUE,CLOSED
COMP008454,CUST059766,UPI_ISSUE,OPEN
COMP008455,CUST023443,CARD_ISSUE,CLOSED
COMP008456,CUST061924,UPI_ISSUE,CLOSED
COMP008457,CUST016849,CARD_ISSUE,OPEN
COMP008458,CUST026242,FRAUD_ALERT,OPEN
COMP008459,CUST003070,UPI_ISSUE,CLOSED
COMP008460,CUST045593,CARD_ISSUE,OPEN
COMP008461,CUST050737,UPI_ISSUE,OPEN
COMP008462,CUST079863,CARD_ISSUE,OPEN
COMP008463,CUST005395,LOAN_ISSUE,CLOSED
COMP008464,CUST097331,UPI_ISSUE,CLOSED
COMP008465,CUST016610,UPI_ISSUE,OPEN
COMP008466,CUST031159,CARD_ISSUE,CLOSED
COMP008467,CUST083587,LOAN_ISSUE,OPEN
COMP008468,CUST026804,UPI_ISSUE,CLOSED
COMP008469,CUST036853,LOAN_ISSUE,CLOSED
COMP008470,CUST080401,UPI_ISSUE,OPEN
COMP008471,CUST063513,CARD_ISSUE,CLOSED
COMP008472,CUST004388,FRAUD_ALERT,OPEN
COMP008473,CUST095071,LOAN_ISSUE,CLOSED
COMP008474,CUST000090,CARD_ISSUE,CLOSED
COMP008475,CUST027465,LOAN_ISSUE,OPEN
COMP008476,CUST094094,LOAN_ISSUE,OPEN
COMP008477,CUST059725,LOAN_ISSUE,OPEN
COMP008478,CUST017313,UPI_ISSUE,CLOSED
COMP008479,CUST079945,LOAN_ISSUE,OPEN
COMP008480,CUST083931,LOAN_ISSUE,OPEN
COMP008481,CUST023503,UPI_ISSUE,CLOSED
COMP008482,CUST082122,FRAUD_ALERT,CLOSED
COMP008483,CUST012581,CARD_ISSUE,CLOSED
COMP008484,CUST071083,UPI_ISSUE,CLOSED
COMP008485,CUST061225,LOAN_ISSUE,CLOSED
COMP008486,CUST029415,LOAN_ISSUE,CLOSED
COMP008487,CUST071619,FRAUD_ALERT,CLOSED
COMP008488,CUST011474,UPI_ISSUE,CLOSED
COMP008489,CUST040097,LOAN_ISSUE,OPEN
COMP008490,CUST014717,UPI_ISSUE,OPEN
COMP008491,CUST015067,LOAN_ISSUE,OPEN
COMP008492,CUST055371,LOAN_ISSUE,CLOSED
COMP008493,CUST087392,UPI_ISSUE,OPEN
COMP008494,CUST036976,UPI_ISSUE,OPEN
COMP008495,CUST079260,CARD_ISSUE,OPEN
COMP008496,CUST042358,UPI_ISSUE,OPEN
COMP008497,CUST098076,FRAUD_ALERT,CLOSED
COMP008498,CUST009058,CARD_ISSUE,CLOSED
COMP008499,CUST095380,LOAN_ISSUE,OPEN
COMP008500,CUST063704,FRAUD_ALERT,OPEN
COMP008501,CUST001448,UPI_ISSUE,OPEN
COMP008502,CUST000832,FRAUD_ALERT,OPEN
COMP008503,CUST022850,UPI_ISSUE,OPEN
COMP008504,CUST002608,LOAN_ISSUE,OPEN
COMP008505,CUST023302,CARD_ISSUE,OPEN
COMP008506,CUST077216,LOAN_ISSUE,OPEN
COMP008507,CUST022413,UPI_ISSUE,OPEN
COMP008508,CUST091392,CARD_ISSUE,OPEN
COMP008509,CUST028176,CARD_ISSUE,OPEN
COMP008510,CUST091355,CARD_ISSUE,CLOSED
COMP008511,CUST007257,CARD_ISSUE,OPEN
COMP008512,CUST090782,FRAUD_ALERT,CLOSED
COMP008513,CUST008380,UPI_ISSUE,OPEN
COMP008514,CUST047843,CARD_ISSUE,CLOSED
COMP008515,CUST008425,UPI_ISSUE,CLOSED
COMP008516,CUST004287,FRAUD_ALERT,CLOSED
COMP008517,CUST087464,CARD_ISSUE,OPEN
COMP008518,CUST062226,CARD_ISSUE,CLOSED
COMP008519,CUST056561,CARD_ISSUE,CLOSED
COMP008520,CUST003715,FRAUD_ALERT,CLOSED
COMP008521,CUST098693,FRAUD_ALERT,CLOSED
COMP008522,CUST038905,LOAN_ISSUE,OPEN
COMP008523,CUST099389,LOAN_ISSUE,OPEN
COMP008524,CUST054609,UPI_ISSUE,CLOSED
COMP008525,CUST060379,UPI_ISSUE,OPEN
COMP008526,CUST088828,UPI_ISSUE,CLOSED
COMP008527,CUST068275,LOAN_ISSUE,CLOSED
COMP008528,CUST099141,CARD_ISSUE,OPEN
COMP008529,CUST001171,FRAUD_ALERT,CLOSED
COMP008530,CUST068243,FRAUD_ALERT,OPEN
COMP008531,CUST054969,LOAN_ISSUE,OPEN
COMP008532,CUST072871,FRAUD_ALERT,OPEN
COMP008533,CUST072778,LOAN_ISSUE,CLOSED
COMP008534,CUST087773,FRAUD_ALERT,OPEN
COMP008535,CUST059640,CARD_ISSUE,OPEN
COMP008536,CUST038913,UPI_ISSUE,CLOSED
COMP008537,CUST012906,CARD_ISSUE,CLOSED
COMP008538,CUST007497,FRAUD_ALERT,CLOSED
COMP008539,CUST024533,LOAN_ISSUE,OPEN
COMP008540,CUST068315,CARD_ISSUE,CLOSED
COMP008541,CUST062566,UPI_ISSUE,CLOSED
COMP008542,CUST083128,FRAUD_ALERT,CLOSED
COMP008543,CUST064938,CARD_ISSUE,CLOSED
COMP008544,CUST044260,CARD_ISSUE,CLOSED
COMP008545,CUST061648,LOAN_ISSUE,OPEN
COMP008546,CUST024090,CARD_ISSUE,CLOSED
COMP008547,CUST023454,UPI_ISSUE,OPEN
COMP008548,CUST045310,UPI_ISSUE,OPEN
COMP008549,CUST028692,FRAUD_ALERT,CLOSED
COMP008550,CUST046533,LOAN_ISSUE,CLOSED
COMP008551,CUST055309,CARD_ISSUE,OPEN
COMP008552,CUST013722,UPI_ISSUE,OPEN
COMP008553,CUST085450,UPI_ISSUE,OPEN
COMP008554,CUST099860,UPI_ISSUE,OPEN
COMP008555,CUST064678,CARD_ISSUE,CLOSED
COMP008556,CUST099439,FRAUD_ALERT,OPEN
COMP008557,CUST040020,UPI_ISSUE,OPEN
COMP008558,CUST015203,LOAN_ISSUE,OPEN
COMP008559,CUST038451,FRAUD_ALERT,OPEN
COMP008560,CUST086309,LOAN_ISSUE,CLOSED
COMP008561,CUST070583,CARD_ISSUE,OPEN
COMP008562,CUST058312,UPI_ISSUE,OPEN
COMP008563,CUST095174,UPI_ISSUE,CLOSED
COMP008564,CUST010152,LOAN_ISSUE,CLOSED
COMP008565,CUST098094,CARD_ISSUE,OPEN
COMP008566,CUST057835,FRAUD_ALERT,OPEN
COMP008567,CUST042767,LOAN_ISSUE,CLOSED
COMP008568,CUST041761,LOAN_ISSUE,CLOSED
COMP008569,CUST026595,CARD_ISSUE,CLOSED
COMP008570,CUST020729,CARD_ISSUE,CLOSED
COMP008571,CUST007986,CARD_ISSUE,OPEN
COMP008572,CUST043590,CARD_ISSUE,OPEN
COMP008573,CUST062744,CARD_ISSUE,OPEN
COMP008574,CUST073892,CARD_ISSUE,OPEN
COMP008575,CUST083089,CARD_ISSUE,OPEN
COMP008576,CUST071273,CARD_ISSUE,CLOSED
COMP008577,CUST032530,LOAN_ISSUE,CLOSED
COMP008578,CUST028737,CARD_ISSUE,OPEN
COMP008579,CUST046321,UPI_ISSUE,OPEN
COMP008580,CUST045699,LOAN_ISSUE,CLOSED
COMP008581,CUST018264,FRAUD_ALERT,CLOSED
COMP008582,CUST041615,UPI_ISSUE,OPEN
COMP008583,CUST021152,CARD_ISSUE,CLOSED
COMP008584,CUST057750,LOAN_ISSUE,CLOSED
COMP008585,CUST052574,CARD_ISSUE,CLOSED
COMP008586,CUST021804,FRAUD_ALERT,OPEN
COMP008587,CUST066155,CARD_ISSUE,OPEN
COMP008588,CUST001395,CARD_ISSUE,CLOSED
COMP008589,CUST037407,LOAN_ISSUE,OPEN
COMP008590,CUST085588,CARD_ISSUE,OPEN
COMP008591,CUST063743,CARD_ISSUE,OPEN
COMP008592,CUST011545,FRAUD_ALERT,OPEN
COMP008593,CUST026242,UPI_ISSUE,CLOSED
COMP008594,CUST059114,FRAUD_ALERT,CLOSED
COMP008595,CUST056661,CARD_ISSUE,CLOSED
COMP008596,CUST024024,LOAN_ISSUE,CLOSED
COMP008597,CUST010686,LOAN_ISSUE,CLOSED
COMP008598,CUST099048,LOAN_ISSUE,CLOSED
COMP008599,CUST064490,UPI_ISSUE,CLOSED
COMP008600,CUST020577,LOAN_ISSUE,CLOSED
COMP008601,CUST050117,CARD_ISSUE,CLOSED
COMP008602,CUST054309,FRAUD_ALERT,OPEN
COMP008603,CUST021519,CARD_ISSUE,OPEN
COMP008604,CUST087410,CARD_ISSUE,OPEN
COMP008605,CUST099870,LOAN_ISSUE,CLOSED
COMP008606,CUST014723,UPI_ISSUE,CLOSED
COMP008607,CUST015245,FRAUD_ALERT,CLOSED
COMP008608,CUST055705,FRAUD_ALERT,OPEN
COMP008609,CUST025686,CARD_ISSUE,CLOSED
COMP008610,CUST034883,LOAN_ISSUE,OPEN
COMP008611,CUST011041,LOAN_ISSUE,OPEN
COMP008612,CUST015032,FRAUD_ALERT,CLOSED
COMP008613,CUST047674,UPI_ISSUE,OPEN
COMP008614,CUST028223,UPI_ISSUE,CLOSED
COMP008615,CUST030376,FRAUD_ALERT,CLOSED
COMP008616,CUST046418,LOAN_ISSUE,OPEN
COMP008617,CUST053850,UPI_ISSUE,OPEN
COMP008618,CUST088420,LOAN_ISSUE,OPEN
COMP008619,CUST034615,CARD_ISSUE,OPEN
COMP008620,CUST039355,LOAN_ISSUE,OPEN
COMP008621,CUST008217,LOAN_ISSUE,OPEN
COMP008622,CUST085198,LOAN_ISSUE,CLOSED
COMP008623,CUST068548,LOAN_ISSUE,CLOSED
COMP008624,CUST051198,UPI_ISSUE,CLOSED
COMP008625,CUST093485,LOAN_ISSUE,CLOSED
COMP008626,CUST084424,LOAN_ISSUE,OPEN
COMP008627,CUST068547,FRAUD_ALERT,OPEN
COMP008628,CUST074851,LOAN_ISSUE,OPEN
COMP008629,CUST034020,LOAN_ISSUE,CLOSED
COMP008630,CUST014527,FRAUD_ALERT,OPEN
COMP008631,CUST006571,FRAUD_ALERT,CLOSED
COMP008632,CUST053178,UPI_ISSUE,OPEN
COMP008633,CUST080668,LOAN_ISSUE,OPEN
COMP008634,CUST098765,CARD_ISSUE,CLOSED
COMP008635,CUST005049,LOAN_ISSUE,CLOSED
COMP008636,CUST020745,FRAUD_ALERT,OPEN
COMP008637,CUST088413,LOAN_ISSUE,CLOSED
COMP008638,CUST076643,LOAN_ISSUE,CLOSED
COMP008639,CUST097914,FRAUD_ALERT,OPEN
COMP008640,CUST006556,LOAN_ISSUE,CLOSED
COMP008641,CUST068598,CARD_ISSUE,CLOSED
COMP008642,CUST041409,CARD_ISSUE,CLOSED
COMP008643,CUST065300,LOAN_ISSUE,OPEN
COMP008644,CUST086180,FRAUD_ALERT,CLOSED
COMP008645,CUST087472,CARD_ISSUE,OPEN
COMP008646,CUST019864,UPI_ISSUE,CLOSED
COMP008647,CUST066990,LOAN_ISSUE,CLOSED
COMP008648,CUST008688,LOAN_ISSUE,CLOSED
COMP008649,CUST001616,FRAUD_ALERT,CLOSED
COMP008650,CUST080207,FRAUD_ALERT,OPEN
COMP008651,CUST077195,CARD_ISSUE,OPEN
COMP008652,CUST052652,LOAN_ISSUE,CLOSED
COMP008653,CUST004241,LOAN_ISSUE,OPEN
COMP008654,CUST057928,LOAN_ISSUE,CLOSED
COMP008655,CUST012374,LOAN_ISSUE,OPEN
COMP008656,CUST032300,UPI_ISSUE,OPEN
COMP008657,CUST046519,FRAUD_ALERT,OPEN
COMP008658,CUST078312,CARD_ISSUE,OPEN
COMP008659,CUST003049,CARD_ISSUE,CLOSED
COMP008660,CUST096603,FRAUD_ALERT,OPEN
COMP008661,CUST008547,FRAUD_ALERT,CLOSED
COMP008662,CUST098158,UPI_ISSUE,OPEN
COMP008663,CUST019223,UPI_ISSUE,OPEN
COMP008664,CUST072769,LOAN_ISSUE,OPEN
COMP008665,CUST055583,LOAN_ISSUE,OPEN
COMP008666,CUST086986,FRAUD_ALERT,CLOSED
COMP008667,CUST000150,CARD_ISSUE,CLOSED
COMP008668,CUST054493,UPI_ISSUE,OPEN
COMP008669,CUST059391,LOAN_ISSUE,OPEN
COMP008670,CUST032405,UPI_ISSUE,OPEN
COMP008671,CUST026211,LOAN_ISSUE,CLOSED
COMP008672,CUST067688,UPI_ISSUE,CLOSED
COMP008673,CUST078487,LOAN_ISSUE,OPEN
COMP008674,CUST017450,LOAN_ISSUE,CLOSED
COMP008675,CUST049318,UPI_ISSUE,CLOSED
COMP008676,CUST026874,CARD_ISSUE,OPEN
COMP008677,CUST078703,LOAN_ISSUE,CLOSED
COMP008678,CUST043478,CARD_ISSUE,CLOSED
COMP008679,CUST024815,CARD_ISSUE,OPEN
COMP008680,CUST093789,UPI_ISSUE,CLOSED
COMP008681,CUST027893,LOAN_ISSUE,OPEN
COMP008682,CUST023428,CARD_ISSUE,OPEN
COMP008683,CUST076631,LOAN_ISSUE,CLOSED
COMP008684,CUST027005,CARD_ISSUE,CLOSED
COMP008685,CUST049393,LOAN_ISSUE,OPEN
COMP008686,CUST081644,UPI_ISSUE,CLOSED
COMP008687,CUST033036,LOAN_ISSUE,OPEN
COMP008688,CUST045312,CARD_ISSUE,OPEN
COMP008689,CUST011649,CARD_ISSUE,CLOSED
COMP008690,CUST005438,UPI_ISSUE,CLOSED
COMP008691,CUST089497,FRAUD_ALERT,OPEN
COMP008692,CUST034532,CARD_ISSUE,CLOSED
COMP008693,CUST038453,UPI_ISSUE,CLOSED
COMP008694,CUST064953,FRAUD_ALERT,OPEN
COMP008695,CUST098438,FRAUD_ALERT,CLOSED
COMP008696,CUST066326,UPI_ISSUE,CLOSED
COMP008697,CUST037791,UPI_ISSUE,OPEN
COMP008698,CUST097927,UPI_ISSUE,OPEN
COMP008699,CUST049887,UPI_ISSUE,CLOSED
COMP008700,CUST099473,CARD_ISSUE,CLOSED
COMP008701,CUST061736,UPI_ISSUE,CLOSED
COMP008702,CUST074500,CARD_ISSUE,OPEN
COMP008703,CUST067008,CARD_ISSUE,CLOSED
COMP008704,CUST045058,CARD_ISSUE,OPEN
COMP008705,CUST001897,UPI_ISSUE,CLOSED
COMP008706,CUST077253,CARD_ISSUE,OPEN
COMP008707,CUST091312,UPI_ISSUE,OPEN
COMP008708,CUST022038,LOAN_ISSUE,CLOSED
COMP008709,CUST088404,UPI_ISSUE,CLOSED
COMP008710,CUST054484,UPI_ISSUE,CLOSED
COMP008711,CUST049495,UPI_ISSUE,OPEN
COMP008712,CUST016396,FRAUD_ALERT,OPEN
COMP008713,CUST059756,CARD_ISSUE,OPEN
COMP008714,CUST054600,UPI_ISSUE,OPEN
COMP008715,CUST088466,UPI_ISSUE,CLOSED
COMP008716,CUST089683,LOAN_ISSUE,CLOSED
COMP008717,CUST088278,LOAN_ISSUE,CLOSED
COMP008718,CUST032492,LOAN_ISSUE,OPEN
COMP008719,CUST087231,FRAUD_ALERT,CLOSED
COMP008720,CUST088605,CARD_ISSUE,OPEN
COMP008721,CUST030705,UPI_ISSUE,CLOSED
COMP008722,CUST082512,CARD_ISSUE,CLOSED
COMP008723,CUST071475,CARD_ISSUE,CLOSED
COMP008724,CUST018506,UPI_ISSUE,OPEN
COMP008725,CUST085594,FRAUD_ALERT,OPEN
COMP008726,CUST005721,UPI_ISSUE,CLOSED
COMP008727,CUST006059,CARD_ISSUE,CLOSED
COMP008728,CUST065763,LOAN_ISSUE,CLOSED
COMP008729,CUST021122,FRAUD_ALERT,OPEN
COMP008730,CUST074519,UPI_ISSUE,OPEN
COMP008731,CUST008898,CARD_ISSUE,OPEN
COMP008732,CUST083246,CARD_ISSUE,OPEN
COMP008733,CUST048198,CARD_ISSUE,OPEN
COMP008734,CUST025985,CARD_ISSUE,OPEN
COMP008735,CUST097553,CARD_ISSUE,CLOSED
COMP008736,CUST074806,LOAN_ISSUE,OPEN
COMP008737,CUST001022,FRAUD_ALERT,OPEN
COMP008738,CUST045941,CARD_ISSUE,CLOSED
COMP008739,CUST051875,UPI_ISSUE,CLOSED
COMP008740,CUST040986,CARD_ISSUE,OPEN
COMP008741,CUST008836,UPI_ISSUE,CLOSED
COMP008742,CUST020578,CARD_ISSUE,OPEN
COMP008743,CUST043196,LOAN_ISSUE,CLOSED
COMP008744,CUST045023,CARD_ISSUE,CLOSED
COMP008745,CUST086697,CARD_ISSUE,CLOSED
COMP008746,CUST074058,FRAUD_ALERT,CLOSED
COMP008747,CUST024531,CARD_ISSUE,OPEN
COMP008748,CUST030431,LOAN_ISSUE,CLOSED
COMP008749,CUST005402,LOAN_ISSUE,OPEN
COMP008750,CUST020235,FRAUD_ALERT,OPEN
COMP008751,CUST059764,UPI_ISSUE,CLOSED
COMP008752,CUST022912,CARD_ISSUE,CLOSED
COMP008753,CUST034459,CARD_ISSUE,OPEN
COMP008754,CUST082083,LOAN_ISSUE,OPEN
COMP008755,CUST012355,UPI_ISSUE,CLOSED
COMP008756,CUST022257,LOAN_ISSUE,OPEN
COMP008757,CUST055895,UPI_ISSUE,CLOSED
COMP008758,CUST093212,UPI_ISSUE,CLOSED
COMP008759,CUST034547,CARD_ISSUE,OPEN
COMP008760,CUST062113,FRAUD_ALERT,OPEN
COMP008761,CUST098242,UPI_ISSUE,CLOSED
COMP008762,CUST067959,CARD_ISSUE,OPEN
COMP008763,CUST063140,CARD_ISSUE,CLOSED
COMP008764,CUST099445,UPI_ISSUE,OPEN
COMP008765,CUST013084,LOAN_ISSUE,OPEN
COMP008766,CUST016196,CARD_ISSUE,CLOSED
COMP008767,CUST002744,LOAN_ISSUE,OPEN
COMP008768,CUST071553,CARD_ISSUE,CLOSED
COMP008769,CUST021859,CARD_ISSUE,CLOSED
COMP008770,CUST031806,UPI_ISSUE,CLOSED
COMP008771,CUST082491,UPI_ISSUE,OPEN
COMP008772,CUST044927,CARD_ISSUE,OPEN
COMP008773,CUST097639,UPI_ISSUE,OPEN
COMP008774,CUST048868,FRAUD_ALERT,OPEN
COMP008775,CUST019923,LOAN_ISSUE,CLOSED
COMP008776,CUST087315,UPI_ISSUE,OPEN
COMP008777,CUST000898,LOAN_ISSUE,CLOSED
COMP008778,CUST048614,CARD_ISSUE,CLOSED
COMP008779,CUST030052,LOAN_ISSUE,CLOSED
COMP008780,CUST053630,FRAUD_ALERT,CLOSED
COMP008781,CUST032793,CARD_ISSUE,OPEN
COMP008782,CUST027513,CARD_ISSUE,OPEN
COMP008783,CUST052290,LOAN_ISSUE,OPEN
COMP008784,CUST052537,FRAUD_ALERT,CLOSED
COMP008785,CUST035191,UPI_ISSUE,OPEN
COMP008786,CUST092295,LOAN_ISSUE,CLOSED
COMP008787,CUST004411,UPI_ISSUE,OPEN
COMP008788,CUST048665,UPI_ISSUE,CLOSED
COMP008789,CUST096825,FRAUD_ALERT,OPEN
COMP008790,CUST008634,FRAUD_ALERT,CLOSED
COMP008791,CUST082026,LOAN_ISSUE,CLOSED
COMP008792,CUST015270,FRAUD_ALERT,OPEN
COMP008793,CUST064626,FRAUD_ALERT,OPEN
COMP008794,CUST056702,LOAN_ISSUE,CLOSED
COMP008795,CUST047816,FRAUD_ALERT,CLOSED
COMP008796,CUST033841,CARD_ISSUE,CLOSED
COMP008797,CUST049312,UPI_ISSUE,OPEN
COMP008798,CUST002600,LOAN_ISSUE,CLOSED
COMP008799,CUST032866,UPI_ISSUE,CLOSED
COMP008800,CUST011623,UPI_ISSUE,CLOSED
COMP008801,CUST004503,CARD_ISSUE,CLOSED
COMP008802,CUST044668,UPI_ISSUE,OPEN
COMP008803,CUST095789,FRAUD_ALERT,CLOSED
COMP008804,CUST076260,LOAN_ISSUE,OPEN
COMP008805,CUST069974,UPI_ISSUE,OPEN
COMP008806,CUST043181,FRAUD_ALERT,CLOSED
COMP008807,CUST095107,LOAN_ISSUE,OPEN
COMP008808,CUST074227,UPI_ISSUE,CLOSED
COMP008809,CUST005367,FRAUD_ALERT,CLOSED
COMP008810,CUST032683,FRAUD_ALERT,OPEN
COMP008811,CUST008074,UPI_ISSUE,OPEN
COMP008812,CUST039942,LOAN_ISSUE,CLOSED
COMP008813,CUST004124,UPI_ISSUE,CLOSED
COMP008814,CUST076580,FRAUD_ALERT,CLOSED
COMP008815,CUST003117,FRAUD_ALERT,CLOSED
COMP008816,CUST086184,FRAUD_ALERT,CLOSED
COMP008817,CUST071891,FRAUD_ALERT,OPEN
COMP008818,CUST036491,CARD_ISSUE,CLOSED
COMP008819,CUST099843,CARD_ISSUE,OPEN
COMP008820,CUST052212,FRAUD_ALERT,OPEN
COMP008821,CUST014774,FRAUD_ALERT,OPEN
COMP008822,CUST070395,FRAUD_ALERT,OPEN
COMP008823,CUST093794,LOAN_ISSUE,OPEN
COMP008824,CUST055700,CARD_ISSUE,CLOSED
COMP008825,CUST024358,CARD_ISSUE,CLOSED
COMP008826,CUST058205,CARD_ISSUE,OPEN
COMP008827,CUST092220,CARD_ISSUE,CLOSED
COMP008828,CUST056355,UPI_ISSUE,CLOSED
COMP008829,CUST052086,LOAN_ISSUE,OPEN
COMP008830,CUST038198,UPI_ISSUE,OPEN
COMP008831,CUST081082,LOAN_ISSUE,CLOSED
COMP008832,CUST039329,UPI_ISSUE,OPEN
COMP008833,CUST037853,CARD_ISSUE,OPEN
COMP008834,CUST028667,UPI_ISSUE,CLOSED
COMP008835,CUST050309,FRAUD_ALERT,OPEN
COMP008836,CUST087417,FRAUD_ALERT,OPEN
COMP008837,CUST048311,CARD_ISSUE,CLOSED
COMP008838,CUST019730,LOAN_ISSUE,OPEN
COMP008839,CUST034706,UPI_ISSUE,CLOSED
COMP008840,CUST046833,CARD_ISSUE,OPEN
COMP008841,CUST037314,UPI_ISSUE,OPEN
COMP008842,CUST075799,UPI_ISSUE,CLOSED
COMP008843,CUST070963,UPI_ISSUE,OPEN
COMP008844,CUST084813,FRAUD_ALERT,CLOSED
COMP008845,CUST066742,LOAN_ISSUE,CLOSED
COMP008846,CUST038522,CARD_ISSUE,OPEN
COMP008847,CUST088546,FRAUD_ALERT,OPEN
COMP008848,CUST053829,CARD_ISSUE,CLOSED
COMP008849,CUST005579,CARD_ISSUE,CLOSED
COMP008850,CUST087403,LOAN_ISSUE,CLOSED
COMP008851,CUST089974,FRAUD_ALERT,CLOSED
COMP008852,CUST075552,UPI_ISSUE,OPEN
COMP008853,CUST094769,LOAN_ISSUE,OPEN
COMP008854,CUST037842,UPI_ISSUE,OPEN
COMP008855,CUST099008,LOAN_ISSUE,OPEN
COMP008856,CUST097807,LOAN_ISSUE,OPEN
COMP008857,CUST053539,CARD_ISSUE,OPEN
COMP008858,CUST046348,CARD_ISSUE,OPEN
COMP008859,CUST014531,LOAN_ISSUE,CLOSED
COMP008860,CUST074294,LOAN_ISSUE,OPEN
COMP008861,CUST091968,LOAN_ISSUE,OPEN
COMP008862,CUST088801,FRAUD_ALERT,OPEN
COMP008863,CUST010999,UPI_ISSUE,CLOSED
COMP008864,CUST093186,CARD_ISSUE,CLOSED
COMP008865,CUST020972,UPI_ISSUE,CLOSED
COMP008866,CUST006738,LOAN_ISSUE,CLOSED
COMP008867,CUST043676,FRAUD_ALERT,OPEN
COMP008868,CUST083389,UPI_ISSUE,CLOSED
COMP008869,CUST027645,FRAUD_ALERT,OPEN
COMP008870,CUST046395,LOAN_ISSUE,OPEN
COMP008871,CUST084689,FRAUD_ALERT,CLOSED
COMP008872,CUST003572,CARD_ISSUE,CLOSED
COMP008873,CUST095279,LOAN_ISSUE,CLOSED
COMP008874,CUST002625,CARD_ISSUE,CLOSED
COMP008875,CUST088893,FRAUD_ALERT,CLOSED
COMP008876,CUST060913,CARD_ISSUE,OPEN
COMP008877,CUST020286,UPI_ISSUE,OPEN
COMP008878,CUST075956,CARD_ISSUE,OPEN
COMP008879,CUST053744,FRAUD_ALERT,OPEN
COMP008880,CUST097412,LOAN_ISSUE,CLOSED
COMP008881,CUST081843,FRAUD_ALERT,OPEN
COMP008882,CUST085584,UPI_ISSUE,CLOSED
COMP008883,CUST084933,CARD_ISSUE,OPEN
COMP008884,CUST014765,LOAN_ISSUE,OPEN
COMP008885,CUST049595,CARD_ISSUE,CLOSED
COMP008886,CUST085395,FRAUD_ALERT,OPEN
COMP008887,CUST046619,CARD_ISSUE,CLOSED
COMP008888,CUST084307,CARD_ISSUE,CLOSED
COMP008889,CUST026330,CARD_ISSUE,CLOSED
COMP008890,CUST021769,CARD_ISSUE,OPEN
COMP008891,CUST052626,LOAN_ISSUE,CLOSED
COMP008892,CUST052184,FRAUD_ALERT,CLOSED
COMP008893,CUST071853,UPI_ISSUE,OPEN
COMP008894,CUST074309,FRAUD_ALERT,CLOSED
COMP008895,CUST072799,FRAUD_ALERT,OPEN
COMP008896,CUST058364,UPI_ISSUE,CLOSED
COMP008897,CUST073566,LOAN_ISSUE,CLOSED
COMP008898,CUST074061,LOAN_ISSUE,CLOSED
COMP008899,CUST077338,CARD_ISSUE,CLOSED
COMP008900,CUST015272,FRAUD_ALERT,CLOSED
COMP008901,CUST084521,FRAUD_ALERT,CLOSED
COMP008902,CUST087622,LOAN_ISSUE,OPEN
COMP008903,CUST058922,LOAN_ISSUE,OPEN
COMP008904,CUST040884,CARD_ISSUE,CLOSED
COMP008905,CUST091760,CARD_ISSUE,CLOSED
COMP008906,CUST078563,UPI_ISSUE,OPEN
COMP008907,CUST061632,CARD_ISSUE,CLOSED
COMP008908,CUST073362,LOAN_ISSUE,CLOSED
COMP008909,CUST043516,LOAN_ISSUE,OPEN
COMP008910,CUST080532,FRAUD_ALERT,OPEN
COMP008911,CUST042771,CARD_ISSUE,OPEN
COMP008912,CUST058374,LOAN_ISSUE,CLOSED
COMP008913,CUST031934,CARD_ISSUE,OPEN
COMP008914,CUST029272,UPI_ISSUE,CLOSED
COMP008915,CUST002192,FRAUD_ALERT,OPEN
COMP008916,CUST086763,CARD_ISSUE,OPEN
COMP008917,CUST007460,CARD_ISSUE,OPEN
COMP008918,CUST090912,LOAN_ISSUE,CLOSED
COMP008919,CUST090094,CARD_ISSUE,OPEN
COMP008920,CUST079902,FRAUD_ALERT,OPEN
COMP008921,CUST099706,FRAUD_ALERT,OPEN
COMP008922,CUST092321,LOAN_ISSUE,CLOSED
COMP008923,CUST043506,UPI_ISSUE,CLOSED
COMP008924,CUST082739,UPI_ISSUE,OPEN
COMP008925,CUST022451,UPI_ISSUE,OPEN
COMP008926,CUST069027,CARD_ISSUE,CLOSED
COMP008927,CUST070041,FRAUD_ALERT,OPEN
COMP008928,CUST023581,FRAUD_ALERT,CLOSED
COMP008929,CUST011861,UPI_ISSUE,CLOSED
COMP008930,CUST090042,CARD_ISSUE,OPEN
COMP008931,CUST017546,FRAUD_ALERT,CLOSED
COMP008932,CUST094574,CARD_ISSUE,OPEN
COMP008933,CUST061699,FRAUD_ALERT,CLOSED
COMP008934,CUST045993,CARD_ISSUE,OPEN
COMP008935,CUST019426,LOAN_ISSUE,CLOSED
COMP008936,CUST036504,UPI_ISSUE,CLOSED
COMP008937,CUST021169,LOAN_ISSUE,CLOSED
COMP008938,CUST007217,LOAN_ISSUE,CLOSED
COMP008939,CUST025570,UPI_ISSUE,OPEN
COMP008940,CUST016678,FRAUD_ALERT,OPEN
COMP008941,CUST095391,UPI_ISSUE,OPEN
COMP008942,CUST018394,CARD_ISSUE,OPEN
COMP008943,CUST079445,LOAN_ISSUE,OPEN
COMP008944,CUST023517,LOAN_ISSUE,CLOSED
COMP008945,CUST045951,FRAUD_ALERT,OPEN
COMP008946,CUST039002,LOAN_ISSUE,OPEN
COMP008947,CUST008188,CARD_ISSUE,OPEN
COMP008948,CUST040164,FRAUD_ALERT,CLOSED
COMP008949,CUST091929,CARD_ISSUE,CLOSED
COMP008950,CUST070779,CARD_ISSUE,CLOSED
COMP008951,CUST085073,FRAUD_ALERT,CLOSED
COMP008952,CUST050620,FRAUD_ALERT,CLOSED
COMP008953,CUST039093,UPI_ISSUE,OPEN
COMP008954,CUST093449,UPI_ISSUE,CLOSED
COMP008955,CUST054017,UPI_ISSUE,CLOSED
COMP008956,CUST061192,LOAN_ISSUE,CLOSED
COMP008957,CUST027905,FRAUD_ALERT,OPEN
COMP008958,CUST002476,FRAUD_ALERT,CLOSED
COMP008959,CUST037266,UPI_ISSUE,CLOSED
COMP008960,CUST050361,CARD_ISSUE,OPEN
COMP008961,CUST027704,LOAN_ISSUE,CLOSED
COMP008962,CUST010056,FRAUD_ALERT,CLOSED
COMP008963,CUST064616,CARD_ISSUE,OPEN
COMP008964,CUST076586,CARD_ISSUE,OPEN
COMP008965,CUST044199,UPI_ISSUE,OPEN
COMP008966,CUST035652,CARD_ISSUE,OPEN
COMP008967,CUST086405,UPI_ISSUE,CLOSED
COMP008968,CUST017246,LOAN_ISSUE,OPEN
COMP008969,CUST054408,UPI_ISSUE,OPEN
COMP008970,CUST063028,LOAN_ISSUE,OPEN
COMP008971,CUST096152,CARD_ISSUE,CLOSED
COMP008972,CUST080132,LOAN_ISSUE,CLOSED
COMP008973,CUST008321,CARD_ISSUE,OPEN
COMP008974,CUST042129,FRAUD_ALERT,CLOSED
COMP008975,CUST094384,UPI_ISSUE,OPEN
COMP008976,CUST098723,CARD_ISSUE,CLOSED
COMP008977,CUST043113,CARD_ISSUE,CLOSED
COMP008978,CUST033235,UPI_ISSUE,OPEN
COMP008979,CUST059234,LOAN_ISSUE,OPEN
COMP008980,CUST021001,LOAN_ISSUE,CLOSED
COMP008981,CUST037620,LOAN_ISSUE,CLOSED
COMP008982,CUST074459,UPI_ISSUE,OPEN
COMP008983,CUST094830,CARD_ISSUE,CLOSED
COMP008984,CUST019804,CARD_ISSUE,CLOSED
COMP008985,CUST087495,UPI_ISSUE,OPEN
COMP008986,CUST069736,CARD_ISSUE,OPEN
COMP008987,CUST054306,CARD_ISSUE,CLOSED
COMP008988,CUST063639,LOAN_ISSUE,CLOSED
COMP008989,CUST013146,UPI_ISSUE,CLOSED
COMP008990,CUST083458,CARD_ISSUE,OPEN
COMP008991,CUST066698,CARD_ISSUE,CLOSED
COMP008992,CUST003665,LOAN_ISSUE,CLOSED
COMP008993,CUST015802,UPI_ISSUE,OPEN
COMP008994,CUST098807,UPI_ISSUE,OPEN
COMP008995,CUST053044,UPI_ISSUE,OPEN
COMP008996,CUST031966,UPI_ISSUE,OPEN
COMP008997,CUST086569,FRAUD_ALERT,CLOSED
COMP008998,CUST095596,LOAN_ISSUE,OPEN
COMP008999,CUST086693,CARD_ISSUE,CLOSED
COMP009000,CUST059925,LOAN_ISSUE,CLOSED
COMP009001,CUST068129,CARD_ISSUE,CLOSED
COMP009002,CUST074412,UPI_ISSUE,OPEN
COMP009003,CUST088625,CARD_ISSUE,OPEN
COMP009004,CUST007133,LOAN_ISSUE,CLOSED
COMP009005,CUST098180,LOAN_ISSUE,CLOSED
COMP009006,CUST039458,LOAN_ISSUE,OPEN
COMP009007,CUST013670,LOAN_ISSUE,CLOSED
COMP009008,CUST034092,LOAN_ISSUE,CLOSED
COMP009009,CUST081652,CARD_ISSUE,CLOSED
COMP009010,CUST003872,CARD_ISSUE,CLOSED
COMP009011,CUST037963,CARD_ISSUE,OPEN
COMP009012,CUST050887,CARD_ISSUE,CLOSED
COMP009013,CUST099543,CARD_ISSUE,CLOSED
COMP009014,CUST092776,UPI_ISSUE,OPEN
COMP009015,CUST048803,LOAN_ISSUE,OPEN
COMP009016,CUST029457,LOAN_ISSUE,OPEN
COMP009017,CUST031851,CARD_ISSUE,CLOSED
COMP009018,CUST065398,UPI_ISSUE,CLOSED
COMP009019,CUST081686,LOAN_ISSUE,OPEN
COMP009020,CUST095549,UPI_ISSUE,OPEN
COMP009021,CUST021165,FRAUD_ALERT,CLOSED
COMP009022,CUST035718,UPI_ISSUE,CLOSED
COMP009023,CUST009722,LOAN_ISSUE,CLOSED
COMP009024,CUST088665,CARD_ISSUE,CLOSED
COMP009025,CUST075870,LOAN_ISSUE,CLOSED
COMP009026,CUST068054,UPI_ISSUE,OPEN
COMP009027,CUST078625,LOAN_ISSUE,CLOSED
COMP009028,CUST023895,FRAUD_ALERT,OPEN
COMP009029,CUST024712,LOAN_ISSUE,CLOSED
COMP009030,CUST005587,CARD_ISSUE,OPEN
COMP009031,CUST065624,CARD_ISSUE,CLOSED
COMP009032,CUST051751,CARD_ISSUE,OPEN
COMP009033,CUST037730,FRAUD_ALERT,CLOSED
COMP009034,CUST060857,FRAUD_ALERT,OPEN
COMP009035,CUST062255,UPI_ISSUE,CLOSED
COMP009036,CUST014895,FRAUD_ALERT,OPEN
COMP009037,CUST075634,UPI_ISSUE,OPEN
COMP009038,CUST022698,CARD_ISSUE,OPEN
COMP009039,CUST014984,FRAUD_ALERT,CLOSED
COMP009040,CUST037424,CARD_ISSUE,OPEN
COMP009041,CUST019030,LOAN_ISSUE,CLOSED
COMP009042,CUST054656,CARD_ISSUE,CLOSED
COMP009043,CUST090903,FRAUD_ALERT,OPEN
COMP009044,CUST096320,FRAUD_ALERT,OPEN
COMP009045,CUST090139,LOAN_ISSUE,OPEN
COMP009046,CUST001331,UPI_ISSUE,OPEN
COMP009047,CUST029266,CARD_ISSUE,CLOSED
COMP009048,CUST061283,FRAUD_ALERT,OPEN
COMP009049,CUST004335,CARD_ISSUE,CLOSED
COMP009050,CUST058522,FRAUD_ALERT,CLOSED
COMP009051,CUST022488,UPI_ISSUE,OPEN
COMP009052,CUST078267,CARD_ISSUE,CLOSED
COMP009053,CUST058646,CARD_ISSUE,OPEN
COMP009054,CUST033771,FRAUD_ALERT,CLOSED
COMP009055,CUST010169,LOAN_ISSUE,OPEN
COMP009056,CUST023179,LOAN_ISSUE,CLOSED
COMP009057,CUST087988,LOAN_ISSUE,CLOSED
COMP009058,CUST056923,CARD_ISSUE,OPEN
COMP009059,CUST079722,LOAN_ISSUE,OPEN
COMP009060,CUST050065,CARD_ISSUE,CLOSED
COMP009061,CUST026515,LOAN_ISSUE,OPEN
COMP009062,CUST057226,LOAN_ISSUE,OPEN
COMP009063,CUST070882,LOAN_ISSUE,CLOSED
COMP009064,CUST008987,UPI_ISSUE,OPEN
COMP009065,CUST000651,CARD_ISSUE,CLOSED
COMP009066,CUST031703,LOAN_ISSUE,OPEN
COMP009067,CUST054184,LOAN_ISSUE,CLOSED
COMP009068,CUST012143,LOAN_ISSUE,OPEN
COMP009069,CUST022921,LOAN_ISSUE,OPEN
COMP009070,CUST064814,CARD_ISSUE,OPEN
COMP009071,CUST050714,CARD_ISSUE,OPEN
COMP009072,CUST070414,LOAN_ISSUE,CLOSED
COMP009073,CUST034609,LOAN_ISSUE,CLOSED
COMP009074,CUST057006,CARD_ISSUE,CLOSED
COMP009075,CUST059097,FRAUD_ALERT,OPEN
COMP009076,CUST051170,CARD_ISSUE,CLOSED
COMP009077,CUST004153,CARD_ISSUE,CLOSED
COMP009078,CUST094115,UPI_ISSUE,OPEN
COMP009079,CUST016629,FRAUD_ALERT,OPEN
COMP009080,CUST008281,UPI_ISSUE,OPEN
COMP009081,CUST070600,FRAUD_ALERT,CLOSED
COMP009082,CUST061718,FRAUD_ALERT,CLOSED
COMP009083,CUST052273,CARD_ISSUE,CLOSED
COMP009084,CUST021499,LOAN_ISSUE,OPEN
COMP009085,CUST077550,LOAN_ISSUE,OPEN
COMP009086,CUST053167,FRAUD_ALERT,CLOSED
COMP009087,CUST025827,LOAN_ISSUE,OPEN
COMP009088,CUST042344,CARD_ISSUE,OPEN
COMP009089,CUST074830,UPI_ISSUE,CLOSED
COMP009090,CUST070108,UPI_ISSUE,CLOSED
COMP009091,CUST029126,CARD_ISSUE,CLOSED
COMP009092,CUST025597,UPI_ISSUE,OPEN
COMP009093,CUST069765,FRAUD_ALERT,CLOSED
COMP009094,CUST007053,UPI_ISSUE,OPEN
COMP009095,CUST065925,LOAN_ISSUE,OPEN
COMP009096,CUST000613,UPI_ISSUE,OPEN
COMP009097,CUST017378,UPI_ISSUE,OPEN
COMP009098,CUST029623,CARD_ISSUE,OPEN
COMP009099,CUST030408,LOAN_ISSUE,OPEN
COMP009100,CUST042845,FRAUD_ALERT,CLOSED
COMP009101,CUST074772,UPI_ISSUE,CLOSED
COMP009102,CUST078963,UPI_ISSUE,CLOSED
COMP009103,CUST084370,FRAUD_ALERT,OPEN
COMP009104,CUST083711,UPI_ISSUE,OPEN
COMP009105,CUST074141,FRAUD_ALERT,OPEN
COMP009106,CUST081121,FRAUD_ALERT,CLOSED
COMP009107,CUST040352,FRAUD_ALERT,OPEN
COMP009108,CUST045276,FRAUD_ALERT,CLOSED
COMP009109,CUST037139,UPI_ISSUE,CLOSED
COMP009110,CUST070931,CARD_ISSUE,CLOSED
COMP009111,CUST033424,LOAN_ISSUE,CLOSED
COMP009112,CUST086099,FRAUD_ALERT,CLOSED
COMP009113,CUST055281,LOAN_ISSUE,CLOSED
COMP009114,CUST021403,CARD_ISSUE,CLOSED
COMP009115,CUST017159,UPI_ISSUE,CLOSED
COMP009116,CUST097479,CARD_ISSUE,CLOSED
COMP009117,CUST053442,UPI_ISSUE,CLOSED
COMP009118,CUST007082,UPI_ISSUE,CLOSED
COMP009119,CUST034925,CARD_ISSUE,OPEN
COMP009120,CUST055674,UPI_ISSUE,CLOSED
COMP009121,CUST029719,LOAN_ISSUE,OPEN
COMP009122,CUST049923,UPI_ISSUE,CLOSED
COMP009123,CUST076781,LOAN_ISSUE,OPEN
COMP009124,CUST080023,CARD_ISSUE,CLOSED
COMP009125,CUST068249,FRAUD_ALERT,OPEN
COMP009126,CUST069444,LOAN_ISSUE,CLOSED
COMP009127,CUST035209,LOAN_ISSUE,OPEN
COMP009128,CUST043912,UPI_ISSUE,OPEN
COMP009129,CUST097598,CARD_ISSUE,CLOSED
COMP009130,CUST041181,FRAUD_ALERT,CLOSED
COMP009131,CUST042825,UPI_ISSUE,OPEN
COMP009132,CUST036958,UPI_ISSUE,OPEN
COMP009133,CUST089065,CARD_ISSUE,CLOSED
COMP009134,CUST034657,LOAN_ISSUE,OPEN
COMP009135,CUST051719,CARD_ISSUE,OPEN
COMP009136,CUST044245,FRAUD_ALERT,OPEN
COMP009137,CUST061120,UPI_ISSUE,CLOSED
COMP009138,CUST075881,CARD_ISSUE,OPEN
COMP009139,CUST069880,UPI_ISSUE,OPEN
COMP009140,CUST043659,CARD_ISSUE,OPEN
COMP009141,CUST005138,UPI_ISSUE,CLOSED
COMP009142,CUST055077,LOAN_ISSUE,CLOSED
COMP009143,CUST064363,FRAUD_ALERT,CLOSED
COMP009144,CUST051695,FRAUD_ALERT,CLOSED
COMP009145,CUST004506,CARD_ISSUE,CLOSED
COMP009146,CUST064151,FRAUD_ALERT,CLOSED
COMP009147,CUST000297,UPI_ISSUE,OPEN
COMP009148,CUST063670,CARD_ISSUE,OPEN
COMP009149,CUST059569,UPI_ISSUE,CLOSED
COMP009150,CUST077549,UPI_ISSUE,OPEN
COMP009151,CUST054945,UPI_ISSUE,CLOSED
COMP009152,CUST095204,CARD_ISSUE,OPEN
COMP009153,CUST067138,LOAN_ISSUE,CLOSED
COMP009154,CUST028744,LOAN_ISSUE,OPEN
COMP009155,CUST032744,UPI_ISSUE,OPEN
COMP009156,CUST031205,UPI_ISSUE,OPEN
COMP009157,CUST031229,LOAN_ISSUE,OPEN
COMP009158,CUST041923,CARD_ISSUE,OPEN
COMP009159,CUST029692,UPI_ISSUE,OPEN
COMP009160,CUST012426,CARD_ISSUE,CLOSED
COMP009161,CUST057891,CARD_ISSUE,OPEN
COMP009162,CUST028021,CARD_ISSUE,CLOSED
COMP009163,CUST059423,LOAN_ISSUE,CLOSED
COMP009164,CUST037580,FRAUD_ALERT,OPEN
COMP009165,CUST022157,LOAN_ISSUE,OPEN
COMP009166,CUST051384,FRAUD_ALERT,OPEN
COMP009167,CUST045875,LOAN_ISSUE,OPEN
COMP009168,CUST077399,UPI_ISSUE,CLOSED
COMP009169,CUST012606,UPI_ISSUE,CLOSED
COMP009170,CUST094305,CARD_ISSUE,CLOSED
COMP009171,CUST002680,FRAUD_ALERT,OPEN
COMP009172,CUST054967,UPI_ISSUE,CLOSED
COMP009173,CUST033306,FRAUD_ALERT,CLOSED
COMP009174,CUST037870,UPI_ISSUE,OPEN
COMP009175,CUST011146,LOAN_ISSUE,OPEN
COMP009176,CUST004094,CARD_ISSUE,CLOSED
COMP009177,CUST097814,UPI_ISSUE,OPEN
COMP009178,CUST009543,UPI_ISSUE,CLOSED
COMP009179,CUST070939,FRAUD_ALERT,OPEN
COMP009180,CUST054522,CARD_ISSUE,OPEN
COMP009181,CUST028422,LOAN_ISSUE,OPEN
COMP009182,CUST053450,LOAN_ISSUE,OPEN
COMP009183,CUST027320,LOAN_ISSUE,OPEN
COMP009184,CUST074770,FRAUD_ALERT,OPEN
COMP009185,CUST060724,FRAUD_ALERT,CLOSED
COMP009186,CUST078630,CARD_ISSUE,CLOSED
COMP009187,CUST033955,CARD_ISSUE,CLOSED
COMP009188,CUST098876,UPI_ISSUE,CLOSED
COMP009189,CUST002086,UPI_ISSUE,OPEN
COMP009190,CUST099033,FRAUD_ALERT,OPEN
COMP009191,CUST048081,UPI_ISSUE,OPEN
COMP009192,CUST039366,CARD_ISSUE,CLOSED
COMP009193,CUST068210,LOAN_ISSUE,CLOSED
COMP009194,CUST079277,LOAN_ISSUE,OPEN
COMP009195,CUST099669,UPI_ISSUE,CLOSED
COMP009196,CUST055575,UPI_ISSUE,OPEN
COMP009197,CUST090156,UPI_ISSUE,OPEN
COMP009198,CUST095697,LOAN_ISSUE,CLOSED
COMP009199,CUST075488,CARD_ISSUE,CLOSED
COMP009200,CUST052138,FRAUD_ALERT,CLOSED
COMP009201,CUST088544,CARD_ISSUE,OPEN
COMP009202,CUST074497,FRAUD_ALERT,CLOSED
COMP009203,CUST089351,UPI_ISSUE,CLOSED
COMP009204,CUST036451,FRAUD_ALERT,CLOSED
COMP009205,CUST006982,FRAUD_ALERT,CLOSED
COMP009206,CUST059007,CARD_ISSUE,OPEN
COMP009207,CUST097706,FRAUD_ALERT,OPEN
COMP009208,CUST030718,CARD_ISSUE,OPEN
COMP009209,CUST011912,LOAN_ISSUE,OPEN
COMP009210,CUST032026,UPI_ISSUE,OPEN
COMP009211,CUST069837,FRAUD_ALERT,CLOSED
COMP009212,CUST043954,FRAUD_ALERT,CLOSED
COMP009213,CUST045245,FRAUD_ALERT,CLOSED
COMP009214,CUST088802,LOAN_ISSUE,CLOSED
COMP009215,CUST080950,FRAUD_ALERT,OPEN
COMP009216,CUST009243,CARD_ISSUE,CLOSED
COMP009217,CUST057238,UPI_ISSUE,CLOSED
COMP009218,CUST003229,FRAUD_ALERT,OPEN
COMP009219,CUST039189,LOAN_ISSUE,OPEN
COMP009220,CUST001459,UPI_ISSUE,OPEN
COMP009221,CUST033219,CARD_ISSUE,OPEN
COMP009222,CUST057552,LOAN_ISSUE,OPEN
COMP009223,CUST092637,FRAUD_ALERT,OPEN
COMP009224,CUST097365,FRAUD_ALERT,OPEN
COMP009225,CUST051042,UPI_ISSUE,CLOSED
COMP009226,CUST088386,CARD_ISSUE,CLOSED
COMP009227,CUST065254,UPI_ISSUE,OPEN
COMP009228,CUST014401,CARD_ISSUE,OPEN
COMP009229,CUST048207,FRAUD_ALERT,CLOSED
COMP009230,CUST083460,LOAN_ISSUE,OPEN
COMP009231,CUST019491,FRAUD_ALERT,OPEN
COMP009232,CUST096677,UPI_ISSUE,OPEN
COMP009233,CUST031367,CARD_ISSUE,OPEN
COMP009234,CUST012885,UPI_ISSUE,OPEN
COMP009235,CUST089150,UPI_ISSUE,OPEN
COMP009236,CUST038899,LOAN_ISSUE,OPEN
COMP009237,CUST004976,UPI_ISSUE,OPEN
COMP009238,CUST085137,UPI_ISSUE,CLOSED
COMP009239,CUST056579,CARD_ISSUE,OPEN
COMP009240,CUST068201,LOAN_ISSUE,CLOSED
COMP009241,CUST025383,FRAUD_ALERT,OPEN
COMP009242,CUST037986,UPI_ISSUE,OPEN
COMP009243,CUST025757,CARD_ISSUE,OPEN
COMP009244,CUST032316,CARD_ISSUE,CLOSED
COMP009245,CUST073949,UPI_ISSUE,OPEN
COMP009246,CUST032830,CARD_ISSUE,OPEN
COMP009247,CUST007804,LOAN_ISSUE,CLOSED
COMP009248,CUST034588,FRAUD_ALERT,CLOSED
COMP009249,CUST045890,CARD_ISSUE,CLOSED
COMP009250,CUST039143,LOAN_ISSUE,OPEN
COMP009251,CUST078241,CARD_ISSUE,CLOSED
COMP009252,CUST017971,CARD_ISSUE,CLOSED
COMP009253,CUST060887,LOAN_ISSUE,OPEN
COMP009254,CUST051775,LOAN_ISSUE,CLOSED
COMP009255,CUST054077,CARD_ISSUE,OPEN
COMP009256,CUST064078,CARD_ISSUE,OPEN
COMP009257,CUST046290,LOAN_ISSUE,CLOSED
COMP009258,CUST023326,LOAN_ISSUE,CLOSED
COMP009259,CUST047836,FRAUD_ALERT,CLOSED
COMP009260,CUST073154,UPI_ISSUE,OPEN
COMP009261,CUST014392,CARD_ISSUE,CLOSED
COMP009262,CUST014363,UPI_ISSUE,OPEN
COMP009263,CUST011727,CARD_ISSUE,CLOSED
COMP009264,CUST091090,LOAN_ISSUE,OPEN
COMP009265,CUST029230,CARD_ISSUE,OPEN
COMP009266,CUST056029,UPI_ISSUE,OPEN
COMP009267,CUST007684,FRAUD_ALERT,CLOSED
COMP009268,CUST077138,CARD_ISSUE,CLOSED
COMP009269,CUST077947,CARD_ISSUE,OPEN
COMP009270,CUST088423,UPI_ISSUE,OPEN
COMP009271,CUST001728,UPI_ISSUE,OPEN
COMP009272,CUST020388,UPI_ISSUE,OPEN
COMP009273,CUST027665,UPI_ISSUE,OPEN
COMP009274,CUST083293,UPI_ISSUE,CLOSED
COMP009275,CUST095320,LOAN_ISSUE,CLOSED
COMP009276,CUST026865,CARD_ISSUE,OPEN
COMP009277,CUST043851,FRAUD_ALERT,OPEN
COMP009278,CUST011239,CARD_ISSUE,CLOSED
COMP009279,CUST041663,LOAN_ISSUE,OPEN
COMP009280,CUST018866,UPI_ISSUE,CLOSED
COMP009281,CUST084334,FRAUD_ALERT,CLOSED
COMP009282,CUST009553,UPI_ISSUE,CLOSED
COMP009283,CUST001215,CARD_ISSUE,OPEN
COMP009284,CUST050619,LOAN_ISSUE,CLOSED
COMP009285,CUST073734,FRAUD_ALERT,CLOSED
COMP009286,CUST022418,LOAN_ISSUE,OPEN
COMP009287,CUST080929,LOAN_ISSUE,CLOSED
COMP009288,CUST052306,UPI_ISSUE,CLOSED
COMP009289,CUST089221,CARD_ISSUE,CLOSED
COMP009290,CUST004011,FRAUD_ALERT,OPEN
COMP009291,CUST031659,CARD_ISSUE,CLOSED
COMP009292,CUST075618,FRAUD_ALERT,CLOSED
COMP009293,CUST087917,FRAUD_ALERT,CLOSED
COMP009294,CUST048100,LOAN_ISSUE,CLOSED
COMP009295,CUST022796,CARD_ISSUE,CLOSED
COMP009296,CUST065781,CARD_ISSUE,CLOSED
COMP009297,CUST097924,UPI_ISSUE,CLOSED
COMP009298,CUST082569,LOAN_ISSUE,CLOSED
COMP009299,CUST026162,LOAN_ISSUE,OPEN
COMP009300,CUST098372,CARD_ISSUE,CLOSED
COMP009301,CUST001531,CARD_ISSUE,OPEN
COMP009302,CUST018116,FRAUD_ALERT,CLOSED
COMP009303,CUST066925,UPI_ISSUE,CLOSED
COMP009304,CUST053786,LOAN_ISSUE,CLOSED
COMP009305,CUST097584,CARD_ISSUE,CLOSED
COMP009306,CUST077879,LOAN_ISSUE,CLOSED
COMP009307,CUST010962,UPI_ISSUE,OPEN
COMP009308,CUST075801,FRAUD_ALERT,CLOSED
COMP009309,CUST043447,UPI_ISSUE,OPEN
COMP009310,CUST025487,LOAN_ISSUE,OPEN
COMP009311,CUST042885,FRAUD_ALERT,CLOSED
COMP009312,CUST021946,LOAN_ISSUE,CLOSED
COMP009313,CUST033482,UPI_ISSUE,CLOSED
COMP009314,CUST022081,LOAN_ISSUE,OPEN
COMP009315,CUST075453,UPI_ISSUE,OPEN
COMP009316,CUST041539,LOAN_ISSUE,CLOSED
COMP009317,CUST029314,LOAN_ISSUE,OPEN
COMP009318,CUST007668,FRAUD_ALERT,OPEN
COMP009319,CUST021698,UPI_ISSUE,CLOSED
COMP009320,CUST047946,CARD_ISSUE,CLOSED
COMP009321,CUST054576,LOAN_ISSUE,CLOSED
COMP009322,CUST049993,LOAN_ISSUE,CLOSED
COMP009323,CUST080203,UPI_ISSUE,CLOSED
COMP009324,CUST097015,CARD_ISSUE,OPEN
COMP009325,CUST037269,LOAN_ISSUE,CLOSED
COMP009326,CUST053354,LOAN_ISSUE,OPEN
COMP009327,CUST083692,LOAN_ISSUE,OPEN
COMP009328,CUST008592,FRAUD_ALERT,CLOSED
COMP009329,CUST037109,CARD_ISSUE,CLOSED
COMP009330,CUST019963,CARD_ISSUE,CLOSED
COMP009331,CUST010517,CARD_ISSUE,OPEN
COMP009332,CUST025461,CARD_ISSUE,CLOSED
COMP009333,CUST008488,FRAUD_ALERT,CLOSED
COMP009334,CUST056636,UPI_ISSUE,CLOSED
COMP009335,CUST012266,LOAN_ISSUE,CLOSED
COMP009336,CUST025294,LOAN_ISSUE,OPEN
COMP009337,CUST043874,CARD_ISSUE,OPEN
COMP009338,CUST072944,CARD_ISSUE,OPEN
COMP009339,CUST015110,UPI_ISSUE,OPEN
COMP009340,CUST045099,UPI_ISSUE,OPEN
COMP009341,CUST048663,UPI_ISSUE,OPEN
COMP009342,CUST058978,UPI_ISSUE,CLOSED
COMP009343,CUST076678,CARD_ISSUE,OPEN
COMP009344,CUST050617,UPI_ISSUE,OPEN
COMP009345,CUST078717,FRAUD_ALERT,OPEN
COMP009346,CUST066681,CARD_ISSUE,CLOSED
COMP009347,CUST082627,LOAN_ISSUE,CLOSED
COMP009348,CUST016665,LOAN_ISSUE,CLOSED
COMP009349,CUST045053,UPI_ISSUE,OPEN
COMP009350,CUST042124,CARD_ISSUE,CLOSED
COMP009351,CUST056512,UPI_ISSUE,CLOSED
COMP009352,CUST035858,UPI_ISSUE,OPEN
COMP009353,CUST017729,CARD_ISSUE,OPEN
COMP009354,CUST064501,UPI_ISSUE,CLOSED
COMP009355,CUST031032,FRAUD_ALERT,CLOSED
COMP009356,CUST097626,LOAN_ISSUE,OPEN
COMP009357,CUST057990,FRAUD_ALERT,OPEN
COMP009358,CUST068454,UPI_ISSUE,CLOSED
COMP009359,CUST027779,CARD_ISSUE,CLOSED
COMP009360,CUST019344,CARD_ISSUE,CLOSED
COMP009361,CUST087992,FRAUD_ALERT,OPEN
COMP009362,CUST087999,UPI_ISSUE,CLOSED
COMP009363,CUST077983,UPI_ISSUE,CLOSED
COMP009364,CUST025658,UPI_ISSUE,CLOSED
COMP009365,CUST038232,FRAUD_ALERT,CLOSED
COMP009366,CUST002026,FRAUD_ALERT,CLOSED
COMP009367,CUST052550,LOAN_ISSUE,CLOSED
COMP009368,CUST067263,FRAUD_ALERT,OPEN
COMP009369,CUST004775,LOAN_ISSUE,CLOSED
COMP009370,CUST025246,CARD_ISSUE,CLOSED
COMP009371,CUST091830,CARD_ISSUE,CLOSED
COMP009372,CUST005039,UPI_ISSUE,OPEN
COMP009373,CUST020728,FRAUD_ALERT,OPEN
COMP009374,CUST043616,CARD_ISSUE,OPEN
COMP009375,CUST082020,UPI_ISSUE,CLOSED
COMP009376,CUST014640,CARD_ISSUE,CLOSED
COMP009377,CUST061526,LOAN_ISSUE,OPEN
COMP009378,CUST057652,LOAN_ISSUE,OPEN
COMP009379,CUST098107,LOAN_ISSUE,CLOSED
COMP009380,CUST069160,UPI_ISSUE,OPEN
COMP009381,CUST064370,CARD_ISSUE,CLOSED
COMP009382,CUST074803,CARD_ISSUE,CLOSED
COMP009383,CUST093746,UPI_ISSUE,OPEN
COMP009384,CUST008742,UPI_ISSUE,OPEN
COMP009385,CUST007030,UPI_ISSUE,CLOSED
COMP009386,CUST027457,FRAUD_ALERT,OPEN
COMP009387,CUST015221,FRAUD_ALERT,CLOSED
COMP009388,CUST064225,UPI_ISSUE,CLOSED
COMP009389,CUST049224,UPI_ISSUE,OPEN
COMP009390,CUST010592,CARD_ISSUE,CLOSED
COMP009391,CUST067890,LOAN_ISSUE,CLOSED
COMP009392,CUST014903,LOAN_ISSUE,OPEN
COMP009393,CUST085740,FRAUD_ALERT,OPEN
COMP009394,CUST095277,FRAUD_ALERT,CLOSED
COMP009395,CUST092299,CARD_ISSUE,OPEN
COMP009396,CUST002886,FRAUD_ALERT,CLOSED
COMP009397,CUST038323,CARD_ISSUE,CLOSED
COMP009398,CUST083461,UPI_ISSUE,OPEN
COMP009399,CUST026178,UPI_ISSUE,OPEN
COMP009400,CUST056112,CARD_ISSUE,CLOSED
COMP009401,CUST015278,FRAUD_ALERT,OPEN
COMP009402,CUST042081,CARD_ISSUE,CLOSED
COMP009403,CUST099340,CARD_ISSUE,OPEN
COMP009404,CUST068403,UPI_ISSUE,CLOSED
COMP009405,CUST049768,FRAUD_ALERT,CLOSED
COMP009406,CUST056926,LOAN_ISSUE,OPEN
COMP009407,CUST089091,LOAN_ISSUE,OPEN
COMP009408,CUST065624,FRAUD_ALERT,CLOSED
COMP009409,CUST078390,LOAN_ISSUE,CLOSED
COMP009410,CUST044220,LOAN_ISSUE,OPEN
COMP009411,CUST084339,UPI_ISSUE,OPEN
COMP009412,CUST094571,LOAN_ISSUE,OPEN
COMP009413,CUST039426,FRAUD_ALERT,CLOSED
COMP009414,CUST071279,LOAN_ISSUE,OPEN
COMP009415,CUST054748,UPI_ISSUE,OPEN
COMP009416,CUST043146,FRAUD_ALERT,CLOSED
COMP009417,CUST059520,UPI_ISSUE,OPEN
COMP009418,CUST096067,LOAN_ISSUE,CLOSED
COMP009419,CUST032556,UPI_ISSUE,CLOSED
COMP009420,CUST086953,LOAN_ISSUE,CLOSED
COMP009421,CUST060486,FRAUD_ALERT,OPEN
COMP009422,CUST070073,UPI_ISSUE,CLOSED
COMP009423,CUST097783,FRAUD_ALERT,CLOSED
COMP009424,CUST076962,FRAUD_ALERT,OPEN
COMP009425,CUST058844,UPI_ISSUE,CLOSED
COMP009426,CUST006299,UPI_ISSUE,CLOSED
COMP009427,CUST041884,LOAN_ISSUE,OPEN
COMP009428,CUST094610,UPI_ISSUE,OPEN
COMP009429,CUST054559,CARD_ISSUE,OPEN
COMP009430,CUST089237,UPI_ISSUE,OPEN
COMP009431,CUST027276,FRAUD_ALERT,OPEN
COMP009432,CUST084996,UPI_ISSUE,CLOSED
COMP009433,CUST007697,FRAUD_ALERT,CLOSED
COMP009434,CUST034290,UPI_ISSUE,OPEN
COMP009435,CUST089588,LOAN_ISSUE,OPEN
COMP009436,CUST038489,FRAUD_ALERT,OPEN
COMP009437,CUST089186,FRAUD_ALERT,CLOSED
COMP009438,CUST033634,LOAN_ISSUE,CLOSED
COMP009439,CUST001637,CARD_ISSUE,OPEN
COMP009440,CUST041920,FRAUD_ALERT,CLOSED
COMP009441,CUST013045,CARD_ISSUE,CLOSED
COMP009442,CUST023230,LOAN_ISSUE,OPEN
COMP009443,CUST003857,CARD_ISSUE,OPEN
COMP009444,CUST024438,FRAUD_ALERT,OPEN
COMP009445,CUST097846,CARD_ISSUE,OPEN
COMP009446,CUST008125,LOAN_ISSUE,OPEN
COMP009447,CUST003654,CARD_ISSUE,CLOSED
COMP009448,CUST041429,UPI_ISSUE,OPEN
COMP009449,CUST027498,FRAUD_ALERT,OPEN
COMP009450,CUST024696,LOAN_ISSUE,CLOSED
COMP009451,CUST010231,UPI_ISSUE,OPEN
COMP009452,CUST029707,CARD_ISSUE,CLOSED
COMP009453,CUST048957,CARD_ISSUE,CLOSED
COMP009454,CUST078931,LOAN_ISSUE,OPEN
COMP009455,CUST068587,CARD_ISSUE,CLOSED
COMP009456,CUST018510,UPI_ISSUE,OPEN
COMP009457,CUST010152,LOAN_ISSUE,CLOSED
COMP009458,CUST018846,CARD_ISSUE,OPEN
COMP009459,CUST076230,LOAN_ISSUE,OPEN
COMP009460,CUST023288,UPI_ISSUE,CLOSED
COMP009461,CUST040289,FRAUD_ALERT,OPEN
COMP009462,CUST086779,CARD_ISSUE,OPEN
COMP009463,CUST095182,UPI_ISSUE,CLOSED
COMP009464,CUST027819,FRAUD_ALERT,OPEN
COMP009465,CUST099401,LOAN_ISSUE,CLOSED
COMP009466,CUST035592,LOAN_ISSUE,CLOSED
COMP009467,CUST086108,FRAUD_ALERT,CLOSED
COMP009468,CUST071341,CARD_ISSUE,OPEN
COMP009469,CUST068708,UPI_ISSUE,OPEN
COMP009470,CUST098131,UPI_ISSUE,CLOSED
COMP009471,CUST046374,FRAUD_ALERT,CLOSED
COMP009472,CUST056270,CARD_ISSUE,OPEN
COMP009473,CUST097041,CARD_ISSUE,OPEN
COMP009474,CUST057001,UPI_ISSUE,CLOSED
COMP009475,CUST059695,UPI_ISSUE,CLOSED
COMP009476,CUST081402,CARD_ISSUE,OPEN
COMP009477,CUST069980,LOAN_ISSUE,OPEN
COMP009478,CUST004055,UPI_ISSUE,OPEN
COMP009479,CUST010066,UPI_ISSUE,CLOSED
COMP009480,CUST071671,LOAN_ISSUE,CLOSED
COMP009481,CUST054384,LOAN_ISSUE,CLOSED
COMP009482,CUST040801,LOAN_ISSUE,OPEN
COMP009483,CUST012059,LOAN_ISSUE,CLOSED
COMP009484,CUST055443,CARD_ISSUE,OPEN
COMP009485,CUST069204,CARD_ISSUE,OPEN
COMP009486,CUST058113,FRAUD_ALERT,OPEN
COMP009487,CUST021129,LOAN_ISSUE,CLOSED
COMP009488,CUST094761,CARD_ISSUE,OPEN
COMP009489,CUST079566,LOAN_ISSUE,CLOSED
COMP009490,CUST054483,FRAUD_ALERT,CLOSED
COMP009491,CUST070783,FRAUD_ALERT,OPEN
COMP009492,CUST004376,LOAN_ISSUE,CLOSED
COMP009493,CUST000714,UPI_ISSUE,OPEN
COMP009494,CUST007861,LOAN_ISSUE,CLOSED
COMP009495,CUST082462,FRAUD_ALERT,OPEN
COMP009496,CUST086990,CARD_ISSUE,CLOSED
COMP009497,CUST009342,LOAN_ISSUE,OPEN
COMP009498,CUST038406,CARD_ISSUE,CLOSED
COMP009499,CUST003630,LOAN_ISSUE,OPEN
COMP009500,CUST056100,FRAUD_ALERT,CLOSED
COMP009501,CUST064655,UPI_ISSUE,OPEN
COMP009502,CUST033086,FRAUD_ALERT,CLOSED
COMP009503,CUST070767,CARD_ISSUE,CLOSED
COMP009504,CUST044941,CARD_ISSUE,CLOSED
COMP009505,CUST066233,CARD_ISSUE,OPEN
COMP009506,CUST090926,UPI_ISSUE,OPEN
COMP009507,CUST082876,LOAN_ISSUE,OPEN
COMP009508,CUST018615,CARD_ISSUE,CLOSED
COMP009509,CUST019684,UPI_ISSUE,OPEN
COMP009510,CUST040464,CARD_ISSUE,CLOSED
COMP009511,CUST091692,CARD_ISSUE,CLOSED
COMP009512,CUST042287,CARD_ISSUE,CLOSED
COMP009513,CUST093155,LOAN_ISSUE,OPEN
COMP009514,CUST045408,CARD_ISSUE,OPEN
COMP009515,CUST084806,UPI_ISSUE,OPEN
COMP009516,CUST074148,UPI_ISSUE,CLOSED
COMP009517,CUST055401,LOAN_ISSUE,OPEN
COMP009518,CUST067736,FRAUD_ALERT,OPEN
COMP009519,CUST065142,UPI_ISSUE,OPEN
COMP009520,CUST048500,CARD_ISSUE,CLOSED
COMP009521,CUST025452,LOAN_ISSUE,CLOSED
COMP009522,CUST057834,LOAN_ISSUE,OPEN
COMP009523,CUST010087,LOAN_ISSUE,OPEN
COMP009524,CUST024256,LOAN_ISSUE,OPEN
COMP009525,CUST077089,CARD_ISSUE,OPEN
COMP009526,CUST046370,UPI_ISSUE,CLOSED
COMP009527,CUST031383,FRAUD_ALERT,CLOSED
COMP009528,CUST029993,CARD_ISSUE,CLOSED
COMP009529,CUST059088,UPI_ISSUE,OPEN
COMP009530,CUST014889,UPI_ISSUE,CLOSED
COMP009531,CUST039953,LOAN_ISSUE,CLOSED
COMP009532,CUST019186,FRAUD_ALERT,OPEN
COMP009533,CUST013159,FRAUD_ALERT,CLOSED
COMP009534,CUST044507,FRAUD_ALERT,OPEN
COMP009535,CUST064092,FRAUD_ALERT,OPEN
COMP009536,CUST001380,FRAUD_ALERT,OPEN
COMP009537,CUST026917,FRAUD_ALERT,OPEN
COMP009538,CUST064585,FRAUD_ALERT,CLOSED
COMP009539,CUST067950,LOAN_ISSUE,CLOSED
COMP009540,CUST010458,LOAN_ISSUE,CLOSED
COMP009541,CUST004332,UPI_ISSUE,CLOSED
COMP009542,CUST059855,FRAUD_ALERT,OPEN
COMP009543,CUST077176,FRAUD_ALERT,OPEN
COMP009544,CUST080394,UPI_ISSUE,OPEN
COMP009545,CUST056046,UPI_ISSUE,CLOSED
COMP009546,CUST071535,LOAN_ISSUE,OPEN
COMP009547,CUST016304,UPI_ISSUE,OPEN
COMP009548,CUST059055,CARD_ISSUE,OPEN
COMP009549,CUST072280,FRAUD_ALERT,CLOSED
COMP009550,CUST081041,UPI_ISSUE,OPEN
COMP009551,CUST025737,CARD_ISSUE,OPEN
COMP009552,CUST008972,UPI_ISSUE,CLOSED
COMP009553,CUST063234,FRAUD_ALERT,CLOSED
COMP009554,CUST090357,LOAN_ISSUE,CLOSED
COMP009555,CUST072374,UPI_ISSUE,OPEN
COMP009556,CUST020598,FRAUD_ALERT,OPEN
COMP009557,CUST090116,UPI_ISSUE,OPEN
COMP009558,CUST053090,CARD_ISSUE,OPEN
COMP009559,CUST029014,CARD_ISSUE,OPEN
COMP009560,CUST042703,UPI_ISSUE,CLOSED
COMP009561,CUST094506,CARD_ISSUE,CLOSED
COMP009562,CUST001721,UPI_ISSUE,CLOSED
COMP009563,CUST017149,FRAUD_ALERT,OPEN
COMP009564,CUST005754,LOAN_ISSUE,CLOSED
COMP009565,CUST029243,FRAUD_ALERT,CLOSED
COMP009566,CUST063795,UPI_ISSUE,OPEN
COMP009567,CUST040221,FRAUD_ALERT,CLOSED
COMP009568,CUST021395,FRAUD_ALERT,OPEN
COMP009569,CUST076693,LOAN_ISSUE,CLOSED
COMP009570,CUST038364,CARD_ISSUE,CLOSED
COMP009571,CUST071970,UPI_ISSUE,CLOSED
COMP009572,CUST050775,CARD_ISSUE,CLOSED
COMP009573,CUST019917,FRAUD_ALERT,CLOSED
COMP009574,CUST021864,UPI_ISSUE,OPEN
COMP009575,CUST052310,FRAUD_ALERT,OPEN
COMP009576,CUST077528,UPI_ISSUE,OPEN
COMP009577,CUST068005,CARD_ISSUE,OPEN
COMP009578,CUST059720,LOAN_ISSUE,CLOSED
COMP009579,CUST076713,UPI_ISSUE,OPEN
COMP009580,CUST008251,UPI_ISSUE,OPEN
COMP009581,CUST006748,UPI_ISSUE,CLOSED
COMP009582,CUST063857,UPI_ISSUE,OPEN
COMP009583,CUST037909,UPI_ISSUE,CLOSED
COMP009584,CUST093949,CARD_ISSUE,CLOSED
COMP009585,CUST018776,LOAN_ISSUE,OPEN
COMP009586,CUST061661,LOAN_ISSUE,CLOSED
COMP009587,CUST096818,UPI_ISSUE,CLOSED
COMP009588,CUST072660,FRAUD_ALERT,OPEN
COMP009589,CUST038112,FRAUD_ALERT,CLOSED
COMP009590,CUST087457,FRAUD_ALERT,CLOSED
COMP009591,CUST074421,UPI_ISSUE,OPEN
COMP009592,CUST025563,UPI_ISSUE,CLOSED
COMP009593,CUST091848,LOAN_ISSUE,OPEN
COMP009594,CUST077638,LOAN_ISSUE,CLOSED
COMP009595,CUST068544,CARD_ISSUE,OPEN
COMP009596,CUST052428,CARD_ISSUE,OPEN
COMP009597,CUST042998,LOAN_ISSUE,OPEN
COMP009598,CUST051024,CARD_ISSUE,OPEN
COMP009599,CUST049796,UPI_ISSUE,CLOSED
COMP009600,CUST056858,FRAUD_ALERT,OPEN
COMP009601,CUST096250,FRAUD_ALERT,CLOSED
COMP009602,CUST045885,UPI_ISSUE,CLOSED
COMP009603,CUST084577,UPI_ISSUE,CLOSED
COMP009604,CUST087369,UPI_ISSUE,OPEN
COMP009605,CUST052068,FRAUD_ALERT,OPEN
COMP009606,CUST033562,LOAN_ISSUE,CLOSED
COMP009607,CUST006894,LOAN_ISSUE,OPEN
COMP009608,CUST077864,LOAN_ISSUE,CLOSED
COMP009609,CUST044642,LOAN_ISSUE,CLOSED
COMP009610,CUST063508,LOAN_ISSUE,OPEN
COMP009611,CUST081400,UPI_ISSUE,OPEN
COMP009612,CUST024743,LOAN_ISSUE,CLOSED
COMP009613,CUST004829,CARD_ISSUE,OPEN
COMP009614,CUST003106,FRAUD_ALERT,CLOSED
COMP009615,CUST068380,CARD_ISSUE,CLOSED
COMP009616,CUST093662,LOAN_ISSUE,OPEN
COMP009617,CUST004764,FRAUD_ALERT,OPEN
COMP009618,CUST054073,UPI_ISSUE,OPEN
COMP009619,CUST064181,FRAUD_ALERT,OPEN
COMP009620,CUST091548,LOAN_ISSUE,OPEN
COMP009621,CUST061686,CARD_ISSUE,OPEN
COMP009622,CUST056585,CARD_ISSUE,OPEN
COMP009623,CUST017930,CARD_ISSUE,OPEN
COMP009624,CUST069366,LOAN_ISSUE,OPEN
COMP009625,CUST041482,UPI_ISSUE,OPEN
COMP009626,CUST055811,LOAN_ISSUE,CLOSED
COMP009627,CUST002829,LOAN_ISSUE,OPEN
COMP009628,CUST054428,FRAUD_ALERT,OPEN
COMP009629,CUST092855,CARD_ISSUE,CLOSED
COMP009630,CUST084602,UPI_ISSUE,OPEN
COMP009631,CUST018627,LOAN_ISSUE,CLOSED
COMP009632,CUST099700,UPI_ISSUE,OPEN
COMP009633,CUST012034,FRAUD_ALERT,CLOSED
COMP009634,CUST057650,CARD_ISSUE,OPEN
COMP009635,CUST007740,UPI_ISSUE,OPEN
COMP009636,CUST091622,UPI_ISSUE,CLOSED
COMP009637,CUST003689,CARD_ISSUE,CLOSED
COMP009638,CUST013838,FRAUD_ALERT,CLOSED
COMP009639,CUST027665,CARD_ISSUE,CLOSED
COMP009640,CUST085964,CARD_ISSUE,OPEN
COMP009641,CUST049047,UPI_ISSUE,CLOSED
COMP009642,CUST024281,UPI_ISSUE,CLOSED
COMP009643,CUST036643,CARD_ISSUE,CLOSED
COMP009644,CUST024448,CARD_ISSUE,CLOSED
COMP009645,CUST005066,CARD_ISSUE,OPEN
COMP009646,CUST062720,UPI_ISSUE,CLOSED
COMP009647,CUST082785,UPI_ISSUE,OPEN
COMP009648,CUST071839,FRAUD_ALERT,CLOSED
COMP009649,CUST065303,UPI_ISSUE,CLOSED
COMP009650,CUST091223,CARD_ISSUE,OPEN
COMP009651,CUST037454,CARD_ISSUE,CLOSED
COMP009652,CUST049117,LOAN_ISSUE,OPEN
COMP009653,CUST004607,CARD_ISSUE,OPEN
COMP009654,CUST089806,LOAN_ISSUE,CLOSED
COMP009655,CUST020640,CARD_ISSUE,OPEN
COMP009656,CUST073710,UPI_ISSUE,CLOSED
COMP009657,CUST040562,LOAN_ISSUE,OPEN
COMP009658,CUST068766,LOAN_ISSUE,OPEN
COMP009659,CUST033845,CARD_ISSUE,OPEN
COMP009660,CUST088832,FRAUD_ALERT,OPEN
COMP009661,CUST056596,FRAUD_ALERT,CLOSED
COMP009662,CUST015946,UPI_ISSUE,OPEN
COMP009663,CUST017836,FRAUD_ALERT,OPEN
COMP009664,CUST001528,UPI_ISSUE,OPEN
COMP009665,CUST019198,UPI_ISSUE,OPEN
COMP009666,CUST072626,UPI_ISSUE,OPEN
COMP009667,CUST068333,LOAN_ISSUE,CLOSED
COMP009668,CUST089322,CARD_ISSUE,OPEN
COMP009669,CUST017773,FRAUD_ALERT,OPEN
COMP009670,CUST030929,CARD_ISSUE,CLOSED
COMP009671,CUST046184,LOAN_ISSUE,OPEN
COMP009672,CUST086541,FRAUD_ALERT,OPEN
COMP009673,CUST001296,CARD_ISSUE,OPEN
COMP009674,CUST092654,FRAUD_ALERT,CLOSED
COMP009675,CUST049826,LOAN_ISSUE,OPEN
COMP009676,CUST038093,UPI_ISSUE,OPEN
COMP009677,CUST002594,UPI_ISSUE,OPEN
COMP009678,CUST089790,LOAN_ISSUE,CLOSED
COMP009679,CUST027360,CARD_ISSUE,OPEN
COMP009680,CUST073293,FRAUD_ALERT,OPEN
COMP009681,CUST069070,LOAN_ISSUE,CLOSED
COMP009682,CUST067477,FRAUD_ALERT,CLOSED
COMP009683,CUST056308,FRAUD_ALERT,CLOSED
COMP009684,CUST053591,FRAUD_ALERT,OPEN
COMP009685,CUST020878,CARD_ISSUE,CLOSED
COMP009686,CUST030703,CARD_ISSUE,OPEN
COMP009687,CUST053523,LOAN_ISSUE,OPEN
COMP009688,CUST095420,UPI_ISSUE,OPEN
COMP009689,CUST072701,CARD_ISSUE,CLOSED
COMP009690,CUST086098,FRAUD_ALERT,CLOSED
COMP009691,CUST039980,UPI_ISSUE,CLOSED
COMP009692,CUST044643,CARD_ISSUE,CLOSED
COMP009693,CUST005541,LOAN_ISSUE,OPEN
COMP009694,CUST097195,FRAUD_ALERT,CLOSED
COMP009695,CUST044812,CARD_ISSUE,CLOSED
COMP009696,CUST011510,LOAN_ISSUE,CLOSED
COMP009697,CUST009290,LOAN_ISSUE,CLOSED
COMP009698,CUST054083,CARD_ISSUE,OPEN
COMP009699,CUST005498,FRAUD_ALERT,CLOSED
COMP009700,CUST008536,UPI_ISSUE,OPEN
COMP009701,CUST080893,CARD_ISSUE,CLOSED
COMP009702,CUST030721,UPI_ISSUE,CLOSED
COMP009703,CUST057512,CARD_ISSUE,CLOSED
COMP009704,CUST001106,CARD_ISSUE,OPEN
COMP009705,CUST099260,CARD_ISSUE,OPEN
COMP009706,CUST043960,LOAN_ISSUE,CLOSED
COMP009707,CUST041725,CARD_ISSUE,CLOSED
COMP009708,CUST083186,UPI_ISSUE,OPEN
COMP009709,CUST027814,FRAUD_ALERT,OPEN
COMP009710,CUST007192,LOAN_ISSUE,OPEN
COMP009711,CUST084763,LOAN_ISSUE,CLOSED
COMP009712,CUST038208,CARD_ISSUE,CLOSED
COMP009713,CUST059106,CARD_ISSUE,OPEN
COMP009714,CUST057967,FRAUD_ALERT,OPEN
COMP009715,CUST047568,UPI_ISSUE,CLOSED
COMP009716,CUST006664,FRAUD_ALERT,CLOSED
COMP009717,CUST043204,LOAN_ISSUE,OPEN
COMP009718,CUST006065,UPI_ISSUE,CLOSED
COMP009719,CUST005397,FRAUD_ALERT,CLOSED
COMP009720,CUST096458,LOAN_ISSUE,OPEN
COMP009721,CUST068977,FRAUD_ALERT,OPEN
COMP009722,CUST081995,FRAUD_ALERT,OPEN
COMP009723,CUST028271,CARD_ISSUE,OPEN
COMP009724,CUST022199,CARD_ISSUE,CLOSED
COMP009725,CUST078362,FRAUD_ALERT,OPEN
COMP009726,CUST076285,CARD_ISSUE,OPEN
COMP009727,CUST058157,LOAN_ISSUE,CLOSED
COMP009728,CUST012751,UPI_ISSUE,OPEN
COMP009729,CUST098795,UPI_ISSUE,OPEN
COMP009730,CUST054679,CARD_ISSUE,CLOSED
COMP009731,CUST034313,CARD_ISSUE,OPEN
COMP009732,CUST081105,LOAN_ISSUE,OPEN
COMP009733,CUST055909,CARD_ISSUE,CLOSED
COMP009734,CUST035556,UPI_ISSUE,OPEN
COMP009735,CUST055160,CARD_ISSUE,OPEN
COMP009736,CUST097239,UPI_ISSUE,CLOSED
COMP009737,CUST010553,LOAN_ISSUE,CLOSED
COMP009738,CUST073887,FRAUD_ALERT,OPEN
COMP009739,CUST063596,LOAN_ISSUE,CLOSED
COMP009740,CUST084797,LOAN_ISSUE,CLOSED
COMP009741,CUST073207,UPI_ISSUE,CLOSED
COMP009742,CUST043409,LOAN_ISSUE,OPEN
COMP009743,CUST043184,LOAN_ISSUE,OPEN
COMP009744,CUST098543,CARD_ISSUE,CLOSED
COMP009745,CUST015309,LOAN_ISSUE,CLOSED
COMP009746,CUST066161,CARD_ISSUE,OPEN
COMP009747,CUST041515,FRAUD_ALERT,CLOSED
COMP009748,CUST093887,UPI_ISSUE,OPEN
COMP009749,CUST029204,FRAUD_ALERT,CLOSED
COMP009750,CUST057572,UPI_ISSUE,OPEN
COMP009751,CUST073964,CARD_ISSUE,CLOSED
COMP009752,CUST092414,UPI_ISSUE,OPEN
COMP009753,CUST087765,UPI_ISSUE,CLOSED
COMP009754,CUST076856,FRAUD_ALERT,CLOSED
COMP009755,CUST073735,FRAUD_ALERT,OPEN
COMP009756,CUST066619,FRAUD_ALERT,OPEN
COMP009757,CUST054605,LOAN_ISSUE,CLOSED
COMP009758,CUST031809,CARD_ISSUE,OPEN
COMP009759,CUST053277,FRAUD_ALERT,OPEN
COMP009760,CUST028711,LOAN_ISSUE,OPEN
COMP009761,CUST000082,UPI_ISSUE,OPEN
COMP009762,CUST087283,CARD_ISSUE,CLOSED
COMP009763,CUST066397,CARD_ISSUE,CLOSED
COMP009764,CUST075671,LOAN_ISSUE,CLOSED
COMP009765,CUST047932,CARD_ISSUE,OPEN
COMP009766,CUST026055,LOAN_ISSUE,CLOSED
COMP009767,CUST096901,LOAN_ISSUE,CLOSED
COMP009768,CUST073908,FRAUD_ALERT,CLOSED
COMP009769,CUST028427,LOAN_ISSUE,CLOSED
COMP009770,CUST010673,FRAUD_ALERT,OPEN
COMP009771,CUST079363,LOAN_ISSUE,OPEN
COMP009772,CUST023263,UPI_ISSUE,OPEN
COMP009773,CUST077175,UPI_ISSUE,OPEN
COMP009774,CUST063444,FRAUD_ALERT,CLOSED
COMP009775,CUST075016,CARD_ISSUE,OPEN
COMP009776,CUST043614,LOAN_ISSUE,CLOSED
COMP009777,CUST035079,FRAUD_ALERT,OPEN
COMP009778,CUST038550,UPI_ISSUE,OPEN
COMP009779,CUST003523,LOAN_ISSUE,OPEN
COMP009780,CUST054412,FRAUD_ALERT,CLOSED
COMP009781,CUST024581,CARD_ISSUE,CLOSED
COMP009782,CUST052900,LOAN_ISSUE,OPEN
COMP009783,CUST062808,UPI_ISSUE,OPEN
COMP009784,CUST021508,CARD_ISSUE,CLOSED
COMP009785,CUST060771,UPI_ISSUE,CLOSED
COMP009786,CUST075567,FRAUD_ALERT,CLOSED
COMP009787,CUST076030,CARD_ISSUE,OPEN
COMP009788,CUST071041,CARD_ISSUE,OPEN
COMP009789,CUST045644,CARD_ISSUE,CLOSED
COMP009790,CUST046257,FRAUD_ALERT,OPEN
COMP009791,CUST081361,FRAUD_ALERT,OPEN
COMP009792,CUST066622,LOAN_ISSUE,CLOSED
COMP009793,CUST044459,FRAUD_ALERT,CLOSED
COMP009794,CUST016633,LOAN_ISSUE,CLOSED
COMP009795,CUST028058,FRAUD_ALERT,CLOSED
COMP009796,CUST053331,CARD_ISSUE,OPEN
COMP009797,CUST010945,FRAUD_ALERT,OPEN
COMP009798,CUST047427,LOAN_ISSUE,OPEN
COMP009799,CUST007608,CARD_ISSUE,CLOSED
COMP009800,CUST084839,CARD_ISSUE,CLOSED
COMP009801,CUST081507,LOAN_ISSUE,CLOSED
COMP009802,CUST077640,LOAN_ISSUE,OPEN
COMP009803,CUST029105,LOAN_ISSUE,CLOSED
COMP009804,CUST059178,FRAUD_ALERT,OPEN
COMP009805,CUST036230,FRAUD_ALERT,CLOSED
COMP009806,CUST046294,LOAN_ISSUE,CLOSED
COMP009807,CUST055331,UPI_ISSUE,CLOSED
COMP009808,CUST024203,LOAN_ISSUE,OPEN
COMP009809,CUST012540,CARD_ISSUE,CLOSED
COMP009810,CUST050179,UPI_ISSUE,CLOSED
COMP009811,CUST046227,LOAN_ISSUE,CLOSED
COMP009812,CUST045006,LOAN_ISSUE,OPEN
COMP009813,CUST070064,UPI_ISSUE,OPEN
COMP009814,CUST026441,FRAUD_ALERT,OPEN
COMP009815,CUST097030,FRAUD_ALERT,OPEN
COMP009816,CUST039420,CARD_ISSUE,CLOSED
COMP009817,CUST093829,UPI_ISSUE,OPEN
COMP009818,CUST044717,LOAN_ISSUE,OPEN
COMP009819,CUST030088,UPI_ISSUE,OPEN
COMP009820,CUST091981,FRAUD_ALERT,OPEN
COMP009821,CUST068751,FRAUD_ALERT,CLOSED
COMP009822,CUST064876,CARD_ISSUE,OPEN
COMP009823,CUST045896,CARD_ISSUE,OPEN
COMP009824,CUST029562,FRAUD_ALERT,CLOSED
COMP009825,CUST039760,CARD_ISSUE,CLOSED
COMP009826,CUST049026,LOAN_ISSUE,OPEN
COMP009827,CUST097026,CARD_ISSUE,CLOSED
COMP009828,CUST042838,UPI_ISSUE,CLOSED
COMP009829,CUST042658,UPI_ISSUE,OPEN
COMP009830,CUST062285,UPI_ISSUE,OPEN
COMP009831,CUST010724,CARD_ISSUE,CLOSED
COMP009832,CUST006182,CARD_ISSUE,CLOSED
COMP009833,CUST049959,FRAUD_ALERT,CLOSED
COMP009834,CUST046897,CARD_ISSUE,OPEN
COMP009835,CUST091453,UPI_ISSUE,OPEN
COMP009836,CUST056898,LOAN_ISSUE,OPEN
COMP009837,CUST000259,UPI_ISSUE,CLOSED
COMP009838,CUST040672,FRAUD_ALERT,OPEN
COMP009839,CUST006596,UPI_ISSUE,CLOSED
COMP009840,CUST005112,CARD_ISSUE,OPEN
COMP009841,CUST001119,FRAUD_ALERT,CLOSED
COMP009842,CUST086799,FRAUD_ALERT,CLOSED
COMP009843,CUST080164,CARD_ISSUE,CLOSED
COMP009844,CUST032779,LOAN_ISSUE,OPEN
COMP009845,CUST068043,FRAUD_ALERT,OPEN
COMP009846,CUST062027,CARD_ISSUE,OPEN
COMP009847,CUST020249,UPI_ISSUE,OPEN
COMP009848,CUST066587,FRAUD_ALERT,OPEN
COMP009849,CUST073729,UPI_ISSUE,OPEN
COMP009850,CUST016952,LOAN_ISSUE,CLOSED
COMP009851,CUST068542,LOAN_ISSUE,CLOSED
COMP009852,CUST036493,UPI_ISSUE,CLOSED
COMP009853,CUST093366,UPI_ISSUE,CLOSED
COMP009854,CUST004249,UPI_ISSUE,OPEN
COMP009855,CUST020845,LOAN_ISSUE,OPEN
COMP009856,CUST008280,LOAN_ISSUE,OPEN
COMP009857,CUST081934,CARD_ISSUE,CLOSED
COMP009858,CUST044720,FRAUD_ALERT,OPEN
COMP009859,CUST099669,CARD_ISSUE,OPEN
COMP009860,CUST051400,FRAUD_ALERT,CLOSED
COMP009861,CUST020854,CARD_ISSUE,CLOSED
COMP009862,CUST059371,FRAUD_ALERT,CLOSED
COMP009863,CUST098114,LOAN_ISSUE,OPEN
COMP009864,CUST014758,CARD_ISSUE,CLOSED
COMP009865,CUST091395,CARD_ISSUE,CLOSED
COMP009866,CUST073251,LOAN_ISSUE,CLOSED
COMP009867,CUST056128,UPI_ISSUE,CLOSED
COMP009868,CUST010097,CARD_ISSUE,CLOSED
COMP009869,CUST093182,LOAN_ISSUE,CLOSED
COMP009870,CUST047728,CARD_ISSUE,OPEN
COMP009871,CUST065603,CARD_ISSUE,CLOSED
COMP009872,CUST056345,CARD_ISSUE,CLOSED
COMP009873,CUST025304,LOAN_ISSUE,CLOSED
COMP009874,CUST063344,UPI_ISSUE,CLOSED
COMP009875,CUST032226,CARD_ISSUE,CLOSED
COMP009876,CUST007526,LOAN_ISSUE,OPEN
COMP009877,CUST079194,CARD_ISSUE,CLOSED
COMP009878,CUST027968,UPI_ISSUE,OPEN
COMP009879,CUST055899,LOAN_ISSUE,CLOSED
COMP009880,CUST051260,UPI_ISSUE,CLOSED
COMP009881,CUST066760,UPI_ISSUE,CLOSED
COMP009882,CUST012236,CARD_ISSUE,OPEN
COMP009883,CUST031292,CARD_ISSUE,CLOSED
COMP009884,CUST046631,FRAUD_ALERT,CLOSED
COMP009885,CUST059627,FRAUD_ALERT,OPEN
COMP009886,CUST023166,FRAUD_ALERT,CLOSED
COMP009887,CUST050110,LOAN_ISSUE,OPEN
COMP009888,CUST042584,LOAN_ISSUE,CLOSED
COMP009889,CUST086151,UPI_ISSUE,OPEN
COMP009890,CUST043846,CARD_ISSUE,OPEN
COMP009891,CUST003200,FRAUD_ALERT,OPEN
COMP009892,CUST007078,LOAN_ISSUE,OPEN
COMP009893,CUST015467,FRAUD_ALERT,OPEN
COMP009894,CUST050369,FRAUD_ALERT,CLOSED
COMP009895,CUST091277,CARD_ISSUE,CLOSED
COMP009896,CUST089036,UPI_ISSUE,OPEN
COMP009897,CUST059619,UPI_ISSUE,OPEN
COMP009898,CUST087411,FRAUD_ALERT,OPEN
COMP009899,CUST020761,LOAN_ISSUE,OPEN
COMP009900,CUST009277,UPI_ISSUE,CLOSED
COMP009901,CUST033812,CARD_ISSUE,CLOSED
COMP009902,CUST006756,UPI_ISSUE,CLOSED
COMP009903,CUST092082,CARD_ISSUE,CLOSED
COMP009904,CUST026969,CARD_ISSUE,CLOSED
COMP009905,CUST059455,CARD_ISSUE,OPEN
COMP009906,CUST003984,FRAUD_ALERT,OPEN
COMP009907,CUST028652,UPI_ISSUE,OPEN
COMP009908,CUST084049,LOAN_ISSUE,CLOSED
COMP009909,CUST079477,LOAN_ISSUE,CLOSED
COMP009910,CUST091929,UPI_ISSUE,CLOSED
COMP009911,CUST000017,FRAUD_ALERT,OPEN
COMP009912,CUST014781,FRAUD_ALERT,CLOSED
COMP009913,CUST002803,CARD_ISSUE,OPEN
COMP009914,CUST053823,LOAN_ISSUE,CLOSED
COMP009915,CUST058917,LOAN_ISSUE,OPEN
COMP009916,CUST016897,CARD_ISSUE,OPEN
COMP009917,CUST021458,UPI_ISSUE,OPEN
COMP009918,CUST054843,CARD_ISSUE,OPEN
COMP009919,CUST094380,UPI_ISSUE,OPEN
COMP009920,CUST073988,FRAUD_ALERT,CLOSED
COMP009921,CUST098781,CARD_ISSUE,OPEN
COMP009922,CUST081030,LOAN_ISSUE,OPEN
COMP009923,CUST079965,FRAUD_ALERT,OPEN
COMP009924,CUST002129,UPI_ISSUE,OPEN
COMP009925,CUST095295,FRAUD_ALERT,CLOSED
COMP009926,CUST002656,CARD_ISSUE,CLOSED
COMP009927,CUST053911,LOAN_ISSUE,CLOSED
COMP009928,CUST054970,LOAN_ISSUE,OPEN
COMP009929,CUST032881,CARD_ISSUE,CLOSED
COMP009930,CUST036707,FRAUD_ALERT,OPEN
COMP009931,CUST041070,FRAUD_ALERT,OPEN
COMP009932,CUST049929,UPI_ISSUE,OPEN
COMP009933,CUST087845,LOAN_ISSUE,OPEN
COMP009934,CUST019042,CARD_ISSUE,CLOSED
COMP009935,CUST014060,FRAUD_ALERT,OPEN
COMP009936,CUST015426,CARD_ISSUE,OPEN
COMP009937,CUST044673,FRAUD_ALERT,OPEN
COMP009938,CUST016173,FRAUD_ALERT,OPEN
COMP009939,CUST014272,LOAN_ISSUE,OPEN
COMP009940,CUST047259,LOAN_ISSUE,OPEN
COMP009941,CUST073710,CARD_ISSUE,OPEN
COMP009942,CUST059057,FRAUD_ALERT,CLOSED
COMP009943,CUST038151,UPI_ISSUE,OPEN
COMP009944,CUST072178,UPI_ISSUE,OPEN
COMP009945,CUST023162,CARD_ISSUE,OPEN
COMP009946,CUST031234,UPI_ISSUE,CLOSED
COMP009947,CUST012217,UPI_ISSUE,OPEN
COMP009948,CUST028828,LOAN_ISSUE,CLOSED
COMP009949,CUST034901,FRAUD_ALERT,OPEN
COMP009950,CUST019657,LOAN_ISSUE,OPEN
COMP009951,CUST038292,LOAN_ISSUE,OPEN
COMP009952,CUST075234,CARD_ISSUE,OPEN
COMP009953,CUST083766,FRAUD_ALERT,CLOSED
COMP009954,CUST030170,FRAUD_ALERT,CLOSED
COMP009955,CUST081389,FRAUD_ALERT,CLOSED
COMP009956,CUST099317,FRAUD_ALERT,OPEN
COMP009957,CUST040095,UPI_ISSUE,OPEN
COMP009958,CUST032204,UPI_ISSUE,CLOSED
COMP009959,CUST067818,LOAN_ISSUE,OPEN
COMP009960,CUST081471,UPI_ISSUE,CLOSED
COMP009961,CUST009356,CARD_ISSUE,CLOSED
COMP009962,CUST088045,FRAUD_ALERT,CLOSED
COMP009963,CUST059550,CARD_ISSUE,CLOSED
COMP009964,CUST013402,LOAN_ISSUE,CLOSED
COMP009965,CUST040077,CARD_ISSUE,CLOSED
COMP009966,CUST045027,FRAUD_ALERT,OPEN
COMP009967,CUST052406,CARD_ISSUE,OPEN
COMP009968,CUST003771,UPI_ISSUE,OPEN
COMP009969,CUST043471,UPI_ISSUE,CLOSED
COMP009970,CUST019449,FRAUD_ALERT,OPEN
COMP009971,CUST097088,UPI_ISSUE,OPEN
COMP009972,CUST069464,FRAUD_ALERT,CLOSED
COMP009973,CUST029091,UPI_ISSUE,OPEN
COMP009974,CUST099498,FRAUD_ALERT,OPEN
COMP009975,CUST019764,CARD_ISSUE,CLOSED
COMP009976,CUST054105,CARD_ISSUE,OPEN
COMP009977,CUST066880,FRAUD_ALERT,OPEN
COMP009978,CUST084336,LOAN_ISSUE,OPEN
COMP009979,CUST036626,UPI_ISSUE,OPEN
COMP009980,CUST055120,CARD_ISSUE,OPEN
COMP009981,CUST099738,LOAN_ISSUE,OPEN
COMP009982,CUST088945,CARD_ISSUE,OPEN
COMP009983,CUST002604,CARD_ISSUE,CLOSED
COMP009984,CUST034903,LOAN_ISSUE,OPEN
COMP009985,CUST048241,CARD_ISSUE,OPEN
COMP009986,CUST089459,UPI_ISSUE,CLOSED
COMP009987,CUST096986,CARD_ISSUE,CLOSED
COMP009988,CUST008958,CARD_ISSUE,OPEN
COMP009989,CUST012603,CARD_ISSUE,CLOSED
COMP009990,CUST054764,UPI_ISSUE,OPEN
COMP009991,CUST080942,UPI_ISSUE,CLOSED
COMP009992,CUST049917,UPI_ISSUE,OPEN
COMP009993,CUST088782,UPI_ISSUE,OPEN
COMP009994,CUST031351,FRAUD_ALERT,CLOSED
COMP009995,CUST027846,LOAN_ISSUE,CLOSED
COMP009996,CUST040890,CARD_ISSUE,CLOSED
COMP009997,CUST032810,CARD_ISSUE,OPEN
COMP009998,CUST066752,LOAN_ISSUE,CLOSED
COMP009999,CUST054514,FRAUD_ALERT,OPEN
COMP010000,CUST020039,UPI_ISSUE,OPEN
COMP010001,CUST084610,FRAUD_ALERT,CLOSED
COMP010002,CUST080641,FRAUD_ALERT,OPEN
COMP010003,CUST069301,UPI_ISSUE,OPEN
COMP010004,CUST076120,LOAN_ISSUE,CLOSED
COMP010005,CUST063857,FRAUD_ALERT,OPEN
COMP010006,CUST063058,FRAUD_ALERT,CLOSED
COMP010007,CUST048226,CARD_ISSUE,CLOSED
COMP010008,CUST001899,LOAN_ISSUE,CLOSED
COMP010009,CUST090933,CARD_ISSUE,OPEN
COMP010010,CUST007181,LOAN_ISSUE,OPEN
COMP010011,CUST025980,CARD_ISSUE,OPEN
COMP010012,CUST005413,FRAUD_ALERT,OPEN
COMP010013,CUST035846,FRAUD_ALERT,CLOSED
COMP010014,CUST085360,FRAUD_ALERT,CLOSED
COMP010015,CUST020383,FRAUD_ALERT,OPEN
COMP010016,CUST048680,FRAUD_ALERT,CLOSED
COMP010017,CUST035951,UPI_ISSUE,OPEN
COMP010018,CUST042784,UPI_ISSUE,OPEN
COMP010019,CUST063872,FRAUD_ALERT,CLOSED
COMP010020,CUST049569,UPI_ISSUE,CLOSED
COMP010021,CUST018673,UPI_ISSUE,OPEN
COMP010022,CUST091487,CARD_ISSUE,OPEN
COMP010023,CUST042747,CARD_ISSUE,CLOSED
COMP010024,CUST074246,FRAUD_ALERT,OPEN
COMP010025,CUST090353,LOAN_ISSUE,OPEN
COMP010026,CUST072384,FRAUD_ALERT,OPEN
COMP010027,CUST036739,CARD_ISSUE,CLOSED
COMP010028,CUST077074,LOAN_ISSUE,OPEN
COMP010029,CUST023515,LOAN_ISSUE,CLOSED
COMP010030,CUST015236,FRAUD_ALERT,CLOSED
COMP010031,CUST062695,CARD_ISSUE,OPEN
COMP010032,CUST013845,UPI_ISSUE,OPEN
COMP010033,CUST012456,LOAN_ISSUE,CLOSED
COMP010034,CUST001260,CARD_ISSUE,CLOSED
COMP010035,CUST061604,FRAUD_ALERT,OPEN
COMP010036,CUST046148,UPI_ISSUE,OPEN
COMP010037,CUST018979,LOAN_ISSUE,CLOSED
COMP010038,CUST091624,UPI_ISSUE,OPEN
COMP010039,CUST044267,LOAN_ISSUE,CLOSED
COMP010040,CUST075751,LOAN_ISSUE,CLOSED
COMP010041,CUST019046,UPI_ISSUE,OPEN
COMP010042,CUST055168,CARD_ISSUE,OPEN
COMP010043,CUST081101,FRAUD_ALERT,CLOSED
COMP010044,CUST026225,LOAN_ISSUE,OPEN
COMP010045,CUST093964,FRAUD_ALERT,CLOSED
COMP010046,CUST080372,UPI_ISSUE,OPEN
COMP010047,CUST097793,FRAUD_ALERT,OPEN
COMP010048,CUST020923,CARD_ISSUE,CLOSED
COMP010049,CUST092440,LOAN_ISSUE,OPEN
COMP010050,CUST063189,LOAN_ISSUE,OPEN
COMP010051,CUST029751,CARD_ISSUE,CLOSED
COMP010052,CUST097220,LOAN_ISSUE,CLOSED
COMP010053,CUST055884,UPI_ISSUE,CLOSED
COMP010054,CUST038175,FRAUD_ALERT,CLOSED
COMP010055,CUST075943,UPI_ISSUE,OPEN
COMP010056,CUST042153,CARD_ISSUE,CLOSED
COMP010057,CUST085451,CARD_ISSUE,CLOSED
COMP010058,CUST021005,UPI_ISSUE,CLOSED
COMP010059,CUST086896,FRAUD_ALERT,CLOSED
COMP010060,CUST080817,UPI_ISSUE,OPEN
COMP010061,CUST073667,CARD_ISSUE,CLOSED
COMP010062,CUST002116,CARD_ISSUE,CLOSED
COMP010063,CUST084845,FRAUD_ALERT,OPEN
COMP010064,CUST021026,CARD_ISSUE,OPEN
COMP010065,CUST059337,CARD_ISSUE,OPEN
COMP010066,CUST043050,FRAUD_ALERT,OPEN
COMP010067,CUST014456,UPI_ISSUE,CLOSED
COMP010068,CUST031936,CARD_ISSUE,CLOSED
COMP010069,CUST091452,CARD_ISSUE,CLOSED
COMP010070,CUST074102,UPI_ISSUE,OPEN
COMP010071,CUST073615,CARD_ISSUE,OPEN
COMP010072,CUST021704,LOAN_ISSUE,OPEN
COMP010073,CUST088854,LOAN_ISSUE,CLOSED
COMP010074,CUST066262,FRAUD_ALERT,CLOSED
COMP010075,CUST005980,LOAN_ISSUE,OPEN
COMP010076,CUST031548,UPI_ISSUE,OPEN
COMP010077,CUST075054,CARD_ISSUE,OPEN
COMP010078,CUST002241,FRAUD_ALERT,CLOSED
COMP010079,CUST023892,LOAN_ISSUE,OPEN
COMP010080,CUST024840,CARD_ISSUE,CLOSED
COMP010081,CUST074324,CARD_ISSUE,CLOSED
COMP010082,CUST081898,FRAUD_ALERT,OPEN
COMP010083,CUST000973,CARD_ISSUE,OPEN
COMP010084,CUST022938,FRAUD_ALERT,OPEN
COMP010085,CUST054704,UPI_ISSUE,CLOSED
COMP010086,CUST099793,CARD_ISSUE,OPEN
COMP010087,CUST071487,FRAUD_ALERT,OPEN
COMP010088,CUST077879,FRAUD_ALERT,CLOSED
COMP010089,CUST057371,LOAN_ISSUE,CLOSED
COMP010090,CUST043915,CARD_ISSUE,OPEN
COMP010091,CUST034605,FRAUD_ALERT,CLOSED
COMP010092,CUST021241,FRAUD_ALERT,OPEN
COMP010093,CUST024977,UPI_ISSUE,OPEN
COMP010094,CUST014371,UPI_ISSUE,CLOSED
COMP010095,CUST023318,UPI_ISSUE,CLOSED
COMP010096,CUST080675,FRAUD_ALERT,CLOSED
COMP010097,CUST097425,LOAN_ISSUE,CLOSED
COMP010098,CUST078678,CARD_ISSUE,OPEN
COMP010099,CUST064601,UPI_ISSUE,OPEN
COMP010100,CUST091852,LOAN_ISSUE,OPEN
COMP010101,CUST029324,CARD_ISSUE,CLOSED
COMP010102,CUST046792,FRAUD_ALERT,OPEN
COMP010103,CUST057936,UPI_ISSUE,CLOSED
COMP010104,CUST094006,FRAUD_ALERT,OPEN
COMP010105,CUST058854,FRAUD_ALERT,CLOSED
COMP010106,CUST060541,FRAUD_ALERT,OPEN
COMP010107,CUST089597,LOAN_ISSUE,OPEN
COMP010108,CUST061890,UPI_ISSUE,OPEN
COMP010109,CUST041551,LOAN_ISSUE,CLOSED
COMP010110,CUST033631,CARD_ISSUE,CLOSED
COMP010111,CUST086479,UPI_ISSUE,OPEN
COMP010112,CUST045626,LOAN_ISSUE,CLOSED
COMP010113,CUST089596,FRAUD_ALERT,CLOSED
COMP010114,CUST071012,LOAN_ISSUE,OPEN
COMP010115,CUST067106,FRAUD_ALERT,OPEN
COMP010116,CUST091342,UPI_ISSUE,OPEN
COMP010117,CUST041816,CARD_ISSUE,CLOSED
COMP010118,CUST012245,FRAUD_ALERT,CLOSED
COMP010119,CUST034513,LOAN_ISSUE,CLOSED
COMP010120,CUST009573,LOAN_ISSUE,OPEN
COMP010121,CUST091388,CARD_ISSUE,CLOSED
COMP010122,CUST032978,FRAUD_ALERT,OPEN
COMP010123,CUST052826,UPI_ISSUE,OPEN
COMP010124,CUST079048,CARD_ISSUE,OPEN
COMP010125,CUST066654,LOAN_ISSUE,CLOSED
COMP010126,CUST016958,CARD_ISSUE,OPEN
COMP010127,CUST079815,UPI_ISSUE,CLOSED
COMP010128,CUST036353,LOAN_ISSUE,OPEN
COMP010129,CUST073857,UPI_ISSUE,OPEN
COMP010130,CUST096845,CARD_ISSUE,CLOSED
COMP010131,CUST053603,CARD_ISSUE,CLOSED
COMP010132,CUST012653,LOAN_ISSUE,CLOSED
COMP010133,CUST067554,LOAN_ISSUE,OPEN
COMP010134,CUST097905,FRAUD_ALERT,OPEN
COMP010135,CUST009354,CARD_ISSUE,OPEN
COMP010136,CUST073956,CARD_ISSUE,OPEN
COMP010137,CUST077246,UPI_ISSUE,CLOSED
COMP010138,CUST046951,UPI_ISSUE,CLOSED
COMP010139,CUST017406,UPI_ISSUE,CLOSED
COMP010140,CUST021913,UPI_ISSUE,OPEN
COMP010141,CUST030039,UPI_ISSUE,CLOSED
COMP010142,CUST008595,UPI_ISSUE,CLOSED
COMP010143,CUST017421,LOAN_ISSUE,OPEN
COMP010144,CUST016555,LOAN_ISSUE,CLOSED
COMP010145,CUST029289,CARD_ISSUE,OPEN
COMP010146,CUST091740,LOAN_ISSUE,OPEN
COMP010147,CUST091258,UPI_ISSUE,CLOSED
COMP010148,CUST095287,FRAUD_ALERT,CLOSED
COMP010149,CUST012762,UPI_ISSUE,CLOSED
COMP010150,CUST024713,LOAN_ISSUE,CLOSED
COMP010151,CUST038976,LOAN_ISSUE,CLOSED
COMP010152,CUST027676,LOAN_ISSUE,CLOSED
COMP010153,CUST011158,UPI_ISSUE,OPEN
COMP010154,CUST012182,CARD_ISSUE,OPEN
COMP010155,CUST065421,FRAUD_ALERT,OPEN
COMP010156,CUST071433,CARD_ISSUE,OPEN
COMP010157,CUST076713,LOAN_ISSUE,CLOSED
COMP010158,CUST099741,CARD_ISSUE,CLOSED
COMP010159,CUST018322,CARD_ISSUE,CLOSED
COMP010160,CUST042311,FRAUD_ALERT,OPEN
COMP010161,CUST031472,LOAN_ISSUE,OPEN
COMP010162,CUST032026,FRAUD_ALERT,OPEN
COMP010163,CUST027783,CARD_ISSUE,CLOSED
COMP010164,CUST012041,LOAN_ISSUE,CLOSED
COMP010165,CUST099004,FRAUD_ALERT,CLOSED
COMP010166,CUST071265,FRAUD_ALERT,CLOSED
COMP010167,CUST074657,CARD_ISSUE,OPEN
COMP010168,CUST006113,FRAUD_ALERT,CLOSED
COMP010169,CUST009763,CARD_ISSUE,CLOSED
COMP010170,CUST024507,FRAUD_ALERT,OPEN
COMP010171,CUST009092,CARD_ISSUE,CLOSED
COMP010172,CUST020765,FRAUD_ALERT,CLOSED
COMP010173,CUST080059,LOAN_ISSUE,OPEN
COMP010174,CUST040029,CARD_ISSUE,OPEN
COMP010175,CUST010418,LOAN_ISSUE,OPEN
COMP010176,CUST083920,CARD_ISSUE,OPEN
COMP010177,CUST029432,UPI_ISSUE,CLOSED
COMP010178,CUST034511,LOAN_ISSUE,OPEN
COMP010179,CUST093724,FRAUD_ALERT,OPEN
COMP010180,CUST089103,UPI_ISSUE,OPEN
COMP010181,CUST065249,LOAN_ISSUE,OPEN
COMP010182,CUST015243,LOAN_ISSUE,CLOSED
COMP010183,CUST012513,LOAN_ISSUE,CLOSED
COMP010184,CUST048614,CARD_ISSUE,CLOSED
COMP010185,CUST063705,FRAUD_ALERT,CLOSED
COMP010186,CUST015814,UPI_ISSUE,OPEN
COMP010187,CUST042638,UPI_ISSUE,CLOSED
COMP010188,CUST023895,LOAN_ISSUE,OPEN
COMP010189,CUST053284,FRAUD_ALERT,OPEN
COMP010190,CUST023653,CARD_ISSUE,CLOSED
COMP010191,CUST093228,LOAN_ISSUE,CLOSED
COMP010192,CUST005004,LOAN_ISSUE,CLOSED
COMP010193,CUST080076,CARD_ISSUE,CLOSED
COMP010194,CUST018298,FRAUD_ALERT,OPEN
COMP010195,CUST004490,FRAUD_ALERT,OPEN
COMP010196,CUST016194,UPI_ISSUE,OPEN
COMP010197,CUST073874,UPI_ISSUE,OPEN
COMP010198,CUST024350,UPI_ISSUE,OPEN
COMP010199,CUST005312,LOAN_ISSUE,OPEN
COMP010200,CUST028108,UPI_ISSUE,CLOSED
COMP010201,CUST044287,LOAN_ISSUE,OPEN
COMP010202,CUST094198,LOAN_ISSUE,CLOSED
COMP010203,CUST024679,LOAN_ISSUE,CLOSED
COMP010204,CUST033555,CARD_ISSUE,CLOSED
COMP010205,CUST065308,FRAUD_ALERT,OPEN
COMP010206,CUST077748,FRAUD_ALERT,CLOSED
COMP010207,CUST070430,LOAN_ISSUE,OPEN
COMP010208,CUST055535,CARD_ISSUE,CLOSED
COMP010209,CUST000107,CARD_ISSUE,OPEN
COMP010210,CUST071312,FRAUD_ALERT,CLOSED
COMP010211,CUST099700,CARD_ISSUE,OPEN
COMP010212,CUST011245,CARD_ISSUE,OPEN
COMP010213,CUST045782,CARD_ISSUE,CLOSED
COMP010214,CUST053772,UPI_ISSUE,OPEN
COMP010215,CUST054423,FRAUD_ALERT,CLOSED
COMP010216,CUST020402,UPI_ISSUE,CLOSED
COMP010217,CUST077628,FRAUD_ALERT,OPEN
COMP010218,CUST015562,FRAUD_ALERT,CLOSED
COMP010219,CUST042889,UPI_ISSUE,CLOSED
COMP010220,CUST023160,LOAN_ISSUE,CLOSED
COMP010221,CUST057408,FRAUD_ALERT,CLOSED
COMP010222,CUST050962,UPI_ISSUE,OPEN
COMP010223,CUST055442,UPI_ISSUE,OPEN
COMP010224,CUST064805,CARD_ISSUE,OPEN
COMP010225,CUST084871,LOAN_ISSUE,OPEN
COMP010226,CUST004937,LOAN_ISSUE,OPEN
COMP010227,CUST066235,UPI_ISSUE,OPEN
COMP010228,CUST094740,FRAUD_ALERT,OPEN
COMP010229,CUST075699,UPI_ISSUE,OPEN
COMP010230,CUST088684,CARD_ISSUE,OPEN
COMP010231,CUST038280,UPI_ISSUE,CLOSED
COMP010232,CUST053417,UPI_ISSUE,CLOSED
COMP010233,CUST054551,LOAN_ISSUE,OPEN
COMP010234,CUST096839,UPI_ISSUE,OPEN
COMP010235,CUST049979,CARD_ISSUE,CLOSED
COMP010236,CUST094972,FRAUD_ALERT,OPEN
COMP010237,CUST072655,FRAUD_ALERT,OPEN
COMP010238,CUST017215,UPI_ISSUE,CLOSED
COMP010239,CUST012407,FRAUD_ALERT,CLOSED
COMP010240,CUST003027,FRAUD_ALERT,OPEN
COMP010241,CUST038510,UPI_ISSUE,OPEN
COMP010242,CUST084984,LOAN_ISSUE,CLOSED
COMP010243,CUST013280,LOAN_ISSUE,OPEN
COMP010244,CUST014445,FRAUD_ALERT,OPEN
COMP010245,CUST054019,LOAN_ISSUE,OPEN
COMP010246,CUST000566,LOAN_ISSUE,CLOSED
COMP010247,CUST039620,CARD_ISSUE,CLOSED
COMP010248,CUST079323,FRAUD_ALERT,CLOSED
COMP010249,CUST019852,FRAUD_ALERT,CLOSED
COMP010250,CUST080219,CARD_ISSUE,CLOSED
COMP010251,CUST086282,UPI_ISSUE,CLOSED
COMP010252,CUST055623,LOAN_ISSUE,CLOSED
COMP010253,CUST063200,LOAN_ISSUE,OPEN
COMP010254,CUST087423,CARD_ISSUE,CLOSED
COMP010255,CUST038161,FRAUD_ALERT,CLOSED
COMP010256,CUST010085,FRAUD_ALERT,CLOSED
COMP010257,CUST016328,CARD_ISSUE,OPEN
COMP010258,CUST029505,LOAN_ISSUE,CLOSED
COMP010259,CUST016618,CARD_ISSUE,CLOSED
COMP010260,CUST092846,FRAUD_ALERT,CLOSED
COMP010261,CUST081429,CARD_ISSUE,OPEN
COMP010262,CUST002789,FRAUD_ALERT,CLOSED
COMP010263,CUST036224,FRAUD_ALERT,CLOSED
COMP010264,CUST025987,FRAUD_ALERT,CLOSED
COMP010265,CUST086969,FRAUD_ALERT,OPEN
COMP010266,CUST069852,LOAN_ISSUE,CLOSED
COMP010267,CUST027125,LOAN_ISSUE,CLOSED
COMP010268,CUST055369,FRAUD_ALERT,CLOSED
COMP010269,CUST090382,CARD_ISSUE,OPEN
COMP010270,CUST061358,LOAN_ISSUE,OPEN
COMP010271,CUST058790,FRAUD_ALERT,CLOSED
COMP010272,CUST010521,LOAN_ISSUE,CLOSED
COMP010273,CUST025380,CARD_ISSUE,OPEN
COMP010274,CUST099289,UPI_ISSUE,CLOSED
COMP010275,CUST042117,FRAUD_ALERT,CLOSED
COMP010276,CUST087053,LOAN_ISSUE,OPEN
COMP010277,CUST078955,FRAUD_ALERT,CLOSED
COMP010278,CUST060154,FRAUD_ALERT,OPEN
COMP010279,CUST080990,LOAN_ISSUE,OPEN
COMP010280,CUST078309,UPI_ISSUE,OPEN
COMP010281,CUST041717,CARD_ISSUE,CLOSED
COMP010282,CUST037615,LOAN_ISSUE,CLOSED
COMP010283,CUST087531,FRAUD_ALERT,CLOSED
COMP010284,CUST061544,UPI_ISSUE,OPEN
COMP010285,CUST093337,UPI_ISSUE,CLOSED
COMP010286,CUST022429,FRAUD_ALERT,OPEN
COMP010287,CUST013353,CARD_ISSUE,CLOSED
COMP010288,CUST087897,FRAUD_ALERT,CLOSED
COMP010289,CUST007132,FRAUD_ALERT,CLOSED
COMP010290,CUST019876,CARD_ISSUE,CLOSED
COMP010291,CUST003539,UPI_ISSUE,CLOSED
COMP010292,CUST068499,UPI_ISSUE,OPEN
COMP010293,CUST066338,CARD_ISSUE,CLOSED
COMP010294,CUST065752,LOAN_ISSUE,CLOSED
COMP010295,CUST055538,LOAN_ISSUE,CLOSED
COMP010296,CUST033427,FRAUD_ALERT,OPEN
COMP010297,CUST023350,LOAN_ISSUE,CLOSED
COMP010298,CUST084754,FRAUD_ALERT,CLOSED
COMP010299,CUST052124,LOAN_ISSUE,OPEN
COMP010300,CUST070233,LOAN_ISSUE,CLOSED
COMP010301,CUST062746,CARD_ISSUE,OPEN
COMP010302,CUST007126,FRAUD_ALERT,CLOSED
COMP010303,CUST032812,FRAUD_ALERT,CLOSED
COMP010304,CUST009922,FRAUD_ALERT,OPEN
COMP010305,CUST002006,LOAN_ISSUE,CLOSED
COMP010306,CUST059940,UPI_ISSUE,OPEN
COMP010307,CUST004845,LOAN_ISSUE,OPEN
COMP010308,CUST049715,LOAN_ISSUE,CLOSED
COMP010309,CUST071653,FRAUD_ALERT,OPEN
COMP010310,CUST063946,UPI_ISSUE,OPEN
COMP010311,CUST023207,UPI_ISSUE,OPEN
COMP010312,CUST011998,UPI_ISSUE,CLOSED
COMP010313,CUST080925,FRAUD_ALERT,OPEN
COMP010314,CUST086159,LOAN_ISSUE,OPEN
COMP010315,CUST068145,LOAN_ISSUE,OPEN
COMP010316,CUST066652,CARD_ISSUE,OPEN
COMP010317,CUST072712,LOAN_ISSUE,OPEN
COMP010318,CUST010369,FRAUD_ALERT,CLOSED
COMP010319,CUST044567,LOAN_ISSUE,OPEN
COMP010320,CUST071710,CARD_ISSUE,OPEN
COMP010321,CUST089430,CARD_ISSUE,OPEN
COMP010322,CUST081306,UPI_ISSUE,CLOSED
COMP010323,CUST007667,LOAN_ISSUE,OPEN
COMP010324,CUST032687,LOAN_ISSUE,OPEN
COMP010325,CUST079584,FRAUD_ALERT,OPEN
COMP010326,CUST027124,CARD_ISSUE,CLOSED
COMP010327,CUST093165,CARD_ISSUE,OPEN
COMP010328,CUST054434,UPI_ISSUE,OPEN
COMP010329,CUST088227,FRAUD_ALERT,OPEN
COMP010330,CUST076947,CARD_ISSUE,OPEN
COMP010331,CUST098783,UPI_ISSUE,CLOSED
COMP010332,CUST048881,UPI_ISSUE,OPEN
COMP010333,CUST085104,CARD_ISSUE,OPEN
COMP010334,CUST021205,CARD_ISSUE,CLOSED
COMP010335,CUST098333,CARD_ISSUE,OPEN
COMP010336,CUST057728,FRAUD_ALERT,CLOSED
COMP010337,CUST073260,CARD_ISSUE,OPEN
COMP010338,CUST027309,UPI_ISSUE,OPEN
COMP010339,CUST095869,LOAN_ISSUE,CLOSED
COMP010340,CUST001687,LOAN_ISSUE,OPEN
COMP010341,CUST017149,UPI_ISSUE,OPEN
COMP010342,CUST039310,CARD_ISSUE,CLOSED
COMP010343,CUST071974,FRAUD_ALERT,OPEN
COMP010344,CUST076440,UPI_ISSUE,OPEN
COMP010345,CUST084705,LOAN_ISSUE,CLOSED
COMP010346,CUST047811,CARD_ISSUE,OPEN
COMP010347,CUST094853,UPI_ISSUE,CLOSED
COMP010348,CUST096903,FRAUD_ALERT,CLOSED
COMP010349,CUST021881,LOAN_ISSUE,OPEN
COMP010350,CUST060172,LOAN_ISSUE,OPEN
COMP010351,CUST061297,CARD_ISSUE,OPEN
COMP010352,CUST055468,UPI_ISSUE,OPEN
COMP010353,CUST017851,FRAUD_ALERT,OPEN
COMP010354,CUST089983,LOAN_ISSUE,CLOSED
COMP010355,CUST063738,UPI_ISSUE,CLOSED
COMP010356,CUST021643,FRAUD_ALERT,OPEN
COMP010357,CUST046927,CARD_ISSUE,CLOSED
COMP010358,CUST042590,FRAUD_ALERT,CLOSED
COMP010359,CUST052832,LOAN_ISSUE,CLOSED
COMP010360,CUST050925,CARD_ISSUE,OPEN
COMP010361,CUST070499,CARD_ISSUE,OPEN
COMP010362,CUST043488,CARD_ISSUE,OPEN
COMP010363,CUST022429,UPI_ISSUE,CLOSED
COMP010364,CUST029839,LOAN_ISSUE,CLOSED
COMP010365,CUST027758,UPI_ISSUE,CLOSED
COMP010366,CUST045801,FRAUD_ALERT,OPEN
COMP010367,CUST004469,FRAUD_ALERT,CLOSED
COMP010368,CUST062469,CARD_ISSUE,CLOSED
COMP010369,CUST020070,UPI_ISSUE,CLOSED
COMP010370,CUST001482,FRAUD_ALERT,OPEN
COMP010371,CUST037971,FRAUD_ALERT,OPEN
COMP010372,CUST096522,UPI_ISSUE,OPEN
COMP010373,CUST038800,UPI_ISSUE,CLOSED
COMP010374,CUST090924,UPI_ISSUE,OPEN
COMP010375,CUST068844,FRAUD_ALERT,OPEN
COMP010376,CUST040363,CARD_ISSUE,OPEN
COMP010377,CUST022736,UPI_ISSUE,OPEN
COMP010378,CUST012767,UPI_ISSUE,OPEN
COMP010379,CUST022656,UPI_ISSUE,OPEN
COMP010380,CUST079203,LOAN_ISSUE,CLOSED
COMP010381,CUST050434,FRAUD_ALERT,OPEN
COMP010382,CUST083644,LOAN_ISSUE,OPEN
COMP010383,CUST043339,CARD_ISSUE,CLOSED
COMP010384,CUST079481,LOAN_ISSUE,CLOSED
COMP010385,CUST004687,UPI_ISSUE,CLOSED
COMP010386,CUST056365,LOAN_ISSUE,OPEN
COMP010387,CUST047960,CARD_ISSUE,CLOSED
COMP010388,CUST040755,CARD_ISSUE,CLOSED
COMP010389,CUST013724,UPI_ISSUE,CLOSED
COMP010390,CUST021445,LOAN_ISSUE,CLOSED
COMP010391,CUST065477,CARD_ISSUE,OPEN
COMP010392,CUST030046,LOAN_ISSUE,CLOSED
COMP010393,CUST061349,UPI_ISSUE,OPEN
COMP010394,CUST082111,FRAUD_ALERT,OPEN
COMP010395,CUST005478,FRAUD_ALERT,CLOSED
COMP010396,CUST091894,UPI_ISSUE,OPEN
COMP010397,CUST076379,FRAUD_ALERT,OPEN
COMP010398,CUST075522,FRAUD_ALERT,OPEN
COMP010399,CUST004042,UPI_ISSUE,OPEN
COMP010400,CUST000505,LOAN_ISSUE,OPEN
COMP010401,CUST080101,UPI_ISSUE,OPEN
COMP010402,CUST019087,UPI_ISSUE,OPEN
COMP010403,CUST077167,LOAN_ISSUE,CLOSED
COMP010404,CUST057006,LOAN_ISSUE,OPEN
COMP010405,CUST037271,LOAN_ISSUE,OPEN
COMP010406,CUST024441,FRAUD_ALERT,CLOSED
COMP010407,CUST099343,FRAUD_ALERT,OPEN
COMP010408,CUST029210,FRAUD_ALERT,OPEN
COMP010409,CUST083642,CARD_ISSUE,CLOSED
COMP010410,CUST044334,LOAN_ISSUE,CLOSED
COMP010411,CUST091341,CARD_ISSUE,CLOSED
COMP010412,CUST058467,FRAUD_ALERT,CLOSED
COMP010413,CUST098256,UPI_ISSUE,OPEN
COMP010414,CUST043415,UPI_ISSUE,CLOSED
COMP010415,CUST015506,LOAN_ISSUE,OPEN
COMP010416,CUST066913,CARD_ISSUE,CLOSED
COMP010417,CUST087246,CARD_ISSUE,OPEN
COMP010418,CUST043715,LOAN_ISSUE,OPEN
COMP010419,CUST015356,CARD_ISSUE,OPEN
COMP010420,CUST079052,UPI_ISSUE,CLOSED
COMP010421,CUST022238,LOAN_ISSUE,CLOSED
COMP010422,CUST023636,LOAN_ISSUE,OPEN
COMP010423,CUST060892,UPI_ISSUE,OPEN
COMP010424,CUST085254,CARD_ISSUE,OPEN
COMP010425,CUST088714,FRAUD_ALERT,OPEN
COMP010426,CUST067519,CARD_ISSUE,OPEN
COMP010427,CUST022057,UPI_ISSUE,OPEN
COMP010428,CUST019515,FRAUD_ALERT,OPEN
COMP010429,CUST069826,UPI_ISSUE,OPEN
COMP010430,CUST000951,FRAUD_ALERT,CLOSED
COMP010431,CUST058021,LOAN_ISSUE,CLOSED
COMP010432,CUST062975,CARD_ISSUE,CLOSED
COMP010433,CUST093428,CARD_ISSUE,OPEN
COMP010434,CUST037823,FRAUD_ALERT,OPEN
COMP010435,CUST032978,FRAUD_ALERT,CLOSED
COMP010436,CUST067428,CARD_ISSUE,OPEN
COMP010437,CUST050101,LOAN_ISSUE,OPEN
COMP010438,CUST066281,LOAN_ISSUE,OPEN
COMP010439,CUST064958,CARD_ISSUE,OPEN
COMP010440,CUST005928,UPI_ISSUE,CLOSED
COMP010441,CUST076502,FRAUD_ALERT,OPEN
COMP010442,CUST086263,CARD_ISSUE,CLOSED
COMP010443,CUST046002,CARD_ISSUE,CLOSED
COMP010444,CUST084699,FRAUD_ALERT,CLOSED
COMP010445,CUST079674,CARD_ISSUE,CLOSED
COMP010446,CUST095355,LOAN_ISSUE,OPEN
COMP010447,CUST040683,CARD_ISSUE,OPEN
COMP010448,CUST061962,CARD_ISSUE,OPEN
COMP010449,CUST035301,UPI_ISSUE,CLOSED
COMP010450,CUST010329,CARD_ISSUE,CLOSED
COMP010451,CUST040313,UPI_ISSUE,OPEN
COMP010452,CUST059709,UPI_ISSUE,CLOSED
COMP010453,CUST034539,CARD_ISSUE,CLOSED
COMP010454,CUST019604,UPI_ISSUE,OPEN
COMP010455,CUST080473,LOAN_ISSUE,CLOSED
COMP010456,CUST034129,UPI_ISSUE,CLOSED
COMP010457,CUST028378,CARD_ISSUE,CLOSED
COMP010458,CUST054192,UPI_ISSUE,CLOSED
COMP010459,CUST075870,LOAN_ISSUE,CLOSED
COMP010460,CUST019991,LOAN_ISSUE,OPEN
COMP010461,CUST000361,LOAN_ISSUE,CLOSED
COMP010462,CUST013629,LOAN_ISSUE,OPEN
COMP010463,CUST057201,CARD_ISSUE,CLOSED
COMP010464,CUST026700,CARD_ISSUE,OPEN
COMP010465,CUST045023,FRAUD_ALERT,CLOSED
COMP010466,CUST001590,FRAUD_ALERT,CLOSED
COMP010467,CUST011614,CARD_ISSUE,CLOSED
COMP010468,CUST080986,CARD_ISSUE,OPEN
COMP010469,CUST045532,UPI_ISSUE,OPEN
COMP010470,CUST082405,LOAN_ISSUE,CLOSED
COMP010471,CUST016091,FRAUD_ALERT,OPEN
COMP010472,CUST048512,LOAN_ISSUE,OPEN
COMP010473,CUST062388,FRAUD_ALERT,OPEN
COMP010474,CUST055847,UPI_ISSUE,CLOSED
COMP010475,CUST061129,CARD_ISSUE,CLOSED
COMP010476,CUST082673,UPI_ISSUE,OPEN
COMP010477,CUST023905,LOAN_ISSUE,CLOSED
COMP010478,CUST090335,LOAN_ISSUE,CLOSED
COMP010479,CUST079116,LOAN_ISSUE,CLOSED
COMP010480,CUST097089,FRAUD_ALERT,CLOSED
COMP010481,CUST021016,LOAN_ISSUE,OPEN
COMP010482,CUST003571,CARD_ISSUE,CLOSED
COMP010483,CUST093421,UPI_ISSUE,OPEN
COMP010484,CUST019775,CARD_ISSUE,OPEN
COMP010485,CUST096765,FRAUD_ALERT,CLOSED
COMP010486,CUST096097,CARD_ISSUE,OPEN
COMP010487,CUST011990,CARD_ISSUE,CLOSED
COMP010488,CUST008952,FRAUD_ALERT,CLOSED
COMP010489,CUST008275,FRAUD_ALERT,CLOSED
COMP010490,CUST010969,CARD_ISSUE,OPEN
COMP010491,CUST043760,LOAN_ISSUE,OPEN
COMP010492,CUST063544,CARD_ISSUE,CLOSED
COMP010493,CUST050162,LOAN_ISSUE,OPEN
COMP010494,CUST094318,FRAUD_ALERT,OPEN
COMP010495,CUST067439,FRAUD_ALERT,OPEN
COMP010496,CUST048353,FRAUD_ALERT,OPEN
COMP010497,CUST040062,CARD_ISSUE,OPEN
COMP010498,CUST006850,CARD_ISSUE,CLOSED
COMP010499,CUST076410,CARD_ISSUE,CLOSED
COMP010500,CUST093544,CARD_ISSUE,OPEN
COMP010501,CUST041752,LOAN_ISSUE,CLOSED
COMP010502,CUST025433,LOAN_ISSUE,CLOSED
COMP010503,CUST016333,CARD_ISSUE,OPEN
COMP010504,CUST016546,LOAN_ISSUE,CLOSED
COMP010505,CUST086965,UPI_ISSUE,CLOSED
COMP010506,CUST002284,UPI_ISSUE,CLOSED
COMP010507,CUST052295,FRAUD_ALERT,OPEN
COMP010508,CUST001488,LOAN_ISSUE,OPEN
COMP010509,CUST085043,LOAN_ISSUE,OPEN
COMP010510,CUST065590,FRAUD_ALERT,OPEN
COMP010511,CUST070784,LOAN_ISSUE,OPEN
COMP010512,CUST020117,UPI_ISSUE,OPEN
COMP010513,CUST076304,UPI_ISSUE,CLOSED
COMP010514,CUST049144,FRAUD_ALERT,CLOSED
COMP010515,CUST009329,CARD_ISSUE,OPEN
COMP010516,CUST025651,FRAUD_ALERT,CLOSED
COMP010517,CUST064260,CARD_ISSUE,CLOSED
COMP010518,CUST077759,LOAN_ISSUE,OPEN
COMP010519,CUST033089,UPI_ISSUE,CLOSED
COMP010520,CUST010587,LOAN_ISSUE,OPEN
COMP010521,CUST029728,FRAUD_ALERT,OPEN
COMP010522,CUST008128,CARD_ISSUE,CLOSED
COMP010523,CUST007221,FRAUD_ALERT,CLOSED
COMP010524,CUST076239,LOAN_ISSUE,OPEN
COMP010525,CUST000310,FRAUD_ALERT,OPEN
COMP010526,CUST072410,FRAUD_ALERT,OPEN
COMP010527,CUST033427,CARD_ISSUE,CLOSED
COMP010528,CUST099174,UPI_ISSUE,OPEN
COMP010529,CUST002465,LOAN_ISSUE,CLOSED
COMP010530,CUST040403,CARD_ISSUE,CLOSED
COMP010531,CUST087012,CARD_ISSUE,CLOSED
COMP010532,CUST083034,UPI_ISSUE,OPEN
COMP010533,CUST004246,UPI_ISSUE,CLOSED
COMP010534,CUST049044,UPI_ISSUE,OPEN
COMP010535,CUST039412,LOAN_ISSUE,OPEN
COMP010536,CUST008115,LOAN_ISSUE,CLOSED
COMP010537,CUST040627,LOAN_ISSUE,CLOSED
COMP010538,CUST079131,CARD_ISSUE,CLOSED
COMP010539,CUST082808,CARD_ISSUE,CLOSED
COMP010540,CUST080121,UPI_ISSUE,CLOSED
COMP010541,CUST083009,CARD_ISSUE,CLOSED
COMP010542,CUST068569,LOAN_ISSUE,OPEN
COMP010543,CUST031224,UPI_ISSUE,CLOSED
COMP010544,CUST015390,FRAUD_ALERT,OPEN
COMP010545,CUST033546,CARD_ISSUE,CLOSED
COMP010546,CUST002666,CARD_ISSUE,CLOSED
COMP010547,CUST051812,FRAUD_ALERT,OPEN
COMP010548,CUST015888,LOAN_ISSUE,CLOSED
COMP010549,CUST065364,UPI_ISSUE,OPEN
COMP010550,CUST037617,FRAUD_ALERT,CLOSED
COMP010551,CUST081406,LOAN_ISSUE,OPEN
COMP010552,CUST035519,LOAN_ISSUE,OPEN
COMP010553,CUST063225,FRAUD_ALERT,CLOSED
COMP010554,CUST029495,CARD_ISSUE,CLOSED
COMP010555,CUST063315,FRAUD_ALERT,OPEN
COMP010556,CUST044787,UPI_ISSUE,OPEN
COMP010557,CUST016243,CARD_ISSUE,CLOSED
COMP010558,CUST014755,UPI_ISSUE,CLOSED
COMP010559,CUST022501,CARD_ISSUE,CLOSED
COMP010560,CUST028525,UPI_ISSUE,OPEN
COMP010561,CUST004042,UPI_ISSUE,OPEN
COMP010562,CUST055799,UPI_ISSUE,CLOSED
COMP010563,CUST047814,UPI_ISSUE,CLOSED
COMP010564,CUST041131,LOAN_ISSUE,OPEN
COMP010565,CUST004725,FRAUD_ALERT,CLOSED
COMP010566,CUST078471,FRAUD_ALERT,CLOSED
COMP010567,CUST089089,CARD_ISSUE,CLOSED
COMP010568,CUST018258,FRAUD_ALERT,OPEN
COMP010569,CUST026040,UPI_ISSUE,CLOSED
COMP010570,CUST010405,LOAN_ISSUE,OPEN
COMP010571,CUST046346,LOAN_ISSUE,CLOSED
COMP010572,CUST090269,UPI_ISSUE,OPEN
COMP010573,CUST093548,CARD_ISSUE,CLOSED
COMP010574,CUST019129,CARD_ISSUE,OPEN
COMP010575,CUST052231,LOAN_ISSUE,OPEN
COMP010576,CUST031202,LOAN_ISSUE,CLOSED
COMP010577,CUST061360,CARD_ISSUE,CLOSED
COMP010578,CUST010034,LOAN_ISSUE,CLOSED
COMP010579,CUST049324,UPI_ISSUE,OPEN
COMP010580,CUST093573,FRAUD_ALERT,OPEN
COMP010581,CUST011693,LOAN_ISSUE,CLOSED
COMP010582,CUST080999,CARD_ISSUE,CLOSED
COMP010583,CUST014807,LOAN_ISSUE,OPEN
COMP010584,CUST043432,CARD_ISSUE,CLOSED
COMP010585,CUST053652,UPI_ISSUE,CLOSED
COMP010586,CUST053150,UPI_ISSUE,OPEN
COMP010587,CUST018199,CARD_ISSUE,CLOSED
COMP010588,CUST047426,LOAN_ISSUE,CLOSED
COMP010589,CUST044657,FRAUD_ALERT,OPEN
COMP010590,CUST019106,LOAN_ISSUE,OPEN
COMP010591,CUST097822,FRAUD_ALERT,CLOSED
COMP010592,CUST062134,CARD_ISSUE,OPEN
COMP010593,CUST056591,UPI_ISSUE,OPEN
COMP010594,CUST049508,LOAN_ISSUE,CLOSED
COMP010595,CUST010207,CARD_ISSUE,CLOSED
COMP010596,CUST077748,FRAUD_ALERT,CLOSED
COMP010597,CUST021923,CARD_ISSUE,CLOSED
COMP010598,CUST091561,UPI_ISSUE,OPEN
COMP010599,CUST054033,LOAN_ISSUE,CLOSED
COMP010600,CUST009403,CARD_ISSUE,OPEN
COMP010601,CUST097527,UPI_ISSUE,OPEN
COMP010602,CUST038232,LOAN_ISSUE,OPEN
COMP010603,CUST080734,UPI_ISSUE,CLOSED
COMP010604,CUST063145,LOAN_ISSUE,CLOSED
COMP010605,CUST046233,UPI_ISSUE,OPEN
COMP010606,CUST012352,CARD_ISSUE,OPEN
COMP010607,CUST049829,FRAUD_ALERT,OPEN
COMP010608,CUST054509,FRAUD_ALERT,CLOSED
COMP010609,CUST032346,LOAN_ISSUE,CLOSED
COMP010610,CUST075285,UPI_ISSUE,CLOSED
COMP010611,CUST042209,FRAUD_ALERT,OPEN
COMP010612,CUST092746,FRAUD_ALERT,CLOSED
COMP010613,CUST054056,CARD_ISSUE,CLOSED
COMP010614,CUST036451,CARD_ISSUE,OPEN
COMP010615,CUST031993,UPI_ISSUE,OPEN
COMP010616,CUST063561,FRAUD_ALERT,CLOSED
COMP010617,CUST089861,LOAN_ISSUE,CLOSED
COMP010618,CUST031307,CARD_ISSUE,CLOSED
COMP010619,CUST085583,LOAN_ISSUE,CLOSED
COMP010620,CUST041794,LOAN_ISSUE,CLOSED
COMP010621,CUST042164,CARD_ISSUE,CLOSED
COMP010622,CUST009737,LOAN_ISSUE,CLOSED
COMP010623,CUST076832,FRAUD_ALERT,OPEN
COMP010624,CUST014812,FRAUD_ALERT,OPEN
COMP010625,CUST048403,CARD_ISSUE,CLOSED
COMP010626,CUST052016,CARD_ISSUE,OPEN
COMP010627,CUST026867,FRAUD_ALERT,OPEN
COMP010628,CUST021619,CARD_ISSUE,CLOSED
COMP010629,CUST031619,FRAUD_ALERT,CLOSED
COMP010630,CUST040185,FRAUD_ALERT,CLOSED
COMP010631,CUST006813,FRAUD_ALERT,OPEN
COMP010632,CUST099884,CARD_ISSUE,OPEN
COMP010633,CUST006820,CARD_ISSUE,OPEN
COMP010634,CUST070743,FRAUD_ALERT,CLOSED
COMP010635,CUST098453,CARD_ISSUE,CLOSED
COMP010636,CUST053297,CARD_ISSUE,OPEN
COMP010637,CUST096965,FRAUD_ALERT,OPEN
COMP010638,CUST074582,LOAN_ISSUE,OPEN
COMP010639,CUST072196,UPI_ISSUE,OPEN
COMP010640,CUST050819,LOAN_ISSUE,CLOSED
COMP010641,CUST054422,LOAN_ISSUE,OPEN
COMP010642,CUST097674,LOAN_ISSUE,CLOSED
COMP010643,CUST015124,FRAUD_ALERT,CLOSED
COMP010644,CUST095436,UPI_ISSUE,OPEN
COMP010645,CUST030883,CARD_ISSUE,OPEN
COMP010646,CUST013849,UPI_ISSUE,OPEN
COMP010647,CUST018215,CARD_ISSUE,OPEN
COMP010648,CUST059346,LOAN_ISSUE,OPEN
COMP010649,CUST097013,FRAUD_ALERT,CLOSED
COMP010650,CUST014416,FRAUD_ALERT,OPEN
COMP010651,CUST001297,UPI_ISSUE,CLOSED
COMP010652,CUST043667,LOAN_ISSUE,CLOSED
COMP010653,CUST077770,UPI_ISSUE,CLOSED
COMP010654,CUST037774,LOAN_ISSUE,OPEN
COMP010655,CUST022383,FRAUD_ALERT,CLOSED
COMP010656,CUST054504,LOAN_ISSUE,CLOSED
COMP010657,CUST089974,LOAN_ISSUE,CLOSED
COMP010658,CUST080212,FRAUD_ALERT,CLOSED
COMP010659,CUST077865,CARD_ISSUE,CLOSED
COMP010660,CUST067901,FRAUD_ALERT,CLOSED
COMP010661,CUST060403,LOAN_ISSUE,OPEN
COMP010662,CUST074438,UPI_ISSUE,CLOSED
COMP010663,CUST018109,FRAUD_ALERT,OPEN
COMP010664,CUST003627,CARD_ISSUE,CLOSED
COMP010665,CUST087189,UPI_ISSUE,CLOSED
COMP010666,CUST026984,FRAUD_ALERT,OPEN
COMP010667,CUST036276,FRAUD_ALERT,CLOSED
COMP010668,CUST053476,FRAUD_ALERT,CLOSED
COMP010669,CUST053804,UPI_ISSUE,OPEN
COMP010670,CUST033641,CARD_ISSUE,CLOSED
COMP010671,CUST030075,LOAN_ISSUE,OPEN
COMP010672,CUST079395,FRAUD_ALERT,OPEN
COMP010673,CUST091405,UPI_ISSUE,OPEN
COMP010674,CUST063972,FRAUD_ALERT,CLOSED
COMP010675,CUST063211,CARD_ISSUE,CLOSED
COMP010676,CUST084889,UPI_ISSUE,OPEN
COMP010677,CUST097930,LOAN_ISSUE,OPEN
COMP010678,CUST099988,LOAN_ISSUE,OPEN
COMP010679,CUST043785,UPI_ISSUE,OPEN
COMP010680,CUST023245,CARD_ISSUE,OPEN
COMP010681,CUST093809,UPI_ISSUE,CLOSED
COMP010682,CUST022602,LOAN_ISSUE,CLOSED
COMP010683,CUST076106,LOAN_ISSUE,CLOSED
COMP010684,CUST080770,LOAN_ISSUE,OPEN
COMP010685,CUST098161,UPI_ISSUE,CLOSED
COMP010686,CUST001507,FRAUD_ALERT,OPEN
COMP010687,CUST067066,CARD_ISSUE,CLOSED
COMP010688,CUST082336,FRAUD_ALERT,CLOSED
COMP010689,CUST003732,CARD_ISSUE,CLOSED
COMP010690,CUST062924,FRAUD_ALERT,OPEN
COMP010691,CUST074198,CARD_ISSUE,OPEN
COMP010692,CUST001369,LOAN_ISSUE,CLOSED
COMP010693,CUST029839,CARD_ISSUE,OPEN
COMP010694,CUST069011,CARD_ISSUE,CLOSED
COMP010695,CUST093360,LOAN_ISSUE,CLOSED
COMP010696,CUST059146,UPI_ISSUE,OPEN
COMP010697,CUST017884,CARD_ISSUE,OPEN
COMP010698,CUST084616,LOAN_ISSUE,OPEN
COMP010699,CUST064704,FRAUD_ALERT,CLOSED
COMP010700,CUST099595,UPI_ISSUE,CLOSED
COMP010701,CUST048473,LOAN_ISSUE,OPEN
COMP010702,CUST089012,LOAN_ISSUE,CLOSED
COMP010703,CUST099443,FRAUD_ALERT,CLOSED
COMP010704,CUST081989,LOAN_ISSUE,CLOSED
COMP010705,CUST085759,LOAN_ISSUE,CLOSED
COMP010706,CUST041195,FRAUD_ALERT,OPEN
COMP010707,CUST055611,UPI_ISSUE,CLOSED
COMP010708,CUST050351,UPI_ISSUE,OPEN
COMP010709,CUST032130,UPI_ISSUE,OPEN
COMP010710,CUST041563,LOAN_ISSUE,CLOSED
COMP010711,CUST076390,UPI_ISSUE,CLOSED
COMP010712,CUST017434,UPI_ISSUE,OPEN
COMP010713,CUST070269,FRAUD_ALERT,CLOSED
COMP010714,CUST029781,UPI_ISSUE,OPEN
COMP010715,CUST017695,CARD_ISSUE,OPEN
COMP010716,CUST052894,UPI_ISSUE,OPEN
COMP010717,CUST082975,UPI_ISSUE,OPEN
COMP010718,CUST086716,CARD_ISSUE,OPEN
COMP010719,CUST058034,LOAN_ISSUE,OPEN
COMP010720,CUST040645,CARD_ISSUE,OPEN
COMP010721,CUST005635,LOAN_ISSUE,OPEN
COMP010722,CUST064426,UPI_ISSUE,CLOSED
COMP010723,CUST021195,CARD_ISSUE,CLOSED
COMP010724,CUST049069,CARD_ISSUE,CLOSED
COMP010725,CUST006079,LOAN_ISSUE,CLOSED
COMP010726,CUST025652,LOAN_ISSUE,CLOSED
COMP010727,CUST054946,UPI_ISSUE,CLOSED
COMP010728,CUST026219,LOAN_ISSUE,CLOSED
COMP010729,CUST092709,FRAUD_ALERT,CLOSED
COMP010730,CUST078544,LOAN_ISSUE,CLOSED
COMP010731,CUST044927,UPI_ISSUE,CLOSED
COMP010732,CUST069582,LOAN_ISSUE,OPEN
COMP010733,CUST080000,CARD_ISSUE,OPEN
COMP010734,CUST087305,UPI_ISSUE,OPEN
COMP010735,CUST092880,FRAUD_ALERT,OPEN
COMP010736,CUST077938,CARD_ISSUE,OPEN
COMP010737,CUST001513,CARD_ISSUE,CLOSED
COMP010738,CUST080273,FRAUD_ALERT,CLOSED
COMP010739,CUST065185,CARD_ISSUE,OPEN
COMP010740,CUST049218,UPI_ISSUE,CLOSED
COMP010741,CUST092264,LOAN_ISSUE,CLOSED
COMP010742,CUST007136,UPI_ISSUE,OPEN
COMP010743,CUST006632,FRAUD_ALERT,OPEN
COMP010744,CUST072227,FRAUD_ALERT,OPEN
COMP010745,CUST018870,LOAN_ISSUE,CLOSED
COMP010746,CUST023764,LOAN_ISSUE,CLOSED
COMP010747,CUST014974,LOAN_ISSUE,OPEN
COMP010748,CUST073123,CARD_ISSUE,CLOSED
COMP010749,CUST024431,LOAN_ISSUE,CLOSED
COMP010750,CUST054565,UPI_ISSUE,OPEN
COMP010751,CUST085913,UPI_ISSUE,CLOSED
COMP010752,CUST077684,CARD_ISSUE,OPEN
COMP010753,CUST047419,FRAUD_ALERT,CLOSED
COMP010754,CUST065748,FRAUD_ALERT,CLOSED
COMP010755,CUST031198,FRAUD_ALERT,OPEN
COMP010756,CUST051297,FRAUD_ALERT,OPEN
COMP010757,CUST051837,LOAN_ISSUE,CLOSED
COMP010758,CUST073894,FRAUD_ALERT,OPEN
COMP010759,CUST081968,LOAN_ISSUE,OPEN
COMP010760,CUST029118,LOAN_ISSUE,CLOSED
COMP010761,CUST096769,UPI_ISSUE,OPEN
COMP010762,CUST015941,LOAN_ISSUE,CLOSED
COMP010763,CUST099073,UPI_ISSUE,OPEN
COMP010764,CUST011081,UPI_ISSUE,OPEN
COMP010765,CUST020474,LOAN_ISSUE,CLOSED
COMP010766,CUST087174,LOAN_ISSUE,CLOSED
COMP010767,CUST015214,FRAUD_ALERT,OPEN
COMP010768,CUST095870,CARD_ISSUE,CLOSED
COMP010769,CUST022228,FRAUD_ALERT,OPEN
COMP010770,CUST024601,LOAN_ISSUE,OPEN
COMP010771,CUST009911,FRAUD_ALERT,CLOSED
COMP010772,CUST064833,LOAN_ISSUE,OPEN
COMP010773,CUST015577,UPI_ISSUE,CLOSED
COMP010774,CUST016378,LOAN_ISSUE,CLOSED
COMP010775,CUST047016,FRAUD_ALERT,CLOSED
COMP010776,CUST031271,FRAUD_ALERT,OPEN
COMP010777,CUST039325,CARD_ISSUE,OPEN
COMP010778,CUST040036,FRAUD_ALERT,OPEN
COMP010779,CUST026327,CARD_ISSUE,CLOSED
COMP010780,CUST035584,FRAUD_ALERT,CLOSED
COMP010781,CUST012430,LOAN_ISSUE,CLOSED
COMP010782,CUST084793,UPI_ISSUE,OPEN
COMP010783,CUST039223,FRAUD_ALERT,CLOSED
COMP010784,CUST024856,FRAUD_ALERT,OPEN
COMP010785,CUST011465,UPI_ISSUE,OPEN
COMP010786,CUST004164,UPI_ISSUE,OPEN
COMP010787,CUST015809,UPI_ISSUE,OPEN
COMP010788,CUST021938,LOAN_ISSUE,OPEN
COMP010789,CUST099877,UPI_ISSUE,OPEN
COMP010790,CUST014546,FRAUD_ALERT,CLOSED
COMP010791,CUST037155,LOAN_ISSUE,CLOSED
COMP010792,CUST081406,CARD_ISSUE,OPEN
COMP010793,CUST091403,CARD_ISSUE,CLOSED
COMP010794,CUST040132,FRAUD_ALERT,OPEN
COMP010795,CUST063885,LOAN_ISSUE,OPEN
COMP010796,CUST094107,LOAN_ISSUE,CLOSED
COMP010797,CUST017135,FRAUD_ALERT,CLOSED
COMP010798,CUST011485,FRAUD_ALERT,CLOSED
COMP010799,CUST082503,CARD_ISSUE,CLOSED
COMP010800,CUST029780,FRAUD_ALERT,CLOSED
COMP010801,CUST078408,CARD_ISSUE,CLOSED
COMP010802,CUST077573,LOAN_ISSUE,OPEN
COMP010803,CUST010654,UPI_ISSUE,CLOSED
COMP010804,CUST096364,FRAUD_ALERT,CLOSED
COMP010805,CUST044772,FRAUD_ALERT,CLOSED
COMP010806,CUST085567,CARD_ISSUE,OPEN
COMP010807,CUST059898,UPI_ISSUE,OPEN
COMP010808,CUST077845,UPI_ISSUE,OPEN
COMP010809,CUST006518,FRAUD_ALERT,OPEN
COMP010810,CUST073708,FRAUD_ALERT,OPEN
COMP010811,CUST037218,FRAUD_ALERT,CLOSED
COMP010812,CUST085362,FRAUD_ALERT,CLOSED
COMP010813,CUST013355,UPI_ISSUE,OPEN
COMP010814,CUST037720,LOAN_ISSUE,CLOSED
COMP010815,CUST023801,CARD_ISSUE,CLOSED
COMP010816,CUST036821,FRAUD_ALERT,CLOSED
COMP010817,CUST078175,UPI_ISSUE,CLOSED
COMP010818,CUST064921,FRAUD_ALERT,CLOSED
COMP010819,CUST018101,UPI_ISSUE,CLOSED
COMP010820,CUST023146,FRAUD_ALERT,OPEN
COMP010821,CUST039091,LOAN_ISSUE,OPEN
COMP010822,CUST092559,LOAN_ISSUE,CLOSED
COMP010823,CUST002096,UPI_ISSUE,CLOSED
COMP010824,CUST005554,CARD_ISSUE,CLOSED
COMP010825,CUST006579,LOAN_ISSUE,CLOSED
COMP010826,CUST027227,FRAUD_ALERT,CLOSED
COMP010827,CUST073329,UPI_ISSUE,CLOSED
COMP010828,CUST027567,UPI_ISSUE,CLOSED
COMP010829,CUST041067,LOAN_ISSUE,CLOSED
COMP010830,CUST036084,CARD_ISSUE,CLOSED
COMP010831,CUST027865,FRAUD_ALERT,OPEN
COMP010832,CUST004969,CARD_ISSUE,CLOSED
COMP010833,CUST014692,FRAUD_ALERT,OPEN
COMP010834,CUST039130,UPI_ISSUE,OPEN
COMP010835,CUST020553,LOAN_ISSUE,OPEN
COMP010836,CUST036112,CARD_ISSUE,CLOSED
COMP010837,CUST008123,UPI_ISSUE,CLOSED
COMP010838,CUST044466,FRAUD_ALERT,CLOSED
COMP010839,CUST075986,UPI_ISSUE,CLOSED
COMP010840,CUST080445,UPI_ISSUE,CLOSED
COMP010841,CUST018229,CARD_ISSUE,CLOSED
COMP010842,CUST032827,CARD_ISSUE,OPEN
COMP010843,CUST045117,LOAN_ISSUE,OPEN
COMP010844,CUST030638,UPI_ISSUE,CLOSED
COMP010845,CUST021717,LOAN_ISSUE,CLOSED
COMP010846,CUST035484,FRAUD_ALERT,CLOSED
COMP010847,CUST080739,LOAN_ISSUE,OPEN
COMP010848,CUST005211,LOAN_ISSUE,CLOSED
COMP010849,CUST022141,UPI_ISSUE,OPEN
COMP010850,CUST074343,CARD_ISSUE,OPEN
COMP010851,CUST062975,UPI_ISSUE,OPEN
COMP010852,CUST076947,FRAUD_ALERT,CLOSED
COMP010853,CUST031546,CARD_ISSUE,OPEN
COMP010854,CUST019516,CARD_ISSUE,OPEN
COMP010855,CUST088609,CARD_ISSUE,CLOSED
COMP010856,CUST052675,UPI_ISSUE,CLOSED
COMP010857,CUST057676,FRAUD_ALERT,CLOSED
COMP010858,CUST022611,LOAN_ISSUE,OPEN
COMP010859,CUST001441,FRAUD_ALERT,CLOSED
COMP010860,CUST043615,LOAN_ISSUE,CLOSED
COMP010861,CUST012281,UPI_ISSUE,OPEN
COMP010862,CUST098431,CARD_ISSUE,OPEN
COMP010863,CUST090792,CARD_ISSUE,CLOSED
COMP010864,CUST020562,FRAUD_ALERT,CLOSED
COMP010865,CUST075684,UPI_ISSUE,CLOSED
COMP010866,CUST003213,UPI_ISSUE,OPEN
COMP010867,CUST013994,CARD_ISSUE,OPEN
COMP010868,CUST029193,LOAN_ISSUE,OPEN
COMP010869,CUST019146,CARD_ISSUE,CLOSED
COMP010870,CUST007999,UPI_ISSUE,OPEN
COMP010871,CUST082183,FRAUD_ALERT,CLOSED
COMP010872,CUST057176,UPI_ISSUE,OPEN
COMP010873,CUST035228,FRAUD_ALERT,CLOSED
COMP010874,CUST035766,LOAN_ISSUE,OPEN
COMP010875,CUST063577,UPI_ISSUE,OPEN
COMP010876,CUST017375,CARD_ISSUE,CLOSED
COMP010877,CUST015227,UPI_ISSUE,CLOSED
COMP010878,CUST007916,CARD_ISSUE,OPEN
COMP010879,CUST005954,LOAN_ISSUE,OPEN
COMP010880,CUST012868,FRAUD_ALERT,OPEN
COMP010881,CUST017502,CARD_ISSUE,CLOSED
COMP010882,CUST040754,CARD_ISSUE,OPEN
COMP010883,CUST053322,CARD_ISSUE,CLOSED
COMP010884,CUST069990,CARD_ISSUE,OPEN
COMP010885,CUST047285,LOAN_ISSUE,OPEN
COMP010886,CUST099663,UPI_ISSUE,CLOSED
COMP010887,CUST051108,UPI_ISSUE,OPEN
COMP010888,CUST058557,UPI_ISSUE,CLOSED
COMP010889,CUST088843,UPI_ISSUE,OPEN
COMP010890,CUST086774,UPI_ISSUE,OPEN
COMP010891,CUST027629,LOAN_ISSUE,CLOSED
COMP010892,CUST032234,UPI_ISSUE,CLOSED
COMP010893,CUST023988,FRAUD_ALERT,OPEN
COMP010894,CUST023545,LOAN_ISSUE,CLOSED
COMP010895,CUST015389,CARD_ISSUE,OPEN
COMP010896,CUST010072,UPI_ISSUE,OPEN
COMP010897,CUST014663,LOAN_ISSUE,OPEN
COMP010898,CUST065026,LOAN_ISSUE,CLOSED
COMP010899,CUST047187,FRAUD_ALERT,CLOSED
COMP010900,CUST014171,LOAN_ISSUE,CLOSED
COMP010901,CUST030222,UPI_ISSUE,CLOSED
COMP010902,CUST040113,LOAN_ISSUE,CLOSED
COMP010903,CUST029625,FRAUD_ALERT,OPEN
COMP010904,CUST076350,CARD_ISSUE,OPEN
COMP010905,CUST009085,CARD_ISSUE,OPEN
COMP010906,CUST054437,CARD_ISSUE,CLOSED
COMP010907,CUST079878,FRAUD_ALERT,OPEN
COMP010908,CUST028331,LOAN_ISSUE,CLOSED
COMP010909,CUST062888,LOAN_ISSUE,OPEN
COMP010910,CUST018903,FRAUD_ALERT,CLOSED
COMP010911,CUST087348,LOAN_ISSUE,OPEN
COMP010912,CUST017187,CARD_ISSUE,CLOSED
COMP010913,CUST094535,UPI_ISSUE,CLOSED
COMP010914,CUST077337,UPI_ISSUE,CLOSED
COMP010915,CUST063506,FRAUD_ALERT,CLOSED
COMP010916,CUST089344,CARD_ISSUE,CLOSED
COMP010917,CUST016270,LOAN_ISSUE,OPEN
COMP010918,CUST097886,CARD_ISSUE,OPEN
COMP010919,CUST048429,LOAN_ISSUE,CLOSED
COMP010920,CUST085402,LOAN_ISSUE,CLOSED
COMP010921,CUST001863,CARD_ISSUE,OPEN
COMP010922,CUST037529,FRAUD_ALERT,CLOSED
COMP010923,CUST059400,CARD_ISSUE,CLOSED
COMP010924,CUST042483,CARD_ISSUE,OPEN
COMP010925,CUST000829,CARD_ISSUE,OPEN
COMP010926,CUST072522,LOAN_ISSUE,OPEN
COMP010927,CUST042678,LOAN_ISSUE,CLOSED
COMP010928,CUST092145,UPI_ISSUE,OPEN
COMP010929,CUST022628,LOAN_ISSUE,OPEN
COMP010930,CUST092213,FRAUD_ALERT,OPEN
COMP010931,CUST085168,UPI_ISSUE,OPEN
COMP010932,CUST051031,UPI_ISSUE,CLOSED
COMP010933,CUST001730,FRAUD_ALERT,CLOSED
COMP010934,CUST040024,UPI_ISSUE,OPEN
COMP010935,CUST098495,CARD_ISSUE,OPEN
COMP010936,CUST080937,LOAN_ISSUE,OPEN
COMP010937,CUST063243,UPI_ISSUE,OPEN
COMP010938,CUST010479,FRAUD_ALERT,OPEN
COMP010939,CUST003568,CARD_ISSUE,OPEN
COMP010940,CUST035477,LOAN_ISSUE,CLOSED
COMP010941,CUST006674,UPI_ISSUE,OPEN
COMP010942,CUST042769,UPI_ISSUE,OPEN
COMP010943,CUST075382,UPI_ISSUE,OPEN
COMP010944,CUST094671,LOAN_ISSUE,OPEN
COMP010945,CUST013637,LOAN_ISSUE,OPEN
COMP010946,CUST076165,LOAN_ISSUE,CLOSED
COMP010947,CUST088551,CARD_ISSUE,OPEN
COMP010948,CUST002996,FRAUD_ALERT,CLOSED
COMP010949,CUST019062,FRAUD_ALERT,CLOSED
COMP010950,CUST089795,LOAN_ISSUE,OPEN
COMP010951,CUST032049,LOAN_ISSUE,OPEN
COMP010952,CUST042101,FRAUD_ALERT,OPEN
COMP010953,CUST004795,FRAUD_ALERT,CLOSED
COMP010954,CUST074557,UPI_ISSUE,CLOSED
COMP010955,CUST021525,UPI_ISSUE,CLOSED
COMP010956,CUST093354,CARD_ISSUE,CLOSED
COMP010957,CUST033910,CARD_ISSUE,OPEN
COMP010958,CUST019407,CARD_ISSUE,CLOSED
COMP010959,CUST085378,LOAN_ISSUE,CLOSED
COMP010960,CUST069388,FRAUD_ALERT,CLOSED
COMP010961,CUST056353,UPI_ISSUE,OPEN
COMP010962,CUST043553,LOAN_ISSUE,CLOSED
COMP010963,CUST084884,FRAUD_ALERT,OPEN
COMP010964,CUST008802,LOAN_ISSUE,CLOSED
COMP010965,CUST021248,CARD_ISSUE,CLOSED
COMP010966,CUST050062,FRAUD_ALERT,CLOSED
COMP010967,CUST047830,FRAUD_ALERT,CLOSED
COMP010968,CUST001464,FRAUD_ALERT,OPEN
COMP010969,CUST063790,LOAN_ISSUE,OPEN
COMP010970,CUST004961,CARD_ISSUE,CLOSED
COMP010971,CUST026201,LOAN_ISSUE,OPEN
COMP010972,CUST053893,CARD_ISSUE,CLOSED
COMP010973,CUST068454,FRAUD_ALERT,CLOSED
COMP010974,CUST046610,CARD_ISSUE,OPEN
COMP010975,CUST070676,UPI_ISSUE,CLOSED
COMP010976,CUST094960,LOAN_ISSUE,CLOSED
COMP010977,CUST092389,CARD_ISSUE,CLOSED
COMP010978,CUST048315,FRAUD_ALERT,CLOSED
COMP010979,CUST070315,FRAUD_ALERT,CLOSED
COMP010980,CUST089351,LOAN_ISSUE,OPEN
COMP010981,CUST067482,FRAUD_ALERT,CLOSED
COMP010982,CUST075265,LOAN_ISSUE,OPEN
COMP010983,CUST063895,CARD_ISSUE,OPEN
COMP010984,CUST065697,UPI_ISSUE,OPEN
COMP010985,CUST036671,FRAUD_ALERT,OPEN
COMP010986,CUST017346,UPI_ISSUE,CLOSED
COMP010987,CUST096873,CARD_ISSUE,CLOSED
COMP010988,CUST038104,CARD_ISSUE,OPEN
COMP010989,CUST031939,LOAN_ISSUE,CLOSED
COMP010990,CUST062444,LOAN_ISSUE,CLOSED
COMP010991,CUST033811,FRAUD_ALERT,CLOSED
COMP010992,CUST039776,CARD_ISSUE,OPEN
COMP010993,CUST002327,UPI_ISSUE,CLOSED
COMP010994,CUST006031,CARD_ISSUE,CLOSED
COMP010995,CUST076413,LOAN_ISSUE,CLOSED
COMP010996,CUST036331,LOAN_ISSUE,CLOSED
COMP010997,CUST033462,UPI_ISSUE,OPEN
COMP010998,CUST098596,FRAUD_ALERT,CLOSED
COMP010999,CUST075751,FRAUD_ALERT,CLOSED
COMP011000,CUST041964,FRAUD_ALERT,CLOSED
COMP011001,CUST073814,LOAN_ISSUE,CLOSED
COMP011002,CUST049946,LOAN_ISSUE,OPEN
COMP011003,CUST072466,FRAUD_ALERT,CLOSED
COMP011004,CUST068748,LOAN_ISSUE,OPEN
COMP011005,CUST092848,LOAN_ISSUE,OPEN
COMP011006,CUST098056,LOAN_ISSUE,OPEN
COMP011007,CUST068828,CARD_ISSUE,OPEN
COMP011008,CUST094739,FRAUD_ALERT,CLOSED
COMP011009,CUST060799,FRAUD_ALERT,CLOSED
COMP011010,CUST046685,CARD_ISSUE,OPEN
COMP011011,CUST067151,UPI_ISSUE,OPEN
COMP011012,CUST057035,UPI_ISSUE,OPEN
COMP011013,CUST020963,FRAUD_ALERT,CLOSED
COMP011014,CUST082465,UPI_ISSUE,CLOSED
COMP011015,CUST065777,LOAN_ISSUE,OPEN
COMP011016,CUST094278,LOAN_ISSUE,CLOSED
COMP011017,CUST056477,FRAUD_ALERT,OPEN
COMP011018,CUST046787,CARD_ISSUE,OPEN
COMP011019,CUST079995,FRAUD_ALERT,OPEN
COMP011020,CUST043953,UPI_ISSUE,CLOSED
COMP011021,CUST021901,LOAN_ISSUE,CLOSED
COMP011022,CUST040655,CARD_ISSUE,CLOSED
COMP011023,CUST036939,FRAUD_ALERT,CLOSED
COMP011024,CUST033853,UPI_ISSUE,OPEN
COMP011025,CUST016166,CARD_ISSUE,CLOSED
COMP011026,CUST058331,CARD_ISSUE,OPEN
COMP011027,CUST064677,FRAUD_ALERT,CLOSED
COMP011028,CUST004325,CARD_ISSUE,OPEN
COMP011029,CUST026611,CARD_ISSUE,OPEN
COMP011030,CUST099434,FRAUD_ALERT,OPEN
COMP011031,CUST072103,LOAN_ISSUE,OPEN
COMP011032,CUST057976,UPI_ISSUE,CLOSED
COMP011033,CUST057855,FRAUD_ALERT,CLOSED
COMP011034,CUST080239,CARD_ISSUE,CLOSED
COMP011035,CUST047171,LOAN_ISSUE,OPEN
COMP011036,CUST006698,UPI_ISSUE,OPEN
COMP011037,CUST037045,CARD_ISSUE,CLOSED
COMP011038,CUST019113,LOAN_ISSUE,CLOSED
COMP011039,CUST003350,LOAN_ISSUE,CLOSED
COMP011040,CUST047008,UPI_ISSUE,OPEN
COMP011041,CUST024744,CARD_ISSUE,OPEN
COMP011042,CUST034442,LOAN_ISSUE,CLOSED
COMP011043,CUST006577,FRAUD_ALERT,CLOSED
COMP011044,CUST005112,UPI_ISSUE,CLOSED
COMP011045,CUST031855,CARD_ISSUE,OPEN
COMP011046,CUST067151,LOAN_ISSUE,CLOSED
COMP011047,CUST074421,FRAUD_ALERT,CLOSED
COMP011048,CUST039173,CARD_ISSUE,CLOSED
COMP011049,CUST028617,LOAN_ISSUE,OPEN
COMP011050,CUST081027,CARD_ISSUE,CLOSED
COMP011051,CUST097526,UPI_ISSUE,OPEN
COMP011052,CUST031972,UPI_ISSUE,OPEN
COMP011053,CUST052213,LOAN_ISSUE,CLOSED
COMP011054,CUST002747,FRAUD_ALERT,OPEN
COMP011055,CUST065704,FRAUD_ALERT,OPEN
COMP011056,CUST066162,LOAN_ISSUE,CLOSED
COMP011057,CUST030478,CARD_ISSUE,OPEN
COMP011058,CUST007133,UPI_ISSUE,CLOSED
COMP011059,CUST017140,CARD_ISSUE,CLOSED
COMP011060,CUST098508,UPI_ISSUE,OPEN
COMP011061,CUST090144,CARD_ISSUE,OPEN
COMP011062,CUST012890,CARD_ISSUE,CLOSED
COMP011063,CUST001532,UPI_ISSUE,OPEN
COMP011064,CUST080300,UPI_ISSUE,CLOSED
COMP011065,CUST097246,UPI_ISSUE,CLOSED
COMP011066,CUST095787,LOAN_ISSUE,OPEN
COMP011067,CUST023575,UPI_ISSUE,OPEN
COMP011068,CUST006379,CARD_ISSUE,OPEN
COMP011069,CUST083350,UPI_ISSUE,CLOSED
COMP011070,CUST072135,UPI_ISSUE,CLOSED
COMP011071,CUST011784,UPI_ISSUE,CLOSED
COMP011072,CUST055001,FRAUD_ALERT,OPEN
COMP011073,CUST002661,FRAUD_ALERT,OPEN
COMP011074,CUST039645,FRAUD_ALERT,OPEN
COMP011075,CUST096873,CARD_ISSUE,OPEN
COMP011076,CUST066681,UPI_ISSUE,OPEN
COMP011077,CUST078787,CARD_ISSUE,OPEN
COMP011078,CUST035757,UPI_ISSUE,CLOSED
COMP011079,CUST070510,UPI_ISSUE,OPEN
COMP011080,CUST057916,CARD_ISSUE,OPEN
COMP011081,CUST011325,LOAN_ISSUE,OPEN
COMP011082,CUST059436,LOAN_ISSUE,OPEN
COMP011083,CUST018659,CARD_ISSUE,CLOSED
COMP011084,CUST034462,LOAN_ISSUE,CLOSED
COMP011085,CUST019627,UPI_ISSUE,OPEN
COMP011086,CUST084397,UPI_ISSUE,OPEN
COMP011087,CUST039920,UPI_ISSUE,CLOSED
COMP011088,CUST039398,FRAUD_ALERT,CLOSED
COMP011089,CUST054507,FRAUD_ALERT,CLOSED
COMP011090,CUST019785,UPI_ISSUE,CLOSED
COMP011091,CUST099146,CARD_ISSUE,OPEN
COMP011092,CUST089108,LOAN_ISSUE,CLOSED
COMP011093,CUST018443,LOAN_ISSUE,OPEN
COMP011094,CUST070942,CARD_ISSUE,OPEN
COMP011095,CUST092007,LOAN_ISSUE,OPEN
COMP011096,CUST005080,CARD_ISSUE,OPEN
COMP011097,CUST079367,CARD_ISSUE,CLOSED
COMP011098,CUST023595,CARD_ISSUE,CLOSED
COMP011099,CUST008560,FRAUD_ALERT,CLOSED
COMP011100,CUST019098,LOAN_ISSUE,OPEN
COMP011101,CUST045702,CARD_ISSUE,OPEN
COMP011102,CUST049470,LOAN_ISSUE,OPEN
COMP011103,CUST074256,UPI_ISSUE,OPEN
COMP011104,CUST092784,UPI_ISSUE,CLOSED
COMP011105,CUST075163,FRAUD_ALERT,CLOSED
COMP011106,CUST051013,CARD_ISSUE,OPEN
COMP011107,CUST063246,UPI_ISSUE,OPEN
COMP011108,CUST072749,FRAUD_ALERT,OPEN
COMP011109,CUST088376,FRAUD_ALERT,OPEN
COMP011110,CUST060359,LOAN_ISSUE,OPEN
COMP011111,CUST079620,CARD_ISSUE,OPEN
COMP011112,CUST086994,UPI_ISSUE,CLOSED
COMP011113,CUST064525,FRAUD_ALERT,OPEN
COMP011114,CUST038518,FRAUD_ALERT,CLOSED
COMP011115,CUST060052,LOAN_ISSUE,CLOSED
COMP011116,CUST067234,UPI_ISSUE,CLOSED
COMP011117,CUST028981,CARD_ISSUE,CLOSED
COMP011118,CUST029813,CARD_ISSUE,CLOSED
COMP011119,CUST034865,LOAN_ISSUE,CLOSED
COMP011120,CUST052165,LOAN_ISSUE,CLOSED
COMP011121,CUST015905,CARD_ISSUE,OPEN
COMP011122,CUST005851,LOAN_ISSUE,OPEN
COMP011123,CUST011749,FRAUD_ALERT,OPEN
COMP011124,CUST000306,LOAN_ISSUE,CLOSED
COMP011125,CUST022656,CARD_ISSUE,OPEN
COMP011126,CUST091662,UPI_ISSUE,CLOSED
COMP011127,CUST013564,UPI_ISSUE,OPEN
COMP011128,CUST008750,CARD_ISSUE,CLOSED
COMP011129,CUST033901,FRAUD_ALERT,CLOSED
COMP011130,CUST076027,UPI_ISSUE,CLOSED
COMP011131,CUST022727,CARD_ISSUE,CLOSED
COMP011132,CUST071708,CARD_ISSUE,OPEN
COMP011133,CUST065977,LOAN_ISSUE,CLOSED
COMP011134,CUST076092,UPI_ISSUE,CLOSED
COMP011135,CUST040541,FRAUD_ALERT,CLOSED
COMP011136,CUST003772,UPI_ISSUE,OPEN
COMP011137,CUST066933,CARD_ISSUE,CLOSED
COMP011138,CUST058347,CARD_ISSUE,CLOSED
COMP011139,CUST034600,FRAUD_ALERT,CLOSED
COMP011140,CUST009987,UPI_ISSUE,CLOSED
COMP011141,CUST073814,FRAUD_ALERT,OPEN
COMP011142,CUST027286,FRAUD_ALERT,CLOSED
COMP011143,CUST060696,LOAN_ISSUE,OPEN
COMP011144,CUST031743,UPI_ISSUE,CLOSED
COMP011145,CUST035352,UPI_ISSUE,CLOSED
COMP011146,CUST033076,FRAUD_ALERT,OPEN
COMP011147,CUST018416,UPI_ISSUE,OPEN
COMP011148,CUST058401,CARD_ISSUE,OPEN
COMP011149,CUST013003,UPI_ISSUE,CLOSED
COMP011150,CUST082025,FRAUD_ALERT,CLOSED
COMP011151,CUST053984,FRAUD_ALERT,CLOSED
COMP011152,CUST008734,LOAN_ISSUE,OPEN
COMP011153,CUST082030,CARD_ISSUE,CLOSED
COMP011154,CUST020761,LOAN_ISSUE,OPEN
COMP011155,CUST019861,FRAUD_ALERT,OPEN
COMP011156,CUST023036,LOAN_ISSUE,CLOSED
COMP011157,CUST055665,CARD_ISSUE,OPEN
COMP011158,CUST099609,UPI_ISSUE,CLOSED
COMP011159,CUST011385,UPI_ISSUE,OPEN
COMP011160,CUST018675,FRAUD_ALERT,CLOSED
COMP011161,CUST095088,LOAN_ISSUE,CLOSED
COMP011162,CUST039195,LOAN_ISSUE,OPEN
COMP011163,CUST023065,LOAN_ISSUE,CLOSED
COMP011164,CUST026357,FRAUD_ALERT,OPEN
COMP011165,CUST095877,FRAUD_ALERT,CLOSED
COMP011166,CUST088760,CARD_ISSUE,OPEN
COMP011167,CUST091111,CARD_ISSUE,CLOSED
COMP011168,CUST068742,UPI_ISSUE,CLOSED
COMP011169,CUST080004,FRAUD_ALERT,CLOSED
COMP011170,CUST003210,CARD_ISSUE,OPEN
COMP011171,CUST048879,LOAN_ISSUE,CLOSED
COMP011172,CUST058708,LOAN_ISSUE,OPEN
COMP011173,CUST059740,LOAN_ISSUE,OPEN
COMP011174,CUST016783,UPI_ISSUE,CLOSED
COMP011175,CUST070191,CARD_ISSUE,CLOSED
COMP011176,CUST000996,FRAUD_ALERT,CLOSED
COMP011177,CUST038807,CARD_ISSUE,CLOSED
COMP011178,CUST090377,UPI_ISSUE,OPEN
COMP011179,CUST038990,LOAN_ISSUE,CLOSED
COMP011180,CUST004313,UPI_ISSUE,OPEN
COMP011181,CUST076033,FRAUD_ALERT,OPEN
COMP011182,CUST060628,FRAUD_ALERT,CLOSED
COMP011183,CUST050055,FRAUD_ALERT,CLOSED
COMP011184,CUST058095,UPI_ISSUE,OPEN
COMP011185,CUST096858,CARD_ISSUE,CLOSED
COMP011186,CUST074030,UPI_ISSUE,OPEN
COMP011187,CUST060284,CARD_ISSUE,CLOSED
COMP011188,CUST021952,UPI_ISSUE,CLOSED
COMP011189,CUST080847,CARD_ISSUE,OPEN
COMP011190,CUST029935,FRAUD_ALERT,OPEN
COMP011191,CUST086229,UPI_ISSUE,CLOSED
COMP011192,CUST012933,CARD_ISSUE,OPEN
COMP011193,CUST048167,CARD_ISSUE,CLOSED
COMP011194,CUST070433,UPI_ISSUE,OPEN
COMP011195,CUST059770,CARD_ISSUE,OPEN
COMP011196,CUST099373,UPI_ISSUE,CLOSED
COMP011197,CUST048828,CARD_ISSUE,CLOSED
COMP011198,CUST075204,LOAN_ISSUE,OPEN
COMP011199,CUST094705,FRAUD_ALERT,OPEN
COMP011200,CUST037267,UPI_ISSUE,OPEN
COMP011201,CUST020671,UPI_ISSUE,CLOSED
COMP011202,CUST099863,LOAN_ISSUE,CLOSED
COMP011203,CUST004939,FRAUD_ALERT,OPEN
COMP011204,CUST028842,CARD_ISSUE,CLOSED
COMP011205,CUST005929,UPI_ISSUE,OPEN
COMP011206,CUST058835,FRAUD_ALERT,OPEN
COMP011207,CUST044750,LOAN_ISSUE,OPEN
COMP011208,CUST085357,FRAUD_ALERT,OPEN
COMP011209,CUST072130,CARD_ISSUE,CLOSED
COMP011210,CUST079597,CARD_ISSUE,CLOSED
COMP011211,CUST058790,CARD_ISSUE,OPEN
COMP011212,CUST022710,CARD_ISSUE,CLOSED
COMP011213,CUST079567,CARD_ISSUE,CLOSED
COMP011214,CUST067798,LOAN_ISSUE,OPEN
COMP011215,CUST081540,FRAUD_ALERT,OPEN
COMP011216,CUST055272,UPI_ISSUE,OPEN
COMP011217,CUST082859,UPI_ISSUE,OPEN
COMP011218,CUST084030,LOAN_ISSUE,OPEN
COMP011219,CUST019356,LOAN_ISSUE,CLOSED
COMP011220,CUST093404,FRAUD_ALERT,CLOSED
COMP011221,CUST025667,UPI_ISSUE,OPEN
COMP011222,CUST014490,CARD_ISSUE,OPEN
COMP011223,CUST060898,CARD_ISSUE,OPEN
COMP011224,CUST075420,FRAUD_ALERT,CLOSED
COMP011225,CUST020960,CARD_ISSUE,CLOSED
COMP011226,CUST063039,LOAN_ISSUE,OPEN
COMP011227,CUST081482,CARD_ISSUE,CLOSED
COMP011228,CUST090565,LOAN_ISSUE,CLOSED
COMP011229,CUST064388,LOAN_ISSUE,CLOSED
COMP011230,CUST004434,LOAN_ISSUE,OPEN
COMP011231,CUST094078,FRAUD_ALERT,OPEN
COMP011232,CUST002491,CARD_ISSUE,CLOSED
COMP011233,CUST072943,FRAUD_ALERT,CLOSED
COMP011234,CUST069272,UPI_ISSUE,OPEN
COMP011235,CUST007304,UPI_ISSUE,CLOSED
COMP011236,CUST027780,UPI_ISSUE,CLOSED
COMP011237,CUST022536,UPI_ISSUE,OPEN
COMP011238,CUST005804,FRAUD_ALERT,OPEN
COMP011239,CUST061354,LOAN_ISSUE,OPEN
COMP011240,CUST027774,UPI_ISSUE,CLOSED
COMP011241,CUST046113,LOAN_ISSUE,OPEN
COMP011242,CUST096668,UPI_ISSUE,CLOSED
COMP011243,CUST011535,LOAN_ISSUE,OPEN
COMP011244,CUST035110,CARD_ISSUE,OPEN
COMP011245,CUST007694,LOAN_ISSUE,OPEN
COMP011246,CUST039847,LOAN_ISSUE,CLOSED
COMP011247,CUST068538,FRAUD_ALERT,CLOSED
COMP011248,CUST082097,FRAUD_ALERT,CLOSED
COMP011249,CUST036296,LOAN_ISSUE,CLOSED
COMP011250,CUST036397,CARD_ISSUE,OPEN
COMP011251,CUST070923,FRAUD_ALERT,CLOSED
COMP011252,CUST042233,UPI_ISSUE,CLOSED
COMP011253,CUST070417,LOAN_ISSUE,CLOSED
COMP011254,CUST055114,UPI_ISSUE,OPEN
COMP011255,CUST022640,UPI_ISSUE,OPEN
COMP011256,CUST060340,LOAN_ISSUE,CLOSED
COMP011257,CUST056183,FRAUD_ALERT,OPEN
COMP011258,CUST091383,FRAUD_ALERT,CLOSED
COMP011259,CUST095527,FRAUD_ALERT,OPEN
COMP011260,CUST056034,FRAUD_ALERT,CLOSED
COMP011261,CUST079041,FRAUD_ALERT,CLOSED
COMP011262,CUST036883,UPI_ISSUE,OPEN
COMP011263,CUST076793,FRAUD_ALERT,OPEN
COMP011264,CUST096765,UPI_ISSUE,OPEN
COMP011265,CUST070556,UPI_ISSUE,OPEN
COMP011266,CUST026308,FRAUD_ALERT,OPEN
COMP011267,CUST008041,FRAUD_ALERT,OPEN
COMP011268,CUST046618,CARD_ISSUE,CLOSED
COMP011269,CUST080882,LOAN_ISSUE,CLOSED
COMP011270,CUST024913,CARD_ISSUE,OPEN
COMP011271,CUST015977,UPI_ISSUE,CLOSED
COMP011272,CUST020571,LOAN_ISSUE,CLOSED
COMP011273,CUST055935,UPI_ISSUE,CLOSED
COMP011274,CUST009584,UPI_ISSUE,CLOSED
COMP011275,CUST008998,FRAUD_ALERT,CLOSED
COMP011276,CUST037147,CARD_ISSUE,OPEN
COMP011277,CUST009582,FRAUD_ALERT,CLOSED
COMP011278,CUST085507,FRAUD_ALERT,OPEN
COMP011279,CUST043351,FRAUD_ALERT,OPEN
COMP011280,CUST004252,LOAN_ISSUE,CLOSED
COMP011281,CUST017092,LOAN_ISSUE,OPEN
COMP011282,CUST044723,FRAUD_ALERT,OPEN
COMP011283,CUST043858,UPI_ISSUE,CLOSED
COMP011284,CUST008611,LOAN_ISSUE,CLOSED
COMP011285,CUST096397,FRAUD_ALERT,CLOSED
COMP011286,CUST009257,FRAUD_ALERT,OPEN
COMP011287,CUST078769,UPI_ISSUE,CLOSED
COMP011288,CUST088666,UPI_ISSUE,CLOSED
COMP011289,CUST063507,FRAUD_ALERT,CLOSED
COMP011290,CUST065639,CARD_ISSUE,OPEN
COMP011291,CUST030367,LOAN_ISSUE,OPEN
COMP011292,CUST002859,CARD_ISSUE,OPEN
COMP011293,CUST028350,LOAN_ISSUE,OPEN
COMP011294,CUST020883,UPI_ISSUE,CLOSED
COMP011295,CUST091063,LOAN_ISSUE,OPEN
COMP011296,CUST016053,LOAN_ISSUE,CLOSED
COMP011297,CUST032984,UPI_ISSUE,CLOSED
COMP011298,CUST064377,CARD_ISSUE,CLOSED
COMP011299,CUST070246,CARD_ISSUE,CLOSED
COMP011300,CUST042125,LOAN_ISSUE,OPEN
COMP011301,CUST001399,CARD_ISSUE,OPEN
COMP011302,CUST041189,UPI_ISSUE,OPEN
COMP011303,CUST070220,LOAN_ISSUE,CLOSED
COMP011304,CUST080313,FRAUD_ALERT,CLOSED
COMP011305,CUST006495,UPI_ISSUE,CLOSED
COMP011306,CUST070802,UPI_ISSUE,CLOSED
COMP011307,CUST059090,CARD_ISSUE,OPEN
COMP011308,CUST058104,LOAN_ISSUE,OPEN
COMP011309,CUST071562,UPI_ISSUE,CLOSED
COMP011310,CUST013371,LOAN_ISSUE,CLOSED
COMP011311,CUST087712,UPI_ISSUE,CLOSED
COMP011312,CUST086337,LOAN_ISSUE,CLOSED
COMP011313,CUST098276,FRAUD_ALERT,OPEN
COMP011314,CUST003515,FRAUD_ALERT,CLOSED
COMP011315,CUST055278,FRAUD_ALERT,OPEN
COMP011316,CUST068226,FRAUD_ALERT,OPEN
COMP011317,CUST088899,FRAUD_ALERT,OPEN
COMP011318,CUST042790,UPI_ISSUE,OPEN
COMP011319,CUST072827,UPI_ISSUE,CLOSED
COMP011320,CUST090241,UPI_ISSUE,OPEN
COMP011321,CUST015584,FRAUD_ALERT,CLOSED
COMP011322,CUST067886,UPI_ISSUE,OPEN
COMP011323,CUST082634,CARD_ISSUE,CLOSED
COMP011324,CUST096755,FRAUD_ALERT,CLOSED
COMP011325,CUST026831,UPI_ISSUE,CLOSED
COMP011326,CUST088236,LOAN_ISSUE,CLOSED
COMP011327,CUST046944,FRAUD_ALERT,CLOSED
COMP011328,CUST079981,LOAN_ISSUE,OPEN
COMP011329,CUST042136,UPI_ISSUE,OPEN
COMP011330,CUST083586,UPI_ISSUE,CLOSED
COMP011331,CUST075149,FRAUD_ALERT,CLOSED
COMP011332,CUST040777,FRAUD_ALERT,OPEN
COMP011333,CUST066014,LOAN_ISSUE,CLOSED
COMP011334,CUST043047,FRAUD_ALERT,OPEN
COMP011335,CUST016699,UPI_ISSUE,OPEN
COMP011336,CUST025268,UPI_ISSUE,OPEN
COMP011337,CUST070396,CARD_ISSUE,CLOSED
COMP011338,CUST098615,CARD_ISSUE,OPEN
COMP011339,CUST068519,CARD_ISSUE,CLOSED
COMP011340,CUST094393,UPI_ISSUE,CLOSED
COMP011341,CUST044033,CARD_ISSUE,OPEN
COMP011342,CUST061400,FRAUD_ALERT,CLOSED
COMP011343,CUST027836,LOAN_ISSUE,CLOSED
COMP011344,CUST017471,LOAN_ISSUE,CLOSED
COMP011345,CUST096387,LOAN_ISSUE,OPEN
COMP011346,CUST097222,CARD_ISSUE,CLOSED
COMP011347,CUST049024,LOAN_ISSUE,OPEN
COMP011348,CUST091833,CARD_ISSUE,OPEN
COMP011349,CUST057391,UPI_ISSUE,OPEN
COMP011350,CUST065684,UPI_ISSUE,OPEN
COMP011351,CUST080233,LOAN_ISSUE,CLOSED
COMP011352,CUST076567,LOAN_ISSUE,CLOSED
COMP011353,CUST033710,UPI_ISSUE,OPEN
COMP011354,CUST057734,CARD_ISSUE,CLOSED
COMP011355,CUST022389,CARD_ISSUE,CLOSED
COMP011356,CUST028727,LOAN_ISSUE,OPEN
COMP011357,CUST080198,UPI_ISSUE,CLOSED
COMP011358,CUST009720,LOAN_ISSUE,OPEN
COMP011359,CUST092407,FRAUD_ALERT,OPEN
COMP011360,CUST073752,UPI_ISSUE,CLOSED
COMP011361,CUST099480,CARD_ISSUE,OPEN
COMP011362,CUST034124,LOAN_ISSUE,OPEN
COMP011363,CUST030925,LOAN_ISSUE,CLOSED
COMP011364,CUST006339,LOAN_ISSUE,OPEN
COMP011365,CUST002723,FRAUD_ALERT,CLOSED
COMP011366,CUST027283,UPI_ISSUE,CLOSED
COMP011367,CUST034805,UPI_ISSUE,OPEN
COMP011368,CUST074483,FRAUD_ALERT,CLOSED
COMP011369,CUST040479,CARD_ISSUE,OPEN
COMP011370,CUST032690,CARD_ISSUE,CLOSED
COMP011371,CUST016395,CARD_ISSUE,CLOSED
COMP011372,CUST035674,UPI_ISSUE,CLOSED
COMP011373,CUST017645,FRAUD_ALERT,CLOSED
COMP011374,CUST015463,UPI_ISSUE,OPEN
COMP011375,CUST071720,CARD_ISSUE,CLOSED
COMP011376,CUST093722,LOAN_ISSUE,OPEN
COMP011377,CUST038439,FRAUD_ALERT,CLOSED
COMP011378,CUST056537,UPI_ISSUE,OPEN
COMP011379,CUST045124,UPI_ISSUE,OPEN
COMP011380,CUST062905,UPI_ISSUE,OPEN
COMP011381,CUST087847,FRAUD_ALERT,CLOSED
COMP011382,CUST026445,UPI_ISSUE,OPEN
COMP011383,CUST075282,LOAN_ISSUE,CLOSED
COMP011384,CUST096302,LOAN_ISSUE,CLOSED
COMP011385,CUST069294,CARD_ISSUE,CLOSED
COMP011386,CUST009012,CARD_ISSUE,CLOSED
COMP011387,CUST088100,UPI_ISSUE,CLOSED
COMP011388,CUST062543,CARD_ISSUE,OPEN
COMP011389,CUST000542,UPI_ISSUE,OPEN
COMP011390,CUST047880,FRAUD_ALERT,OPEN
COMP011391,CUST033744,LOAN_ISSUE,CLOSED
COMP011392,CUST060913,UPI_ISSUE,CLOSED
COMP011393,CUST037482,CARD_ISSUE,OPEN
COMP011394,CUST047939,FRAUD_ALERT,CLOSED
COMP011395,CUST095936,CARD_ISSUE,CLOSED
COMP011396,CUST070327,CARD_ISSUE,OPEN
COMP011397,CUST085735,CARD_ISSUE,CLOSED
COMP011398,CUST047622,FRAUD_ALERT,OPEN
COMP011399,CUST007448,LOAN_ISSUE,OPEN
COMP011400,CUST017693,CARD_ISSUE,CLOSED
COMP011401,CUST050133,FRAUD_ALERT,OPEN
COMP011402,CUST014237,FRAUD_ALERT,OPEN
COMP011403,CUST075592,LOAN_ISSUE,OPEN
COMP011404,CUST038623,UPI_ISSUE,OPEN
COMP011405,CUST025320,LOAN_ISSUE,CLOSED
COMP011406,CUST061891,FRAUD_ALERT,CLOSED
COMP011407,CUST073567,UPI_ISSUE,CLOSED
COMP011408,CUST029910,UPI_ISSUE,CLOSED
COMP011409,CUST044076,CARD_ISSUE,CLOSED
COMP011410,CUST054641,LOAN_ISSUE,CLOSED
COMP011411,CUST063915,UPI_ISSUE,CLOSED
COMP011412,CUST080527,CARD_ISSUE,CLOSED
COMP011413,CUST074439,CARD_ISSUE,OPEN
COMP011414,CUST075002,CARD_ISSUE,OPEN
COMP011415,CUST014917,CARD_ISSUE,OPEN
COMP011416,CUST099854,CARD_ISSUE,CLOSED
COMP011417,CUST010133,UPI_ISSUE,CLOSED
COMP011418,CUST001384,CARD_ISSUE,OPEN
COMP011419,CUST045500,FRAUD_ALERT,CLOSED
COMP011420,CUST080286,UPI_ISSUE,OPEN
COMP011421,CUST053426,CARD_ISSUE,OPEN
COMP011422,CUST042310,FRAUD_ALERT,OPEN
COMP011423,CUST002417,CARD_ISSUE,CLOSED
COMP011424,CUST068067,UPI_ISSUE,OPEN
COMP011425,CUST029404,FRAUD_ALERT,CLOSED
COMP011426,CUST009475,LOAN_ISSUE,CLOSED
COMP011427,CUST090385,FRAUD_ALERT,CLOSED
COMP011428,CUST098184,UPI_ISSUE,OPEN
COMP011429,CUST003833,UPI_ISSUE,OPEN
COMP011430,CUST006004,UPI_ISSUE,OPEN
COMP011431,CUST046249,UPI_ISSUE,OPEN
COMP011432,CUST004268,FRAUD_ALERT,OPEN
COMP011433,CUST075459,UPI_ISSUE,OPEN
COMP011434,CUST009777,FRAUD_ALERT,OPEN
COMP011435,CUST072659,FRAUD_ALERT,CLOSED
COMP011436,CUST048469,UPI_ISSUE,CLOSED
COMP011437,CUST051540,CARD_ISSUE,OPEN
COMP011438,CUST043048,UPI_ISSUE,OPEN
COMP011439,CUST099904,FRAUD_ALERT,CLOSED
COMP011440,CUST062306,LOAN_ISSUE,CLOSED
COMP011441,CUST085693,CARD_ISSUE,CLOSED
COMP011442,CUST071195,UPI_ISSUE,OPEN
COMP011443,CUST079699,FRAUD_ALERT,OPEN
COMP011444,CUST049307,UPI_ISSUE,OPEN
COMP011445,CUST039033,LOAN_ISSUE,CLOSED
COMP011446,CUST013713,CARD_ISSUE,OPEN
COMP011447,CUST059343,UPI_ISSUE,OPEN
COMP011448,CUST009980,LOAN_ISSUE,OPEN
COMP011449,CUST047051,CARD_ISSUE,CLOSED
COMP011450,CUST028102,CARD_ISSUE,CLOSED
COMP011451,CUST080146,CARD_ISSUE,CLOSED
COMP011452,CUST047035,CARD_ISSUE,OPEN
COMP011453,CUST031188,UPI_ISSUE,OPEN
COMP011454,CUST013883,FRAUD_ALERT,CLOSED
COMP011455,CUST008747,CARD_ISSUE,CLOSED
COMP011456,CUST089311,UPI_ISSUE,CLOSED
COMP011457,CUST035005,CARD_ISSUE,OPEN
COMP011458,CUST010438,UPI_ISSUE,CLOSED
COMP011459,CUST067531,LOAN_ISSUE,OPEN
COMP011460,CUST005999,LOAN_ISSUE,OPEN
COMP011461,CUST092926,CARD_ISSUE,CLOSED
COMP011462,CUST084744,LOAN_ISSUE,OPEN
COMP011463,CUST051759,CARD_ISSUE,CLOSED
COMP011464,CUST051215,CARD_ISSUE,OPEN
COMP011465,CUST065634,CARD_ISSUE,OPEN
COMP011466,CUST013208,CARD_ISSUE,CLOSED
COMP011467,CUST067422,LOAN_ISSUE,OPEN
COMP011468,CUST080373,CARD_ISSUE,OPEN
COMP011469,CUST012190,FRAUD_ALERT,CLOSED
COMP011470,CUST079320,UPI_ISSUE,OPEN
COMP011471,CUST027946,UPI_ISSUE,OPEN
COMP011472,CUST037815,UPI_ISSUE,OPEN
COMP011473,CUST090491,LOAN_ISSUE,CLOSED
COMP011474,CUST024944,UPI_ISSUE,OPEN
COMP011475,CUST010755,FRAUD_ALERT,OPEN
COMP011476,CUST062404,LOAN_ISSUE,CLOSED
COMP011477,CUST038610,CARD_ISSUE,CLOSED
COMP011478,CUST036722,UPI_ISSUE,CLOSED
COMP011479,CUST032613,FRAUD_ALERT,OPEN
COMP011480,CUST018007,LOAN_ISSUE,OPEN
COMP011481,CUST065245,FRAUD_ALERT,OPEN
COMP011482,CUST095049,CARD_ISSUE,CLOSED
COMP011483,CUST057813,LOAN_ISSUE,OPEN
COMP011484,CUST084805,LOAN_ISSUE,CLOSED
COMP011485,CUST002815,FRAUD_ALERT,CLOSED
COMP011486,CUST084671,LOAN_ISSUE,CLOSED
COMP011487,CUST044028,FRAUD_ALERT,OPEN
COMP011488,CUST041241,CARD_ISSUE,CLOSED
COMP011489,CUST005383,LOAN_ISSUE,OPEN
COMP011490,CUST090551,FRAUD_ALERT,OPEN
COMP011491,CUST079049,FRAUD_ALERT,CLOSED
COMP011492,CUST091497,LOAN_ISSUE,OPEN
COMP011493,CUST005028,FRAUD_ALERT,OPEN
COMP011494,CUST080473,LOAN_ISSUE,CLOSED
COMP011495,CUST067219,LOAN_ISSUE,CLOSED
COMP011496,CUST097449,LOAN_ISSUE,OPEN
COMP011497,CUST004371,UPI_ISSUE,OPEN
COMP011498,CUST067565,LOAN_ISSUE,CLOSED
COMP011499,CUST089086,CARD_ISSUE,CLOSED
COMP011500,CUST003903,FRAUD_ALERT,CLOSED
COMP011501,CUST048617,LOAN_ISSUE,CLOSED
COMP011502,CUST011980,CARD_ISSUE,CLOSED
COMP011503,CUST043060,CARD_ISSUE,OPEN
COMP011504,CUST093621,FRAUD_ALERT,CLOSED
COMP011505,CUST051820,FRAUD_ALERT,OPEN
COMP011506,CUST033211,LOAN_ISSUE,CLOSED
COMP011507,CUST066085,UPI_ISSUE,OPEN
COMP011508,CUST085886,CARD_ISSUE,OPEN
COMP011509,CUST060484,CARD_ISSUE,CLOSED
COMP011510,CUST093643,FRAUD_ALERT,CLOSED
COMP011511,CUST006588,FRAUD_ALERT,OPEN
COMP011512,CUST017139,UPI_ISSUE,CLOSED
COMP011513,CUST082848,FRAUD_ALERT,OPEN
COMP011514,CUST071837,LOAN_ISSUE,OPEN
COMP011515,CUST085740,FRAUD_ALERT,CLOSED
COMP011516,CUST051171,LOAN_ISSUE,CLOSED
COMP011517,CUST086648,FRAUD_ALERT,CLOSED
COMP011518,CUST084984,UPI_ISSUE,CLOSED
COMP011519,CUST051561,FRAUD_ALERT,OPEN
COMP011520,CUST009684,CARD_ISSUE,OPEN
COMP011521,CUST003082,FRAUD_ALERT,OPEN
COMP011522,CUST042814,LOAN_ISSUE,CLOSED
COMP011523,CUST024294,CARD_ISSUE,OPEN
COMP011524,CUST051638,UPI_ISSUE,CLOSED
COMP011525,CUST084437,UPI_ISSUE,OPEN
COMP011526,CUST065978,LOAN_ISSUE,CLOSED
COMP011527,CUST076719,CARD_ISSUE,OPEN
COMP011528,CUST015568,LOAN_ISSUE,CLOSED
COMP011529,CUST002193,CARD_ISSUE,CLOSED
COMP011530,CUST048178,UPI_ISSUE,CLOSED
COMP011531,CUST095061,FRAUD_ALERT,OPEN
COMP011532,CUST059290,FRAUD_ALERT,CLOSED
COMP011533,CUST061199,UPI_ISSUE,OPEN
COMP011534,CUST035515,FRAUD_ALERT,CLOSED
COMP011535,CUST098328,UPI_ISSUE,CLOSED
COMP011536,CUST005617,CARD_ISSUE,CLOSED
COMP011537,CUST001752,FRAUD_ALERT,CLOSED
COMP011538,CUST033128,CARD_ISSUE,CLOSED
COMP011539,CUST096536,LOAN_ISSUE,CLOSED
COMP011540,CUST013881,FRAUD_ALERT,OPEN
COMP011541,CUST075382,LOAN_ISSUE,CLOSED
COMP011542,CUST051840,LOAN_ISSUE,CLOSED
COMP011543,CUST057665,UPI_ISSUE,OPEN
COMP011544,CUST009702,UPI_ISSUE,OPEN
COMP011545,CUST073413,LOAN_ISSUE,CLOSED
COMP011546,CUST023006,CARD_ISSUE,CLOSED
COMP011547,CUST057152,FRAUD_ALERT,CLOSED
COMP011548,CUST070053,UPI_ISSUE,CLOSED
COMP011549,CUST072631,LOAN_ISSUE,OPEN
COMP011550,CUST002257,CARD_ISSUE,CLOSED
COMP011551,CUST018398,UPI_ISSUE,OPEN
COMP011552,CUST020464,UPI_ISSUE,CLOSED
COMP011553,CUST016209,UPI_ISSUE,CLOSED
COMP011554,CUST079052,LOAN_ISSUE,OPEN
COMP011555,CUST082754,FRAUD_ALERT,CLOSED
COMP011556,CUST029813,CARD_ISSUE,CLOSED
COMP011557,CUST015751,FRAUD_ALERT,OPEN
COMP011558,CUST056455,CARD_ISSUE,OPEN
COMP011559,CUST002720,CARD_ISSUE,OPEN
COMP011560,CUST053450,LOAN_ISSUE,OPEN
COMP011561,CUST078342,CARD_ISSUE,CLOSED
COMP011562,CUST001572,CARD_ISSUE,OPEN
COMP011563,CUST052017,LOAN_ISSUE,CLOSED
COMP011564,CUST064770,FRAUD_ALERT,CLOSED
COMP011565,CUST002115,CARD_ISSUE,CLOSED
COMP011566,CUST042599,LOAN_ISSUE,OPEN
COMP011567,CUST074611,LOAN_ISSUE,OPEN
COMP011568,CUST003138,CARD_ISSUE,OPEN
COMP011569,CUST018521,LOAN_ISSUE,OPEN
COMP011570,CUST094733,LOAN_ISSUE,CLOSED
COMP011571,CUST018150,LOAN_ISSUE,CLOSED
COMP011572,CUST098988,FRAUD_ALERT,CLOSED
COMP011573,CUST086622,UPI_ISSUE,CLOSED
COMP011574,CUST021488,FRAUD_ALERT,OPEN
COMP011575,CUST085874,FRAUD_ALERT,OPEN
COMP011576,CUST051214,UPI_ISSUE,OPEN
COMP011577,CUST031488,FRAUD_ALERT,OPEN
COMP011578,CUST018902,LOAN_ISSUE,OPEN
COMP011579,CUST066203,LOAN_ISSUE,OPEN
COMP011580,CUST099919,UPI_ISSUE,OPEN
COMP011581,CUST040041,LOAN_ISSUE,CLOSED
COMP011582,CUST077046,LOAN_ISSUE,CLOSED
COMP011583,CUST067188,CARD_ISSUE,CLOSED
COMP011584,CUST034766,FRAUD_ALERT,CLOSED
COMP011585,CUST004193,UPI_ISSUE,OPEN
COMP011586,CUST005227,UPI_ISSUE,OPEN
COMP011587,CUST080941,CARD_ISSUE,CLOSED
COMP011588,CUST008314,LOAN_ISSUE,OPEN
COMP011589,CUST023870,LOAN_ISSUE,OPEN
COMP011590,CUST061657,CARD_ISSUE,CLOSED
COMP011591,CUST077491,UPI_ISSUE,OPEN
COMP011592,CUST048675,LOAN_ISSUE,CLOSED
COMP011593,CUST038475,FRAUD_ALERT,CLOSED
COMP011594,CUST018453,LOAN_ISSUE,OPEN
COMP011595,CUST060069,FRAUD_ALERT,CLOSED
COMP011596,CUST099586,LOAN_ISSUE,OPEN
COMP011597,CUST070380,FRAUD_ALERT,CLOSED
COMP011598,CUST057589,FRAUD_ALERT,OPEN
COMP011599,CUST035804,FRAUD_ALERT,OPEN
COMP011600,CUST010709,CARD_ISSUE,OPEN
COMP011601,CUST040735,UPI_ISSUE,CLOSED
COMP011602,CUST081069,UPI_ISSUE,OPEN
COMP011603,CUST021901,UPI_ISSUE,OPEN
COMP011604,CUST080805,LOAN_ISSUE,OPEN
COMP011605,CUST049524,LOAN_ISSUE,OPEN
COMP011606,CUST080859,UPI_ISSUE,OPEN
COMP011607,CUST047832,CARD_ISSUE,CLOSED
COMP011608,CUST098981,UPI_ISSUE,CLOSED
COMP011609,CUST031320,UPI_ISSUE,OPEN
COMP011610,CUST058848,FRAUD_ALERT,OPEN
COMP011611,CUST013141,CARD_ISSUE,OPEN
COMP011612,CUST006933,FRAUD_ALERT,CLOSED
COMP011613,CUST065239,FRAUD_ALERT,OPEN
COMP011614,CUST056891,CARD_ISSUE,CLOSED
COMP011615,CUST018604,FRAUD_ALERT,CLOSED
COMP011616,CUST093398,UPI_ISSUE,OPEN
COMP011617,CUST055897,LOAN_ISSUE,OPEN
COMP011618,CUST066879,UPI_ISSUE,CLOSED
COMP011619,CUST039389,LOAN_ISSUE,CLOSED
COMP011620,CUST021757,UPI_ISSUE,OPEN
COMP011621,CUST054119,FRAUD_ALERT,CLOSED
COMP011622,CUST074957,LOAN_ISSUE,CLOSED
COMP011623,CUST050604,LOAN_ISSUE,OPEN
COMP011624,CUST026872,CARD_ISSUE,CLOSED
COMP011625,CUST007749,UPI_ISSUE,CLOSED
COMP011626,CUST021205,FRAUD_ALERT,CLOSED
COMP011627,CUST050547,CARD_ISSUE,OPEN
COMP011628,CUST009335,LOAN_ISSUE,OPEN
COMP011629,CUST009408,CARD_ISSUE,OPEN
COMP011630,CUST080354,LOAN_ISSUE,CLOSED
COMP011631,CUST002097,LOAN_ISSUE,OPEN
COMP011632,CUST049441,UPI_ISSUE,CLOSED
COMP011633,CUST025465,CARD_ISSUE,OPEN
COMP011634,CUST037777,LOAN_ISSUE,CLOSED
COMP011635,CUST003845,LOAN_ISSUE,CLOSED
COMP011636,CUST013831,FRAUD_ALERT,OPEN
COMP011637,CUST056608,CARD_ISSUE,OPEN
COMP011638,CUST011089,FRAUD_ALERT,CLOSED
COMP011639,CUST059858,FRAUD_ALERT,OPEN
COMP011640,CUST029535,LOAN_ISSUE,OPEN
COMP011641,CUST005925,UPI_ISSUE,OPEN
COMP011642,CUST047802,CARD_ISSUE,CLOSED
COMP011643,CUST094950,UPI_ISSUE,OPEN
COMP011644,CUST035343,LOAN_ISSUE,CLOSED
COMP011645,CUST022576,FRAUD_ALERT,CLOSED
COMP011646,CUST059109,UPI_ISSUE,CLOSED
COMP011647,CUST000600,UPI_ISSUE,CLOSED
COMP011648,CUST078866,LOAN_ISSUE,OPEN
COMP011649,CUST091004,CARD_ISSUE,CLOSED
COMP011650,CUST097972,UPI_ISSUE,CLOSED
COMP011651,CUST012522,FRAUD_ALERT,OPEN
COMP011652,CUST053950,UPI_ISSUE,CLOSED
COMP011653,CUST056371,LOAN_ISSUE,CLOSED
COMP011654,CUST058297,UPI_ISSUE,OPEN
COMP011655,CUST059980,CARD_ISSUE,OPEN
COMP011656,CUST059747,FRAUD_ALERT,OPEN
COMP011657,CUST067171,FRAUD_ALERT,CLOSED
COMP011658,CUST048551,UPI_ISSUE,OPEN
COMP011659,CUST017307,UPI_ISSUE,OPEN
COMP011660,CUST083081,UPI_ISSUE,OPEN
COMP011661,CUST041168,FRAUD_ALERT,OPEN
COMP011662,CUST055571,CARD_ISSUE,OPEN
COMP011663,CUST050401,LOAN_ISSUE,OPEN
COMP011664,CUST059033,UPI_ISSUE,OPEN
COMP011665,CUST054043,LOAN_ISSUE,OPEN
COMP011666,CUST091907,FRAUD_ALERT,CLOSED
COMP011667,CUST078904,LOAN_ISSUE,CLOSED
COMP011668,CUST005503,UPI_ISSUE,CLOSED
COMP011669,CUST088338,FRAUD_ALERT,CLOSED
COMP011670,CUST079154,FRAUD_ALERT,CLOSED
COMP011671,CUST037990,LOAN_ISSUE,CLOSED
COMP011672,CUST003725,FRAUD_ALERT,OPEN
COMP011673,CUST030215,FRAUD_ALERT,CLOSED
COMP011674,CUST074832,LOAN_ISSUE,CLOSED
COMP011675,CUST026527,CARD_ISSUE,CLOSED
COMP011676,CUST092888,CARD_ISSUE,OPEN
COMP011677,CUST058574,CARD_ISSUE,OPEN
COMP011678,CUST059435,CARD_ISSUE,OPEN
COMP011679,CUST071320,FRAUD_ALERT,CLOSED
COMP011680,CUST066125,LOAN_ISSUE,OPEN
COMP011681,CUST098699,CARD_ISSUE,OPEN
COMP011682,CUST062701,FRAUD_ALERT,CLOSED
COMP011683,CUST004609,FRAUD_ALERT,OPEN
COMP011684,CUST015223,LOAN_ISSUE,OPEN
COMP011685,CUST088960,UPI_ISSUE,CLOSED
COMP011686,CUST054256,LOAN_ISSUE,OPEN
COMP011687,CUST014198,UPI_ISSUE,OPEN
COMP011688,CUST007889,UPI_ISSUE,OPEN
COMP011689,CUST013368,LOAN_ISSUE,CLOSED
COMP011690,CUST091394,UPI_ISSUE,CLOSED
COMP011691,CUST065617,UPI_ISSUE,CLOSED
COMP011692,CUST081327,FRAUD_ALERT,OPEN
COMP011693,CUST001046,UPI_ISSUE,CLOSED
COMP011694,CUST026489,UPI_ISSUE,OPEN
COMP011695,CUST070481,UPI_ISSUE,OPEN
COMP011696,CUST025659,LOAN_ISSUE,CLOSED
COMP011697,CUST060998,FRAUD_ALERT,OPEN
COMP011698,CUST042913,FRAUD_ALERT,CLOSED
COMP011699,CUST094832,CARD_ISSUE,CLOSED
COMP011700,CUST086366,UPI_ISSUE,OPEN
COMP011701,CUST039473,CARD_ISSUE,OPEN
COMP011702,CUST006204,CARD_ISSUE,CLOSED
COMP011703,CUST088413,FRAUD_ALERT,OPEN
COMP011704,CUST098863,LOAN_ISSUE,CLOSED
COMP011705,CUST088127,CARD_ISSUE,CLOSED
COMP011706,CUST008985,LOAN_ISSUE,OPEN
COMP011707,CUST098478,UPI_ISSUE,OPEN
COMP011708,CUST024280,UPI_ISSUE,CLOSED
COMP011709,CUST021324,UPI_ISSUE,OPEN
COMP011710,CUST074893,LOAN_ISSUE,CLOSED
COMP011711,CUST023790,LOAN_ISSUE,CLOSED
COMP011712,CUST002220,LOAN_ISSUE,OPEN
COMP011713,CUST058923,UPI_ISSUE,OPEN
COMP011714,CUST098195,CARD_ISSUE,CLOSED
COMP011715,CUST081730,FRAUD_ALERT,CLOSED
COMP011716,CUST082132,LOAN_ISSUE,CLOSED
COMP011717,CUST088808,CARD_ISSUE,OPEN
COMP011718,CUST007495,FRAUD_ALERT,OPEN
COMP011719,CUST067628,FRAUD_ALERT,OPEN
COMP011720,CUST036555,FRAUD_ALERT,OPEN
COMP011721,CUST080023,LOAN_ISSUE,OPEN
COMP011722,CUST001400,FRAUD_ALERT,CLOSED
COMP011723,CUST094481,UPI_ISSUE,CLOSED
COMP011724,CUST029809,UPI_ISSUE,OPEN
COMP011725,CUST004750,FRAUD_ALERT,OPEN
COMP011726,CUST079241,UPI_ISSUE,OPEN
COMP011727,CUST076067,LOAN_ISSUE,CLOSED
COMP011728,CUST029723,UPI_ISSUE,OPEN
COMP011729,CUST034120,CARD_ISSUE,CLOSED
COMP011730,CUST017079,LOAN_ISSUE,CLOSED
COMP011731,CUST085618,UPI_ISSUE,OPEN
COMP011732,CUST011569,CARD_ISSUE,OPEN
COMP011733,CUST069495,FRAUD_ALERT,CLOSED
COMP011734,CUST079425,UPI_ISSUE,OPEN
COMP011735,CUST040628,CARD_ISSUE,OPEN
COMP011736,CUST047134,FRAUD_ALERT,CLOSED
COMP011737,CUST046839,LOAN_ISSUE,OPEN
COMP011738,CUST028208,CARD_ISSUE,OPEN
COMP011739,CUST078773,CARD_ISSUE,OPEN
COMP011740,CUST029529,CARD_ISSUE,CLOSED
COMP011741,CUST076938,UPI_ISSUE,CLOSED
COMP011742,CUST057430,FRAUD_ALERT,CLOSED
COMP011743,CUST074393,FRAUD_ALERT,CLOSED
COMP011744,CUST007778,FRAUD_ALERT,CLOSED
COMP011745,CUST089342,CARD_ISSUE,CLOSED
COMP011746,CUST005423,UPI_ISSUE,OPEN
COMP011747,CUST042941,LOAN_ISSUE,OPEN
COMP011748,CUST052351,CARD_ISSUE,CLOSED
COMP011749,CUST042211,CARD_ISSUE,OPEN
COMP011750,CUST015828,FRAUD_ALERT,CLOSED
COMP011751,CUST098418,LOAN_ISSUE,CLOSED
COMP011752,CUST038725,UPI_ISSUE,CLOSED
COMP011753,CUST028375,FRAUD_ALERT,CLOSED
COMP011754,CUST092880,UPI_ISSUE,OPEN
COMP011755,CUST089232,LOAN_ISSUE,OPEN
COMP011756,CUST072837,FRAUD_ALERT,CLOSED
COMP011757,CUST016399,FRAUD_ALERT,CLOSED
COMP011758,CUST078951,UPI_ISSUE,CLOSED
COMP011759,CUST036059,LOAN_ISSUE,CLOSED
COMP011760,CUST025302,FRAUD_ALERT,CLOSED
COMP011761,CUST061201,CARD_ISSUE,OPEN
COMP011762,CUST000277,FRAUD_ALERT,CLOSED
COMP011763,CUST006337,CARD_ISSUE,OPEN
COMP011764,CUST003627,LOAN_ISSUE,OPEN
COMP011765,CUST001282,UPI_ISSUE,CLOSED
COMP011766,CUST053395,FRAUD_ALERT,CLOSED
COMP011767,CUST073383,UPI_ISSUE,OPEN
COMP011768,CUST062619,CARD_ISSUE,CLOSED
COMP011769,CUST014295,FRAUD_ALERT,OPEN
COMP011770,CUST027508,UPI_ISSUE,OPEN
COMP011771,CUST059541,LOAN_ISSUE,CLOSED
COMP011772,CUST038158,LOAN_ISSUE,OPEN
COMP011773,CUST098280,LOAN_ISSUE,CLOSED
COMP011774,CUST057784,FRAUD_ALERT,CLOSED
COMP011775,CUST003065,UPI_ISSUE,OPEN
COMP011776,CUST051398,LOAN_ISSUE,CLOSED
COMP011777,CUST019885,FRAUD_ALERT,OPEN
COMP011778,CUST004310,LOAN_ISSUE,CLOSED
COMP011779,CUST026227,LOAN_ISSUE,OPEN
COMP011780,CUST097003,UPI_ISSUE,CLOSED
COMP011781,CUST085057,UPI_ISSUE,CLOSED
COMP011782,CUST060891,UPI_ISSUE,OPEN
COMP011783,CUST086594,LOAN_ISSUE,OPEN
COMP011784,CUST091975,CARD_ISSUE,CLOSED
COMP011785,CUST048631,CARD_ISSUE,CLOSED
COMP011786,CUST002133,LOAN_ISSUE,OPEN
COMP011787,CUST014057,UPI_ISSUE,CLOSED
COMP011788,CUST002169,UPI_ISSUE,OPEN
COMP011789,CUST084889,UPI_ISSUE,OPEN
COMP011790,CUST009070,FRAUD_ALERT,CLOSED
COMP011791,CUST077938,LOAN_ISSUE,OPEN
COMP011792,CUST038195,LOAN_ISSUE,CLOSED
COMP011793,CUST016582,UPI_ISSUE,OPEN
COMP011794,CUST078523,FRAUD_ALERT,CLOSED
COMP011795,CUST078851,LOAN_ISSUE,CLOSED
COMP011796,CUST087805,FRAUD_ALERT,CLOSED
COMP011797,CUST098550,FRAUD_ALERT,OPEN
COMP011798,CUST050100,FRAUD_ALERT,OPEN
COMP011799,CUST092059,CARD_ISSUE,CLOSED
COMP011800,CUST042479,CARD_ISSUE,CLOSED
COMP011801,CUST078789,UPI_ISSUE,CLOSED
COMP011802,CUST032971,CARD_ISSUE,OPEN
COMP011803,CUST090926,CARD_ISSUE,CLOSED
COMP011804,CUST077443,LOAN_ISSUE,OPEN
COMP011805,CUST047647,CARD_ISSUE,OPEN
COMP011806,CUST056269,FRAUD_ALERT,OPEN
COMP011807,CUST063405,CARD_ISSUE,CLOSED
COMP011808,CUST088485,UPI_ISSUE,CLOSED
COMP011809,CUST098313,UPI_ISSUE,OPEN
COMP011810,CUST097112,LOAN_ISSUE,OPEN
COMP011811,CUST066210,UPI_ISSUE,CLOSED
COMP011812,CUST089491,LOAN_ISSUE,OPEN
COMP011813,CUST047794,LOAN_ISSUE,CLOSED
COMP011814,CUST088269,CARD_ISSUE,OPEN
COMP011815,CUST097264,UPI_ISSUE,OPEN
COMP011816,CUST022431,FRAUD_ALERT,OPEN
COMP011817,CUST049245,FRAUD_ALERT,OPEN
COMP011818,CUST011427,UPI_ISSUE,CLOSED
COMP011819,CUST093996,UPI_ISSUE,OPEN
COMP011820,CUST033671,CARD_ISSUE,CLOSED
COMP011821,CUST027160,LOAN_ISSUE,OPEN
COMP011822,CUST044183,LOAN_ISSUE,CLOSED
COMP011823,CUST047227,CARD_ISSUE,OPEN
COMP011824,CUST091808,CARD_ISSUE,OPEN
COMP011825,CUST055047,CARD_ISSUE,OPEN
COMP011826,CUST063761,FRAUD_ALERT,OPEN
COMP011827,CUST006338,LOAN_ISSUE,OPEN
COMP011828,CUST061229,LOAN_ISSUE,OPEN
COMP011829,CUST040644,UPI_ISSUE,OPEN
COMP011830,CUST028542,CARD_ISSUE,OPEN
COMP011831,CUST087517,CARD_ISSUE,OPEN
COMP011832,CUST057310,FRAUD_ALERT,OPEN
COMP011833,CUST040165,UPI_ISSUE,OPEN
COMP011834,CUST020294,LOAN_ISSUE,CLOSED
COMP011835,CUST093331,LOAN_ISSUE,CLOSED
COMP011836,CUST047096,FRAUD_ALERT,OPEN
COMP011837,CUST007085,LOAN_ISSUE,OPEN
COMP011838,CUST091126,UPI_ISSUE,CLOSED
COMP011839,CUST065318,LOAN_ISSUE,OPEN
COMP011840,CUST077116,FRAUD_ALERT,OPEN
COMP011841,CUST077086,FRAUD_ALERT,CLOSED
COMP011842,CUST041492,FRAUD_ALERT,CLOSED
COMP011843,CUST041127,LOAN_ISSUE,CLOSED
COMP011844,CUST097448,LOAN_ISSUE,OPEN
COMP011845,CUST008928,FRAUD_ALERT,CLOSED
COMP011846,CUST025176,UPI_ISSUE,OPEN
COMP011847,CUST024600,CARD_ISSUE,CLOSED
COMP011848,CUST076239,LOAN_ISSUE,CLOSED
COMP011849,CUST017107,CARD_ISSUE,CLOSED
COMP011850,CUST087621,UPI_ISSUE,OPEN
COMP011851,CUST032414,FRAUD_ALERT,CLOSED
COMP011852,CUST015899,LOAN_ISSUE,OPEN
COMP011853,CUST003145,CARD_ISSUE,OPEN
COMP011854,CUST042289,UPI_ISSUE,CLOSED
COMP011855,CUST057164,CARD_ISSUE,CLOSED
COMP011856,CUST069198,FRAUD_ALERT,OPEN
COMP011857,CUST092631,UPI_ISSUE,OPEN
COMP011858,CUST064412,UPI_ISSUE,OPEN
COMP011859,CUST023319,UPI_ISSUE,CLOSED
COMP011860,CUST091998,CARD_ISSUE,CLOSED
COMP011861,CUST075227,LOAN_ISSUE,CLOSED
COMP011862,CUST081576,CARD_ISSUE,CLOSED
COMP011863,CUST044253,LOAN_ISSUE,OPEN
COMP011864,CUST067386,UPI_ISSUE,CLOSED
COMP011865,CUST028114,LOAN_ISSUE,CLOSED
COMP011866,CUST062949,LOAN_ISSUE,CLOSED
COMP011867,CUST080655,LOAN_ISSUE,CLOSED
COMP011868,CUST059326,CARD_ISSUE,CLOSED
COMP011869,CUST020619,CARD_ISSUE,OPEN
COMP011870,CUST051477,LOAN_ISSUE,CLOSED
COMP011871,CUST078697,FRAUD_ALERT,CLOSED
COMP011872,CUST024024,FRAUD_ALERT,OPEN
COMP011873,CUST038375,CARD_ISSUE,CLOSED
COMP011874,CUST029027,LOAN_ISSUE,OPEN
COMP011875,CUST011315,CARD_ISSUE,OPEN
COMP011876,CUST050306,FRAUD_ALERT,CLOSED
COMP011877,CUST078212,FRAUD_ALERT,OPEN
COMP011878,CUST000528,UPI_ISSUE,OPEN
COMP011879,CUST011633,FRAUD_ALERT,OPEN
COMP011880,CUST072920,FRAUD_ALERT,CLOSED
COMP011881,CUST060433,CARD_ISSUE,CLOSED
COMP011882,CUST076101,FRAUD_ALERT,CLOSED
COMP011883,CUST084651,LOAN_ISSUE,OPEN
COMP011884,CUST046846,LOAN_ISSUE,CLOSED
COMP011885,CUST016830,CARD_ISSUE,CLOSED
COMP011886,CUST097305,LOAN_ISSUE,CLOSED
COMP011887,CUST054640,CARD_ISSUE,OPEN
COMP011888,CUST042987,FRAUD_ALERT,CLOSED
COMP011889,CUST080530,LOAN_ISSUE,OPEN
COMP011890,CUST094013,LOAN_ISSUE,OPEN
COMP011891,CUST062791,UPI_ISSUE,OPEN
COMP011892,CUST047602,UPI_ISSUE,CLOSED
COMP011893,CUST080204,UPI_ISSUE,OPEN
COMP011894,CUST066451,LOAN_ISSUE,CLOSED
COMP011895,CUST070186,UPI_ISSUE,CLOSED
COMP011896,CUST062260,CARD_ISSUE,OPEN
COMP011897,CUST097315,CARD_ISSUE,CLOSED
COMP011898,CUST022894,LOAN_ISSUE,CLOSED
COMP011899,CUST095537,FRAUD_ALERT,OPEN
COMP011900,CUST054885,FRAUD_ALERT,CLOSED
COMP011901,CUST057145,LOAN_ISSUE,OPEN
COMP011902,CUST047951,CARD_ISSUE,OPEN
COMP011903,CUST006521,FRAUD_ALERT,OPEN
COMP011904,CUST084287,CARD_ISSUE,CLOSED
COMP011905,CUST037455,FRAUD_ALERT,OPEN
COMP011906,CUST008755,LOAN_ISSUE,CLOSED
COMP011907,CUST041169,UPI_ISSUE,OPEN
COMP011908,CUST096955,LOAN_ISSUE,CLOSED
COMP011909,CUST030623,UPI_ISSUE,OPEN
COMP011910,CUST095226,FRAUD_ALERT,OPEN
COMP011911,CUST058262,LOAN_ISSUE,CLOSED
COMP011912,CUST053052,FRAUD_ALERT,OPEN
COMP011913,CUST095216,UPI_ISSUE,CLOSED
COMP011914,CUST063937,LOAN_ISSUE,OPEN
COMP011915,CUST035630,FRAUD_ALERT,CLOSED
COMP011916,CUST079314,LOAN_ISSUE,CLOSED
COMP011917,CUST077535,LOAN_ISSUE,OPEN
COMP011918,CUST048987,CARD_ISSUE,OPEN
COMP011919,CUST083617,CARD_ISSUE,OPEN
COMP011920,CUST028373,CARD_ISSUE,OPEN
COMP011921,CUST070234,LOAN_ISSUE,OPEN
COMP011922,CUST059550,CARD_ISSUE,OPEN
COMP011923,CUST078953,FRAUD_ALERT,CLOSED
COMP011924,CUST074339,LOAN_ISSUE,CLOSED
COMP011925,CUST008099,CARD_ISSUE,CLOSED
COMP011926,CUST035486,CARD_ISSUE,CLOSED
COMP011927,CUST063294,FRAUD_ALERT,CLOSED
COMP011928,CUST007597,LOAN_ISSUE,CLOSED
COMP011929,CUST039432,LOAN_ISSUE,CLOSED
COMP011930,CUST080504,LOAN_ISSUE,OPEN
COMP011931,CUST045392,UPI_ISSUE,OPEN
COMP011932,CUST056393,UPI_ISSUE,OPEN
COMP011933,CUST043983,CARD_ISSUE,CLOSED
COMP011934,CUST022191,UPI_ISSUE,CLOSED
COMP011935,CUST094111,UPI_ISSUE,OPEN
COMP011936,CUST028203,LOAN_ISSUE,OPEN
COMP011937,CUST050053,LOAN_ISSUE,OPEN
COMP011938,CUST013548,CARD_ISSUE,OPEN
COMP011939,CUST046090,UPI_ISSUE,CLOSED
COMP011940,CUST017089,FRAUD_ALERT,CLOSED
COMP011941,CUST001199,UPI_ISSUE,OPEN
COMP011942,CUST063098,FRAUD_ALERT,OPEN
COMP011943,CUST032972,CARD_ISSUE,OPEN
COMP011944,CUST063128,FRAUD_ALERT,OPEN
COMP011945,CUST037214,UPI_ISSUE,OPEN
COMP011946,CUST036073,FRAUD_ALERT,CLOSED
COMP011947,CUST015170,FRAUD_ALERT,OPEN
COMP011948,CUST029558,FRAUD_ALERT,OPEN
COMP011949,CUST050508,UPI_ISSUE,CLOSED
COMP011950,CUST053853,FRAUD_ALERT,OPEN
COMP011951,CUST093354,UPI_ISSUE,CLOSED
COMP011952,CUST080318,CARD_ISSUE,CLOSED
COMP011953,CUST014385,UPI_ISSUE,CLOSED
COMP011954,CUST083229,FRAUD_ALERT,CLOSED
COMP011955,CUST097231,FRAUD_ALERT,CLOSED
COMP011956,CUST062865,FRAUD_ALERT,CLOSED
COMP011957,CUST041675,FRAUD_ALERT,CLOSED
COMP011958,CUST044039,LOAN_ISSUE,CLOSED
COMP011959,CUST036333,UPI_ISSUE,CLOSED
COMP011960,CUST094476,UPI_ISSUE,OPEN
COMP011961,CUST046806,UPI_ISSUE,OPEN
COMP011962,CUST084534,CARD_ISSUE,OPEN
COMP011963,CUST010977,CARD_ISSUE,OPEN
COMP011964,CUST000094,CARD_ISSUE,OPEN
COMP011965,CUST063643,UPI_ISSUE,CLOSED
COMP011966,CUST091418,FRAUD_ALERT,CLOSED
COMP011967,CUST089978,UPI_ISSUE,OPEN
COMP011968,CUST033593,CARD_ISSUE,OPEN
COMP011969,CUST006462,LOAN_ISSUE,OPEN
COMP011970,CUST010597,FRAUD_ALERT,CLOSED
COMP011971,CUST021981,CARD_ISSUE,CLOSED
COMP011972,CUST056473,CARD_ISSUE,OPEN
COMP011973,CUST034235,LOAN_ISSUE,OPEN
COMP011974,CUST023980,UPI_ISSUE,CLOSED
COMP011975,CUST009074,LOAN_ISSUE,OPEN
COMP011976,CUST061873,UPI_ISSUE,CLOSED
COMP011977,CUST015688,LOAN_ISSUE,CLOSED
COMP011978,CUST002500,CARD_ISSUE,CLOSED
COMP011979,CUST019770,LOAN_ISSUE,CLOSED
COMP011980,CUST045436,LOAN_ISSUE,OPEN
COMP011981,CUST054035,UPI_ISSUE,OPEN
COMP011982,CUST026274,LOAN_ISSUE,OPEN
COMP011983,CUST069517,FRAUD_ALERT,CLOSED
COMP011984,CUST086630,UPI_ISSUE,CLOSED
COMP011985,CUST016434,LOAN_ISSUE,CLOSED
COMP011986,CUST057454,FRAUD_ALERT,CLOSED
COMP011987,CUST035995,CARD_ISSUE,OPEN
COMP011988,CUST026350,LOAN_ISSUE,CLOSED
COMP011989,CUST051307,UPI_ISSUE,CLOSED
COMP011990,CUST075289,CARD_ISSUE,OPEN
COMP011991,CUST069634,UPI_ISSUE,OPEN
COMP011992,CUST082073,LOAN_ISSUE,CLOSED
COMP011993,CUST000812,LOAN_ISSUE,CLOSED
COMP011994,CUST081342,FRAUD_ALERT,OPEN
COMP011995,CUST016477,LOAN_ISSUE,CLOSED
COMP011996,CUST045783,LOAN_ISSUE,OPEN
COMP011997,CUST056040,FRAUD_ALERT,OPEN
COMP011998,CUST012748,UPI_ISSUE,CLOSED
COMP011999,CUST022096,FRAUD_ALERT,CLOSED
COMP012000,CUST066729,LOAN_ISSUE,OPEN
COMP012001,CUST048714,FRAUD_ALERT,CLOSED
COMP012002,CUST085539,UPI_ISSUE,OPEN
COMP012003,CUST067753,LOAN_ISSUE,CLOSED
COMP012004,CUST043344,FRAUD_ALERT,CLOSED
COMP012005,CUST033166,CARD_ISSUE,CLOSED
COMP012006,CUST052113,CARD_ISSUE,CLOSED
COMP012007,CUST075233,UPI_ISSUE,CLOSED
COMP012008,CUST096035,LOAN_ISSUE,CLOSED
COMP012009,CUST032197,CARD_ISSUE,CLOSED
COMP012010,CUST034408,FRAUD_ALERT,OPEN
COMP012011,CUST067233,LOAN_ISSUE,OPEN
COMP012012,CUST028675,UPI_ISSUE,OPEN
COMP012013,CUST040866,UPI_ISSUE,OPEN
COMP012014,CUST048970,UPI_ISSUE,CLOSED
COMP012015,CUST091564,UPI_ISSUE,OPEN
COMP012016,CUST099154,CARD_ISSUE,OPEN
COMP012017,CUST043425,LOAN_ISSUE,OPEN
COMP012018,CUST027229,LOAN_ISSUE,CLOSED
COMP012019,CUST052830,UPI_ISSUE,CLOSED
COMP012020,CUST082240,UPI_ISSUE,CLOSED
COMP012021,CUST096911,CARD_ISSUE,OPEN
COMP012022,CUST044406,FRAUD_ALERT,OPEN
COMP012023,CUST092646,FRAUD_ALERT,CLOSED
COMP012024,CUST041044,LOAN_ISSUE,OPEN
COMP012025,CUST016764,LOAN_ISSUE,OPEN
COMP012026,CUST085750,LOAN_ISSUE,OPEN
COMP012027,CUST000980,CARD_ISSUE,CLOSED
COMP012028,CUST056961,UPI_ISSUE,OPEN
COMP012029,CUST085663,CARD_ISSUE,OPEN
COMP012030,CUST035269,LOAN_ISSUE,OPEN
COMP012031,CUST064049,CARD_ISSUE,CLOSED
COMP012032,CUST073639,UPI_ISSUE,OPEN
COMP012033,CUST032536,FRAUD_ALERT,CLOSED
COMP012034,CUST011972,LOAN_ISSUE,CLOSED
COMP012035,CUST035206,LOAN_ISSUE,OPEN
COMP012036,CUST075715,FRAUD_ALERT,OPEN
COMP012037,CUST043702,CARD_ISSUE,CLOSED
COMP012038,CUST071781,FRAUD_ALERT,OPEN
COMP012039,CUST051121,UPI_ISSUE,OPEN
COMP012040,CUST017320,FRAUD_ALERT,OPEN
COMP012041,CUST059147,CARD_ISSUE,CLOSED
COMP012042,CUST018411,FRAUD_ALERT,CLOSED
COMP012043,CUST015963,UPI_ISSUE,CLOSED
COMP012044,CUST054095,FRAUD_ALERT,CLOSED
COMP012045,CUST029273,UPI_ISSUE,OPEN
COMP012046,CUST078068,UPI_ISSUE,OPEN
COMP012047,CUST074234,UPI_ISSUE,OPEN
COMP012048,CUST097003,LOAN_ISSUE,OPEN
COMP012049,CUST053490,UPI_ISSUE,OPEN
COMP012050,CUST027344,CARD_ISSUE,OPEN
COMP012051,CUST043490,UPI_ISSUE,OPEN
COMP012052,CUST033238,LOAN_ISSUE,OPEN
COMP012053,CUST047716,UPI_ISSUE,OPEN
COMP012054,CUST023081,CARD_ISSUE,OPEN
COMP012055,CUST011003,LOAN_ISSUE,CLOSED
COMP012056,CUST057600,LOAN_ISSUE,CLOSED
COMP012057,CUST007800,FRAUD_ALERT,CLOSED
COMP012058,CUST098600,LOAN_ISSUE,OPEN
COMP012059,CUST027696,LOAN_ISSUE,CLOSED
COMP012060,CUST001651,CARD_ISSUE,OPEN
COMP012061,CUST026253,CARD_ISSUE,CLOSED
COMP012062,CUST016962,CARD_ISSUE,OPEN
COMP012063,CUST003553,CARD_ISSUE,OPEN
COMP012064,CUST081881,UPI_ISSUE,OPEN
COMP012065,CUST097377,LOAN_ISSUE,CLOSED
COMP012066,CUST021949,CARD_ISSUE,OPEN
COMP012067,CUST056098,CARD_ISSUE,OPEN
COMP012068,CUST090199,LOAN_ISSUE,CLOSED
COMP012069,CUST082505,UPI_ISSUE,OPEN
COMP012070,CUST011889,FRAUD_ALERT,CLOSED
COMP012071,CUST037617,FRAUD_ALERT,CLOSED
COMP012072,CUST053000,LOAN_ISSUE,CLOSED
COMP012073,CUST079919,CARD_ISSUE,CLOSED
COMP012074,CUST045243,UPI_ISSUE,CLOSED
COMP012075,CUST036851,FRAUD_ALERT,OPEN
COMP012076,CUST039717,LOAN_ISSUE,CLOSED
COMP012077,CUST090034,UPI_ISSUE,CLOSED
COMP012078,CUST080182,UPI_ISSUE,OPEN
COMP012079,CUST098062,FRAUD_ALERT,OPEN
COMP012080,CUST097085,CARD_ISSUE,OPEN
COMP012081,CUST077991,LOAN_ISSUE,OPEN
COMP012082,CUST038532,LOAN_ISSUE,CLOSED
COMP012083,CUST060879,LOAN_ISSUE,CLOSED
COMP012084,CUST037281,UPI_ISSUE,CLOSED
COMP012085,CUST074142,LOAN_ISSUE,OPEN
COMP012086,CUST015703,LOAN_ISSUE,OPEN
COMP012087,CUST047733,FRAUD_ALERT,CLOSED
COMP012088,CUST023307,LOAN_ISSUE,OPEN
COMP012089,CUST043899,LOAN_ISSUE,CLOSED
COMP012090,CUST060838,FRAUD_ALERT,CLOSED
COMP012091,CUST021819,LOAN_ISSUE,CLOSED
COMP012092,CUST074439,FRAUD_ALERT,OPEN
COMP012093,CUST001105,UPI_ISSUE,CLOSED
COMP012094,CUST079526,CARD_ISSUE,CLOSED
COMP012095,CUST034332,LOAN_ISSUE,CLOSED
COMP012096,CUST014929,UPI_ISSUE,CLOSED
COMP012097,CUST053509,LOAN_ISSUE,CLOSED
COMP012098,CUST022675,CARD_ISSUE,CLOSED
COMP012099,CUST077446,LOAN_ISSUE,OPEN
COMP012100,CUST094605,LOAN_ISSUE,CLOSED
COMP012101,CUST030253,FRAUD_ALERT,OPEN
COMP012102,CUST044578,CARD_ISSUE,OPEN
COMP012103,CUST018278,UPI_ISSUE,OPEN
COMP012104,CUST028530,LOAN_ISSUE,OPEN
COMP012105,CUST063252,CARD_ISSUE,CLOSED
COMP012106,CUST005347,UPI_ISSUE,CLOSED
COMP012107,CUST057160,CARD_ISSUE,CLOSED
COMP012108,CUST021311,CARD_ISSUE,CLOSED
COMP012109,CUST050588,CARD_ISSUE,CLOSED
COMP012110,CUST049089,UPI_ISSUE,OPEN
COMP012111,CUST073772,CARD_ISSUE,CLOSED
COMP012112,CUST024881,FRAUD_ALERT,OPEN
COMP012113,CUST017901,CARD_ISSUE,CLOSED
COMP012114,CUST065451,UPI_ISSUE,OPEN
COMP012115,CUST015334,FRAUD_ALERT,OPEN
COMP012116,CUST016903,LOAN_ISSUE,OPEN
COMP012117,CUST095341,FRAUD_ALERT,CLOSED
COMP012118,CUST082195,LOAN_ISSUE,OPEN
COMP012119,CUST025303,CARD_ISSUE,CLOSED
COMP012120,CUST043376,FRAUD_ALERT,OPEN
COMP012121,CUST099763,FRAUD_ALERT,CLOSED
COMP012122,CUST006708,FRAUD_ALERT,CLOSED
COMP012123,CUST017997,LOAN_ISSUE,OPEN
COMP012124,CUST072166,FRAUD_ALERT,CLOSED
COMP012125,CUST096583,UPI_ISSUE,OPEN
COMP012126,CUST006124,LOAN_ISSUE,OPEN
COMP012127,CUST012974,LOAN_ISSUE,CLOSED
COMP012128,CUST064869,UPI_ISSUE,OPEN
COMP012129,CUST087733,FRAUD_ALERT,OPEN
COMP012130,CUST097756,UPI_ISSUE,CLOSED
COMP012131,CUST049046,FRAUD_ALERT,OPEN
COMP012132,CUST000156,CARD_ISSUE,OPEN
COMP012133,CUST095964,FRAUD_ALERT,OPEN
COMP012134,CUST035013,FRAUD_ALERT,OPEN
COMP012135,CUST007378,UPI_ISSUE,OPEN
COMP012136,CUST067791,UPI_ISSUE,OPEN
COMP012137,CUST039894,LOAN_ISSUE,CLOSED
COMP012138,CUST031787,LOAN_ISSUE,CLOSED
COMP012139,CUST003106,LOAN_ISSUE,CLOSED
COMP012140,CUST062316,UPI_ISSUE,CLOSED
COMP012141,CUST082506,FRAUD_ALERT,OPEN
COMP012142,CUST026301,CARD_ISSUE,CLOSED
COMP012143,CUST060262,CARD_ISSUE,OPEN
COMP012144,CUST096259,CARD_ISSUE,OPEN
COMP012145,CUST026175,FRAUD_ALERT,CLOSED
COMP012146,CUST058862,UPI_ISSUE,OPEN
COMP012147,CUST015619,UPI_ISSUE,CLOSED
COMP012148,CUST033578,CARD_ISSUE,CLOSED
COMP012149,CUST065783,FRAUD_ALERT,CLOSED
COMP012150,CUST030249,FRAUD_ALERT,CLOSED
COMP012151,CUST049862,FRAUD_ALERT,OPEN
COMP012152,CUST030244,UPI_ISSUE,OPEN
COMP012153,CUST012224,LOAN_ISSUE,OPEN
COMP012154,CUST041135,FRAUD_ALERT,OPEN
COMP012155,CUST096851,LOAN_ISSUE,OPEN
COMP012156,CUST012957,UPI_ISSUE,CLOSED
COMP012157,CUST068068,CARD_ISSUE,CLOSED
COMP012158,CUST073543,CARD_ISSUE,CLOSED
COMP012159,CUST003904,LOAN_ISSUE,CLOSED
COMP012160,CUST029742,LOAN_ISSUE,CLOSED
COMP012161,CUST055135,LOAN_ISSUE,OPEN
COMP012162,CUST066442,LOAN_ISSUE,CLOSED
COMP012163,CUST030424,FRAUD_ALERT,CLOSED
COMP012164,CUST027001,LOAN_ISSUE,OPEN
COMP012165,CUST074141,FRAUD_ALERT,OPEN
COMP012166,CUST065940,CARD_ISSUE,CLOSED
COMP012167,CUST046176,CARD_ISSUE,CLOSED
COMP012168,CUST045227,CARD_ISSUE,OPEN
COMP012169,CUST094344,LOAN_ISSUE,CLOSED
COMP012170,CUST073982,LOAN_ISSUE,OPEN
COMP012171,CUST015782,CARD_ISSUE,CLOSED
COMP012172,CUST031791,FRAUD_ALERT,CLOSED
COMP012173,CUST081710,FRAUD_ALERT,CLOSED
COMP012174,CUST044807,FRAUD_ALERT,CLOSED
COMP012175,CUST065332,UPI_ISSUE,CLOSED
COMP012176,CUST078518,CARD_ISSUE,OPEN
COMP012177,CUST072652,FRAUD_ALERT,OPEN
COMP012178,CUST048658,LOAN_ISSUE,OPEN
COMP012179,CUST081384,LOAN_ISSUE,OPEN
COMP012180,CUST022438,UPI_ISSUE,CLOSED
COMP012181,CUST016031,FRAUD_ALERT,OPEN
COMP012182,CUST028405,UPI_ISSUE,OPEN
COMP012183,CUST091582,CARD_ISSUE,CLOSED
COMP012184,CUST049511,LOAN_ISSUE,CLOSED
COMP012185,CUST001665,CARD_ISSUE,CLOSED
COMP012186,CUST044107,UPI_ISSUE,OPEN
COMP012187,CUST081492,FRAUD_ALERT,OPEN
COMP012188,CUST067465,CARD_ISSUE,OPEN
COMP012189,CUST019259,FRAUD_ALERT,OPEN
COMP012190,CUST079184,LOAN_ISSUE,OPEN
COMP012191,CUST059967,UPI_ISSUE,OPEN
COMP012192,CUST002870,CARD_ISSUE,CLOSED
COMP012193,CUST020735,LOAN_ISSUE,CLOSED
COMP012194,CUST063639,FRAUD_ALERT,OPEN
COMP012195,CUST027683,CARD_ISSUE,OPEN
COMP012196,CUST015853,CARD_ISSUE,CLOSED
COMP012197,CUST012541,FRAUD_ALERT,OPEN
COMP012198,CUST016375,LOAN_ISSUE,CLOSED
COMP012199,CUST031910,CARD_ISSUE,OPEN
COMP012200,CUST012673,FRAUD_ALERT,OPEN
COMP012201,CUST025924,LOAN_ISSUE,CLOSED
COMP012202,CUST026024,LOAN_ISSUE,CLOSED
COMP012203,CUST010477,CARD_ISSUE,CLOSED
COMP012204,CUST001835,CARD_ISSUE,OPEN
COMP012205,CUST078641,CARD_ISSUE,CLOSED
COMP012206,CUST058247,LOAN_ISSUE,OPEN
COMP012207,CUST046491,FRAUD_ALERT,OPEN
COMP012208,CUST084181,FRAUD_ALERT,OPEN
COMP012209,CUST014027,FRAUD_ALERT,OPEN
COMP012210,CUST014376,UPI_ISSUE,OPEN
COMP012211,CUST075873,UPI_ISSUE,CLOSED
COMP012212,CUST074486,LOAN_ISSUE,CLOSED
COMP012213,CUST030537,FRAUD_ALERT,CLOSED
COMP012214,CUST067367,FRAUD_ALERT,OPEN
COMP012215,CUST037472,LOAN_ISSUE,OPEN
COMP012216,CUST017328,CARD_ISSUE,OPEN
COMP012217,CUST049541,LOAN_ISSUE,OPEN
COMP012218,CUST006790,CARD_ISSUE,OPEN
COMP012219,CUST010032,UPI_ISSUE,CLOSED
COMP012220,CUST054103,UPI_ISSUE,CLOSED
COMP012221,CUST085950,UPI_ISSUE,OPEN
COMP012222,CUST003694,UPI_ISSUE,OPEN
COMP012223,CUST001300,UPI_ISSUE,CLOSED
COMP012224,CUST035492,LOAN_ISSUE,OPEN
COMP012225,CUST078974,LOAN_ISSUE,OPEN
COMP012226,CUST018650,CARD_ISSUE,OPEN
COMP012227,CUST056009,FRAUD_ALERT,OPEN
COMP012228,CUST079705,UPI_ISSUE,OPEN
COMP012229,CUST026478,FRAUD_ALERT,CLOSED
COMP012230,CUST088920,CARD_ISSUE,CLOSED
COMP012231,CUST044799,FRAUD_ALERT,OPEN
COMP012232,CUST032101,CARD_ISSUE,CLOSED
COMP012233,CUST065113,CARD_ISSUE,OPEN
COMP012234,CUST080127,FRAUD_ALERT,OPEN
COMP012235,CUST018944,UPI_ISSUE,OPEN
COMP012236,CUST049553,UPI_ISSUE,OPEN
COMP012237,CUST063063,LOAN_ISSUE,CLOSED
COMP012238,CUST090142,UPI_ISSUE,OPEN
COMP012239,CUST025806,LOAN_ISSUE,OPEN
COMP012240,CUST051462,FRAUD_ALERT,OPEN
COMP012241,CUST094014,UPI_ISSUE,OPEN
COMP012242,CUST092733,CARD_ISSUE,OPEN
COMP012243,CUST048299,UPI_ISSUE,CLOSED
COMP012244,CUST005933,CARD_ISSUE,OPEN
COMP012245,CUST066979,UPI_ISSUE,CLOSED
COMP012246,CUST097607,CARD_ISSUE,CLOSED
COMP012247,CUST016954,UPI_ISSUE,CLOSED
COMP012248,CUST064850,LOAN_ISSUE,CLOSED
COMP012249,CUST043186,UPI_ISSUE,OPEN
COMP012250,CUST077763,LOAN_ISSUE,CLOSED
COMP012251,CUST060771,UPI_ISSUE,CLOSED
COMP012252,CUST025942,UPI_ISSUE,OPEN
COMP012253,CUST047000,UPI_ISSUE,CLOSED
COMP012254,CUST024504,UPI_ISSUE,CLOSED
COMP012255,CUST008552,UPI_ISSUE,CLOSED
COMP012256,CUST084901,FRAUD_ALERT,CLOSED
COMP012257,CUST093624,LOAN_ISSUE,CLOSED
COMP012258,CUST060007,FRAUD_ALERT,OPEN
COMP012259,CUST050965,UPI_ISSUE,CLOSED
COMP012260,CUST049263,CARD_ISSUE,OPEN
COMP012261,CUST074628,FRAUD_ALERT,OPEN
COMP012262,CUST041573,FRAUD_ALERT,OPEN
COMP012263,CUST054191,CARD_ISSUE,CLOSED
COMP012264,CUST016519,FRAUD_ALERT,CLOSED
COMP012265,CUST061869,LOAN_ISSUE,CLOSED
COMP012266,CUST067151,CARD_ISSUE,CLOSED
COMP012267,CUST075197,CARD_ISSUE,CLOSED
COMP012268,CUST006564,LOAN_ISSUE,OPEN
COMP012269,CUST068920,UPI_ISSUE,CLOSED
COMP012270,CUST026314,UPI_ISSUE,CLOSED
COMP012271,CUST082091,UPI_ISSUE,CLOSED
COMP012272,CUST057572,FRAUD_ALERT,OPEN
COMP012273,CUST055677,FRAUD_ALERT,OPEN
COMP012274,CUST025128,UPI_ISSUE,OPEN
COMP012275,CUST024512,FRAUD_ALERT,CLOSED
COMP012276,CUST042279,CARD_ISSUE,CLOSED
COMP012277,CUST032075,CARD_ISSUE,OPEN
COMP012278,CUST063870,CARD_ISSUE,OPEN
COMP012279,CUST038360,CARD_ISSUE,CLOSED
COMP012280,CUST026785,CARD_ISSUE,OPEN
COMP012281,CUST096586,UPI_ISSUE,OPEN
COMP012282,CUST083713,FRAUD_ALERT,OPEN
COMP012283,CUST019039,CARD_ISSUE,CLOSED
COMP012284,CUST073701,CARD_ISSUE,OPEN
COMP012285,CUST083869,LOAN_ISSUE,CLOSED
COMP012286,CUST080387,UPI_ISSUE,OPEN
COMP012287,CUST034923,FRAUD_ALERT,OPEN
COMP012288,CUST029275,LOAN_ISSUE,OPEN
COMP012289,CUST092849,FRAUD_ALERT,CLOSED
COMP012290,CUST098025,FRAUD_ALERT,OPEN
COMP012291,CUST098875,LOAN_ISSUE,OPEN
COMP012292,CUST024418,FRAUD_ALERT,CLOSED
COMP012293,CUST038629,UPI_ISSUE,OPEN
COMP012294,CUST038716,CARD_ISSUE,OPEN
COMP012295,CUST034001,FRAUD_ALERT,CLOSED
COMP012296,CUST056629,FRAUD_ALERT,OPEN
COMP012297,CUST061066,CARD_ISSUE,OPEN
COMP012298,CUST072697,LOAN_ISSUE,OPEN
COMP012299,CUST015845,FRAUD_ALERT,OPEN
COMP012300,CUST081508,UPI_ISSUE,CLOSED
COMP012301,CUST045783,FRAUD_ALERT,OPEN
COMP012302,CUST031998,FRAUD_ALERT,CLOSED
COMP012303,CUST075432,LOAN_ISSUE,OPEN
COMP012304,CUST097452,FRAUD_ALERT,OPEN
COMP012305,CUST097346,FRAUD_ALERT,CLOSED
COMP012306,CUST016968,CARD_ISSUE,CLOSED
COMP012307,CUST063362,UPI_ISSUE,CLOSED
COMP012308,CUST033438,UPI_ISSUE,CLOSED
COMP012309,CUST060199,CARD_ISSUE,OPEN
COMP012310,CUST027892,UPI_ISSUE,CLOSED
COMP012311,CUST018673,LOAN_ISSUE,OPEN
COMP012312,CUST086735,UPI_ISSUE,OPEN
COMP012313,CUST000470,UPI_ISSUE,CLOSED
COMP012314,CUST096012,CARD_ISSUE,CLOSED
COMP012315,CUST003706,FRAUD_ALERT,OPEN
COMP012316,CUST002136,FRAUD_ALERT,OPEN
COMP012317,CUST095987,FRAUD_ALERT,OPEN
COMP012318,CUST004639,LOAN_ISSUE,CLOSED
COMP012319,CUST035448,UPI_ISSUE,CLOSED
COMP012320,CUST023978,CARD_ISSUE,CLOSED
COMP012321,CUST015967,LOAN_ISSUE,CLOSED
COMP012322,CUST020377,CARD_ISSUE,OPEN
COMP012323,CUST060122,LOAN_ISSUE,OPEN
COMP012324,CUST046737,UPI_ISSUE,CLOSED
COMP012325,CUST079807,LOAN_ISSUE,OPEN
COMP012326,CUST014626,FRAUD_ALERT,OPEN
COMP012327,CUST033940,FRAUD_ALERT,CLOSED
COMP012328,CUST061584,CARD_ISSUE,OPEN
COMP012329,CUST016102,UPI_ISSUE,OPEN
COMP012330,CUST060413,UPI_ISSUE,OPEN
COMP012331,CUST087660,UPI_ISSUE,CLOSED
COMP012332,CUST086646,LOAN_ISSUE,CLOSED
COMP012333,CUST059605,LOAN_ISSUE,OPEN
COMP012334,CUST074947,LOAN_ISSUE,CLOSED
COMP012335,CUST028394,UPI_ISSUE,OPEN
COMP012336,CUST051161,FRAUD_ALERT,CLOSED
COMP012337,CUST089078,FRAUD_ALERT,CLOSED
COMP012338,CUST066276,LOAN_ISSUE,OPEN
COMP012339,CUST014457,UPI_ISSUE,CLOSED
COMP012340,CUST038547,CARD_ISSUE,OPEN
COMP012341,CUST031234,CARD_ISSUE,OPEN
COMP012342,CUST060712,CARD_ISSUE,OPEN
COMP012343,CUST009084,UPI_ISSUE,OPEN
COMP012344,CUST090792,CARD_ISSUE,CLOSED
COMP012345,CUST067679,LOAN_ISSUE,OPEN
COMP012346,CUST002756,CARD_ISSUE,OPEN
COMP012347,CUST082443,FRAUD_ALERT,CLOSED
COMP012348,CUST095719,LOAN_ISSUE,CLOSED
COMP012349,CUST098758,FRAUD_ALERT,OPEN
COMP012350,CUST003665,UPI_ISSUE,OPEN
COMP012351,CUST005429,LOAN_ISSUE,OPEN
COMP012352,CUST017355,LOAN_ISSUE,OPEN
COMP012353,CUST020259,LOAN_ISSUE,CLOSED
COMP012354,CUST099755,UPI_ISSUE,CLOSED
COMP012355,CUST062478,CARD_ISSUE,OPEN
COMP012356,CUST051356,UPI_ISSUE,CLOSED
COMP012357,CUST075618,UPI_ISSUE,OPEN
COMP012358,CUST077656,UPI_ISSUE,CLOSED
COMP012359,CUST087369,FRAUD_ALERT,OPEN
COMP012360,CUST021685,CARD_ISSUE,CLOSED
COMP012361,CUST057907,UPI_ISSUE,OPEN
COMP012362,CUST007642,UPI_ISSUE,OPEN
COMP012363,CUST013337,CARD_ISSUE,OPEN
COMP012364,CUST039380,FRAUD_ALERT,CLOSED
COMP012365,CUST082042,UPI_ISSUE,CLOSED
COMP012366,CUST000103,UPI_ISSUE,CLOSED
COMP012367,CUST052116,CARD_ISSUE,OPEN
COMP012368,CUST070819,CARD_ISSUE,OPEN
COMP012369,CUST050528,CARD_ISSUE,OPEN
COMP012370,CUST069973,LOAN_ISSUE,OPEN
COMP012371,CUST054079,CARD_ISSUE,OPEN
COMP012372,CUST064016,FRAUD_ALERT,OPEN
COMP012373,CUST071152,CARD_ISSUE,OPEN
COMP012374,CUST016041,UPI_ISSUE,CLOSED
COMP012375,CUST081017,UPI_ISSUE,CLOSED
COMP012376,CUST012200,LOAN_ISSUE,OPEN
COMP012377,CUST094343,FRAUD_ALERT,CLOSED
COMP012378,CUST044811,FRAUD_ALERT,OPEN
COMP012379,CUST071195,FRAUD_ALERT,OPEN
COMP012380,CUST014403,UPI_ISSUE,CLOSED
COMP012381,CUST005088,UPI_ISSUE,OPEN
COMP012382,CUST061838,LOAN_ISSUE,CLOSED
COMP012383,CUST048609,FRAUD_ALERT,CLOSED
COMP012384,CUST016170,CARD_ISSUE,OPEN
COMP012385,CUST073754,CARD_ISSUE,OPEN
COMP012386,CUST090024,LOAN_ISSUE,CLOSED
COMP012387,CUST031397,CARD_ISSUE,OPEN
COMP012388,CUST000924,CARD_ISSUE,CLOSED
COMP012389,CUST099178,FRAUD_ALERT,CLOSED
COMP012390,CUST096250,CARD_ISSUE,OPEN
COMP012391,CUST011726,CARD_ISSUE,CLOSED
COMP012392,CUST007016,FRAUD_ALERT,OPEN
COMP012393,CUST080727,CARD_ISSUE,CLOSED
COMP012394,CUST060773,LOAN_ISSUE,CLOSED
COMP012395,CUST036648,CARD_ISSUE,OPEN
COMP012396,CUST098380,CARD_ISSUE,OPEN
COMP012397,CUST010892,CARD_ISSUE,OPEN
COMP012398,CUST048118,LOAN_ISSUE,OPEN
COMP012399,CUST090546,CARD_ISSUE,CLOSED
COMP012400,CUST072206,CARD_ISSUE,OPEN
COMP012401,CUST085963,CARD_ISSUE,OPEN
COMP012402,CUST073548,FRAUD_ALERT,CLOSED
COMP012403,CUST045530,LOAN_ISSUE,CLOSED
COMP012404,CUST043307,CARD_ISSUE,CLOSED
COMP012405,CUST004413,CARD_ISSUE,OPEN
COMP012406,CUST076452,CARD_ISSUE,OPEN
COMP012407,CUST047046,FRAUD_ALERT,OPEN
COMP012408,CUST025591,LOAN_ISSUE,CLOSED
COMP012409,CUST085069,FRAUD_ALERT,CLOSED
COMP012410,CUST072621,CARD_ISSUE,CLOSED
COMP012411,CUST075724,CARD_ISSUE,CLOSED
COMP012412,CUST022748,UPI_ISSUE,OPEN
COMP012413,CUST094561,CARD_ISSUE,OPEN
COMP012414,CUST074657,UPI_ISSUE,OPEN
COMP012415,CUST095838,CARD_ISSUE,OPEN
COMP012416,CUST076549,LOAN_ISSUE,CLOSED
COMP012417,CUST097048,UPI_ISSUE,CLOSED
COMP012418,CUST038843,CARD_ISSUE,OPEN
COMP012419,CUST096127,FRAUD_ALERT,CLOSED
COMP012420,CUST092311,CARD_ISSUE,OPEN
COMP012421,CUST060682,LOAN_ISSUE,CLOSED
COMP012422,CUST082274,CARD_ISSUE,OPEN
COMP012423,CUST067533,LOAN_ISSUE,CLOSED
COMP012424,CUST071896,LOAN_ISSUE,CLOSED
COMP012425,CUST019549,LOAN_ISSUE,OPEN
COMP012426,CUST009000,UPI_ISSUE,OPEN
COMP012427,CUST088787,FRAUD_ALERT,CLOSED
COMP012428,CUST048121,LOAN_ISSUE,OPEN
COMP012429,CUST029299,LOAN_ISSUE,OPEN
COMP012430,CUST022501,LOAN_ISSUE,CLOSED
COMP012431,CUST081765,FRAUD_ALERT,OPEN
COMP012432,CUST063415,LOAN_ISSUE,CLOSED
COMP012433,CUST030173,CARD_ISSUE,OPEN
COMP012434,CUST010430,FRAUD_ALERT,OPEN
COMP012435,CUST023989,FRAUD_ALERT,OPEN
COMP012436,CUST074272,FRAUD_ALERT,CLOSED
COMP012437,CUST060984,CARD_ISSUE,CLOSED
COMP012438,CUST070199,FRAUD_ALERT,CLOSED
COMP012439,CUST043194,CARD_ISSUE,OPEN
COMP012440,CUST030368,FRAUD_ALERT,OPEN
COMP012441,CUST048277,CARD_ISSUE,CLOSED
COMP012442,CUST004526,FRAUD_ALERT,OPEN
COMP012443,CUST083232,FRAUD_ALERT,OPEN
COMP012444,CUST028093,LOAN_ISSUE,CLOSED
COMP012445,CUST056400,FRAUD_ALERT,CLOSED
COMP012446,CUST045971,LOAN_ISSUE,CLOSED
COMP012447,CUST026208,UPI_ISSUE,OPEN
COMP012448,CUST093364,FRAUD_ALERT,CLOSED
COMP012449,CUST055119,FRAUD_ALERT,CLOSED
COMP012450,CUST030789,CARD_ISSUE,OPEN
COMP012451,CUST091809,UPI_ISSUE,OPEN
COMP012452,CUST088348,CARD_ISSUE,CLOSED
COMP012453,CUST016856,LOAN_ISSUE,CLOSED
COMP012454,CUST055010,LOAN_ISSUE,CLOSED
COMP012455,CUST040143,FRAUD_ALERT,OPEN
COMP012456,CUST027313,LOAN_ISSUE,CLOSED
COMP012457,CUST060064,FRAUD_ALERT,CLOSED
COMP012458,CUST061499,UPI_ISSUE,OPEN
COMP012459,CUST059521,CARD_ISSUE,CLOSED
COMP012460,CUST007057,LOAN_ISSUE,CLOSED
COMP012461,CUST095684,UPI_ISSUE,CLOSED
COMP012462,CUST088768,FRAUD_ALERT,CLOSED
COMP012463,CUST016777,FRAUD_ALERT,OPEN
COMP012464,CUST058507,UPI_ISSUE,CLOSED
COMP012465,CUST047749,FRAUD_ALERT,CLOSED
COMP012466,CUST062505,CARD_ISSUE,CLOSED
COMP012467,CUST007344,FRAUD_ALERT,CLOSED
COMP012468,CUST057062,FRAUD_ALERT,CLOSED
COMP012469,CUST065920,UPI_ISSUE,CLOSED
COMP012470,CUST061440,LOAN_ISSUE,CLOSED
COMP012471,CUST077823,UPI_ISSUE,OPEN
COMP012472,CUST030972,FRAUD_ALERT,OPEN
COMP012473,CUST086572,CARD_ISSUE,CLOSED
COMP012474,CUST007745,CARD_ISSUE,CLOSED
COMP012475,CUST090568,CARD_ISSUE,CLOSED
COMP012476,CUST062460,LOAN_ISSUE,CLOSED
COMP012477,CUST017686,UPI_ISSUE,OPEN
COMP012478,CUST063422,LOAN_ISSUE,OPEN
COMP012479,CUST018267,LOAN_ISSUE,OPEN
COMP012480,CUST052767,UPI_ISSUE,OPEN
COMP012481,CUST009629,UPI_ISSUE,OPEN
COMP012482,CUST014618,FRAUD_ALERT,OPEN
COMP012483,CUST020978,CARD_ISSUE,CLOSED
COMP012484,CUST039989,LOAN_ISSUE,CLOSED
COMP012485,CUST070721,FRAUD_ALERT,CLOSED
COMP012486,CUST024282,CARD_ISSUE,CLOSED
COMP012487,CUST077616,LOAN_ISSUE,OPEN
COMP012488,CUST016215,CARD_ISSUE,OPEN
COMP012489,CUST067984,LOAN_ISSUE,OPEN
COMP012490,CUST067256,CARD_ISSUE,CLOSED
COMP012491,CUST019419,FRAUD_ALERT,OPEN
COMP012492,CUST013857,CARD_ISSUE,CLOSED
COMP012493,CUST023074,LOAN_ISSUE,OPEN
COMP012494,CUST066778,FRAUD_ALERT,OPEN
COMP012495,CUST007124,CARD_ISSUE,OPEN
COMP012496,CUST026814,FRAUD_ALERT,OPEN
COMP012497,CUST099559,UPI_ISSUE,OPEN
COMP012498,CUST083536,LOAN_ISSUE,OPEN
COMP012499,CUST001283,LOAN_ISSUE,CLOSED
COMP012500,CUST060991,FRAUD_ALERT,OPEN
COMP012501,CUST084893,FRAUD_ALERT,CLOSED
COMP012502,CUST012177,CARD_ISSUE,CLOSED
COMP012503,CUST061539,LOAN_ISSUE,CLOSED
COMP012504,CUST008284,CARD_ISSUE,OPEN
COMP012505,CUST059362,FRAUD_ALERT,OPEN
COMP012506,CUST092732,UPI_ISSUE,OPEN
COMP012507,CUST033897,CARD_ISSUE,OPEN
COMP012508,CUST038880,UPI_ISSUE,OPEN
COMP012509,CUST036498,LOAN_ISSUE,OPEN
COMP012510,CUST062596,CARD_ISSUE,CLOSED
COMP012511,CUST009751,UPI_ISSUE,CLOSED
COMP012512,CUST044531,FRAUD_ALERT,CLOSED
COMP012513,CUST082204,CARD_ISSUE,CLOSED
COMP012514,CUST099506,CARD_ISSUE,OPEN
COMP012515,CUST013549,UPI_ISSUE,CLOSED
COMP012516,CUST096696,LOAN_ISSUE,OPEN
COMP012517,CUST088068,UPI_ISSUE,CLOSED
COMP012518,CUST061323,LOAN_ISSUE,OPEN
COMP012519,CUST073345,LOAN_ISSUE,CLOSED
COMP012520,CUST036223,CARD_ISSUE,CLOSED
COMP012521,CUST060658,UPI_ISSUE,OPEN
COMP012522,CUST053490,FRAUD_ALERT,OPEN
COMP012523,CUST002622,UPI_ISSUE,CLOSED
COMP012524,CUST053931,CARD_ISSUE,OPEN
COMP012525,CUST076844,FRAUD_ALERT,CLOSED
COMP012526,CUST012224,FRAUD_ALERT,CLOSED
COMP012527,CUST090584,FRAUD_ALERT,OPEN
COMP012528,CUST049536,LOAN_ISSUE,CLOSED
COMP012529,CUST012279,LOAN_ISSUE,CLOSED
COMP012530,CUST066128,FRAUD_ALERT,CLOSED
COMP012531,CUST031122,FRAUD_ALERT,CLOSED
COMP012532,CUST099992,LOAN_ISSUE,CLOSED
COMP012533,CUST075103,CARD_ISSUE,CLOSED
COMP012534,CUST058425,UPI_ISSUE,OPEN
COMP012535,CUST016176,FRAUD_ALERT,CLOSED
COMP012536,CUST095465,LOAN_ISSUE,OPEN
COMP012537,CUST001276,CARD_ISSUE,OPEN
COMP012538,CUST033351,UPI_ISSUE,CLOSED
COMP012539,CUST051569,LOAN_ISSUE,CLOSED
COMP012540,CUST069126,CARD_ISSUE,OPEN
COMP012541,CUST061737,FRAUD_ALERT,CLOSED
COMP012542,CUST020339,FRAUD_ALERT,CLOSED
COMP012543,CUST027582,LOAN_ISSUE,OPEN
COMP012544,CUST086535,FRAUD_ALERT,OPEN
COMP012545,CUST075387,UPI_ISSUE,OPEN
COMP012546,CUST041948,LOAN_ISSUE,CLOSED
COMP012547,CUST011238,UPI_ISSUE,CLOSED
COMP012548,CUST078152,UPI_ISSUE,CLOSED
COMP012549,CUST013032,CARD_ISSUE,OPEN
COMP012550,CUST029921,LOAN_ISSUE,CLOSED
COMP012551,CUST062221,UPI_ISSUE,CLOSED
COMP012552,CUST082267,LOAN_ISSUE,CLOSED
COMP012553,CUST032971,UPI_ISSUE,CLOSED
COMP012554,CUST038897,FRAUD_ALERT,CLOSED
COMP012555,CUST050594,FRAUD_ALERT,OPEN
COMP012556,CUST062386,LOAN_ISSUE,CLOSED
COMP012557,CUST058770,CARD_ISSUE,CLOSED
COMP012558,CUST088607,LOAN_ISSUE,CLOSED
COMP012559,CUST008072,FRAUD_ALERT,CLOSED
COMP012560,CUST055556,UPI_ISSUE,OPEN
COMP012561,CUST085219,CARD_ISSUE,OPEN
COMP012562,CUST014520,UPI_ISSUE,OPEN
COMP012563,CUST006830,FRAUD_ALERT,OPEN
COMP012564,CUST040042,UPI_ISSUE,OPEN
COMP012565,CUST014148,FRAUD_ALERT,OPEN
COMP012566,CUST048131,FRAUD_ALERT,OPEN
COMP012567,CUST030291,UPI_ISSUE,OPEN
COMP012568,CUST060729,CARD_ISSUE,CLOSED
COMP012569,CUST041864,FRAUD_ALERT,OPEN
COMP012570,CUST012928,FRAUD_ALERT,OPEN
COMP012571,CUST026030,LOAN_ISSUE,OPEN
COMP012572,CUST096130,CARD_ISSUE,CLOSED
COMP012573,CUST096191,UPI_ISSUE,CLOSED
COMP012574,CUST092100,LOAN_ISSUE,OPEN
COMP012575,CUST034892,CARD_ISSUE,CLOSED
COMP012576,CUST084171,FRAUD_ALERT,OPEN
COMP012577,CUST014685,CARD_ISSUE,OPEN
COMP012578,CUST052133,FRAUD_ALERT,OPEN
COMP012579,CUST014516,FRAUD_ALERT,OPEN
COMP012580,CUST045780,UPI_ISSUE,OPEN
COMP012581,CUST051904,FRAUD_ALERT,CLOSED
COMP012582,CUST054880,CARD_ISSUE,OPEN
COMP012583,CUST030430,UPI_ISSUE,CLOSED
COMP012584,CUST059149,UPI_ISSUE,OPEN
COMP012585,CUST002789,UPI_ISSUE,OPEN
COMP012586,CUST072359,UPI_ISSUE,OPEN
COMP012587,CUST030644,FRAUD_ALERT,CLOSED
COMP012588,CUST038319,LOAN_ISSUE,CLOSED
COMP012589,CUST071594,LOAN_ISSUE,OPEN
COMP012590,CUST040502,LOAN_ISSUE,OPEN
COMP012591,CUST011765,LOAN_ISSUE,OPEN
COMP012592,CUST065498,CARD_ISSUE,CLOSED
COMP012593,CUST003655,UPI_ISSUE,CLOSED
COMP012594,CUST031429,CARD_ISSUE,OPEN
COMP012595,CUST002200,FRAUD_ALERT,CLOSED
COMP012596,CUST051562,FRAUD_ALERT,OPEN
COMP012597,CUST097888,CARD_ISSUE,CLOSED
COMP012598,CUST005689,LOAN_ISSUE,CLOSED
COMP012599,CUST022193,LOAN_ISSUE,CLOSED
COMP012600,CUST048952,LOAN_ISSUE,CLOSED
COMP012601,CUST040704,FRAUD_ALERT,OPEN
COMP012602,CUST040946,CARD_ISSUE,CLOSED
COMP012603,CUST050955,UPI_ISSUE,CLOSED
COMP012604,CUST015840,CARD_ISSUE,OPEN
COMP012605,CUST090139,LOAN_ISSUE,CLOSED
COMP012606,CUST056282,LOAN_ISSUE,OPEN
COMP012607,CUST054811,CARD_ISSUE,CLOSED
COMP012608,CUST054784,CARD_ISSUE,OPEN
COMP012609,CUST076552,LOAN_ISSUE,CLOSED
COMP012610,CUST036308,CARD_ISSUE,CLOSED
COMP012611,CUST032796,LOAN_ISSUE,CLOSED
COMP012612,CUST038933,FRAUD_ALERT,OPEN
COMP012613,CUST004743,CARD_ISSUE,OPEN
COMP012614,CUST083106,UPI_ISSUE,OPEN
COMP012615,CUST037797,FRAUD_ALERT,CLOSED
COMP012616,CUST069882,UPI_ISSUE,OPEN
COMP012617,CUST092057,LOAN_ISSUE,OPEN
COMP012618,CUST089030,FRAUD_ALERT,OPEN
COMP012619,CUST044881,CARD_ISSUE,CLOSED
COMP012620,CUST019686,UPI_ISSUE,OPEN
COMP012621,CUST069964,LOAN_ISSUE,CLOSED
COMP012622,CUST067315,UPI_ISSUE,OPEN
COMP012623,CUST081250,UPI_ISSUE,CLOSED
COMP012624,CUST077847,LOAN_ISSUE,OPEN
COMP012625,CUST019518,FRAUD_ALERT,OPEN
COMP012626,CUST030845,LOAN_ISSUE,CLOSED
COMP012627,CUST080339,LOAN_ISSUE,CLOSED
COMP012628,CUST048954,UPI_ISSUE,OPEN
COMP012629,CUST065197,CARD_ISSUE,OPEN
COMP012630,CUST052061,LOAN_ISSUE,CLOSED
COMP012631,CUST068170,UPI_ISSUE,OPEN
COMP012632,CUST053075,UPI_ISSUE,OPEN
COMP012633,CUST088903,UPI_ISSUE,CLOSED
COMP012634,CUST032016,FRAUD_ALERT,OPEN
COMP012635,CUST090277,FRAUD_ALERT,OPEN
COMP012636,CUST055604,LOAN_ISSUE,CLOSED
COMP012637,CUST031281,FRAUD_ALERT,CLOSED
COMP012638,CUST084027,FRAUD_ALERT,CLOSED
COMP012639,CUST064495,CARD_ISSUE,OPEN
COMP012640,CUST041278,FRAUD_ALERT,CLOSED
COMP012641,CUST025672,LOAN_ISSUE,OPEN
COMP012642,CUST070266,FRAUD_ALERT,CLOSED
COMP012643,CUST087755,FRAUD_ALERT,CLOSED
COMP012644,CUST029460,FRAUD_ALERT,CLOSED
COMP012645,CUST081668,CARD_ISSUE,CLOSED
COMP012646,CUST097065,FRAUD_ALERT,OPEN
COMP012647,CUST081640,FRAUD_ALERT,CLOSED
COMP012648,CUST038693,FRAUD_ALERT,CLOSED
COMP012649,CUST060780,LOAN_ISSUE,CLOSED
COMP012650,CUST011701,FRAUD_ALERT,OPEN
COMP012651,CUST076945,UPI_ISSUE,OPEN
COMP012652,CUST093648,UPI_ISSUE,CLOSED
COMP012653,CUST032582,LOAN_ISSUE,CLOSED
COMP012654,CUST043892,CARD_ISSUE,CLOSED
COMP012655,CUST057052,LOAN_ISSUE,OPEN
COMP012656,CUST007313,FRAUD_ALERT,CLOSED
COMP012657,CUST019624,UPI_ISSUE,OPEN
COMP012658,CUST004703,UPI_ISSUE,CLOSED
COMP012659,CUST012715,LOAN_ISSUE,OPEN
COMP012660,CUST046467,LOAN_ISSUE,CLOSED
COMP012661,CUST019129,UPI_ISSUE,OPEN
COMP012662,CUST052615,FRAUD_ALERT,CLOSED
COMP012663,CUST022961,UPI_ISSUE,CLOSED
COMP012664,CUST072533,LOAN_ISSUE,CLOSED
COMP012665,CUST076081,FRAUD_ALERT,CLOSED
COMP012666,CUST061822,CARD_ISSUE,OPEN
COMP012667,CUST052573,UPI_ISSUE,OPEN
COMP012668,CUST029916,CARD_ISSUE,CLOSED
COMP012669,CUST077936,CARD_ISSUE,OPEN
COMP012670,CUST087909,LOAN_ISSUE,OPEN
COMP012671,CUST002322,UPI_ISSUE,CLOSED
COMP012672,CUST059049,FRAUD_ALERT,CLOSED
COMP012673,CUST004819,LOAN_ISSUE,CLOSED
COMP012674,CUST081974,FRAUD_ALERT,CLOSED
COMP012675,CUST051817,FRAUD_ALERT,OPEN
COMP012676,CUST082607,LOAN_ISSUE,CLOSED
COMP012677,CUST064529,FRAUD_ALERT,OPEN
COMP012678,CUST056725,CARD_ISSUE,OPEN
COMP012679,CUST007458,UPI_ISSUE,OPEN
COMP012680,CUST059967,UPI_ISSUE,OPEN
COMP012681,CUST068633,LOAN_ISSUE,CLOSED
COMP012682,CUST083137,LOAN_ISSUE,CLOSED
COMP012683,CUST055535,FRAUD_ALERT,OPEN
COMP012684,CUST092709,FRAUD_ALERT,CLOSED
COMP012685,CUST075169,UPI_ISSUE,OPEN
COMP012686,CUST075402,FRAUD_ALERT,CLOSED
COMP012687,CUST052158,CARD_ISSUE,CLOSED
COMP012688,CUST075849,FRAUD_ALERT,CLOSED
COMP012689,CUST060846,UPI_ISSUE,OPEN
COMP012690,CUST073792,FRAUD_ALERT,CLOSED
COMP012691,CUST052108,UPI_ISSUE,CLOSED
COMP012692,CUST044880,LOAN_ISSUE,OPEN
COMP012693,CUST057057,CARD_ISSUE,CLOSED
COMP012694,CUST031802,CARD_ISSUE,OPEN
COMP012695,CUST045223,FRAUD_ALERT,CLOSED
COMP012696,CUST089026,UPI_ISSUE,CLOSED
COMP012697,CUST019684,FRAUD_ALERT,CLOSED
COMP012698,CUST006573,CARD_ISSUE,OPEN
COMP012699,CUST073307,LOAN_ISSUE,CLOSED
COMP012700,CUST042596,UPI_ISSUE,OPEN
COMP012701,CUST013930,FRAUD_ALERT,CLOSED
COMP012702,CUST036116,FRAUD_ALERT,CLOSED
COMP012703,CUST066030,LOAN_ISSUE,OPEN
COMP012704,CUST064014,FRAUD_ALERT,CLOSED
COMP012705,CUST096324,UPI_ISSUE,OPEN
COMP012706,CUST003582,CARD_ISSUE,CLOSED
COMP012707,CUST056314,CARD_ISSUE,OPEN
COMP012708,CUST022925,LOAN_ISSUE,CLOSED
COMP012709,CUST025628,FRAUD_ALERT,CLOSED
COMP012710,CUST082187,LOAN_ISSUE,OPEN
COMP012711,CUST079990,LOAN_ISSUE,OPEN
COMP012712,CUST050215,CARD_ISSUE,CLOSED
COMP012713,CUST082832,FRAUD_ALERT,OPEN
COMP012714,CUST036241,LOAN_ISSUE,CLOSED
COMP012715,CUST038564,UPI_ISSUE,OPEN
COMP012716,CUST048113,CARD_ISSUE,OPEN
COMP012717,CUST077811,FRAUD_ALERT,CLOSED
COMP012718,CUST036846,UPI_ISSUE,CLOSED
COMP012719,CUST063930,CARD_ISSUE,CLOSED
COMP012720,CUST089106,CARD_ISSUE,OPEN
COMP012721,CUST014785,FRAUD_ALERT,CLOSED
COMP012722,CUST049640,LOAN_ISSUE,CLOSED
COMP012723,CUST020943,FRAUD_ALERT,OPEN
COMP012724,CUST087850,LOAN_ISSUE,OPEN
COMP012725,CUST004435,FRAUD_ALERT,OPEN
COMP012726,CUST075999,UPI_ISSUE,CLOSED
COMP012727,CUST022121,FRAUD_ALERT,OPEN
COMP012728,CUST053720,CARD_ISSUE,CLOSED
COMP012729,CUST032790,CARD_ISSUE,OPEN
COMP012730,CUST086743,UPI_ISSUE,OPEN
COMP012731,CUST074051,UPI_ISSUE,CLOSED
COMP012732,CUST068454,CARD_ISSUE,CLOSED
COMP012733,CUST048138,LOAN_ISSUE,CLOSED
COMP012734,CUST039653,UPI_ISSUE,CLOSED
COMP012735,CUST069548,CARD_ISSUE,CLOSED
COMP012736,CUST060691,UPI_ISSUE,OPEN
COMP012737,CUST039591,FRAUD_ALERT,OPEN
COMP012738,CUST098013,CARD_ISSUE,CLOSED
COMP012739,CUST082031,UPI_ISSUE,OPEN
COMP012740,CUST079874,FRAUD_ALERT,CLOSED
COMP012741,CUST011130,CARD_ISSUE,CLOSED
COMP012742,CUST068317,CARD_ISSUE,CLOSED
COMP012743,CUST020844,FRAUD_ALERT,CLOSED
COMP012744,CUST044825,FRAUD_ALERT,OPEN
COMP012745,CUST051660,LOAN_ISSUE,CLOSED
COMP012746,CUST067894,UPI_ISSUE,CLOSED
COMP012747,CUST059188,LOAN_ISSUE,CLOSED
COMP012748,CUST016561,FRAUD_ALERT,OPEN
COMP012749,CUST066321,FRAUD_ALERT,CLOSED
COMP012750,CUST036752,LOAN_ISSUE,CLOSED
COMP012751,CUST052353,UPI_ISSUE,CLOSED
COMP012752,CUST068838,LOAN_ISSUE,OPEN
COMP012753,CUST018172,CARD_ISSUE,OPEN
COMP012754,CUST063789,FRAUD_ALERT,CLOSED
COMP012755,CUST065121,FRAUD_ALERT,CLOSED
COMP012756,CUST077225,UPI_ISSUE,OPEN
COMP012757,CUST071531,CARD_ISSUE,CLOSED
COMP012758,CUST076415,FRAUD_ALERT,CLOSED
COMP012759,CUST056889,UPI_ISSUE,OPEN
COMP012760,CUST094021,LOAN_ISSUE,CLOSED
COMP012761,CUST052332,LOAN_ISSUE,OPEN
COMP012762,CUST061102,UPI_ISSUE,OPEN
COMP012763,CUST037088,FRAUD_ALERT,OPEN
COMP012764,CUST066446,FRAUD_ALERT,CLOSED
COMP012765,CUST056363,LOAN_ISSUE,OPEN
COMP012766,CUST028650,UPI_ISSUE,CLOSED
COMP012767,CUST061414,CARD_ISSUE,OPEN
COMP012768,CUST068197,LOAN_ISSUE,CLOSED
COMP012769,CUST034342,CARD_ISSUE,CLOSED
COMP012770,CUST062679,CARD_ISSUE,CLOSED
COMP012771,CUST003129,UPI_ISSUE,CLOSED
COMP012772,CUST053344,UPI_ISSUE,CLOSED
COMP012773,CUST012408,CARD_ISSUE,CLOSED
COMP012774,CUST098626,CARD_ISSUE,OPEN
COMP012775,CUST024702,FRAUD_ALERT,CLOSED
COMP012776,CUST036468,LOAN_ISSUE,OPEN
COMP012777,CUST068967,UPI_ISSUE,CLOSED
COMP012778,CUST044888,LOAN_ISSUE,CLOSED
COMP012779,CUST057500,LOAN_ISSUE,OPEN
COMP012780,CUST054102,FRAUD_ALERT,OPEN
COMP012781,CUST086103,FRAUD_ALERT,OPEN
COMP012782,CUST011422,LOAN_ISSUE,OPEN
COMP012783,CUST064999,LOAN_ISSUE,OPEN
COMP012784,CUST065624,CARD_ISSUE,OPEN
COMP012785,CUST088369,LOAN_ISSUE,OPEN
COMP012786,CUST028836,UPI_ISSUE,OPEN
COMP012787,CUST013680,LOAN_ISSUE,OPEN
COMP012788,CUST005418,FRAUD_ALERT,OPEN
COMP012789,CUST007742,UPI_ISSUE,OPEN
COMP012790,CUST090549,LOAN_ISSUE,CLOSED
COMP012791,CUST020088,UPI_ISSUE,OPEN
COMP012792,CUST076563,FRAUD_ALERT,CLOSED
COMP012793,CUST055012,FRAUD_ALERT,OPEN
COMP012794,CUST004679,UPI_ISSUE,OPEN
COMP012795,CUST059817,UPI_ISSUE,CLOSED
COMP012796,CUST056676,LOAN_ISSUE,CLOSED
COMP012797,CUST001018,CARD_ISSUE,OPEN
COMP012798,CUST050889,UPI_ISSUE,CLOSED
COMP012799,CUST065685,LOAN_ISSUE,OPEN
COMP012800,CUST045941,LOAN_ISSUE,OPEN
COMP012801,CUST090376,FRAUD_ALERT,CLOSED
COMP012802,CUST040039,LOAN_ISSUE,OPEN
COMP012803,CUST086888,FRAUD_ALERT,CLOSED
COMP012804,CUST043321,FRAUD_ALERT,OPEN
COMP012805,CUST034417,UPI_ISSUE,CLOSED
COMP012806,CUST077974,LOAN_ISSUE,OPEN
COMP012807,CUST027996,FRAUD_ALERT,CLOSED
COMP012808,CUST066011,FRAUD_ALERT,OPEN
COMP012809,CUST013891,UPI_ISSUE,CLOSED
COMP012810,CUST037890,FRAUD_ALERT,CLOSED
COMP012811,CUST013896,LOAN_ISSUE,CLOSED
COMP012812,CUST059060,FRAUD_ALERT,CLOSED
COMP012813,CUST011193,CARD_ISSUE,CLOSED
COMP012814,CUST089377,LOAN_ISSUE,OPEN
COMP012815,CUST091223,UPI_ISSUE,OPEN
COMP012816,CUST092436,FRAUD_ALERT,OPEN
COMP012817,CUST030710,CARD_ISSUE,CLOSED
COMP012818,CUST072816,CARD_ISSUE,CLOSED
COMP012819,CUST077115,UPI_ISSUE,CLOSED
COMP012820,CUST049723,FRAUD_ALERT,OPEN
COMP012821,CUST076482,LOAN_ISSUE,CLOSED
COMP012822,CUST055502,CARD_ISSUE,OPEN
COMP012823,CUST029872,FRAUD_ALERT,OPEN
COMP012824,CUST050135,LOAN_ISSUE,CLOSED
COMP012825,CUST048212,LOAN_ISSUE,CLOSED
COMP012826,CUST004394,LOAN_ISSUE,OPEN
COMP012827,CUST059198,LOAN_ISSUE,CLOSED
COMP012828,CUST001279,CARD_ISSUE,CLOSED
COMP012829,CUST053099,UPI_ISSUE,OPEN
COMP012830,CUST099159,UPI_ISSUE,CLOSED
COMP012831,CUST070989,CARD_ISSUE,OPEN
COMP012832,CUST037385,FRAUD_ALERT,CLOSED
COMP012833,CUST097349,CARD_ISSUE,CLOSED
COMP012834,CUST035467,CARD_ISSUE,OPEN
COMP012835,CUST077673,LOAN_ISSUE,CLOSED
COMP012836,CUST075462,FRAUD_ALERT,OPEN
COMP012837,CUST078715,UPI_ISSUE,CLOSED
COMP012838,CUST058369,FRAUD_ALERT,CLOSED
COMP012839,CUST041839,LOAN_ISSUE,CLOSED
COMP012840,CUST062721,LOAN_ISSUE,CLOSED
COMP012841,CUST063495,LOAN_ISSUE,CLOSED
COMP012842,CUST005456,UPI_ISSUE,CLOSED
COMP012843,CUST021541,LOAN_ISSUE,CLOSED
COMP012844,CUST009200,CARD_ISSUE,OPEN
COMP012845,CUST045164,LOAN_ISSUE,OPEN
COMP012846,CUST053905,UPI_ISSUE,CLOSED
COMP012847,CUST083400,FRAUD_ALERT,OPEN
COMP012848,CUST027831,UPI_ISSUE,CLOSED
COMP012849,CUST096014,CARD_ISSUE,OPEN
COMP012850,CUST012051,FRAUD_ALERT,CLOSED
COMP012851,CUST071150,FRAUD_ALERT,CLOSED
COMP012852,CUST027595,CARD_ISSUE,OPEN
COMP012853,CUST071975,UPI_ISSUE,CLOSED
COMP012854,CUST025275,CARD_ISSUE,OPEN
COMP012855,CUST093110,UPI_ISSUE,OPEN
COMP012856,CUST049717,CARD_ISSUE,CLOSED
COMP012857,CUST099860,FRAUD_ALERT,CLOSED
COMP012858,CUST004874,UPI_ISSUE,CLOSED
COMP012859,CUST042796,CARD_ISSUE,CLOSED
COMP012860,CUST040965,UPI_ISSUE,OPEN
COMP012861,CUST037706,UPI_ISSUE,OPEN
COMP012862,CUST002973,LOAN_ISSUE,CLOSED
COMP012863,CUST001996,LOAN_ISSUE,OPEN
COMP012864,CUST011709,UPI_ISSUE,OPEN
COMP012865,CUST006472,FRAUD_ALERT,OPEN
COMP012866,CUST004016,FRAUD_ALERT,OPEN
COMP012867,CUST013354,CARD_ISSUE,CLOSED
COMP012868,CUST078025,FRAUD_ALERT,OPEN
COMP012869,CUST021542,UPI_ISSUE,OPEN
COMP012870,CUST002946,CARD_ISSUE,OPEN
COMP012871,CUST045888,LOAN_ISSUE,OPEN
COMP012872,CUST026964,CARD_ISSUE,CLOSED
COMP012873,CUST021408,FRAUD_ALERT,OPEN
COMP012874,CUST037166,CARD_ISSUE,CLOSED
COMP012875,CUST022664,FRAUD_ALERT,OPEN
COMP012876,CUST067007,LOAN_ISSUE,CLOSED
COMP012877,CUST063976,UPI_ISSUE,CLOSED
COMP012878,CUST056358,CARD_ISSUE,CLOSED
COMP012879,CUST001834,FRAUD_ALERT,CLOSED
COMP012880,CUST058712,CARD_ISSUE,CLOSED
COMP012881,CUST082349,FRAUD_ALERT,CLOSED
COMP012882,CUST026750,UPI_ISSUE,OPEN
COMP012883,CUST040765,CARD_ISSUE,CLOSED
COMP012884,CUST049403,LOAN_ISSUE,OPEN
COMP012885,CUST010292,FRAUD_ALERT,CLOSED
COMP012886,CUST019222,CARD_ISSUE,OPEN
COMP012887,CUST002888,UPI_ISSUE,CLOSED
COMP012888,CUST095435,LOAN_ISSUE,CLOSED
COMP012889,CUST023375,LOAN_ISSUE,CLOSED
COMP012890,CUST051656,CARD_ISSUE,OPEN
COMP012891,CUST060851,FRAUD_ALERT,CLOSED
COMP012892,CUST022709,LOAN_ISSUE,CLOSED
COMP012893,CUST016775,UPI_ISSUE,CLOSED
COMP012894,CUST021730,UPI_ISSUE,OPEN
COMP012895,CUST070107,FRAUD_ALERT,OPEN
COMP012896,CUST007301,LOAN_ISSUE,OPEN
COMP012897,CUST012056,LOAN_ISSUE,CLOSED
COMP012898,CUST013048,UPI_ISSUE,OPEN
COMP012899,CUST061644,UPI_ISSUE,OPEN
COMP012900,CUST032739,FRAUD_ALERT,CLOSED
COMP012901,CUST019239,FRAUD_ALERT,CLOSED
COMP012902,CUST015702,FRAUD_ALERT,CLOSED
COMP012903,CUST092690,LOAN_ISSUE,OPEN
COMP012904,CUST008985,CARD_ISSUE,CLOSED
COMP012905,CUST076317,UPI_ISSUE,OPEN
COMP012906,CUST054458,FRAUD_ALERT,CLOSED
COMP012907,CUST039665,UPI_ISSUE,CLOSED
COMP012908,CUST039226,CARD_ISSUE,CLOSED
COMP012909,CUST012489,LOAN_ISSUE,CLOSED
COMP012910,CUST048060,CARD_ISSUE,CLOSED
COMP012911,CUST059107,UPI_ISSUE,CLOSED
COMP012912,CUST042984,LOAN_ISSUE,OPEN
COMP012913,CUST019629,FRAUD_ALERT,OPEN
COMP012914,CUST046569,LOAN_ISSUE,CLOSED
COMP012915,CUST017679,CARD_ISSUE,CLOSED
COMP012916,CUST088400,FRAUD_ALERT,OPEN
COMP012917,CUST001703,LOAN_ISSUE,OPEN
COMP012918,CUST077642,CARD_ISSUE,OPEN
COMP012919,CUST075160,UPI_ISSUE,OPEN
COMP012920,CUST050286,CARD_ISSUE,OPEN
COMP012921,CUST049773,UPI_ISSUE,OPEN
COMP012922,CUST094916,UPI_ISSUE,CLOSED
COMP012923,CUST062940,LOAN_ISSUE,OPEN
COMP012924,CUST046482,LOAN_ISSUE,OPEN
COMP012925,CUST025741,LOAN_ISSUE,OPEN
COMP012926,CUST071949,FRAUD_ALERT,OPEN
COMP012927,CUST029270,CARD_ISSUE,CLOSED
COMP012928,CUST084288,LOAN_ISSUE,CLOSED
COMP012929,CUST074757,CARD_ISSUE,OPEN
COMP012930,CUST005038,FRAUD_ALERT,CLOSED
COMP012931,CUST001081,CARD_ISSUE,OPEN
COMP012932,CUST045446,FRAUD_ALERT,OPEN
COMP012933,CUST012142,FRAUD_ALERT,CLOSED
COMP012934,CUST027212,CARD_ISSUE,CLOSED
COMP012935,CUST044271,LOAN_ISSUE,OPEN
COMP012936,CUST023702,CARD_ISSUE,OPEN
COMP012937,CUST035067,UPI_ISSUE,CLOSED
COMP012938,CUST087476,FRAUD_ALERT,OPEN
COMP012939,CUST097453,LOAN_ISSUE,CLOSED
COMP012940,CUST068801,FRAUD_ALERT,OPEN
COMP012941,CUST037698,LOAN_ISSUE,OPEN
COMP012942,CUST096553,CARD_ISSUE,OPEN
COMP012943,CUST063634,CARD_ISSUE,CLOSED
COMP012944,CUST005372,FRAUD_ALERT,CLOSED
COMP012945,CUST016820,LOAN_ISSUE,CLOSED
COMP012946,CUST052527,LOAN_ISSUE,CLOSED
COMP012947,CUST053504,FRAUD_ALERT,OPEN
COMP012948,CUST065547,UPI_ISSUE,OPEN
COMP012949,CUST073930,CARD_ISSUE,OPEN
COMP012950,CUST014331,LOAN_ISSUE,OPEN
COMP012951,CUST030322,UPI_ISSUE,OPEN
COMP012952,CUST033705,CARD_ISSUE,CLOSED
COMP012953,CUST031385,UPI_ISSUE,CLOSED
COMP012954,CUST049628,UPI_ISSUE,CLOSED
COMP012955,CUST094522,CARD_ISSUE,CLOSED
COMP012956,CUST071066,FRAUD_ALERT,OPEN
COMP012957,CUST047264,FRAUD_ALERT,OPEN
COMP012958,CUST080118,LOAN_ISSUE,OPEN
COMP012959,CUST079841,FRAUD_ALERT,CLOSED
COMP012960,CUST051734,UPI_ISSUE,OPEN
COMP012961,CUST087759,CARD_ISSUE,CLOSED
COMP012962,CUST067681,CARD_ISSUE,CLOSED
COMP012963,CUST026010,CARD_ISSUE,OPEN
COMP012964,CUST029961,UPI_ISSUE,OPEN
COMP012965,CUST082658,FRAUD_ALERT,CLOSED
COMP012966,CUST034437,UPI_ISSUE,OPEN
COMP012967,CUST040494,FRAUD_ALERT,OPEN
COMP012968,CUST026444,LOAN_ISSUE,OPEN
COMP012969,CUST058884,UPI_ISSUE,CLOSED
COMP012970,CUST035421,LOAN_ISSUE,CLOSED
COMP012971,CUST074755,LOAN_ISSUE,OPEN
COMP012972,CUST031638,CARD_ISSUE,CLOSED
COMP012973,CUST090847,CARD_ISSUE,OPEN
COMP012974,CUST054157,LOAN_ISSUE,CLOSED
COMP012975,CUST084965,LOAN_ISSUE,OPEN
COMP012976,CUST067846,CARD_ISSUE,OPEN
COMP012977,CUST031585,LOAN_ISSUE,OPEN
COMP012978,CUST077230,UPI_ISSUE,OPEN
COMP012979,CUST051612,LOAN_ISSUE,CLOSED
COMP012980,CUST066811,UPI_ISSUE,CLOSED
COMP012981,CUST059728,LOAN_ISSUE,OPEN
COMP012982,CUST092498,CARD_ISSUE,OPEN
COMP012983,CUST029097,LOAN_ISSUE,OPEN
COMP012984,CUST029051,LOAN_ISSUE,CLOSED
COMP012985,CUST010181,LOAN_ISSUE,CLOSED
COMP012986,CUST076048,UPI_ISSUE,CLOSED
COMP012987,CUST029013,UPI_ISSUE,OPEN
COMP012988,CUST035713,LOAN_ISSUE,CLOSED
COMP012989,CUST056282,UPI_ISSUE,OPEN
COMP012990,CUST065747,LOAN_ISSUE,CLOSED
COMP012991,CUST049106,UPI_ISSUE,OPEN
COMP012992,CUST044927,FRAUD_ALERT,CLOSED
COMP012993,CUST097073,LOAN_ISSUE,OPEN
COMP012994,CUST069230,FRAUD_ALERT,OPEN
COMP012995,CUST086458,UPI_ISSUE,OPEN
COMP012996,CUST050581,CARD_ISSUE,CLOSED
COMP012997,CUST040790,UPI_ISSUE,OPEN
COMP012998,CUST075276,UPI_ISSUE,CLOSED
COMP012999,CUST096251,CARD_ISSUE,OPEN
COMP013000,CUST040226,FRAUD_ALERT,OPEN
COMP013001,CUST021674,CARD_ISSUE,OPEN
COMP013002,CUST035520,LOAN_ISSUE,CLOSED
COMP013003,CUST056200,FRAUD_ALERT,OPEN
COMP013004,CUST097780,LOAN_ISSUE,OPEN
COMP013005,CUST059126,LOAN_ISSUE,OPEN
COMP013006,CUST060398,CARD_ISSUE,OPEN
COMP013007,CUST052776,CARD_ISSUE,OPEN
COMP013008,CUST030681,CARD_ISSUE,CLOSED
COMP013009,CUST069347,FRAUD_ALERT,CLOSED
COMP013010,CUST051216,FRAUD_ALERT,CLOSED
COMP013011,CUST020875,CARD_ISSUE,CLOSED
COMP013012,CUST052889,FRAUD_ALERT,OPEN
COMP013013,CUST080765,UPI_ISSUE,CLOSED
COMP013014,CUST078216,CARD_ISSUE,OPEN
COMP013015,CUST026451,UPI_ISSUE,CLOSED
COMP013016,CUST052329,LOAN_ISSUE,CLOSED
COMP013017,CUST066780,CARD_ISSUE,CLOSED
COMP013018,CUST095792,FRAUD_ALERT,CLOSED
COMP013019,CUST084357,LOAN_ISSUE,CLOSED
COMP013020,CUST045765,UPI_ISSUE,CLOSED
COMP013021,CUST037593,LOAN_ISSUE,CLOSED
COMP013022,CUST061906,LOAN_ISSUE,CLOSED
COMP013023,CUST059748,UPI_ISSUE,OPEN
COMP013024,CUST087024,FRAUD_ALERT,CLOSED
COMP013025,CUST095336,LOAN_ISSUE,OPEN
COMP013026,CUST081639,UPI_ISSUE,OPEN
COMP013027,CUST090106,CARD_ISSUE,CLOSED
COMP013028,CUST046189,UPI_ISSUE,OPEN
COMP013029,CUST004862,LOAN_ISSUE,CLOSED
COMP013030,CUST039821,LOAN_ISSUE,CLOSED
COMP013031,CUST022875,UPI_ISSUE,CLOSED
COMP013032,CUST029454,UPI_ISSUE,CLOSED
COMP013033,CUST001960,CARD_ISSUE,CLOSED
COMP013034,CUST004591,FRAUD_ALERT,CLOSED
COMP013035,CUST055885,CARD_ISSUE,CLOSED
COMP013036,CUST073970,CARD_ISSUE,CLOSED
COMP013037,CUST068603,UPI_ISSUE,CLOSED
COMP013038,CUST086086,LOAN_ISSUE,OPEN
COMP013039,CUST079093,UPI_ISSUE,OPEN
COMP013040,CUST078320,CARD_ISSUE,CLOSED
COMP013041,CUST052008,LOAN_ISSUE,CLOSED
COMP013042,CUST065668,LOAN_ISSUE,CLOSED
COMP013043,CUST081371,CARD_ISSUE,OPEN
COMP013044,CUST071875,LOAN_ISSUE,CLOSED
COMP013045,CUST058014,CARD_ISSUE,OPEN
COMP013046,CUST052237,UPI_ISSUE,CLOSED
COMP013047,CUST028531,UPI_ISSUE,OPEN
COMP013048,CUST086537,UPI_ISSUE,OPEN
COMP013049,CUST010149,LOAN_ISSUE,CLOSED
COMP013050,CUST061732,UPI_ISSUE,OPEN
COMP013051,CUST084861,UPI_ISSUE,OPEN
COMP013052,CUST093752,CARD_ISSUE,CLOSED
COMP013053,CUST044083,FRAUD_ALERT,CLOSED
COMP013054,CUST077875,UPI_ISSUE,CLOSED
COMP013055,CUST053618,FRAUD_ALERT,OPEN
COMP013056,CUST006438,LOAN_ISSUE,CLOSED
COMP013057,CUST002894,UPI_ISSUE,OPEN
COMP013058,CUST034867,UPI_ISSUE,CLOSED
COMP013059,CUST012824,UPI_ISSUE,CLOSED
COMP013060,CUST019017,CARD_ISSUE,OPEN
COMP013061,CUST098958,CARD_ISSUE,OPEN
COMP013062,CUST074699,UPI_ISSUE,CLOSED
COMP013063,CUST065766,UPI_ISSUE,CLOSED
COMP013064,CUST012058,FRAUD_ALERT,CLOSED
COMP013065,CUST050892,LOAN_ISSUE,OPEN
COMP013066,CUST029317,CARD_ISSUE,OPEN
COMP013067,CUST016683,LOAN_ISSUE,OPEN
COMP013068,CUST058884,FRAUD_ALERT,CLOSED
COMP013069,CUST013633,CARD_ISSUE,CLOSED
COMP013070,CUST086410,UPI_ISSUE,CLOSED
COMP013071,CUST083807,CARD_ISSUE,CLOSED
COMP013072,CUST093978,LOAN_ISSUE,CLOSED
COMP013073,CUST042018,FRAUD_ALERT,OPEN
COMP013074,CUST041467,UPI_ISSUE,OPEN
COMP013075,CUST064135,LOAN_ISSUE,OPEN
COMP013076,CUST083092,FRAUD_ALERT,CLOSED
COMP013077,CUST085645,CARD_ISSUE,CLOSED
COMP013078,CUST036884,UPI_ISSUE,OPEN
COMP013079,CUST077028,LOAN_ISSUE,CLOSED
COMP013080,CUST085027,CARD_ISSUE,OPEN
COMP013081,CUST089589,LOAN_ISSUE,CLOSED
COMP013082,CUST076003,UPI_ISSUE,OPEN
COMP013083,CUST050964,UPI_ISSUE,OPEN
COMP013084,CUST099307,LOAN_ISSUE,OPEN
COMP013085,CUST019801,LOAN_ISSUE,CLOSED
COMP013086,CUST010427,FRAUD_ALERT,CLOSED
COMP013087,CUST012292,LOAN_ISSUE,OPEN
COMP013088,CUST085999,CARD_ISSUE,CLOSED
COMP013089,CUST082158,UPI_ISSUE,OPEN
COMP013090,CUST079483,FRAUD_ALERT,OPEN
COMP013091,CUST043935,FRAUD_ALERT,OPEN
COMP013092,CUST022857,UPI_ISSUE,OPEN
COMP013093,CUST047133,UPI_ISSUE,OPEN
COMP013094,CUST033855,LOAN_ISSUE,OPEN
COMP013095,CUST043990,FRAUD_ALERT,CLOSED
COMP013096,CUST005990,CARD_ISSUE,CLOSED
COMP013097,CUST000082,LOAN_ISSUE,OPEN
COMP013098,CUST065519,FRAUD_ALERT,CLOSED
COMP013099,CUST086245,FRAUD_ALERT,OPEN
COMP013100,CUST070262,CARD_ISSUE,OPEN
COMP013101,CUST003078,LOAN_ISSUE,CLOSED
COMP013102,CUST092849,LOAN_ISSUE,CLOSED
COMP013103,CUST024702,FRAUD_ALERT,CLOSED
COMP013104,CUST023851,LOAN_ISSUE,CLOSED
COMP013105,CUST000562,CARD_ISSUE,CLOSED
COMP013106,CUST029676,LOAN_ISSUE,OPEN
COMP013107,CUST085807,CARD_ISSUE,OPEN
COMP013108,CUST028227,FRAUD_ALERT,OPEN
COMP013109,CUST006504,UPI_ISSUE,OPEN
COMP013110,CUST037268,UPI_ISSUE,OPEN
COMP013111,CUST020674,UPI_ISSUE,OPEN
COMP013112,CUST077260,CARD_ISSUE,CLOSED
COMP013113,CUST068400,UPI_ISSUE,CLOSED
COMP013114,CUST028929,LOAN_ISSUE,OPEN
COMP013115,CUST065436,LOAN_ISSUE,OPEN
COMP013116,CUST026737,UPI_ISSUE,CLOSED
COMP013117,CUST074445,CARD_ISSUE,OPEN
COMP013118,CUST034294,UPI_ISSUE,CLOSED
COMP013119,CUST088684,FRAUD_ALERT,CLOSED
COMP013120,CUST056536,FRAUD_ALERT,CLOSED
COMP013121,CUST061301,FRAUD_ALERT,CLOSED
COMP013122,CUST098100,LOAN_ISSUE,OPEN
COMP013123,CUST038968,FRAUD_ALERT,OPEN
COMP013124,CUST086461,LOAN_ISSUE,CLOSED
COMP013125,CUST071197,CARD_ISSUE,OPEN
COMP013126,CUST013049,CARD_ISSUE,OPEN
COMP013127,CUST048829,UPI_ISSUE,CLOSED
COMP013128,CUST005308,FRAUD_ALERT,OPEN
COMP013129,CUST014861,LOAN_ISSUE,CLOSED
COMP013130,CUST068321,CARD_ISSUE,CLOSED
COMP013131,CUST004761,UPI_ISSUE,OPEN
COMP013132,CUST010462,LOAN_ISSUE,CLOSED
COMP013133,CUST068278,LOAN_ISSUE,CLOSED
COMP013134,CUST026841,UPI_ISSUE,CLOSED
COMP013135,CUST018291,UPI_ISSUE,CLOSED
COMP013136,CUST087989,CARD_ISSUE,OPEN
COMP013137,CUST054111,UPI_ISSUE,CLOSED
COMP013138,CUST035317,UPI_ISSUE,CLOSED
COMP013139,CUST034808,LOAN_ISSUE,CLOSED
COMP013140,CUST065448,UPI_ISSUE,OPEN
COMP013141,CUST015880,FRAUD_ALERT,OPEN
COMP013142,CUST097916,FRAUD_ALERT,OPEN
COMP013143,CUST073467,LOAN_ISSUE,CLOSED
COMP013144,CUST092736,LOAN_ISSUE,OPEN
COMP013145,CUST037422,LOAN_ISSUE,OPEN
COMP013146,CUST020617,UPI_ISSUE,CLOSED
COMP013147,CUST037630,FRAUD_ALERT,CLOSED
COMP013148,CUST014200,FRAUD_ALERT,OPEN
COMP013149,CUST044201,UPI_ISSUE,OPEN
COMP013150,CUST045506,UPI_ISSUE,CLOSED
COMP013151,CUST042172,CARD_ISSUE,CLOSED
COMP013152,CUST060690,FRAUD_ALERT,CLOSED
COMP013153,CUST016748,FRAUD_ALERT,OPEN
COMP013154,CUST037191,UPI_ISSUE,CLOSED
COMP013155,CUST068447,CARD_ISSUE,CLOSED
COMP013156,CUST087237,FRAUD_ALERT,CLOSED
COMP013157,CUST098453,CARD_ISSUE,CLOSED
COMP013158,CUST094548,FRAUD_ALERT,CLOSED
COMP013159,CUST011113,LOAN_ISSUE,OPEN
COMP013160,CUST060156,CARD_ISSUE,OPEN
COMP013161,CUST079323,UPI_ISSUE,OPEN
COMP013162,CUST088004,UPI_ISSUE,OPEN
COMP013163,CUST045368,CARD_ISSUE,OPEN
COMP013164,CUST061981,LOAN_ISSUE,OPEN
COMP013165,CUST017939,UPI_ISSUE,OPEN
COMP013166,CUST011445,UPI_ISSUE,OPEN
COMP013167,CUST018640,LOAN_ISSUE,OPEN
COMP013168,CUST031237,LOAN_ISSUE,OPEN
COMP013169,CUST034553,LOAN_ISSUE,CLOSED
COMP013170,CUST093688,LOAN_ISSUE,CLOSED
COMP013171,CUST021016,FRAUD_ALERT,CLOSED
COMP013172,CUST014719,UPI_ISSUE,CLOSED
COMP013173,CUST036079,UPI_ISSUE,CLOSED
COMP013174,CUST057339,FRAUD_ALERT,CLOSED
COMP013175,CUST049250,LOAN_ISSUE,CLOSED
COMP013176,CUST075732,FRAUD_ALERT,OPEN
COMP013177,CUST061240,CARD_ISSUE,OPEN
COMP013178,CUST084005,UPI_ISSUE,CLOSED
COMP013179,CUST055689,LOAN_ISSUE,OPEN
COMP013180,CUST003646,FRAUD_ALERT,CLOSED
COMP013181,CUST025625,FRAUD_ALERT,OPEN
COMP013182,CUST076036,LOAN_ISSUE,OPEN
COMP013183,CUST056557,UPI_ISSUE,OPEN
COMP013184,CUST060421,UPI_ISSUE,OPEN
COMP013185,CUST073383,LOAN_ISSUE,CLOSED
COMP013186,CUST093519,FRAUD_ALERT,CLOSED
COMP013187,CUST068735,CARD_ISSUE,OPEN
COMP013188,CUST031373,FRAUD_ALERT,OPEN
COMP013189,CUST094291,UPI_ISSUE,OPEN
COMP013190,CUST008330,LOAN_ISSUE,OPEN
COMP013191,CUST092727,LOAN_ISSUE,OPEN
COMP013192,CUST097015,CARD_ISSUE,OPEN
COMP013193,CUST085883,UPI_ISSUE,OPEN
COMP013194,CUST031418,FRAUD_ALERT,OPEN
COMP013195,CUST026874,UPI_ISSUE,CLOSED
COMP013196,CUST033947,UPI_ISSUE,CLOSED
COMP013197,CUST014496,FRAUD_ALERT,OPEN
COMP013198,CUST001000,UPI_ISSUE,CLOSED
COMP013199,CUST098031,CARD_ISSUE,OPEN
COMP013200,CUST012981,LOAN_ISSUE,OPEN
COMP013201,CUST024056,FRAUD_ALERT,OPEN
COMP013202,CUST087102,CARD_ISSUE,OPEN
COMP013203,CUST041467,LOAN_ISSUE,OPEN
COMP013204,CUST068545,LOAN_ISSUE,OPEN
COMP013205,CUST000390,LOAN_ISSUE,OPEN
COMP013206,CUST030887,LOAN_ISSUE,OPEN
COMP013207,CUST007575,LOAN_ISSUE,CLOSED
COMP013208,CUST059297,CARD_ISSUE,OPEN
COMP013209,CUST020249,CARD_ISSUE,OPEN
COMP013210,CUST020071,FRAUD_ALERT,OPEN
COMP013211,CUST048445,LOAN_ISSUE,CLOSED
COMP013212,CUST027206,CARD_ISSUE,OPEN
COMP013213,CUST050116,FRAUD_ALERT,CLOSED
COMP013214,CUST066032,CARD_ISSUE,OPEN
COMP013215,CUST038461,LOAN_ISSUE,CLOSED
COMP013216,CUST068195,LOAN_ISSUE,CLOSED
COMP013217,CUST025352,LOAN_ISSUE,OPEN
COMP013218,CUST024640,LOAN_ISSUE,OPEN
COMP013219,CUST065787,CARD_ISSUE,CLOSED
COMP013220,CUST014047,CARD_ISSUE,CLOSED
COMP013221,CUST005837,FRAUD_ALERT,OPEN
COMP013222,CUST055634,UPI_ISSUE,OPEN
COMP013223,CUST084536,UPI_ISSUE,CLOSED
COMP013224,CUST009822,UPI_ISSUE,OPEN
COMP013225,CUST081647,LOAN_ISSUE,CLOSED
COMP013226,CUST015023,CARD_ISSUE,CLOSED
COMP013227,CUST089971,CARD_ISSUE,OPEN
COMP013228,CUST047537,CARD_ISSUE,OPEN
COMP013229,CUST088390,CARD_ISSUE,OPEN
COMP013230,CUST098691,LOAN_ISSUE,CLOSED
COMP013231,CUST014257,LOAN_ISSUE,OPEN
COMP013232,CUST053377,UPI_ISSUE,OPEN
COMP013233,CUST092115,UPI_ISSUE,OPEN
COMP013234,CUST033091,FRAUD_ALERT,OPEN
COMP013235,CUST086496,FRAUD_ALERT,CLOSED
COMP013236,CUST076677,FRAUD_ALERT,OPEN
COMP013237,CUST066385,CARD_ISSUE,CLOSED
COMP013238,CUST018823,FRAUD_ALERT,OPEN
COMP013239,CUST085924,CARD_ISSUE,OPEN
COMP013240,CUST074976,FRAUD_ALERT,CLOSED
COMP013241,CUST035812,UPI_ISSUE,OPEN
COMP013242,CUST031223,LOAN_ISSUE,OPEN
COMP013243,CUST057277,CARD_ISSUE,CLOSED
COMP013244,CUST095510,FRAUD_ALERT,CLOSED
COMP013245,CUST006478,UPI_ISSUE,OPEN
COMP013246,CUST044712,LOAN_ISSUE,OPEN
COMP013247,CUST080147,UPI_ISSUE,OPEN
COMP013248,CUST059696,UPI_ISSUE,CLOSED
COMP013249,CUST083929,CARD_ISSUE,CLOSED
COMP013250,CUST019684,UPI_ISSUE,CLOSED
COMP013251,CUST037844,FRAUD_ALERT,OPEN
COMP013252,CUST023012,CARD_ISSUE,OPEN
COMP013253,CUST071498,LOAN_ISSUE,CLOSED
COMP013254,CUST051734,LOAN_ISSUE,CLOSED
COMP013255,CUST071489,FRAUD_ALERT,CLOSED
COMP013256,CUST056410,FRAUD_ALERT,OPEN
COMP013257,CUST036656,LOAN_ISSUE,CLOSED
COMP013258,CUST044116,FRAUD_ALERT,OPEN
COMP013259,CUST039823,FRAUD_ALERT,OPEN
COMP013260,CUST041980,LOAN_ISSUE,CLOSED
COMP013261,CUST032202,FRAUD_ALERT,OPEN
COMP013262,CUST087803,FRAUD_ALERT,OPEN
COMP013263,CUST069379,CARD_ISSUE,CLOSED
COMP013264,CUST050815,CARD_ISSUE,OPEN
COMP013265,CUST004796,UPI_ISSUE,CLOSED
COMP013266,CUST044997,UPI_ISSUE,CLOSED
COMP013267,CUST098719,CARD_ISSUE,OPEN
COMP013268,CUST033682,FRAUD_ALERT,OPEN
COMP013269,CUST059255,FRAUD_ALERT,OPEN
COMP013270,CUST070063,FRAUD_ALERT,CLOSED
COMP013271,CUST004531,UPI_ISSUE,CLOSED
COMP013272,CUST002165,FRAUD_ALERT,CLOSED
COMP013273,CUST030313,UPI_ISSUE,CLOSED
COMP013274,CUST027399,CARD_ISSUE,OPEN
COMP013275,CUST036979,FRAUD_ALERT,CLOSED
COMP013276,CUST043576,FRAUD_ALERT,CLOSED
COMP013277,CUST089664,LOAN_ISSUE,OPEN
COMP013278,CUST098842,LOAN_ISSUE,OPEN
COMP013279,CUST067414,CARD_ISSUE,CLOSED
COMP013280,CUST022426,LOAN_ISSUE,CLOSED
COMP013281,CUST043170,UPI_ISSUE,CLOSED
COMP013282,CUST018620,CARD_ISSUE,OPEN
COMP013283,CUST029224,UPI_ISSUE,OPEN
COMP013284,CUST070762,CARD_ISSUE,CLOSED
COMP013285,CUST041909,FRAUD_ALERT,OPEN
COMP013286,CUST037979,CARD_ISSUE,OPEN
COMP013287,CUST040812,UPI_ISSUE,CLOSED
COMP013288,CUST082190,CARD_ISSUE,CLOSED
COMP013289,CUST074927,LOAN_ISSUE,CLOSED
COMP013290,CUST079131,CARD_ISSUE,CLOSED
COMP013291,CUST022028,CARD_ISSUE,CLOSED
COMP013292,CUST056408,UPI_ISSUE,OPEN
COMP013293,CUST058219,CARD_ISSUE,CLOSED
COMP013294,CUST066357,FRAUD_ALERT,OPEN
COMP013295,CUST081465,LOAN_ISSUE,CLOSED
COMP013296,CUST076972,LOAN_ISSUE,CLOSED
COMP013297,CUST004613,UPI_ISSUE,OPEN
COMP013298,CUST089650,FRAUD_ALERT,OPEN
COMP013299,CUST082243,LOAN_ISSUE,OPEN
COMP013300,CUST098201,FRAUD_ALERT,CLOSED
COMP013301,CUST037778,LOAN_ISSUE,OPEN
COMP013302,CUST001042,UPI_ISSUE,OPEN
COMP013303,CUST089194,CARD_ISSUE,OPEN
COMP013304,CUST028232,LOAN_ISSUE,CLOSED
COMP013305,CUST062953,CARD_ISSUE,OPEN
COMP013306,CUST035159,CARD_ISSUE,OPEN
COMP013307,CUST091387,UPI_ISSUE,OPEN
COMP013308,CUST086464,CARD_ISSUE,OPEN
COMP013309,CUST013945,LOAN_ISSUE,OPEN
COMP013310,CUST009935,UPI_ISSUE,CLOSED
COMP013311,CUST063177,LOAN_ISSUE,OPEN
COMP013312,CUST084075,UPI_ISSUE,OPEN
COMP013313,CUST060004,UPI_ISSUE,OPEN
COMP013314,CUST082460,UPI_ISSUE,CLOSED
COMP013315,CUST004424,FRAUD_ALERT,CLOSED
COMP013316,CUST058472,LOAN_ISSUE,CLOSED
COMP013317,CUST069164,FRAUD_ALERT,CLOSED
COMP013318,CUST050143,FRAUD_ALERT,CLOSED
COMP013319,CUST040454,LOAN_ISSUE,OPEN
COMP013320,CUST022249,CARD_ISSUE,CLOSED
COMP013321,CUST057798,LOAN_ISSUE,CLOSED
COMP013322,CUST075582,CARD_ISSUE,OPEN
COMP013323,CUST005056,UPI_ISSUE,CLOSED
COMP013324,CUST015987,CARD_ISSUE,OPEN
COMP013325,CUST012619,FRAUD_ALERT,CLOSED
COMP013326,CUST070206,FRAUD_ALERT,OPEN
COMP013327,CUST026047,UPI_ISSUE,OPEN
COMP013328,CUST014379,FRAUD_ALERT,OPEN
COMP013329,CUST043945,FRAUD_ALERT,OPEN
COMP013330,CUST077394,FRAUD_ALERT,CLOSED
COMP013331,CUST024833,FRAUD_ALERT,CLOSED
COMP013332,CUST026442,FRAUD_ALERT,CLOSED
COMP013333,CUST036961,FRAUD_ALERT,OPEN
COMP013334,CUST060446,LOAN_ISSUE,CLOSED
COMP013335,CUST073516,CARD_ISSUE,OPEN
COMP013336,CUST001098,CARD_ISSUE,CLOSED
COMP013337,CUST010528,CARD_ISSUE,OPEN
COMP013338,CUST049782,LOAN_ISSUE,CLOSED
COMP013339,CUST094564,CARD_ISSUE,OPEN
COMP013340,CUST039170,LOAN_ISSUE,OPEN
COMP013341,CUST097994,CARD_ISSUE,OPEN
COMP013342,CUST022607,CARD_ISSUE,OPEN
COMP013343,CUST080139,CARD_ISSUE,OPEN
COMP013344,CUST015625,FRAUD_ALERT,CLOSED
COMP013345,CUST081065,FRAUD_ALERT,OPEN
COMP013346,CUST054586,LOAN_ISSUE,CLOSED
COMP013347,CUST003213,UPI_ISSUE,OPEN
COMP013348,CUST055370,CARD_ISSUE,OPEN
COMP013349,CUST068069,UPI_ISSUE,OPEN
COMP013350,CUST020100,LOAN_ISSUE,OPEN
COMP013351,CUST040983,LOAN_ISSUE,CLOSED
COMP013352,CUST070772,UPI_ISSUE,OPEN
COMP013353,CUST089197,LOAN_ISSUE,OPEN
COMP013354,CUST003482,UPI_ISSUE,CLOSED
COMP013355,CUST080298,FRAUD_ALERT,OPEN
COMP013356,CUST011400,CARD_ISSUE,CLOSED
COMP013357,CUST035614,FRAUD_ALERT,OPEN
COMP013358,CUST034822,FRAUD_ALERT,CLOSED
COMP013359,CUST048063,UPI_ISSUE,CLOSED
COMP013360,CUST049811,LOAN_ISSUE,OPEN
COMP013361,CUST003626,LOAN_ISSUE,CLOSED
COMP013362,CUST042467,CARD_ISSUE,OPEN
COMP013363,CUST006811,UPI_ISSUE,CLOSED
COMP013364,CUST093402,LOAN_ISSUE,OPEN
COMP013365,CUST099132,CARD_ISSUE,OPEN
COMP013366,CUST037604,CARD_ISSUE,CLOSED
COMP013367,CUST079059,FRAUD_ALERT,CLOSED
COMP013368,CUST051032,FRAUD_ALERT,CLOSED
COMP013369,CUST096518,LOAN_ISSUE,CLOSED
COMP013370,CUST006934,CARD_ISSUE,CLOSED
COMP013371,CUST003508,UPI_ISSUE,CLOSED
COMP013372,CUST021751,FRAUD_ALERT,OPEN
COMP013373,CUST033353,FRAUD_ALERT,CLOSED
COMP013374,CUST070789,CARD_ISSUE,OPEN
COMP013375,CUST083621,LOAN_ISSUE,OPEN
COMP013376,CUST073843,UPI_ISSUE,CLOSED
COMP013377,CUST088081,UPI_ISSUE,OPEN
COMP013378,CUST066594,UPI_ISSUE,CLOSED
COMP013379,CUST089808,FRAUD_ALERT,OPEN
COMP013380,CUST043821,CARD_ISSUE,CLOSED
COMP013381,CUST021914,CARD_ISSUE,CLOSED
COMP013382,CUST077115,CARD_ISSUE,OPEN
COMP013383,CUST084105,LOAN_ISSUE,OPEN
COMP013384,CUST009831,UPI_ISSUE,OPEN
COMP013385,CUST068945,UPI_ISSUE,OPEN
COMP013386,CUST020939,CARD_ISSUE,OPEN
COMP013387,CUST091178,UPI_ISSUE,CLOSED
COMP013388,CUST071063,UPI_ISSUE,CLOSED
COMP013389,CUST087589,LOAN_ISSUE,OPEN
COMP013390,CUST044874,FRAUD_ALERT,OPEN
COMP013391,CUST093953,UPI_ISSUE,CLOSED
COMP013392,CUST000933,UPI_ISSUE,OPEN
COMP013393,CUST076964,LOAN_ISSUE,OPEN
COMP013394,CUST058500,UPI_ISSUE,CLOSED
COMP013395,CUST099860,CARD_ISSUE,OPEN
COMP013396,CUST071303,LOAN_ISSUE,OPEN
COMP013397,CUST091908,LOAN_ISSUE,OPEN
COMP013398,CUST072729,LOAN_ISSUE,OPEN
COMP013399,CUST018462,FRAUD_ALERT,OPEN
COMP013400,CUST093245,LOAN_ISSUE,CLOSED
COMP013401,CUST011659,UPI_ISSUE,CLOSED
COMP013402,CUST002046,FRAUD_ALERT,CLOSED
COMP013403,CUST088783,FRAUD_ALERT,CLOSED
COMP013404,CUST093466,UPI_ISSUE,OPEN
COMP013405,CUST003698,UPI_ISSUE,CLOSED
COMP013406,CUST031272,UPI_ISSUE,CLOSED
COMP013407,CUST003967,CARD_ISSUE,OPEN
COMP013408,CUST023009,LOAN_ISSUE,OPEN
COMP013409,CUST074530,UPI_ISSUE,CLOSED
COMP013410,CUST072960,LOAN_ISSUE,CLOSED
COMP013411,CUST090154,UPI_ISSUE,CLOSED
COMP013412,CUST081904,UPI_ISSUE,CLOSED
COMP013413,CUST060249,LOAN_ISSUE,OPEN
COMP013414,CUST076322,LOAN_ISSUE,OPEN
COMP013415,CUST037615,LOAN_ISSUE,OPEN
COMP013416,CUST035217,FRAUD_ALERT,OPEN
COMP013417,CUST064304,UPI_ISSUE,CLOSED
COMP013418,CUST044802,UPI_ISSUE,OPEN
COMP013419,CUST085793,UPI_ISSUE,OPEN
COMP013420,CUST013158,FRAUD_ALERT,CLOSED
COMP013421,CUST060232,FRAUD_ALERT,CLOSED
COMP013422,CUST075285,UPI_ISSUE,OPEN
COMP013423,CUST010176,CARD_ISSUE,OPEN
COMP013424,CUST058615,FRAUD_ALERT,OPEN
COMP013425,CUST004239,LOAN_ISSUE,CLOSED
COMP013426,CUST020161,LOAN_ISSUE,OPEN
COMP013427,CUST079941,UPI_ISSUE,OPEN
COMP013428,CUST017219,CARD_ISSUE,OPEN
COMP013429,CUST057350,FRAUD_ALERT,CLOSED
COMP013430,CUST027434,CARD_ISSUE,CLOSED
COMP013431,CUST085444,LOAN_ISSUE,OPEN
COMP013432,CUST070537,UPI_ISSUE,OPEN
COMP013433,CUST072817,CARD_ISSUE,CLOSED
COMP013434,CUST072375,LOAN_ISSUE,CLOSED
COMP013435,CUST052200,CARD_ISSUE,OPEN
COMP013436,CUST035304,CARD_ISSUE,CLOSED
COMP013437,CUST018717,CARD_ISSUE,CLOSED
COMP013438,CUST028853,CARD_ISSUE,OPEN
COMP013439,CUST095903,CARD_ISSUE,OPEN
COMP013440,CUST078901,UPI_ISSUE,CLOSED
COMP013441,CUST030616,UPI_ISSUE,CLOSED
COMP013442,CUST098318,LOAN_ISSUE,CLOSED
COMP013443,CUST053068,CARD_ISSUE,OPEN
COMP013444,CUST006534,CARD_ISSUE,CLOSED
COMP013445,CUST056702,LOAN_ISSUE,CLOSED
COMP013446,CUST080325,LOAN_ISSUE,CLOSED
COMP013447,CUST009278,CARD_ISSUE,OPEN
COMP013448,CUST049200,LOAN_ISSUE,CLOSED
COMP013449,CUST051991,LOAN_ISSUE,CLOSED
COMP013450,CUST044747,UPI_ISSUE,OPEN
COMP013451,CUST061764,UPI_ISSUE,OPEN
COMP013452,CUST065294,UPI_ISSUE,OPEN
COMP013453,CUST051539,UPI_ISSUE,OPEN
COMP013454,CUST031725,CARD_ISSUE,CLOSED
COMP013455,CUST079922,LOAN_ISSUE,CLOSED
COMP013456,CUST081479,UPI_ISSUE,CLOSED
COMP013457,CUST043212,UPI_ISSUE,CLOSED
COMP013458,CUST058495,UPI_ISSUE,OPEN
COMP013459,CUST071942,FRAUD_ALERT,OPEN
COMP013460,CUST053131,LOAN_ISSUE,CLOSED
COMP013461,CUST092912,LOAN_ISSUE,OPEN
COMP013462,CUST048751,LOAN_ISSUE,CLOSED
COMP013463,CUST041661,CARD_ISSUE,CLOSED
COMP013464,CUST009410,LOAN_ISSUE,CLOSED
COMP013465,CUST021382,LOAN_ISSUE,CLOSED
COMP013466,CUST050760,LOAN_ISSUE,OPEN
COMP013467,CUST023905,FRAUD_ALERT,OPEN
COMP013468,CUST002531,CARD_ISSUE,CLOSED
COMP013469,CUST060778,FRAUD_ALERT,OPEN
COMP013470,CUST084040,CARD_ISSUE,OPEN
COMP013471,CUST066023,FRAUD_ALERT,CLOSED
COMP013472,CUST070467,CARD_ISSUE,OPEN
COMP013473,CUST001789,LOAN_ISSUE,CLOSED
COMP013474,CUST012350,UPI_ISSUE,CLOSED
COMP013475,CUST062562,FRAUD_ALERT,CLOSED
COMP013476,CUST011454,CARD_ISSUE,CLOSED
COMP013477,CUST096415,CARD_ISSUE,OPEN
COMP013478,CUST057119,UPI_ISSUE,CLOSED
COMP013479,CUST097402,LOAN_ISSUE,CLOSED
COMP013480,CUST061357,LOAN_ISSUE,OPEN
COMP013481,CUST044543,CARD_ISSUE,CLOSED
COMP013482,CUST084800,UPI_ISSUE,CLOSED
COMP013483,CUST033903,FRAUD_ALERT,CLOSED
COMP013484,CUST010193,UPI_ISSUE,OPEN
COMP013485,CUST010430,LOAN_ISSUE,OPEN
COMP013486,CUST066535,UPI_ISSUE,CLOSED
COMP013487,CUST040794,FRAUD_ALERT,OPEN
COMP013488,CUST060417,CARD_ISSUE,CLOSED
COMP013489,CUST023860,FRAUD_ALERT,CLOSED
COMP013490,CUST061733,CARD_ISSUE,OPEN
COMP013491,CUST062690,FRAUD_ALERT,OPEN
COMP013492,CUST090231,FRAUD_ALERT,OPEN
COMP013493,CUST053746,CARD_ISSUE,CLOSED
COMP013494,CUST054889,UPI_ISSUE,CLOSED
COMP013495,CUST044185,CARD_ISSUE,OPEN
COMP013496,CUST063896,CARD_ISSUE,CLOSED
COMP013497,CUST032663,CARD_ISSUE,OPEN
COMP013498,CUST006915,FRAUD_ALERT,OPEN
COMP013499,CUST053951,FRAUD_ALERT,OPEN
COMP013500,CUST006018,CARD_ISSUE,CLOSED
COMP013501,CUST013807,FRAUD_ALERT,OPEN
COMP013502,CUST048146,CARD_ISSUE,CLOSED
COMP013503,CUST036056,LOAN_ISSUE,OPEN
COMP013504,CUST027816,CARD_ISSUE,OPEN
COMP013505,CUST054701,FRAUD_ALERT,OPEN
COMP013506,CUST082723,UPI_ISSUE,CLOSED
COMP013507,CUST056115,LOAN_ISSUE,OPEN
COMP013508,CUST030193,LOAN_ISSUE,CLOSED
COMP013509,CUST029872,CARD_ISSUE,OPEN
COMP013510,CUST009510,LOAN_ISSUE,CLOSED
COMP013511,CUST002167,UPI_ISSUE,OPEN
COMP013512,CUST018230,LOAN_ISSUE,OPEN
COMP013513,CUST073978,CARD_ISSUE,OPEN
COMP013514,CUST015913,FRAUD_ALERT,CLOSED
COMP013515,CUST006795,FRAUD_ALERT,CLOSED
COMP013516,CUST033514,UPI_ISSUE,CLOSED
COMP013517,CUST025874,FRAUD_ALERT,OPEN
COMP013518,CUST002029,CARD_ISSUE,OPEN
COMP013519,CUST004631,FRAUD_ALERT,OPEN
COMP013520,CUST017376,CARD_ISSUE,OPEN
COMP013521,CUST081336,LOAN_ISSUE,CLOSED
COMP013522,CUST078084,FRAUD_ALERT,CLOSED
COMP013523,CUST085259,FRAUD_ALERT,OPEN
COMP013524,CUST027009,CARD_ISSUE,OPEN
COMP013525,CUST068429,FRAUD_ALERT,CLOSED
COMP013526,CUST024565,LOAN_ISSUE,OPEN
COMP013527,CUST048493,CARD_ISSUE,OPEN
COMP013528,CUST053672,FRAUD_ALERT,CLOSED
COMP013529,CUST072869,LOAN_ISSUE,OPEN
COMP013530,CUST071731,FRAUD_ALERT,OPEN
COMP013531,CUST023660,CARD_ISSUE,OPEN
COMP013532,CUST095880,CARD_ISSUE,CLOSED
COMP013533,CUST085614,CARD_ISSUE,OPEN
COMP013534,CUST097292,UPI_ISSUE,OPEN
COMP013535,CUST035602,CARD_ISSUE,OPEN
COMP013536,CUST068404,CARD_ISSUE,OPEN
COMP013537,CUST078282,CARD_ISSUE,CLOSED
COMP013538,CUST092103,CARD_ISSUE,OPEN
COMP013539,CUST078718,FRAUD_ALERT,CLOSED
COMP013540,CUST000664,CARD_ISSUE,CLOSED
COMP013541,CUST017649,LOAN_ISSUE,CLOSED
COMP013542,CUST029447,LOAN_ISSUE,OPEN
COMP013543,CUST025986,LOAN_ISSUE,CLOSED
COMP013544,CUST025693,FRAUD_ALERT,OPEN
COMP013545,CUST000225,UPI_ISSUE,OPEN
COMP013546,CUST050319,FRAUD_ALERT,CLOSED
COMP013547,CUST014801,UPI_ISSUE,CLOSED
COMP013548,CUST028081,UPI_ISSUE,CLOSED
COMP013549,CUST016506,FRAUD_ALERT,OPEN
COMP013550,CUST059679,LOAN_ISSUE,OPEN
COMP013551,CUST063909,CARD_ISSUE,OPEN
COMP013552,CUST056563,CARD_ISSUE,CLOSED
COMP013553,CUST075787,UPI_ISSUE,OPEN
COMP013554,CUST081070,FRAUD_ALERT,OPEN
COMP013555,CUST090456,LOAN_ISSUE,OPEN
COMP013556,CUST051479,LOAN_ISSUE,CLOSED
COMP013557,CUST042448,LOAN_ISSUE,OPEN
COMP013558,CUST045711,UPI_ISSUE,OPEN
COMP013559,CUST071257,FRAUD_ALERT,OPEN
COMP013560,CUST040187,CARD_ISSUE,CLOSED
COMP013561,CUST083476,UPI_ISSUE,CLOSED
COMP013562,CUST020597,UPI_ISSUE,CLOSED
COMP013563,CUST026996,UPI_ISSUE,OPEN
COMP013564,CUST032508,LOAN_ISSUE,OPEN
COMP013565,CUST040815,FRAUD_ALERT,OPEN
COMP013566,CUST038664,LOAN_ISSUE,OPEN
COMP013567,CUST097513,UPI_ISSUE,CLOSED
COMP013568,CUST049315,CARD_ISSUE,OPEN
COMP013569,CUST043882,CARD_ISSUE,CLOSED
COMP013570,CUST081548,FRAUD_ALERT,CLOSED
COMP013571,CUST076608,CARD_ISSUE,CLOSED
COMP013572,CUST019507,UPI_ISSUE,OPEN
COMP013573,CUST047431,LOAN_ISSUE,OPEN
COMP013574,CUST010149,CARD_ISSUE,OPEN
COMP013575,CUST045697,LOAN_ISSUE,OPEN
COMP013576,CUST010000,UPI_ISSUE,CLOSED
COMP013577,CUST068926,FRAUD_ALERT,OPEN
COMP013578,CUST095897,LOAN_ISSUE,OPEN
COMP013579,CUST051174,CARD_ISSUE,OPEN
COMP013580,CUST036643,LOAN_ISSUE,CLOSED
COMP013581,CUST063283,FRAUD_ALERT,OPEN
COMP013582,CUST008267,UPI_ISSUE,CLOSED
COMP013583,CUST070007,UPI_ISSUE,CLOSED
COMP013584,CUST003550,CARD_ISSUE,OPEN
COMP013585,CUST008177,FRAUD_ALERT,OPEN
COMP013586,CUST001276,UPI_ISSUE,CLOSED
COMP013587,CUST030519,FRAUD_ALERT,OPEN
COMP013588,CUST002541,UPI_ISSUE,CLOSED
COMP013589,CUST045713,FRAUD_ALERT,OPEN
COMP013590,CUST065548,LOAN_ISSUE,OPEN
COMP013591,CUST054551,CARD_ISSUE,CLOSED
COMP013592,CUST012151,FRAUD_ALERT,CLOSED
COMP013593,CUST037723,CARD_ISSUE,CLOSED
COMP013594,CUST041596,FRAUD_ALERT,OPEN
COMP013595,CUST095453,UPI_ISSUE,CLOSED
COMP013596,CUST038645,LOAN_ISSUE,CLOSED
COMP013597,CUST099266,FRAUD_ALERT,CLOSED
COMP013598,CUST034111,CARD_ISSUE,CLOSED
COMP013599,CUST083842,UPI_ISSUE,OPEN
COMP013600,CUST041480,CARD_ISSUE,OPEN
COMP013601,CUST036816,UPI_ISSUE,OPEN
COMP013602,CUST078250,LOAN_ISSUE,OPEN
COMP013603,CUST061218,FRAUD_ALERT,OPEN
COMP013604,CUST084549,LOAN_ISSUE,OPEN
COMP013605,CUST060944,UPI_ISSUE,CLOSED
COMP013606,CUST013136,FRAUD_ALERT,OPEN
COMP013607,CUST085673,LOAN_ISSUE,OPEN
COMP013608,CUST010800,LOAN_ISSUE,OPEN
COMP013609,CUST020991,FRAUD_ALERT,CLOSED
COMP013610,CUST085440,LOAN_ISSUE,CLOSED
COMP013611,CUST089479,UPI_ISSUE,OPEN
COMP013612,CUST094238,LOAN_ISSUE,OPEN
COMP013613,CUST070792,UPI_ISSUE,OPEN
COMP013614,CUST091730,LOAN_ISSUE,CLOSED
COMP013615,CUST044823,LOAN_ISSUE,CLOSED
COMP013616,CUST082329,FRAUD_ALERT,CLOSED
COMP013617,CUST045364,LOAN_ISSUE,OPEN
COMP013618,CUST065366,LOAN_ISSUE,OPEN
COMP013619,CUST081137,CARD_ISSUE,CLOSED
COMP013620,CUST075870,UPI_ISSUE,OPEN
COMP013621,CUST023308,CARD_ISSUE,OPEN
COMP013622,CUST078738,LOAN_ISSUE,CLOSED
COMP013623,CUST040917,LOAN_ISSUE,OPEN
COMP013624,CUST013669,FRAUD_ALERT,OPEN
COMP013625,CUST047687,CARD_ISSUE,OPEN
COMP013626,CUST044476,UPI_ISSUE,CLOSED
COMP013627,CUST050212,LOAN_ISSUE,OPEN
COMP013628,CUST043113,LOAN_ISSUE,OPEN
COMP013629,CUST061368,CARD_ISSUE,CLOSED
COMP013630,CUST098647,LOAN_ISSUE,OPEN
COMP013631,CUST002422,LOAN_ISSUE,OPEN
COMP013632,CUST087195,CARD_ISSUE,OPEN
COMP013633,CUST096014,UPI_ISSUE,CLOSED
COMP013634,CUST005063,CARD_ISSUE,OPEN
COMP013635,CUST080511,LOAN_ISSUE,OPEN
COMP013636,CUST045190,CARD_ISSUE,OPEN
COMP013637,CUST092120,CARD_ISSUE,CLOSED
COMP013638,CUST062495,FRAUD_ALERT,OPEN
COMP013639,CUST008029,LOAN_ISSUE,CLOSED
COMP013640,CUST098409,UPI_ISSUE,OPEN
COMP013641,CUST037715,UPI_ISSUE,CLOSED
COMP013642,CUST038844,FRAUD_ALERT,OPEN
COMP013643,CUST064789,FRAUD_ALERT,OPEN
COMP013644,CUST020068,LOAN_ISSUE,CLOSED
COMP013645,CUST001320,CARD_ISSUE,OPEN
COMP013646,CUST038791,CARD_ISSUE,CLOSED
COMP013647,CUST035045,CARD_ISSUE,OPEN
COMP013648,CUST040400,UPI_ISSUE,OPEN
COMP013649,CUST091940,UPI_ISSUE,CLOSED
COMP013650,CUST002075,LOAN_ISSUE,OPEN
COMP013651,CUST061414,FRAUD_ALERT,CLOSED
COMP013652,CUST082346,UPI_ISSUE,OPEN
COMP013653,CUST085400,LOAN_ISSUE,OPEN
COMP013654,CUST079966,LOAN_ISSUE,CLOSED
COMP013655,CUST046398,CARD_ISSUE,OPEN
COMP013656,CUST024420,LOAN_ISSUE,CLOSED
COMP013657,CUST080582,CARD_ISSUE,CLOSED
COMP013658,CUST096339,UPI_ISSUE,OPEN
COMP013659,CUST051566,CARD_ISSUE,CLOSED
COMP013660,CUST093801,UPI_ISSUE,OPEN
COMP013661,CUST058914,LOAN_ISSUE,CLOSED
COMP013662,CUST053861,UPI_ISSUE,CLOSED
COMP013663,CUST038750,FRAUD_ALERT,OPEN
COMP013664,CUST060588,LOAN_ISSUE,OPEN
COMP013665,CUST083175,UPI_ISSUE,OPEN
COMP013666,CUST079072,LOAN_ISSUE,CLOSED
COMP013667,CUST071219,FRAUD_ALERT,OPEN
COMP013668,CUST036344,FRAUD_ALERT,CLOSED
COMP013669,CUST047873,FRAUD_ALERT,CLOSED
COMP013670,CUST017278,FRAUD_ALERT,OPEN
COMP013671,CUST024560,LOAN_ISSUE,OPEN
COMP013672,CUST011295,FRAUD_ALERT,OPEN
COMP013673,CUST066563,FRAUD_ALERT,CLOSED
COMP013674,CUST005212,CARD_ISSUE,OPEN
COMP013675,CUST086141,FRAUD_ALERT,OPEN
COMP013676,CUST046457,UPI_ISSUE,OPEN
COMP013677,CUST068444,LOAN_ISSUE,OPEN
COMP013678,CUST014744,LOAN_ISSUE,OPEN
COMP013679,CUST005142,UPI_ISSUE,OPEN
COMP013680,CUST094938,FRAUD_ALERT,CLOSED
COMP013681,CUST058054,LOAN_ISSUE,OPEN
COMP013682,CUST006287,FRAUD_ALERT,CLOSED
COMP013683,CUST065198,FRAUD_ALERT,OPEN
COMP013684,CUST083376,CARD_ISSUE,OPEN
COMP013685,CUST023678,FRAUD_ALERT,OPEN
COMP013686,CUST043290,FRAUD_ALERT,CLOSED
COMP013687,CUST080184,CARD_ISSUE,OPEN
COMP013688,CUST098903,FRAUD_ALERT,OPEN
COMP013689,CUST076739,CARD_ISSUE,OPEN
COMP013690,CUST013907,LOAN_ISSUE,OPEN
COMP013691,CUST005468,UPI_ISSUE,OPEN
COMP013692,CUST086378,UPI_ISSUE,OPEN
COMP013693,CUST076831,LOAN_ISSUE,CLOSED
COMP013694,CUST050219,UPI_ISSUE,CLOSED
COMP013695,CUST035630,LOAN_ISSUE,CLOSED
COMP013696,CUST094108,CARD_ISSUE,CLOSED
COMP013697,CUST065092,UPI_ISSUE,OPEN
COMP013698,CUST041612,FRAUD_ALERT,CLOSED
COMP013699,CUST033360,UPI_ISSUE,CLOSED
COMP013700,CUST018994,FRAUD_ALERT,OPEN
COMP013701,CUST067093,CARD_ISSUE,OPEN
COMP013702,CUST078554,LOAN_ISSUE,CLOSED
COMP013703,CUST081605,LOAN_ISSUE,OPEN
COMP013704,CUST041819,LOAN_ISSUE,CLOSED
COMP013705,CUST028920,UPI_ISSUE,CLOSED
COMP013706,CUST060446,CARD_ISSUE,OPEN
COMP013707,CUST045456,FRAUD_ALERT,CLOSED
COMP013708,CUST017782,CARD_ISSUE,CLOSED
COMP013709,CUST073016,UPI_ISSUE,OPEN
COMP013710,CUST046336,LOAN_ISSUE,CLOSED
COMP013711,CUST042010,UPI_ISSUE,CLOSED
COMP013712,CUST046363,CARD_ISSUE,CLOSED
COMP013713,CUST027218,CARD_ISSUE,CLOSED
COMP013714,CUST094572,FRAUD_ALERT,CLOSED
COMP013715,CUST010397,LOAN_ISSUE,CLOSED
COMP013716,CUST059867,LOAN_ISSUE,CLOSED
COMP013717,CUST057158,CARD_ISSUE,CLOSED
COMP013718,CUST082947,FRAUD_ALERT,OPEN
COMP013719,CUST061486,LOAN_ISSUE,CLOSED
COMP013720,CUST096290,LOAN_ISSUE,CLOSED
COMP013721,CUST000053,FRAUD_ALERT,CLOSED
COMP013722,CUST012514,CARD_ISSUE,OPEN
COMP013723,CUST004408,UPI_ISSUE,CLOSED
COMP013724,CUST012395,UPI_ISSUE,OPEN
COMP013725,CUST014586,LOAN_ISSUE,OPEN
COMP013726,CUST073514,LOAN_ISSUE,OPEN
COMP013727,CUST044213,LOAN_ISSUE,OPEN
COMP013728,CUST029087,LOAN_ISSUE,OPEN
COMP013729,CUST036841,FRAUD_ALERT,OPEN
COMP013730,CUST065845,CARD_ISSUE,CLOSED
COMP013731,CUST052124,FRAUD_ALERT,CLOSED
COMP013732,CUST075613,CARD_ISSUE,OPEN
COMP013733,CUST019585,CARD_ISSUE,OPEN
COMP013734,CUST031467,UPI_ISSUE,OPEN
COMP013735,CUST013235,LOAN_ISSUE,CLOSED
COMP013736,CUST098460,CARD_ISSUE,OPEN
COMP013737,CUST098418,UPI_ISSUE,CLOSED
COMP013738,CUST031943,CARD_ISSUE,OPEN
COMP013739,CUST034005,LOAN_ISSUE,OPEN
COMP013740,CUST053960,FRAUD_ALERT,OPEN
COMP013741,CUST077579,LOAN_ISSUE,OPEN
COMP013742,CUST064012,CARD_ISSUE,OPEN
COMP013743,CUST051454,UPI_ISSUE,OPEN
COMP013744,CUST010616,CARD_ISSUE,CLOSED
COMP013745,CUST000516,LOAN_ISSUE,CLOSED
COMP013746,CUST014303,UPI_ISSUE,CLOSED
COMP013747,CUST005810,CARD_ISSUE,CLOSED
COMP013748,CUST074205,FRAUD_ALERT,CLOSED
COMP013749,CUST009425,FRAUD_ALERT,CLOSED
COMP013750,CUST095415,FRAUD_ALERT,OPEN
COMP013751,CUST098999,CARD_ISSUE,OPEN
COMP013752,CUST042586,FRAUD_ALERT,OPEN
COMP013753,CUST026081,CARD_ISSUE,CLOSED
COMP013754,CUST069139,CARD_ISSUE,CLOSED
COMP013755,CUST046218,FRAUD_ALERT,CLOSED
COMP013756,CUST007266,CARD_ISSUE,OPEN
COMP013757,CUST077948,FRAUD_ALERT,OPEN
COMP013758,CUST097799,UPI_ISSUE,OPEN
COMP013759,CUST029062,LOAN_ISSUE,CLOSED
COMP013760,CUST035377,FRAUD_ALERT,OPEN
COMP013761,CUST074193,LOAN_ISSUE,OPEN
COMP013762,CUST057776,FRAUD_ALERT,CLOSED
COMP013763,CUST098316,CARD_ISSUE,OPEN
COMP013764,CUST097771,LOAN_ISSUE,OPEN
COMP013765,CUST016554,FRAUD_ALERT,OPEN
COMP013766,CUST047971,CARD_ISSUE,OPEN
COMP013767,CUST068543,FRAUD_ALERT,OPEN
COMP013768,CUST028988,FRAUD_ALERT,CLOSED
COMP013769,CUST067441,LOAN_ISSUE,CLOSED
COMP013770,CUST027857,UPI_ISSUE,OPEN
COMP013771,CUST059334,FRAUD_ALERT,OPEN
COMP013772,CUST092511,FRAUD_ALERT,OPEN
COMP013773,CUST033628,FRAUD_ALERT,CLOSED
COMP013774,CUST034174,FRAUD_ALERT,CLOSED
COMP013775,CUST008854,LOAN_ISSUE,CLOSED
COMP013776,CUST084491,UPI_ISSUE,OPEN
COMP013777,CUST066483,FRAUD_ALERT,OPEN
COMP013778,CUST066274,LOAN_ISSUE,OPEN
COMP013779,CUST098222,LOAN_ISSUE,OPEN
COMP013780,CUST002965,CARD_ISSUE,CLOSED
COMP013781,CUST037537,LOAN_ISSUE,CLOSED
COMP013782,CUST004961,LOAN_ISSUE,OPEN
COMP013783,CUST016763,LOAN_ISSUE,OPEN
COMP013784,CUST026516,FRAUD_ALERT,CLOSED
COMP013785,CUST087333,CARD_ISSUE,OPEN
COMP013786,CUST096544,UPI_ISSUE,OPEN
COMP013787,CUST076162,LOAN_ISSUE,CLOSED
COMP013788,CUST026419,LOAN_ISSUE,OPEN
COMP013789,CUST070043,UPI_ISSUE,CLOSED
COMP013790,CUST005082,UPI_ISSUE,OPEN
COMP013791,CUST021904,UPI_ISSUE,CLOSED
COMP013792,CUST002135,FRAUD_ALERT,OPEN
COMP013793,CUST052304,UPI_ISSUE,CLOSED
COMP013794,CUST038512,LOAN_ISSUE,OPEN
COMP013795,CUST012710,UPI_ISSUE,OPEN
COMP013796,CUST027629,UPI_ISSUE,CLOSED
COMP013797,CUST035868,FRAUD_ALERT,OPEN
COMP013798,CUST036777,UPI_ISSUE,CLOSED
COMP013799,CUST076919,FRAUD_ALERT,OPEN
COMP013800,CUST017707,CARD_ISSUE,OPEN
COMP013801,CUST047611,LOAN_ISSUE,CLOSED
COMP013802,CUST014318,CARD_ISSUE,OPEN
COMP013803,CUST052128,FRAUD_ALERT,CLOSED
COMP013804,CUST013881,UPI_ISSUE,CLOSED
COMP013805,CUST090406,LOAN_ISSUE,CLOSED
COMP013806,CUST018035,UPI_ISSUE,OPEN
COMP013807,CUST073722,LOAN_ISSUE,OPEN
COMP013808,CUST053510,CARD_ISSUE,CLOSED
COMP013809,CUST007462,FRAUD_ALERT,OPEN
COMP013810,CUST012506,UPI_ISSUE,OPEN
COMP013811,CUST054653,FRAUD_ALERT,CLOSED
COMP013812,CUST004141,FRAUD_ALERT,CLOSED
COMP013813,CUST094732,LOAN_ISSUE,CLOSED
COMP013814,CUST053262,UPI_ISSUE,OPEN
COMP013815,CUST001030,CARD_ISSUE,OPEN
COMP013816,CUST057372,FRAUD_ALERT,CLOSED
COMP013817,CUST026519,LOAN_ISSUE,CLOSED
COMP013818,CUST097691,CARD_ISSUE,OPEN
COMP013819,CUST070394,LOAN_ISSUE,OPEN
COMP013820,CUST023793,FRAUD_ALERT,OPEN
COMP013821,CUST028825,UPI_ISSUE,CLOSED
COMP013822,CUST071408,CARD_ISSUE,CLOSED
COMP013823,CUST076526,UPI_ISSUE,OPEN
COMP013824,CUST006933,LOAN_ISSUE,CLOSED
COMP013825,CUST006858,UPI_ISSUE,CLOSED
COMP013826,CUST065651,LOAN_ISSUE,OPEN
COMP013827,CUST023621,FRAUD_ALERT,CLOSED
COMP013828,CUST088321,CARD_ISSUE,OPEN
COMP013829,CUST089175,LOAN_ISSUE,OPEN
COMP013830,CUST080367,LOAN_ISSUE,OPEN
COMP013831,CUST065247,CARD_ISSUE,OPEN
COMP013832,CUST074773,FRAUD_ALERT,OPEN
COMP013833,CUST051269,LOAN_ISSUE,OPEN
COMP013834,CUST016712,FRAUD_ALERT,OPEN
COMP013835,CUST093606,LOAN_ISSUE,OPEN
COMP013836,CUST083789,FRAUD_ALERT,OPEN
COMP013837,CUST022908,LOAN_ISSUE,CLOSED
COMP013838,CUST038510,UPI_ISSUE,CLOSED
COMP013839,CUST004625,CARD_ISSUE,CLOSED
COMP013840,CUST021890,LOAN_ISSUE,CLOSED
COMP013841,CUST007215,UPI_ISSUE,CLOSED
COMP013842,CUST061055,UPI_ISSUE,CLOSED
COMP013843,CUST034794,FRAUD_ALERT,CLOSED
COMP013844,CUST069070,UPI_ISSUE,CLOSED
COMP013845,CUST025587,CARD_ISSUE,CLOSED
COMP013846,CUST031102,LOAN_ISSUE,OPEN
COMP013847,CUST045046,LOAN_ISSUE,CLOSED
COMP013848,CUST018095,UPI_ISSUE,OPEN
COMP013849,CUST038252,UPI_ISSUE,OPEN
COMP013850,CUST027254,FRAUD_ALERT,CLOSED
COMP013851,CUST084106,FRAUD_ALERT,CLOSED
COMP013852,CUST052714,LOAN_ISSUE,CLOSED
COMP013853,CUST039964,LOAN_ISSUE,OPEN
COMP013854,CUST072494,CARD_ISSUE,OPEN
COMP013855,CUST054104,CARD_ISSUE,CLOSED
COMP013856,CUST091178,FRAUD_ALERT,CLOSED
COMP013857,CUST024174,LOAN_ISSUE,CLOSED
COMP013858,CUST009297,LOAN_ISSUE,CLOSED
COMP013859,CUST013045,LOAN_ISSUE,OPEN
COMP013860,CUST017443,LOAN_ISSUE,OPEN
COMP013861,CUST038070,UPI_ISSUE,OPEN
COMP013862,CUST039949,UPI_ISSUE,CLOSED
COMP013863,CUST021152,FRAUD_ALERT,CLOSED
COMP013864,CUST046278,LOAN_ISSUE,OPEN
COMP013865,CUST073668,FRAUD_ALERT,CLOSED
COMP013866,CUST081581,UPI_ISSUE,OPEN
COMP013867,CUST063204,CARD_ISSUE,CLOSED
COMP013868,CUST090457,FRAUD_ALERT,OPEN
COMP013869,CUST037900,CARD_ISSUE,OPEN
COMP013870,CUST030536,LOAN_ISSUE,OPEN
COMP013871,CUST054337,FRAUD_ALERT,OPEN
COMP013872,CUST039740,LOAN_ISSUE,OPEN
COMP013873,CUST075309,LOAN_ISSUE,OPEN
COMP013874,CUST045217,UPI_ISSUE,OPEN
COMP013875,CUST015327,UPI_ISSUE,OPEN
COMP013876,CUST040279,CARD_ISSUE,OPEN
COMP013877,CUST078282,LOAN_ISSUE,CLOSED
COMP013878,CUST097928,LOAN_ISSUE,OPEN
COMP013879,CUST093131,FRAUD_ALERT,OPEN
COMP013880,CUST090426,FRAUD_ALERT,CLOSED
COMP013881,CUST016943,UPI_ISSUE,CLOSED
COMP013882,CUST072486,FRAUD_ALERT,OPEN
COMP013883,CUST032985,LOAN_ISSUE,CLOSED
COMP013884,CUST064730,LOAN_ISSUE,OPEN
COMP013885,CUST037548,UPI_ISSUE,CLOSED
COMP013886,CUST032592,CARD_ISSUE,OPEN
COMP013887,CUST031481,LOAN_ISSUE,CLOSED
COMP013888,CUST021549,LOAN_ISSUE,CLOSED
COMP013889,CUST004109,CARD_ISSUE,OPEN
COMP013890,CUST019389,UPI_ISSUE,OPEN
COMP013891,CUST054978,LOAN_ISSUE,CLOSED
COMP013892,CUST029626,FRAUD_ALERT,CLOSED
COMP013893,CUST091608,UPI_ISSUE,CLOSED
COMP013894,CUST000549,UPI_ISSUE,CLOSED
COMP013895,CUST070443,UPI_ISSUE,OPEN
COMP013896,CUST080098,FRAUD_ALERT,OPEN
COMP013897,CUST097814,CARD_ISSUE,OPEN
COMP013898,CUST034255,FRAUD_ALERT,CLOSED
COMP013899,CUST011585,FRAUD_ALERT,CLOSED
COMP013900,CUST007210,LOAN_ISSUE,OPEN
COMP013901,CUST009722,FRAUD_ALERT,CLOSED
COMP013902,CUST094743,FRAUD_ALERT,CLOSED
COMP013903,CUST084909,CARD_ISSUE,CLOSED
COMP013904,CUST007203,CARD_ISSUE,OPEN
COMP013905,CUST029653,FRAUD_ALERT,OPEN
COMP013906,CUST084791,FRAUD_ALERT,CLOSED
COMP013907,CUST051406,LOAN_ISSUE,CLOSED
COMP013908,CUST052197,CARD_ISSUE,CLOSED
COMP013909,CUST092995,UPI_ISSUE,OPEN
COMP013910,CUST065470,UPI_ISSUE,CLOSED
COMP013911,CUST002297,UPI_ISSUE,CLOSED
COMP013912,CUST099127,UPI_ISSUE,OPEN
COMP013913,CUST030477,CARD_ISSUE,OPEN
COMP013914,CUST059648,LOAN_ISSUE,CLOSED
COMP013915,CUST099767,CARD_ISSUE,CLOSED
COMP013916,CUST036221,FRAUD_ALERT,OPEN
COMP013917,CUST079843,UPI_ISSUE,OPEN
COMP013918,CUST038417,UPI_ISSUE,CLOSED
COMP013919,CUST034802,LOAN_ISSUE,CLOSED
COMP013920,CUST003770,FRAUD_ALERT,CLOSED
COMP013921,CUST093552,CARD_ISSUE,CLOSED
COMP013922,CUST046913,LOAN_ISSUE,CLOSED
COMP013923,CUST092805,UPI_ISSUE,OPEN
COMP013924,CUST084909,CARD_ISSUE,OPEN
COMP013925,CUST092622,UPI_ISSUE,OPEN
COMP013926,CUST027535,CARD_ISSUE,OPEN
COMP013927,CUST002441,CARD_ISSUE,OPEN
COMP013928,CUST057676,FRAUD_ALERT,OPEN
COMP013929,CUST028822,CARD_ISSUE,CLOSED
COMP013930,CUST057417,UPI_ISSUE,OPEN
COMP013931,CUST089086,CARD_ISSUE,OPEN
COMP013932,CUST040007,UPI_ISSUE,CLOSED
COMP013933,CUST057948,FRAUD_ALERT,CLOSED
COMP013934,CUST072913,LOAN_ISSUE,CLOSED
COMP013935,CUST040845,LOAN_ISSUE,CLOSED
COMP013936,CUST037760,LOAN_ISSUE,OPEN
COMP013937,CUST081446,FRAUD_ALERT,CLOSED
COMP013938,CUST065969,FRAUD_ALERT,CLOSED
COMP013939,CUST049166,LOAN_ISSUE,OPEN
COMP013940,CUST006531,UPI_ISSUE,OPEN
COMP013941,CUST065993,LOAN_ISSUE,CLOSED
COMP013942,CUST047392,FRAUD_ALERT,OPEN
COMP013943,CUST012053,LOAN_ISSUE,OPEN
COMP013944,CUST089669,FRAUD_ALERT,CLOSED
COMP013945,CUST098917,UPI_ISSUE,CLOSED
COMP013946,CUST022272,LOAN_ISSUE,OPEN
COMP013947,CUST008893,LOAN_ISSUE,CLOSED
COMP013948,CUST082764,FRAUD_ALERT,OPEN
COMP013949,CUST028149,CARD_ISSUE,CLOSED
COMP013950,CUST037259,CARD_ISSUE,CLOSED
COMP013951,CUST062326,CARD_ISSUE,CLOSED
COMP013952,CUST044350,UPI_ISSUE,CLOSED
COMP013953,CUST041033,FRAUD_ALERT,OPEN
COMP013954,CUST030367,CARD_ISSUE,OPEN
COMP013955,CUST024860,UPI_ISSUE,OPEN
COMP013956,CUST034533,UPI_ISSUE,OPEN
COMP013957,CUST021994,FRAUD_ALERT,CLOSED
COMP013958,CUST080386,UPI_ISSUE,CLOSED
COMP013959,CUST095292,FRAUD_ALERT,OPEN
COMP013960,CUST082222,UPI_ISSUE,OPEN
COMP013961,CUST028218,LOAN_ISSUE,CLOSED
COMP013962,CUST084126,LOAN_ISSUE,OPEN
COMP013963,CUST060166,LOAN_ISSUE,CLOSED
COMP013964,CUST088850,UPI_ISSUE,CLOSED
COMP013965,CUST041331,CARD_ISSUE,CLOSED
COMP013966,CUST038536,UPI_ISSUE,CLOSED
COMP013967,CUST030914,CARD_ISSUE,CLOSED
COMP013968,CUST038759,CARD_ISSUE,OPEN
COMP013969,CUST075840,CARD_ISSUE,OPEN
COMP013970,CUST011772,CARD_ISSUE,CLOSED
COMP013971,CUST068371,LOAN_ISSUE,CLOSED
COMP013972,CUST029005,LOAN_ISSUE,CLOSED
COMP013973,CUST097115,UPI_ISSUE,CLOSED
COMP013974,CUST058285,UPI_ISSUE,OPEN
COMP013975,CUST068802,UPI_ISSUE,OPEN
COMP013976,CUST046866,LOAN_ISSUE,OPEN
COMP013977,CUST056276,FRAUD_ALERT,OPEN
COMP013978,CUST076558,CARD_ISSUE,OPEN
COMP013979,CUST093175,LOAN_ISSUE,CLOSED
COMP013980,CUST030190,CARD_ISSUE,CLOSED
COMP013981,CUST004653,FRAUD_ALERT,OPEN
COMP013982,CUST095410,LOAN_ISSUE,CLOSED
COMP013983,CUST087793,UPI_ISSUE,OPEN
COMP013984,CUST005706,LOAN_ISSUE,CLOSED
COMP013985,CUST096558,FRAUD_ALERT,CLOSED
COMP013986,CUST040579,CARD_ISSUE,OPEN
COMP013987,CUST010351,LOAN_ISSUE,OPEN
COMP013988,CUST002590,CARD_ISSUE,OPEN
COMP013989,CUST045018,FRAUD_ALERT,OPEN
COMP013990,CUST092901,UPI_ISSUE,CLOSED
COMP013991,CUST032370,FRAUD_ALERT,OPEN
COMP013992,CUST082323,FRAUD_ALERT,CLOSED
COMP013993,CUST039452,UPI_ISSUE,OPEN
COMP013994,CUST013303,CARD_ISSUE,CLOSED
COMP013995,CUST096752,LOAN_ISSUE,OPEN
COMP013996,CUST083689,UPI_ISSUE,CLOSED
COMP013997,CUST098558,FRAUD_ALERT,OPEN
COMP013998,CUST007907,FRAUD_ALERT,OPEN
COMP013999,CUST068822,CARD_ISSUE,CLOSED
COMP014000,CUST080843,CARD_ISSUE,OPEN
COMP014001,CUST096741,UPI_ISSUE,CLOSED
COMP014002,CUST029716,FRAUD_ALERT,OPEN
COMP014003,CUST023541,LOAN_ISSUE,CLOSED
COMP014004,CUST093773,CARD_ISSUE,OPEN
COMP014005,CUST076838,UPI_ISSUE,OPEN
COMP014006,CUST030632,UPI_ISSUE,OPEN
COMP014007,CUST059793,LOAN_ISSUE,OPEN
COMP014008,CUST005644,FRAUD_ALERT,CLOSED
COMP014009,CUST007311,CARD_ISSUE,CLOSED
COMP014010,CUST050006,UPI_ISSUE,OPEN
COMP014011,CUST018036,CARD_ISSUE,OPEN
COMP014012,CUST088242,CARD_ISSUE,CLOSED
COMP014013,CUST022866,CARD_ISSUE,CLOSED
COMP014014,CUST033043,FRAUD_ALERT,OPEN
COMP014015,CUST040596,UPI_ISSUE,CLOSED
COMP014016,CUST043658,LOAN_ISSUE,OPEN
COMP014017,CUST067978,UPI_ISSUE,OPEN
COMP014018,CUST067260,LOAN_ISSUE,CLOSED
COMP014019,CUST066301,FRAUD_ALERT,CLOSED
COMP014020,CUST058201,LOAN_ISSUE,OPEN
COMP014021,CUST018288,CARD_ISSUE,CLOSED
COMP014022,CUST000089,LOAN_ISSUE,OPEN
COMP014023,CUST013310,LOAN_ISSUE,OPEN
COMP014024,CUST061703,FRAUD_ALERT,CLOSED
COMP014025,CUST048488,FRAUD_ALERT,CLOSED
COMP014026,CUST020129,UPI_ISSUE,CLOSED
COMP014027,CUST075311,FRAUD_ALERT,CLOSED
COMP014028,CUST082369,CARD_ISSUE,CLOSED
COMP014029,CUST086557,FRAUD_ALERT,CLOSED
COMP014030,CUST056389,FRAUD_ALERT,OPEN
COMP014031,CUST057482,UPI_ISSUE,CLOSED
COMP014032,CUST004007,UPI_ISSUE,OPEN
COMP014033,CUST062359,FRAUD_ALERT,CLOSED
COMP014034,CUST064330,LOAN_ISSUE,CLOSED
COMP014035,CUST047398,LOAN_ISSUE,CLOSED
COMP014036,CUST017997,CARD_ISSUE,CLOSED
COMP014037,CUST005993,FRAUD_ALERT,CLOSED
COMP014038,CUST054337,UPI_ISSUE,OPEN
COMP014039,CUST092773,LOAN_ISSUE,CLOSED
COMP014040,CUST094224,FRAUD_ALERT,CLOSED
COMP014041,CUST078783,LOAN_ISSUE,OPEN
COMP014042,CUST076195,UPI_ISSUE,CLOSED
COMP014043,CUST047906,UPI_ISSUE,CLOSED
COMP014044,CUST040929,FRAUD_ALERT,OPEN
COMP014045,CUST067783,LOAN_ISSUE,OPEN
COMP014046,CUST023944,CARD_ISSUE,CLOSED
COMP014047,CUST024724,FRAUD_ALERT,OPEN
COMP014048,CUST070311,LOAN_ISSUE,CLOSED
COMP014049,CUST079175,LOAN_ISSUE,CLOSED
COMP014050,CUST056162,CARD_ISSUE,OPEN
COMP014051,CUST044342,FRAUD_ALERT,CLOSED
COMP014052,CUST045429,CARD_ISSUE,OPEN
COMP014053,CUST034801,LOAN_ISSUE,CLOSED
COMP014054,CUST010451,LOAN_ISSUE,CLOSED
COMP014055,CUST086266,FRAUD_ALERT,OPEN
COMP014056,CUST017115,FRAUD_ALERT,CLOSED
COMP014057,CUST096387,LOAN_ISSUE,CLOSED
COMP014058,CUST050274,UPI_ISSUE,CLOSED
COMP014059,CUST039491,FRAUD_ALERT,OPEN
COMP014060,CUST066497,FRAUD_ALERT,OPEN
COMP014061,CUST051648,CARD_ISSUE,OPEN
COMP014062,CUST011321,FRAUD_ALERT,OPEN
COMP014063,CUST071631,UPI_ISSUE,CLOSED
COMP014064,CUST061675,UPI_ISSUE,CLOSED
COMP014065,CUST045042,LOAN_ISSUE,CLOSED
COMP014066,CUST017715,UPI_ISSUE,OPEN
COMP014067,CUST077538,UPI_ISSUE,OPEN
COMP014068,CUST026013,CARD_ISSUE,OPEN
COMP014069,CUST033740,CARD_ISSUE,CLOSED
COMP014070,CUST040786,CARD_ISSUE,OPEN
COMP014071,CUST054819,LOAN_ISSUE,OPEN
COMP014072,CUST053290,CARD_ISSUE,OPEN
COMP014073,CUST082518,FRAUD_ALERT,CLOSED
COMP014074,CUST088875,FRAUD_ALERT,CLOSED
COMP014075,CUST038021,FRAUD_ALERT,CLOSED
COMP014076,CUST014374,CARD_ISSUE,OPEN
COMP014077,CUST047021,CARD_ISSUE,CLOSED
COMP014078,CUST078048,LOAN_ISSUE,CLOSED
COMP014079,CUST063749,FRAUD_ALERT,CLOSED
COMP014080,CUST093460,CARD_ISSUE,CLOSED
COMP014081,CUST099806,UPI_ISSUE,CLOSED
COMP014082,CUST018787,FRAUD_ALERT,OPEN
COMP014083,CUST071353,FRAUD_ALERT,CLOSED
COMP014084,CUST010785,UPI_ISSUE,OPEN
COMP014085,CUST042253,FRAUD_ALERT,CLOSED
COMP014086,CUST022564,CARD_ISSUE,CLOSED
COMP014087,CUST094270,CARD_ISSUE,CLOSED
COMP014088,CUST022319,CARD_ISSUE,OPEN
COMP014089,CUST057166,CARD_ISSUE,CLOSED
COMP014090,CUST023378,LOAN_ISSUE,OPEN
COMP014091,CUST027974,LOAN_ISSUE,OPEN
COMP014092,CUST005486,CARD_ISSUE,CLOSED
COMP014093,CUST003469,LOAN_ISSUE,CLOSED
COMP014094,CUST016942,CARD_ISSUE,CLOSED
COMP014095,CUST037929,UPI_ISSUE,OPEN
COMP014096,CUST004633,LOAN_ISSUE,CLOSED
COMP014097,CUST016632,UPI_ISSUE,CLOSED
COMP014098,CUST013248,FRAUD_ALERT,OPEN
COMP014099,CUST001370,LOAN_ISSUE,OPEN
COMP014100,CUST065017,CARD_ISSUE,CLOSED
COMP014101,CUST062894,UPI_ISSUE,OPEN
COMP014102,CUST093643,FRAUD_ALERT,CLOSED
COMP014103,CUST044087,FRAUD_ALERT,OPEN
COMP014104,CUST026165,FRAUD_ALERT,CLOSED
COMP014105,CUST054935,CARD_ISSUE,OPEN
COMP014106,CUST000315,CARD_ISSUE,CLOSED
COMP014107,CUST050504,CARD_ISSUE,OPEN
COMP014108,CUST086740,LOAN_ISSUE,CLOSED
COMP014109,CUST061900,LOAN_ISSUE,OPEN
COMP014110,CUST027033,FRAUD_ALERT,CLOSED
COMP014111,CUST052996,FRAUD_ALERT,OPEN
COMP014112,CUST031742,CARD_ISSUE,CLOSED
COMP014113,CUST023669,LOAN_ISSUE,CLOSED
COMP014114,CUST083231,CARD_ISSUE,CLOSED
COMP014115,CUST088094,LOAN_ISSUE,CLOSED
COMP014116,CUST046021,FRAUD_ALERT,CLOSED
COMP014117,CUST082745,CARD_ISSUE,OPEN
COMP014118,CUST051735,LOAN_ISSUE,OPEN
COMP014119,CUST078161,LOAN_ISSUE,CLOSED
COMP014120,CUST012748,CARD_ISSUE,CLOSED
COMP014121,CUST094749,LOAN_ISSUE,OPEN
COMP014122,CUST029122,UPI_ISSUE,CLOSED
COMP014123,CUST082731,FRAUD_ALERT,CLOSED
COMP014124,CUST071490,CARD_ISSUE,OPEN
COMP014125,CUST043074,UPI_ISSUE,OPEN
COMP014126,CUST059845,FRAUD_ALERT,CLOSED
COMP014127,CUST042264,FRAUD_ALERT,CLOSED
COMP014128,CUST011296,UPI_ISSUE,OPEN
COMP014129,CUST042777,UPI_ISSUE,CLOSED
COMP014130,CUST005629,UPI_ISSUE,CLOSED
COMP014131,CUST009395,CARD_ISSUE,OPEN
COMP014132,CUST051133,FRAUD_ALERT,CLOSED
COMP014133,CUST058104,UPI_ISSUE,CLOSED
COMP014134,CUST079284,LOAN_ISSUE,OPEN
COMP014135,CUST046482,CARD_ISSUE,CLOSED
COMP014136,CUST063933,LOAN_ISSUE,OPEN
COMP014137,CUST027334,FRAUD_ALERT,CLOSED
COMP014138,CUST022012,FRAUD_ALERT,CLOSED
COMP014139,CUST078699,FRAUD_ALERT,CLOSED
COMP014140,CUST088973,FRAUD_ALERT,OPEN
COMP014141,CUST028949,LOAN_ISSUE,CLOSED
COMP014142,CUST052785,UPI_ISSUE,OPEN
COMP014143,CUST026714,FRAUD_ALERT,OPEN
COMP014144,CUST070512,CARD_ISSUE,CLOSED
COMP014145,CUST018379,CARD_ISSUE,OPEN
COMP014146,CUST031186,CARD_ISSUE,CLOSED
COMP014147,CUST070336,CARD_ISSUE,CLOSED
COMP014148,CUST095402,FRAUD_ALERT,OPEN
COMP014149,CUST088174,LOAN_ISSUE,CLOSED
COMP014150,CUST076833,UPI_ISSUE,OPEN
COMP014151,CUST074729,FRAUD_ALERT,CLOSED
COMP014152,CUST091476,LOAN_ISSUE,CLOSED
COMP014153,CUST016988,UPI_ISSUE,OPEN
COMP014154,CUST014003,CARD_ISSUE,OPEN
COMP014155,CUST005780,FRAUD_ALERT,CLOSED
COMP014156,CUST086871,UPI_ISSUE,OPEN
COMP014157,CUST000903,LOAN_ISSUE,OPEN
COMP014158,CUST002146,UPI_ISSUE,OPEN
COMP014159,CUST009409,CARD_ISSUE,OPEN
COMP014160,CUST092886,CARD_ISSUE,OPEN
COMP014161,CUST048182,UPI_ISSUE,OPEN
COMP014162,CUST016307,UPI_ISSUE,CLOSED
COMP014163,CUST010897,LOAN_ISSUE,CLOSED
COMP014164,CUST035219,LOAN_ISSUE,OPEN
COMP014165,CUST019580,CARD_ISSUE,CLOSED
COMP014166,CUST034205,LOAN_ISSUE,CLOSED
COMP014167,CUST036240,CARD_ISSUE,CLOSED
COMP014168,CUST092848,FRAUD_ALERT,OPEN
COMP014169,CUST082952,LOAN_ISSUE,OPEN
COMP014170,CUST069478,UPI_ISSUE,OPEN
COMP014171,CUST052141,UPI_ISSUE,OPEN
COMP014172,CUST004798,UPI_ISSUE,CLOSED
COMP014173,CUST027446,LOAN_ISSUE,OPEN
COMP014174,CUST030955,CARD_ISSUE,OPEN
COMP014175,CUST014818,FRAUD_ALERT,CLOSED
COMP014176,CUST073364,UPI_ISSUE,CLOSED
COMP014177,CUST083424,UPI_ISSUE,OPEN
COMP014178,CUST075633,UPI_ISSUE,OPEN
COMP014179,CUST034786,UPI_ISSUE,OPEN
COMP014180,CUST084831,UPI_ISSUE,OPEN
COMP014181,CUST050270,UPI_ISSUE,OPEN
COMP014182,CUST050465,UPI_ISSUE,OPEN
COMP014183,CUST096897,LOAN_ISSUE,OPEN
COMP014184,CUST022929,FRAUD_ALERT,OPEN
COMP014185,CUST021877,LOAN_ISSUE,OPEN
COMP014186,CUST000831,LOAN_ISSUE,CLOSED
COMP014187,CUST040755,UPI_ISSUE,OPEN
COMP014188,CUST075342,UPI_ISSUE,CLOSED
COMP014189,CUST017493,UPI_ISSUE,OPEN
COMP014190,CUST017458,UPI_ISSUE,OPEN
COMP014191,CUST025342,CARD_ISSUE,CLOSED
COMP014192,CUST011074,LOAN_ISSUE,OPEN
COMP014193,CUST043828,CARD_ISSUE,CLOSED
COMP014194,CUST010387,UPI_ISSUE,CLOSED
COMP014195,CUST056309,CARD_ISSUE,OPEN
COMP014196,CUST036851,UPI_ISSUE,CLOSED
COMP014197,CUST002012,UPI_ISSUE,OPEN
COMP014198,CUST012847,CARD_ISSUE,CLOSED
COMP014199,CUST006538,UPI_ISSUE,OPEN
COMP014200,CUST073437,CARD_ISSUE,CLOSED
COMP014201,CUST098630,CARD_ISSUE,CLOSED
COMP014202,CUST046969,UPI_ISSUE,CLOSED
COMP014203,CUST038398,UPI_ISSUE,CLOSED
COMP014204,CUST024838,CARD_ISSUE,OPEN
COMP014205,CUST035124,LOAN_ISSUE,OPEN
COMP014206,CUST090393,LOAN_ISSUE,CLOSED
COMP014207,CUST018418,LOAN_ISSUE,OPEN
COMP014208,CUST015459,CARD_ISSUE,OPEN
COMP014209,CUST010306,UPI_ISSUE,CLOSED
COMP014210,CUST094620,LOAN_ISSUE,CLOSED
COMP014211,CUST012220,FRAUD_ALERT,CLOSED
COMP014212,CUST076789,LOAN_ISSUE,OPEN
COMP014213,CUST057758,UPI_ISSUE,CLOSED
COMP014214,CUST071619,FRAUD_ALERT,CLOSED
COMP014215,CUST076212,UPI_ISSUE,OPEN
COMP014216,CUST091333,UPI_ISSUE,CLOSED
COMP014217,CUST023785,FRAUD_ALERT,OPEN
COMP014218,CUST033885,LOAN_ISSUE,CLOSED
COMP014219,CUST060742,UPI_ISSUE,OPEN
COMP014220,CUST029365,FRAUD_ALERT,OPEN
COMP014221,CUST057278,CARD_ISSUE,CLOSED
COMP014222,CUST084076,LOAN_ISSUE,OPEN
COMP014223,CUST034594,LOAN_ISSUE,OPEN
COMP014224,CUST001440,LOAN_ISSUE,OPEN
COMP014225,CUST095704,LOAN_ISSUE,OPEN
COMP014226,CUST017029,CARD_ISSUE,OPEN
COMP014227,CUST048891,FRAUD_ALERT,OPEN
COMP014228,CUST091136,UPI_ISSUE,CLOSED
COMP014229,CUST096418,FRAUD_ALERT,OPEN
COMP014230,CUST014142,CARD_ISSUE,CLOSED
COMP014231,CUST009443,UPI_ISSUE,CLOSED
COMP014232,CUST093421,FRAUD_ALERT,OPEN
COMP014233,CUST087978,FRAUD_ALERT,OPEN
COMP014234,CUST099812,UPI_ISSUE,CLOSED
COMP014235,CUST033757,CARD_ISSUE,OPEN
COMP014236,CUST002261,FRAUD_ALERT,CLOSED
COMP014237,CUST097126,CARD_ISSUE,OPEN
COMP014238,CUST009470,LOAN_ISSUE,CLOSED
COMP014239,CUST059588,UPI_ISSUE,OPEN
COMP014240,CUST062811,LOAN_ISSUE,OPEN
COMP014241,CUST053695,UPI_ISSUE,CLOSED
COMP014242,CUST057004,LOAN_ISSUE,OPEN
COMP014243,CUST021941,UPI_ISSUE,OPEN
COMP014244,CUST003744,CARD_ISSUE,CLOSED
COMP014245,CUST091401,FRAUD_ALERT,OPEN
COMP014246,CUST080932,FRAUD_ALERT,CLOSED
COMP014247,CUST047080,UPI_ISSUE,CLOSED
COMP014248,CUST071279,CARD_ISSUE,CLOSED
COMP014249,CUST017749,FRAUD_ALERT,CLOSED
COMP014250,CUST049033,LOAN_ISSUE,OPEN
COMP014251,CUST025102,CARD_ISSUE,CLOSED
COMP014252,CUST013714,CARD_ISSUE,CLOSED
COMP014253,CUST001810,FRAUD_ALERT,OPEN
COMP014254,CUST083295,UPI_ISSUE,OPEN
COMP014255,CUST042178,UPI_ISSUE,CLOSED
COMP014256,CUST062492,CARD_ISSUE,OPEN
COMP014257,CUST041605,CARD_ISSUE,CLOSED
COMP014258,CUST000549,LOAN_ISSUE,OPEN
COMP014259,CUST056897,UPI_ISSUE,CLOSED
COMP014260,CUST081005,LOAN_ISSUE,OPEN
COMP014261,CUST058312,LOAN_ISSUE,CLOSED
COMP014262,CUST021429,UPI_ISSUE,CLOSED
COMP014263,CUST022056,UPI_ISSUE,OPEN
COMP014264,CUST096380,UPI_ISSUE,OPEN
COMP014265,CUST047478,UPI_ISSUE,CLOSED
COMP014266,CUST033897,CARD_ISSUE,OPEN
COMP014267,CUST005284,UPI_ISSUE,OPEN
COMP014268,CUST053139,CARD_ISSUE,OPEN
COMP014269,CUST002510,CARD_ISSUE,OPEN
COMP014270,CUST068816,CARD_ISSUE,OPEN
COMP014271,CUST053813,UPI_ISSUE,OPEN
COMP014272,CUST090868,CARD_ISSUE,OPEN
COMP014273,CUST081234,FRAUD_ALERT,CLOSED
COMP014274,CUST007749,UPI_ISSUE,OPEN
COMP014275,CUST069417,FRAUD_ALERT,CLOSED
COMP014276,CUST088275,LOAN_ISSUE,CLOSED
COMP014277,CUST096081,LOAN_ISSUE,CLOSED
COMP014278,CUST007239,CARD_ISSUE,OPEN
COMP014279,CUST072346,CARD_ISSUE,OPEN
COMP014280,CUST069324,LOAN_ISSUE,CLOSED
COMP014281,CUST012100,FRAUD_ALERT,OPEN
COMP014282,CUST084523,LOAN_ISSUE,CLOSED
COMP014283,CUST034288,LOAN_ISSUE,OPEN
COMP014284,CUST007964,UPI_ISSUE,OPEN
COMP014285,CUST021679,LOAN_ISSUE,CLOSED
COMP014286,CUST077770,CARD_ISSUE,CLOSED
COMP014287,CUST047677,LOAN_ISSUE,CLOSED
COMP014288,CUST093166,CARD_ISSUE,OPEN
COMP014289,CUST086456,FRAUD_ALERT,CLOSED
COMP014290,CUST036201,LOAN_ISSUE,OPEN
COMP014291,CUST006945,FRAUD_ALERT,OPEN
COMP014292,CUST001135,CARD_ISSUE,OPEN
COMP014293,CUST027950,CARD_ISSUE,CLOSED
COMP014294,CUST031040,CARD_ISSUE,CLOSED
COMP014295,CUST058859,LOAN_ISSUE,CLOSED
COMP014296,CUST006694,UPI_ISSUE,CLOSED
COMP014297,CUST096433,LOAN_ISSUE,CLOSED
COMP014298,CUST057980,CARD_ISSUE,CLOSED
COMP014299,CUST072597,LOAN_ISSUE,OPEN
COMP014300,CUST052289,LOAN_ISSUE,CLOSED
COMP014301,CUST034613,UPI_ISSUE,CLOSED
COMP014302,CUST057659,CARD_ISSUE,OPEN
COMP014303,CUST080776,CARD_ISSUE,CLOSED
COMP014304,CUST013408,FRAUD_ALERT,OPEN
COMP014305,CUST087297,LOAN_ISSUE,CLOSED
COMP014306,CUST063381,LOAN_ISSUE,OPEN
COMP014307,CUST062152,LOAN_ISSUE,CLOSED
COMP014308,CUST076686,LOAN_ISSUE,OPEN
COMP014309,CUST075061,LOAN_ISSUE,CLOSED
COMP014310,CUST023947,CARD_ISSUE,OPEN
COMP014311,CUST033812,UPI_ISSUE,CLOSED
COMP014312,CUST027159,CARD_ISSUE,CLOSED
COMP014313,CUST008903,CARD_ISSUE,CLOSED
COMP014314,CUST002067,LOAN_ISSUE,OPEN
COMP014315,CUST076056,CARD_ISSUE,OPEN
COMP014316,CUST064842,CARD_ISSUE,CLOSED
COMP014317,CUST022332,UPI_ISSUE,OPEN
COMP014318,CUST022904,LOAN_ISSUE,CLOSED
COMP014319,CUST062266,LOAN_ISSUE,CLOSED
COMP014320,CUST042991,FRAUD_ALERT,CLOSED
COMP014321,CUST085737,UPI_ISSUE,CLOSED
COMP014322,CUST081581,LOAN_ISSUE,CLOSED
COMP014323,CUST017723,UPI_ISSUE,OPEN
COMP014324,CUST061172,FRAUD_ALERT,OPEN
COMP014325,CUST082747,LOAN_ISSUE,OPEN
COMP014326,CUST011477,FRAUD_ALERT,CLOSED
COMP014327,CUST002667,FRAUD_ALERT,OPEN
COMP014328,CUST022992,CARD_ISSUE,OPEN
COMP014329,CUST015508,CARD_ISSUE,OPEN
COMP014330,CUST008427,CARD_ISSUE,OPEN
COMP014331,CUST056318,LOAN_ISSUE,OPEN
COMP014332,CUST036277,UPI_ISSUE,CLOSED
COMP014333,CUST032962,UPI_ISSUE,CLOSED
COMP014334,CUST067206,UPI_ISSUE,OPEN
COMP014335,CUST033484,UPI_ISSUE,CLOSED
COMP014336,CUST055669,UPI_ISSUE,OPEN
COMP014337,CUST073146,LOAN_ISSUE,CLOSED
COMP014338,CUST009652,FRAUD_ALERT,OPEN
COMP014339,CUST087670,UPI_ISSUE,OPEN
COMP014340,CUST067770,LOAN_ISSUE,CLOSED
COMP014341,CUST055062,UPI_ISSUE,OPEN
COMP014342,CUST093252,LOAN_ISSUE,CLOSED
COMP014343,CUST065448,UPI_ISSUE,CLOSED
COMP014344,CUST036030,UPI_ISSUE,OPEN
COMP014345,CUST038496,FRAUD_ALERT,OPEN
COMP014346,CUST044334,CARD_ISSUE,OPEN
COMP014347,CUST097160,CARD_ISSUE,CLOSED
COMP014348,CUST094567,CARD_ISSUE,CLOSED
COMP014349,CUST038547,CARD_ISSUE,OPEN
COMP014350,CUST056846,UPI_ISSUE,OPEN
COMP014351,CUST050558,LOAN_ISSUE,CLOSED
COMP014352,CUST074113,FRAUD_ALERT,CLOSED
COMP014353,CUST094728,LOAN_ISSUE,CLOSED
COMP014354,CUST033990,FRAUD_ALERT,OPEN
COMP014355,CUST000499,LOAN_ISSUE,OPEN
COMP014356,CUST008320,UPI_ISSUE,CLOSED
COMP014357,CUST004025,UPI_ISSUE,OPEN
COMP014358,CUST049812,FRAUD_ALERT,CLOSED
COMP014359,CUST079961,LOAN_ISSUE,CLOSED
COMP014360,CUST044893,LOAN_ISSUE,OPEN
COMP014361,CUST005058,UPI_ISSUE,OPEN
COMP014362,CUST063270,CARD_ISSUE,OPEN
COMP014363,CUST057081,LOAN_ISSUE,CLOSED
COMP014364,CUST024591,LOAN_ISSUE,CLOSED
COMP014365,CUST040120,FRAUD_ALERT,OPEN
COMP014366,CUST077145,FRAUD_ALERT,OPEN
COMP014367,CUST038560,CARD_ISSUE,OPEN
COMP014368,CUST081282,FRAUD_ALERT,OPEN
COMP014369,CUST006835,FRAUD_ALERT,OPEN
COMP014370,CUST058238,LOAN_ISSUE,OPEN
COMP014371,CUST055424,UPI_ISSUE,CLOSED
COMP014372,CUST089875,LOAN_ISSUE,CLOSED
COMP014373,CUST077299,LOAN_ISSUE,OPEN
COMP014374,CUST055478,UPI_ISSUE,CLOSED
COMP014375,CUST047203,LOAN_ISSUE,OPEN
COMP014376,CUST068685,FRAUD_ALERT,CLOSED
COMP014377,CUST072693,CARD_ISSUE,CLOSED
COMP014378,CUST085324,UPI_ISSUE,OPEN
COMP014379,CUST043331,CARD_ISSUE,CLOSED
COMP014380,CUST036568,CARD_ISSUE,OPEN
COMP014381,CUST003025,FRAUD_ALERT,CLOSED
COMP014382,CUST002835,FRAUD_ALERT,CLOSED
COMP014383,CUST063581,LOAN_ISSUE,OPEN
COMP014384,CUST096534,LOAN_ISSUE,OPEN
COMP014385,CUST034665,LOAN_ISSUE,OPEN
COMP014386,CUST084639,UPI_ISSUE,CLOSED
COMP014387,CUST037693,LOAN_ISSUE,OPEN
COMP014388,CUST078965,FRAUD_ALERT,CLOSED
COMP014389,CUST088692,LOAN_ISSUE,CLOSED
COMP014390,CUST020061,FRAUD_ALERT,OPEN
COMP014391,CUST057882,CARD_ISSUE,CLOSED
COMP014392,CUST097240,UPI_ISSUE,CLOSED
COMP014393,CUST032838,LOAN_ISSUE,OPEN
COMP014394,CUST095610,FRAUD_ALERT,OPEN
COMP014395,CUST086997,LOAN_ISSUE,CLOSED
COMP014396,CUST027930,CARD_ISSUE,OPEN
COMP014397,CUST027707,UPI_ISSUE,CLOSED
COMP014398,CUST025917,UPI_ISSUE,CLOSED
COMP014399,CUST066415,UPI_ISSUE,CLOSED
COMP014400,CUST062830,UPI_ISSUE,CLOSED
COMP014401,CUST050801,UPI_ISSUE,OPEN
COMP014402,CUST060938,CARD_ISSUE,OPEN
COMP014403,CUST042457,UPI_ISSUE,CLOSED
COMP014404,CUST021923,LOAN_ISSUE,OPEN
COMP014405,CUST062898,CARD_ISSUE,OPEN
COMP014406,CUST062413,CARD_ISSUE,OPEN
COMP014407,CUST017763,CARD_ISSUE,OPEN
COMP014408,CUST013342,UPI_ISSUE,CLOSED
COMP014409,CUST078928,CARD_ISSUE,OPEN
COMP014410,CUST009624,FRAUD_ALERT,CLOSED
COMP014411,CUST055755,UPI_ISSUE,OPEN
COMP014412,CUST069289,LOAN_ISSUE,CLOSED
COMP014413,CUST072651,UPI_ISSUE,CLOSED
COMP014414,CUST099794,CARD_ISSUE,CLOSED
COMP014415,CUST034692,UPI_ISSUE,CLOSED
COMP014416,CUST031675,FRAUD_ALERT,CLOSED
COMP014417,CUST014855,LOAN_ISSUE,OPEN
COMP014418,CUST079606,LOAN_ISSUE,OPEN
COMP014419,CUST024993,FRAUD_ALERT,OPEN
COMP014420,CUST078569,UPI_ISSUE,OPEN
COMP014421,CUST094867,LOAN_ISSUE,CLOSED
COMP014422,CUST069810,LOAN_ISSUE,CLOSED
COMP014423,CUST003253,FRAUD_ALERT,OPEN
COMP014424,CUST046683,FRAUD_ALERT,CLOSED
COMP014425,CUST096569,CARD_ISSUE,OPEN
COMP014426,CUST009061,LOAN_ISSUE,CLOSED
COMP014427,CUST037882,UPI_ISSUE,OPEN
COMP014428,CUST046599,LOAN_ISSUE,CLOSED
COMP014429,CUST022280,UPI_ISSUE,OPEN
COMP014430,CUST074620,CARD_ISSUE,CLOSED
COMP014431,CUST044196,UPI_ISSUE,CLOSED
COMP014432,CUST060854,UPI_ISSUE,CLOSED
COMP014433,CUST051910,UPI_ISSUE,OPEN
COMP014434,CUST032680,LOAN_ISSUE,OPEN
COMP014435,CUST056783,UPI_ISSUE,OPEN
COMP014436,CUST033403,LOAN_ISSUE,CLOSED
COMP014437,CUST029883,LOAN_ISSUE,CLOSED
COMP014438,CUST097595,UPI_ISSUE,OPEN
COMP014439,CUST002787,UPI_ISSUE,OPEN
COMP014440,CUST041228,UPI_ISSUE,CLOSED
COMP014441,CUST017246,FRAUD_ALERT,CLOSED
COMP014442,CUST042218,LOAN_ISSUE,CLOSED
COMP014443,CUST083642,UPI_ISSUE,CLOSED
COMP014444,CUST099654,CARD_ISSUE,OPEN
COMP014445,CUST064959,FRAUD_ALERT,CLOSED
COMP014446,CUST047856,CARD_ISSUE,OPEN
COMP014447,CUST015728,CARD_ISSUE,CLOSED
COMP014448,CUST064013,FRAUD_ALERT,CLOSED
COMP014449,CUST092815,UPI_ISSUE,CLOSED
COMP014450,CUST056074,FRAUD_ALERT,OPEN
COMP014451,CUST017359,LOAN_ISSUE,OPEN
COMP014452,CUST024856,FRAUD_ALERT,OPEN
COMP014453,CUST031639,LOAN_ISSUE,OPEN
COMP014454,CUST096188,LOAN_ISSUE,CLOSED
COMP014455,CUST018497,LOAN_ISSUE,CLOSED
COMP014456,CUST017526,CARD_ISSUE,CLOSED
COMP014457,CUST098836,LOAN_ISSUE,OPEN
COMP014458,CUST067046,LOAN_ISSUE,CLOSED
COMP014459,CUST046471,UPI_ISSUE,CLOSED
COMP014460,CUST017311,CARD_ISSUE,CLOSED
COMP014461,CUST056718,LOAN_ISSUE,OPEN
COMP014462,CUST010054,LOAN_ISSUE,OPEN
COMP014463,CUST008776,CARD_ISSUE,OPEN
COMP014464,CUST084335,UPI_ISSUE,OPEN
COMP014465,CUST055849,CARD_ISSUE,CLOSED
COMP014466,CUST017917,LOAN_ISSUE,CLOSED
COMP014467,CUST007921,LOAN_ISSUE,OPEN
COMP014468,CUST023318,LOAN_ISSUE,CLOSED
COMP014469,CUST006501,LOAN_ISSUE,CLOSED
COMP014470,CUST083570,FRAUD_ALERT,OPEN
COMP014471,CUST078563,FRAUD_ALERT,OPEN
COMP014472,CUST045819,CARD_ISSUE,CLOSED
COMP014473,CUST087440,LOAN_ISSUE,OPEN
COMP014474,CUST007164,FRAUD_ALERT,CLOSED
COMP014475,CUST057723,CARD_ISSUE,OPEN
COMP014476,CUST029371,LOAN_ISSUE,CLOSED
COMP014477,CUST074789,FRAUD_ALERT,CLOSED
COMP014478,CUST031323,CARD_ISSUE,CLOSED
COMP014479,CUST000569,FRAUD_ALERT,OPEN
COMP014480,CUST028525,LOAN_ISSUE,OPEN
COMP014481,CUST029248,LOAN_ISSUE,OPEN
COMP014482,CUST090582,CARD_ISSUE,OPEN
COMP014483,CUST035526,CARD_ISSUE,OPEN
COMP014484,CUST048257,LOAN_ISSUE,CLOSED
COMP014485,CUST080600,UPI_ISSUE,OPEN
COMP014486,CUST025031,CARD_ISSUE,OPEN
COMP014487,CUST020847,UPI_ISSUE,OPEN
COMP014488,CUST093162,LOAN_ISSUE,CLOSED
COMP014489,CUST026999,LOAN_ISSUE,CLOSED
COMP014490,CUST095668,FRAUD_ALERT,OPEN
COMP014491,CUST052389,CARD_ISSUE,OPEN
COMP014492,CUST071269,FRAUD_ALERT,OPEN
COMP014493,CUST007512,UPI_ISSUE,OPEN
COMP014494,CUST084802,UPI_ISSUE,OPEN
COMP014495,CUST062684,UPI_ISSUE,CLOSED
COMP014496,CUST010782,UPI_ISSUE,CLOSED
COMP014497,CUST070117,LOAN_ISSUE,CLOSED
COMP014498,CUST015461,CARD_ISSUE,OPEN
COMP014499,CUST006761,LOAN_ISSUE,OPEN
COMP014500,CUST076288,FRAUD_ALERT,OPEN
COMP014501,CUST003505,CARD_ISSUE,OPEN
COMP014502,CUST015428,FRAUD_ALERT,OPEN
COMP014503,CUST023053,CARD_ISSUE,CLOSED
COMP014504,CUST072844,CARD_ISSUE,OPEN
COMP014505,CUST017795,CARD_ISSUE,CLOSED
COMP014506,CUST038289,CARD_ISSUE,OPEN
COMP014507,CUST007172,FRAUD_ALERT,CLOSED
COMP014508,CUST062707,UPI_ISSUE,OPEN
COMP014509,CUST021913,FRAUD_ALERT,CLOSED
COMP014510,CUST013207,CARD_ISSUE,OPEN
COMP014511,CUST025297,FRAUD_ALERT,OPEN
COMP014512,CUST075187,FRAUD_ALERT,CLOSED
COMP014513,CUST035111,CARD_ISSUE,CLOSED
COMP014514,CUST039150,CARD_ISSUE,CLOSED
COMP014515,CUST077627,UPI_ISSUE,OPEN
COMP014516,CUST084796,CARD_ISSUE,CLOSED
COMP014517,CUST035721,FRAUD_ALERT,OPEN
COMP014518,CUST016418,LOAN_ISSUE,OPEN
COMP014519,CUST096850,LOAN_ISSUE,OPEN
COMP014520,CUST056244,LOAN_ISSUE,CLOSED
COMP014521,CUST008522,FRAUD_ALERT,OPEN
COMP014522,CUST096071,FRAUD_ALERT,CLOSED
COMP014523,CUST039954,FRAUD_ALERT,OPEN
COMP014524,CUST064013,UPI_ISSUE,OPEN
COMP014525,CUST003528,CARD_ISSUE,CLOSED
COMP014526,CUST015385,FRAUD_ALERT,OPEN
COMP014527,CUST047891,FRAUD_ALERT,OPEN
COMP014528,CUST096727,FRAUD_ALERT,OPEN
COMP014529,CUST070885,LOAN_ISSUE,OPEN
COMP014530,CUST094920,FRAUD_ALERT,OPEN
COMP014531,CUST091259,FRAUD_ALERT,OPEN
COMP014532,CUST014702,CARD_ISSUE,OPEN
COMP014533,CUST052485,UPI_ISSUE,CLOSED
COMP014534,CUST011179,CARD_ISSUE,OPEN
COMP014535,CUST007638,CARD_ISSUE,OPEN
COMP014536,CUST071646,LOAN_ISSUE,CLOSED
COMP014537,CUST090958,LOAN_ISSUE,CLOSED
COMP014538,CUST071354,LOAN_ISSUE,CLOSED
COMP014539,CUST058264,FRAUD_ALERT,OPEN
COMP014540,CUST045405,CARD_ISSUE,CLOSED
COMP014541,CUST046501,FRAUD_ALERT,OPEN
COMP014542,CUST074575,FRAUD_ALERT,OPEN
COMP014543,CUST015900,LOAN_ISSUE,OPEN
COMP014544,CUST096854,FRAUD_ALERT,CLOSED
COMP014545,CUST014325,UPI_ISSUE,OPEN
COMP014546,CUST069956,UPI_ISSUE,OPEN
COMP014547,CUST047813,CARD_ISSUE,CLOSED
COMP014548,CUST060699,CARD_ISSUE,CLOSED
COMP014549,CUST014584,CARD_ISSUE,OPEN
COMP014550,CUST091340,CARD_ISSUE,OPEN
COMP014551,CUST070595,CARD_ISSUE,OPEN
COMP014552,CUST042692,LOAN_ISSUE,CLOSED
COMP014553,CUST082724,CARD_ISSUE,OPEN
COMP014554,CUST006556,LOAN_ISSUE,CLOSED
COMP014555,CUST086516,CARD_ISSUE,CLOSED
COMP014556,CUST077582,LOAN_ISSUE,CLOSED
COMP014557,CUST073229,FRAUD_ALERT,CLOSED
COMP014558,CUST097643,CARD_ISSUE,CLOSED
COMP014559,CUST050248,LOAN_ISSUE,CLOSED
COMP014560,CUST012560,UPI_ISSUE,OPEN
COMP014561,CUST021124,FRAUD_ALERT,OPEN
COMP014562,CUST086700,CARD_ISSUE,CLOSED
COMP014563,CUST001896,CARD_ISSUE,CLOSED
COMP014564,CUST037388,CARD_ISSUE,OPEN
COMP014565,CUST064886,CARD_ISSUE,OPEN
COMP014566,CUST060639,CARD_ISSUE,CLOSED
COMP014567,CUST068725,CARD_ISSUE,CLOSED
COMP014568,CUST085211,LOAN_ISSUE,OPEN
COMP014569,CUST056034,UPI_ISSUE,CLOSED
COMP014570,CUST080543,FRAUD_ALERT,CLOSED
COMP014571,CUST094693,UPI_ISSUE,CLOSED
COMP014572,CUST053920,LOAN_ISSUE,CLOSED
COMP014573,CUST040740,FRAUD_ALERT,OPEN
COMP014574,CUST077002,FRAUD_ALERT,CLOSED
COMP014575,CUST014429,LOAN_ISSUE,CLOSED
COMP014576,CUST093375,FRAUD_ALERT,OPEN
COMP014577,CUST024180,LOAN_ISSUE,OPEN
COMP014578,CUST085463,LOAN_ISSUE,CLOSED
COMP014579,CUST085688,UPI_ISSUE,OPEN
COMP014580,CUST069753,UPI_ISSUE,OPEN
COMP014581,CUST020953,CARD_ISSUE,CLOSED
COMP014582,CUST018791,FRAUD_ALERT,CLOSED
COMP014583,CUST094206,FRAUD_ALERT,CLOSED
COMP014584,CUST001811,FRAUD_ALERT,OPEN
COMP014585,CUST092906,LOAN_ISSUE,OPEN
COMP014586,CUST062069,LOAN_ISSUE,OPEN
COMP014587,CUST046091,LOAN_ISSUE,OPEN
COMP014588,CUST024854,UPI_ISSUE,OPEN
COMP014589,CUST077858,FRAUD_ALERT,OPEN
COMP014590,CUST022857,LOAN_ISSUE,CLOSED
COMP014591,CUST082310,FRAUD_ALERT,CLOSED
COMP014592,CUST004549,FRAUD_ALERT,OPEN
COMP014593,CUST029866,FRAUD_ALERT,OPEN
COMP014594,CUST051893,FRAUD_ALERT,OPEN
COMP014595,CUST052877,FRAUD_ALERT,OPEN
COMP014596,CUST054099,LOAN_ISSUE,CLOSED
COMP014597,CUST073629,CARD_ISSUE,OPEN
COMP014598,CUST071500,CARD_ISSUE,OPEN
COMP014599,CUST016107,CARD_ISSUE,OPEN
COMP014600,CUST077629,FRAUD_ALERT,CLOSED
COMP014601,CUST080763,CARD_ISSUE,CLOSED
COMP014602,CUST004237,CARD_ISSUE,CLOSED
COMP014603,CUST055619,CARD_ISSUE,CLOSED
COMP014604,CUST086704,UPI_ISSUE,OPEN
COMP014605,CUST094632,UPI_ISSUE,OPEN
COMP014606,CUST087698,LOAN_ISSUE,OPEN
COMP014607,CUST032151,CARD_ISSUE,CLOSED
COMP014608,CUST076497,FRAUD_ALERT,OPEN
COMP014609,CUST096914,CARD_ISSUE,CLOSED
COMP014610,CUST029764,LOAN_ISSUE,OPEN
COMP014611,CUST028532,CARD_ISSUE,CLOSED
COMP014612,CUST029261,LOAN_ISSUE,OPEN
COMP014613,CUST088245,CARD_ISSUE,CLOSED
COMP014614,CUST054121,LOAN_ISSUE,CLOSED
COMP014615,CUST013950,LOAN_ISSUE,CLOSED
COMP014616,CUST080669,UPI_ISSUE,OPEN
COMP014617,CUST004503,FRAUD_ALERT,OPEN
COMP014618,CUST075002,LOAN_ISSUE,CLOSED
COMP014619,CUST069000,FRAUD_ALERT,CLOSED
COMP014620,CUST096352,FRAUD_ALERT,CLOSED
COMP014621,CUST092283,UPI_ISSUE,CLOSED
COMP014622,CUST039882,FRAUD_ALERT,CLOSED
COMP014623,CUST092383,LOAN_ISSUE,CLOSED
COMP014624,CUST093227,UPI_ISSUE,OPEN
COMP014625,CUST006419,LOAN_ISSUE,CLOSED
COMP014626,CUST031778,FRAUD_ALERT,CLOSED
COMP014627,CUST070345,CARD_ISSUE,CLOSED
COMP014628,CUST054987,LOAN_ISSUE,CLOSED
COMP014629,CUST048573,CARD_ISSUE,CLOSED
COMP014630,CUST057182,CARD_ISSUE,CLOSED
COMP014631,CUST098613,LOAN_ISSUE,OPEN
COMP014632,CUST063559,UPI_ISSUE,CLOSED
COMP014633,CUST052155,LOAN_ISSUE,OPEN
COMP014634,CUST088895,UPI_ISSUE,CLOSED
COMP014635,CUST092560,UPI_ISSUE,OPEN
COMP014636,CUST018227,CARD_ISSUE,OPEN
COMP014637,CUST076158,LOAN_ISSUE,OPEN
COMP014638,CUST023694,UPI_ISSUE,CLOSED
COMP014639,CUST041485,LOAN_ISSUE,CLOSED
COMP014640,CUST038827,CARD_ISSUE,OPEN
COMP014641,CUST058531,UPI_ISSUE,CLOSED
COMP014642,CUST046683,CARD_ISSUE,OPEN
COMP014643,CUST088551,LOAN_ISSUE,CLOSED
COMP014644,CUST082641,FRAUD_ALERT,CLOSED
COMP014645,CUST048707,FRAUD_ALERT,OPEN
COMP014646,CUST071534,LOAN_ISSUE,OPEN
COMP014647,CUST060624,FRAUD_ALERT,OPEN
COMP014648,CUST025209,UPI_ISSUE,OPEN
COMP014649,CUST006713,CARD_ISSUE,OPEN
COMP014650,CUST058143,FRAUD_ALERT,CLOSED
COMP014651,CUST076915,CARD_ISSUE,OPEN
COMP014652,CUST099677,CARD_ISSUE,OPEN
COMP014653,CUST039256,FRAUD_ALERT,CLOSED
COMP014654,CUST091950,UPI_ISSUE,OPEN
COMP014655,CUST078430,CARD_ISSUE,CLOSED
COMP014656,CUST092860,LOAN_ISSUE,OPEN
COMP014657,CUST097933,LOAN_ISSUE,OPEN
COMP014658,CUST069744,UPI_ISSUE,CLOSED
COMP014659,CUST023221,FRAUD_ALERT,OPEN
COMP014660,CUST066839,FRAUD_ALERT,OPEN
COMP014661,CUST039849,CARD_ISSUE,CLOSED
COMP014662,CUST095013,FRAUD_ALERT,CLOSED
COMP014663,CUST094685,CARD_ISSUE,OPEN
COMP014664,CUST057294,LOAN_ISSUE,CLOSED
COMP014665,CUST018935,LOAN_ISSUE,OPEN
COMP014666,CUST027109,UPI_ISSUE,CLOSED
COMP014667,CUST093765,LOAN_ISSUE,OPEN
COMP014668,CUST091905,UPI_ISSUE,CLOSED
COMP014669,CUST053300,FRAUD_ALERT,OPEN
COMP014670,CUST076178,CARD_ISSUE,OPEN
COMP014671,CUST098799,UPI_ISSUE,OPEN
COMP014672,CUST058337,CARD_ISSUE,OPEN
COMP014673,CUST025223,CARD_ISSUE,CLOSED
COMP014674,CUST081708,FRAUD_ALERT,OPEN
COMP014675,CUST042842,FRAUD_ALERT,CLOSED
COMP014676,CUST041529,CARD_ISSUE,OPEN
COMP014677,CUST094710,CARD_ISSUE,CLOSED
COMP014678,CUST046124,LOAN_ISSUE,CLOSED
COMP014679,CUST042461,CARD_ISSUE,CLOSED
COMP014680,CUST067791,LOAN_ISSUE,CLOSED
COMP014681,CUST075066,FRAUD_ALERT,CLOSED
COMP014682,CUST059024,CARD_ISSUE,CLOSED
COMP014683,CUST079107,LOAN_ISSUE,CLOSED
COMP014684,CUST008729,LOAN_ISSUE,OPEN
COMP014685,CUST058320,FRAUD_ALERT,OPEN
COMP014686,CUST030921,CARD_ISSUE,CLOSED
COMP014687,CUST080473,UPI_ISSUE,OPEN
COMP014688,CUST026179,LOAN_ISSUE,OPEN
COMP014689,CUST035447,FRAUD_ALERT,CLOSED
COMP014690,CUST037660,FRAUD_ALERT,CLOSED
COMP014691,CUST038972,UPI_ISSUE,CLOSED
COMP014692,CUST063616,UPI_ISSUE,CLOSED
COMP014693,CUST000477,UPI_ISSUE,OPEN
COMP014694,CUST057181,UPI_ISSUE,CLOSED
COMP014695,CUST003564,LOAN_ISSUE,CLOSED
COMP014696,CUST063006,LOAN_ISSUE,CLOSED
COMP014697,CUST023889,UPI_ISSUE,OPEN
COMP014698,CUST012817,FRAUD_ALERT,CLOSED
COMP014699,CUST070168,FRAUD_ALERT,OPEN
COMP014700,CUST086828,LOAN_ISSUE,OPEN
COMP014701,CUST063678,UPI_ISSUE,CLOSED
COMP014702,CUST058640,CARD_ISSUE,OPEN
COMP014703,CUST085354,UPI_ISSUE,CLOSED
COMP014704,CUST081468,CARD_ISSUE,CLOSED
COMP014705,CUST038887,UPI_ISSUE,CLOSED
COMP014706,CUST049271,CARD_ISSUE,CLOSED
COMP014707,CUST051638,FRAUD_ALERT,CLOSED
COMP014708,CUST094490,LOAN_ISSUE,CLOSED
COMP014709,CUST029870,LOAN_ISSUE,OPEN
COMP014710,CUST091426,FRAUD_ALERT,CLOSED
COMP014711,CUST069239,CARD_ISSUE,OPEN
COMP014712,CUST048404,LOAN_ISSUE,OPEN
COMP014713,CUST068651,FRAUD_ALERT,CLOSED
COMP014714,CUST026863,FRAUD_ALERT,OPEN
COMP014715,CUST080798,FRAUD_ALERT,CLOSED
COMP014716,CUST002695,UPI_ISSUE,CLOSED
COMP014717,CUST051528,FRAUD_ALERT,OPEN
COMP014718,CUST060907,UPI_ISSUE,OPEN
COMP014719,CUST046734,LOAN_ISSUE,OPEN
COMP014720,CUST064650,FRAUD_ALERT,OPEN
COMP014721,CUST023429,CARD_ISSUE,CLOSED
COMP014722,CUST097767,LOAN_ISSUE,CLOSED
COMP014723,CUST035652,CARD_ISSUE,CLOSED
COMP014724,CUST047499,FRAUD_ALERT,OPEN
COMP014725,CUST017990,CARD_ISSUE,CLOSED
COMP014726,CUST003294,CARD_ISSUE,OPEN
COMP014727,CUST020278,LOAN_ISSUE,CLOSED
COMP014728,CUST067419,LOAN_ISSUE,OPEN
COMP014729,CUST019051,LOAN_ISSUE,OPEN
COMP014730,CUST010725,CARD_ISSUE,OPEN
COMP014731,CUST069612,CARD_ISSUE,OPEN
COMP014732,CUST073250,FRAUD_ALERT,OPEN
COMP014733,CUST036759,CARD_ISSUE,CLOSED
COMP014734,CUST010713,FRAUD_ALERT,CLOSED
COMP014735,CUST010207,CARD_ISSUE,CLOSED
COMP014736,CUST008192,UPI_ISSUE,OPEN
COMP014737,CUST055165,UPI_ISSUE,OPEN
COMP014738,CUST039833,CARD_ISSUE,CLOSED
COMP014739,CUST021646,CARD_ISSUE,OPEN
COMP014740,CUST042533,FRAUD_ALERT,OPEN
COMP014741,CUST018838,FRAUD_ALERT,OPEN
COMP014742,CUST062395,FRAUD_ALERT,CLOSED
COMP014743,CUST041572,FRAUD_ALERT,CLOSED
COMP014744,CUST041652,FRAUD_ALERT,CLOSED
COMP014745,CUST053788,CARD_ISSUE,OPEN
COMP014746,CUST039352,CARD_ISSUE,OPEN
COMP014747,CUST007306,LOAN_ISSUE,CLOSED
COMP014748,CUST020599,CARD_ISSUE,OPEN
COMP014749,CUST014495,LOAN_ISSUE,OPEN
COMP014750,CUST076372,UPI_ISSUE,OPEN
COMP014751,CUST063846,FRAUD_ALERT,OPEN
COMP014752,CUST085519,FRAUD_ALERT,CLOSED
COMP014753,CUST033261,UPI_ISSUE,CLOSED
COMP014754,CUST071635,UPI_ISSUE,OPEN
COMP014755,CUST087889,FRAUD_ALERT,OPEN
COMP014756,CUST020562,UPI_ISSUE,CLOSED
COMP014757,CUST060191,CARD_ISSUE,OPEN
COMP014758,CUST096010,CARD_ISSUE,OPEN
COMP014759,CUST052671,UPI_ISSUE,OPEN
COMP014760,CUST065823,FRAUD_ALERT,OPEN
COMP014761,CUST028337,FRAUD_ALERT,OPEN
COMP014762,CUST079994,CARD_ISSUE,CLOSED
COMP014763,CUST062620,LOAN_ISSUE,OPEN
COMP014764,CUST077742,FRAUD_ALERT,OPEN
COMP014765,CUST010849,LOAN_ISSUE,CLOSED
COMP014766,CUST097797,UPI_ISSUE,OPEN
COMP014767,CUST041290,CARD_ISSUE,CLOSED
COMP014768,CUST087211,FRAUD_ALERT,CLOSED
COMP014769,CUST079211,LOAN_ISSUE,CLOSED
COMP014770,CUST045232,FRAUD_ALERT,CLOSED
COMP014771,CUST080212,CARD_ISSUE,OPEN
COMP014772,CUST094522,LOAN_ISSUE,OPEN
COMP014773,CUST091101,FRAUD_ALERT,OPEN
COMP014774,CUST061788,CARD_ISSUE,OPEN
COMP014775,CUST062214,FRAUD_ALERT,OPEN
COMP014776,CUST030742,CARD_ISSUE,OPEN
COMP014777,CUST011524,CARD_ISSUE,CLOSED
COMP014778,CUST019710,UPI_ISSUE,CLOSED
COMP014779,CUST028883,UPI_ISSUE,CLOSED
COMP014780,CUST025627,CARD_ISSUE,CLOSED
COMP014781,CUST077434,CARD_ISSUE,OPEN
COMP014782,CUST086818,UPI_ISSUE,OPEN
COMP014783,CUST036984,FRAUD_ALERT,OPEN
COMP014784,CUST088023,FRAUD_ALERT,CLOSED
COMP014785,CUST014954,CARD_ISSUE,CLOSED
COMP014786,CUST036111,LOAN_ISSUE,CLOSED
COMP014787,CUST044783,LOAN_ISSUE,OPEN
COMP014788,CUST004835,LOAN_ISSUE,OPEN
COMP014789,CUST069161,LOAN_ISSUE,OPEN
COMP014790,CUST098018,FRAUD_ALERT,OPEN
COMP014791,CUST081195,FRAUD_ALERT,CLOSED
COMP014792,CUST041675,FRAUD_ALERT,OPEN
COMP014793,CUST034292,LOAN_ISSUE,OPEN
COMP014794,CUST097636,UPI_ISSUE,OPEN
COMP014795,CUST003011,UPI_ISSUE,CLOSED
COMP014796,CUST063166,UPI_ISSUE,OPEN
COMP014797,CUST067917,FRAUD_ALERT,OPEN
COMP014798,CUST021309,LOAN_ISSUE,OPEN
COMP014799,CUST005690,FRAUD_ALERT,OPEN
COMP014800,CUST052609,UPI_ISSUE,OPEN
COMP014801,CUST061486,UPI_ISSUE,OPEN
COMP014802,CUST003243,FRAUD_ALERT,CLOSED
COMP014803,CUST054883,UPI_ISSUE,CLOSED
COMP014804,CUST080964,FRAUD_ALERT,CLOSED
COMP014805,CUST056032,FRAUD_ALERT,OPEN
COMP014806,CUST070227,LOAN_ISSUE,OPEN
COMP014807,CUST064127,CARD_ISSUE,CLOSED
COMP014808,CUST032936,UPI_ISSUE,CLOSED
COMP014809,CUST094137,FRAUD_ALERT,OPEN
COMP014810,CUST062620,LOAN_ISSUE,CLOSED
COMP014811,CUST005814,FRAUD_ALERT,CLOSED
COMP014812,CUST013239,LOAN_ISSUE,CLOSED
COMP014813,CUST000325,FRAUD_ALERT,OPEN
COMP014814,CUST089950,CARD_ISSUE,CLOSED
COMP014815,CUST070609,CARD_ISSUE,OPEN
COMP014816,CUST057118,LOAN_ISSUE,CLOSED
COMP014817,CUST034146,UPI_ISSUE,OPEN
COMP014818,CUST071411,CARD_ISSUE,OPEN
COMP014819,CUST069576,FRAUD_ALERT,CLOSED
COMP014820,CUST069091,CARD_ISSUE,CLOSED
COMP014821,CUST035860,FRAUD_ALERT,CLOSED
COMP014822,CUST026592,LOAN_ISSUE,CLOSED
COMP014823,CUST023930,UPI_ISSUE,CLOSED
COMP014824,CUST038931,LOAN_ISSUE,CLOSED
COMP014825,CUST032800,LOAN_ISSUE,OPEN
COMP014826,CUST043437,UPI_ISSUE,CLOSED
COMP014827,CUST023176,UPI_ISSUE,CLOSED
COMP014828,CUST092005,LOAN_ISSUE,OPEN
COMP014829,CUST053724,CARD_ISSUE,OPEN
COMP014830,CUST044448,LOAN_ISSUE,CLOSED
COMP014831,CUST005749,LOAN_ISSUE,OPEN
COMP014832,CUST040295,LOAN_ISSUE,OPEN
COMP014833,CUST034600,UPI_ISSUE,OPEN
COMP014834,CUST014659,UPI_ISSUE,CLOSED
COMP014835,CUST091746,FRAUD_ALERT,CLOSED
COMP014836,CUST050179,LOAN_ISSUE,CLOSED
COMP014837,CUST055544,LOAN_ISSUE,CLOSED
COMP014838,CUST003060,UPI_ISSUE,OPEN
COMP014839,CUST002105,UPI_ISSUE,OPEN
COMP014840,CUST035766,LOAN_ISSUE,CLOSED
COMP014841,CUST015971,FRAUD_ALERT,CLOSED
COMP014842,CUST046955,UPI_ISSUE,CLOSED
COMP014843,CUST072050,UPI_ISSUE,CLOSED
COMP014844,CUST052650,CARD_ISSUE,CLOSED
COMP014845,CUST073890,FRAUD_ALERT,CLOSED
COMP014846,CUST086007,CARD_ISSUE,CLOSED
COMP014847,CUST016579,CARD_ISSUE,CLOSED
COMP014848,CUST051535,UPI_ISSUE,CLOSED
COMP014849,CUST089424,CARD_ISSUE,CLOSED
COMP014850,CUST052251,UPI_ISSUE,OPEN
COMP014851,CUST080411,FRAUD_ALERT,OPEN
COMP014852,CUST007990,FRAUD_ALERT,CLOSED
COMP014853,CUST003498,UPI_ISSUE,CLOSED
COMP014854,CUST008445,CARD_ISSUE,OPEN
COMP014855,CUST094172,FRAUD_ALERT,CLOSED
COMP014856,CUST002121,LOAN_ISSUE,CLOSED
COMP014857,CUST063688,LOAN_ISSUE,CLOSED
COMP014858,CUST098753,CARD_ISSUE,CLOSED
COMP014859,CUST086091,LOAN_ISSUE,OPEN
COMP014860,CUST032290,UPI_ISSUE,OPEN
COMP014861,CUST030403,CARD_ISSUE,CLOSED
COMP014862,CUST001062,UPI_ISSUE,OPEN
COMP014863,CUST075922,CARD_ISSUE,OPEN
COMP014864,CUST065317,CARD_ISSUE,CLOSED
COMP014865,CUST004305,LOAN_ISSUE,OPEN
COMP014866,CUST008814,LOAN_ISSUE,CLOSED
COMP014867,CUST013645,UPI_ISSUE,CLOSED
COMP014868,CUST055009,LOAN_ISSUE,OPEN
COMP014869,CUST016373,FRAUD_ALERT,OPEN
COMP014870,CUST031039,UPI_ISSUE,CLOSED
COMP014871,CUST054703,LOAN_ISSUE,CLOSED
COMP014872,CUST071971,UPI_ISSUE,OPEN
COMP014873,CUST060862,FRAUD_ALERT,OPEN
COMP014874,CUST092766,UPI_ISSUE,OPEN
COMP014875,CUST038899,CARD_ISSUE,OPEN
COMP014876,CUST043976,CARD_ISSUE,OPEN
COMP014877,CUST069908,UPI_ISSUE,CLOSED
COMP014878,CUST054065,FRAUD_ALERT,CLOSED
COMP014879,CUST080814,CARD_ISSUE,CLOSED
COMP014880,CUST081920,UPI_ISSUE,CLOSED
COMP014881,CUST061259,LOAN_ISSUE,OPEN
COMP014882,CUST026804,CARD_ISSUE,OPEN
COMP014883,CUST023823,LOAN_ISSUE,OPEN
COMP014884,CUST078049,LOAN_ISSUE,CLOSED
COMP014885,CUST081726,UPI_ISSUE,CLOSED
COMP014886,CUST042863,LOAN_ISSUE,CLOSED
COMP014887,CUST063663,UPI_ISSUE,OPEN
COMP014888,CUST083293,CARD_ISSUE,OPEN
COMP014889,CUST014192,LOAN_ISSUE,CLOSED
COMP014890,CUST004001,UPI_ISSUE,OPEN
COMP014891,CUST075146,CARD_ISSUE,CLOSED
COMP014892,CUST008194,UPI_ISSUE,OPEN
COMP014893,CUST086519,FRAUD_ALERT,CLOSED
COMP014894,CUST042098,CARD_ISSUE,CLOSED
COMP014895,CUST021296,LOAN_ISSUE,CLOSED
COMP014896,CUST023377,FRAUD_ALERT,CLOSED
COMP014897,CUST022173,UPI_ISSUE,CLOSED
COMP014898,CUST057417,UPI_ISSUE,OPEN
COMP014899,CUST029649,CARD_ISSUE,OPEN
COMP014900,CUST094995,LOAN_ISSUE,CLOSED
COMP014901,CUST063829,UPI_ISSUE,CLOSED
COMP014902,CUST045112,UPI_ISSUE,CLOSED
COMP014903,CUST051202,FRAUD_ALERT,OPEN
COMP014904,CUST020277,FRAUD_ALERT,OPEN
COMP014905,CUST044706,CARD_ISSUE,OPEN
COMP014906,CUST085272,LOAN_ISSUE,CLOSED
COMP014907,CUST067646,LOAN_ISSUE,OPEN
COMP014908,CUST047352,CARD_ISSUE,OPEN
COMP014909,CUST035439,LOAN_ISSUE,CLOSED
COMP014910,CUST018910,LOAN_ISSUE,CLOSED
COMP014911,CUST040737,FRAUD_ALERT,OPEN
COMP014912,CUST067680,UPI_ISSUE,OPEN
COMP014913,CUST013514,CARD_ISSUE,OPEN
COMP014914,CUST043469,CARD_ISSUE,CLOSED
COMP014915,CUST012365,LOAN_ISSUE,CLOSED
COMP014916,CUST092664,UPI_ISSUE,OPEN
COMP014917,CUST012608,LOAN_ISSUE,CLOSED
COMP014918,CUST020206,LOAN_ISSUE,CLOSED
COMP014919,CUST084892,UPI_ISSUE,CLOSED
COMP014920,CUST064856,LOAN_ISSUE,CLOSED
COMP014921,CUST088137,UPI_ISSUE,CLOSED
COMP014922,CUST068725,FRAUD_ALERT,OPEN
COMP014923,CUST091264,UPI_ISSUE,CLOSED
COMP014924,CUST092890,UPI_ISSUE,CLOSED
COMP014925,CUST006267,FRAUD_ALERT,CLOSED
COMP014926,CUST059109,CARD_ISSUE,CLOSED
COMP014927,CUST059010,UPI_ISSUE,CLOSED
COMP014928,CUST010533,UPI_ISSUE,CLOSED
COMP014929,CUST014151,CARD_ISSUE,CLOSED
COMP014930,CUST039625,UPI_ISSUE,CLOSED
COMP014931,CUST008861,CARD_ISSUE,OPEN
COMP014932,CUST077072,CARD_ISSUE,CLOSED
COMP014933,CUST063158,FRAUD_ALERT,OPEN
COMP014934,CUST068611,LOAN_ISSUE,CLOSED
COMP014935,CUST037245,UPI_ISSUE,OPEN
COMP014936,CUST062642,LOAN_ISSUE,CLOSED
COMP014937,CUST089734,LOAN_ISSUE,CLOSED
COMP014938,CUST050042,CARD_ISSUE,OPEN
COMP014939,CUST081216,FRAUD_ALERT,CLOSED
COMP014940,CUST080275,LOAN_ISSUE,OPEN
COMP014941,CUST026542,FRAUD_ALERT,CLOSED
COMP014942,CUST016925,CARD_ISSUE,CLOSED
COMP014943,CUST007859,LOAN_ISSUE,CLOSED
COMP014944,CUST066278,FRAUD_ALERT,OPEN
COMP014945,CUST043087,FRAUD_ALERT,OPEN
COMP014946,CUST058657,LOAN_ISSUE,CLOSED
COMP014947,CUST076512,CARD_ISSUE,OPEN
COMP014948,CUST016383,FRAUD_ALERT,OPEN
COMP014949,CUST093922,UPI_ISSUE,OPEN
COMP014950,CUST003236,CARD_ISSUE,CLOSED
COMP014951,CUST080141,LOAN_ISSUE,OPEN
COMP014952,CUST091462,UPI_ISSUE,CLOSED
COMP014953,CUST019178,UPI_ISSUE,CLOSED
COMP014954,CUST032567,CARD_ISSUE,CLOSED
COMP014955,CUST088678,CARD_ISSUE,CLOSED
COMP014956,CUST030009,CARD_ISSUE,OPEN
COMP014957,CUST079970,FRAUD_ALERT,OPEN
COMP014958,CUST012585,LOAN_ISSUE,OPEN
COMP014959,CUST018556,CARD_ISSUE,OPEN
COMP014960,CUST091350,LOAN_ISSUE,CLOSED
COMP014961,CUST003959,FRAUD_ALERT,CLOSED
COMP014962,CUST079270,LOAN_ISSUE,OPEN
COMP014963,CUST078641,FRAUD_ALERT,CLOSED
COMP014964,CUST024633,FRAUD_ALERT,CLOSED
COMP014965,CUST061515,LOAN_ISSUE,CLOSED
COMP014966,CUST051315,FRAUD_ALERT,OPEN
COMP014967,CUST085043,LOAN_ISSUE,CLOSED
COMP014968,CUST012390,FRAUD_ALERT,CLOSED
COMP014969,CUST004338,UPI_ISSUE,OPEN
COMP014970,CUST072117,FRAUD_ALERT,OPEN
COMP014971,CUST099495,FRAUD_ALERT,OPEN
COMP014972,CUST010341,UPI_ISSUE,OPEN
COMP014973,CUST029877,CARD_ISSUE,OPEN
COMP014974,CUST099043,UPI_ISSUE,OPEN
COMP014975,CUST065923,LOAN_ISSUE,OPEN
COMP014976,CUST018232,LOAN_ISSUE,CLOSED
COMP014977,CUST040950,UPI_ISSUE,CLOSED
COMP014978,CUST046340,UPI_ISSUE,OPEN
COMP014979,CUST044759,CARD_ISSUE,CLOSED
COMP014980,CUST027483,FRAUD_ALERT,CLOSED
COMP014981,CUST020574,UPI_ISSUE,OPEN
COMP014982,CUST013324,FRAUD_ALERT,CLOSED
COMP014983,CUST080358,CARD_ISSUE,CLOSED
COMP014984,CUST010742,FRAUD_ALERT,OPEN
COMP014985,CUST090271,FRAUD_ALERT,CLOSED
COMP014986,CUST063037,CARD_ISSUE,OPEN
COMP014987,CUST006265,FRAUD_ALERT,CLOSED
COMP014988,CUST098928,FRAUD_ALERT,CLOSED
COMP014989,CUST043642,FRAUD_ALERT,CLOSED
COMP014990,CUST046437,FRAUD_ALERT,CLOSED
COMP014991,CUST064384,UPI_ISSUE,OPEN
COMP014992,CUST067225,UPI_ISSUE,CLOSED
COMP014993,CUST099130,CARD_ISSUE,CLOSED
COMP014994,CUST039376,CARD_ISSUE,CLOSED
COMP014995,CUST071989,UPI_ISSUE,OPEN
COMP014996,CUST095390,CARD_ISSUE,OPEN
COMP014997,CUST027930,UPI_ISSUE,CLOSED
COMP014998,CUST022950,FRAUD_ALERT,CLOSED
COMP014999,CUST076769,CARD_ISSUE,OPEN
COMP015000,CUST084286,UPI_ISSUE,OPEN
COMP015001,CUST055170,UPI_ISSUE,OPEN
COMP015002,CUST038399,FRAUD_ALERT,OPEN
COMP015003,CUST057030,LOAN_ISSUE,OPEN
COMP015004,CUST087789,LOAN_ISSUE,OPEN
COMP015005,CUST001143,FRAUD_ALERT,CLOSED
COMP015006,CUST081839,LOAN_ISSUE,OPEN
COMP015007,CUST090940,FRAUD_ALERT,CLOSED
COMP015008,CUST018406,CARD_ISSUE,OPEN
COMP015009,CUST064914,UPI_ISSUE,CLOSED
COMP015010,CUST067957,CARD_ISSUE,CLOSED
COMP015011,CUST046245,CARD_ISSUE,CLOSED
COMP015012,CUST011565,FRAUD_ALERT,CLOSED
COMP015013,CUST082972,LOAN_ISSUE,CLOSED
COMP015014,CUST057231,CARD_ISSUE,CLOSED
COMP015015,CUST012311,CARD_ISSUE,CLOSED
COMP015016,CUST047575,UPI_ISSUE,CLOSED
COMP015017,CUST073544,FRAUD_ALERT,CLOSED
COMP015018,CUST078753,FRAUD_ALERT,OPEN
COMP015019,CUST033966,UPI_ISSUE,CLOSED
COMP015020,CUST061072,FRAUD_ALERT,CLOSED
COMP015021,CUST043979,UPI_ISSUE,OPEN
COMP015022,CUST007184,FRAUD_ALERT,OPEN
COMP015023,CUST021094,LOAN_ISSUE,CLOSED
COMP015024,CUST047643,FRAUD_ALERT,OPEN
COMP015025,CUST041206,UPI_ISSUE,CLOSED
COMP015026,CUST039751,FRAUD_ALERT,CLOSED
COMP015027,CUST073696,LOAN_ISSUE,CLOSED
COMP015028,CUST031930,LOAN_ISSUE,OPEN
COMP015029,CUST061146,FRAUD_ALERT,OPEN
COMP015030,CUST069540,FRAUD_ALERT,OPEN
COMP015031,CUST089905,LOAN_ISSUE,OPEN
COMP015032,CUST023439,FRAUD_ALERT,OPEN
COMP015033,CUST039979,CARD_ISSUE,OPEN
COMP015034,CUST089452,FRAUD_ALERT,CLOSED
COMP015035,CUST032491,CARD_ISSUE,OPEN
COMP015036,CUST077284,CARD_ISSUE,OPEN
COMP015037,CUST088654,UPI_ISSUE,CLOSED
COMP015038,CUST096996,CARD_ISSUE,OPEN
COMP015039,CUST082650,FRAUD_ALERT,OPEN
COMP015040,CUST050796,FRAUD_ALERT,CLOSED
COMP015041,CUST024062,UPI_ISSUE,CLOSED
COMP015042,CUST064777,LOAN_ISSUE,OPEN
COMP015043,CUST085144,UPI_ISSUE,CLOSED
COMP015044,CUST081550,FRAUD_ALERT,CLOSED
COMP015045,CUST030292,UPI_ISSUE,OPEN
COMP015046,CUST066028,CARD_ISSUE,OPEN
COMP015047,CUST061296,LOAN_ISSUE,CLOSED
COMP015048,CUST076275,CARD_ISSUE,OPEN
COMP015049,CUST088383,LOAN_ISSUE,OPEN
COMP015050,CUST066662,LOAN_ISSUE,OPEN
COMP015051,CUST078150,UPI_ISSUE,OPEN
COMP015052,CUST022322,UPI_ISSUE,OPEN
COMP015053,CUST058600,FRAUD_ALERT,OPEN
COMP015054,CUST074837,UPI_ISSUE,OPEN
COMP015055,CUST017392,FRAUD_ALERT,CLOSED
COMP015056,CUST013680,UPI_ISSUE,CLOSED
COMP015057,CUST093623,CARD_ISSUE,CLOSED
COMP015058,CUST012225,LOAN_ISSUE,OPEN
COMP015059,CUST056849,UPI_ISSUE,OPEN
COMP015060,CUST068954,LOAN_ISSUE,OPEN
COMP015061,CUST085540,FRAUD_ALERT,CLOSED
COMP015062,CUST088678,LOAN_ISSUE,OPEN
COMP015063,CUST079999,UPI_ISSUE,OPEN
COMP015064,CUST072693,UPI_ISSUE,CLOSED
COMP015065,CUST028010,UPI_ISSUE,OPEN
COMP015066,CUST004598,UPI_ISSUE,CLOSED
COMP015067,CUST059856,LOAN_ISSUE,CLOSED
COMP015068,CUST091252,FRAUD_ALERT,CLOSED
COMP015069,CUST026842,CARD_ISSUE,CLOSED
COMP015070,CUST072430,FRAUD_ALERT,OPEN
COMP015071,CUST051600,CARD_ISSUE,CLOSED
COMP015072,CUST015882,CARD_ISSUE,OPEN
COMP015073,CUST052671,LOAN_ISSUE,CLOSED
COMP015074,CUST042398,LOAN_ISSUE,OPEN
COMP015075,CUST087288,LOAN_ISSUE,OPEN
COMP015076,CUST029657,CARD_ISSUE,CLOSED
COMP015077,CUST070224,LOAN_ISSUE,OPEN
COMP015078,CUST031007,LOAN_ISSUE,CLOSED
COMP015079,CUST088731,FRAUD_ALERT,CLOSED
COMP015080,CUST081579,UPI_ISSUE,OPEN
COMP015081,CUST078094,UPI_ISSUE,OPEN
COMP015082,CUST087219,LOAN_ISSUE,CLOSED
COMP015083,CUST083622,CARD_ISSUE,CLOSED
COMP015084,CUST021716,LOAN_ISSUE,OPEN
COMP015085,CUST069569,LOAN_ISSUE,OPEN
COMP015086,CUST047648,CARD_ISSUE,CLOSED
COMP015087,CUST087582,LOAN_ISSUE,OPEN
COMP015088,CUST035182,FRAUD_ALERT,CLOSED
COMP015089,CUST021834,UPI_ISSUE,CLOSED
COMP015090,CUST033211,LOAN_ISSUE,OPEN
COMP015091,CUST067158,LOAN_ISSUE,OPEN
COMP015092,CUST083653,FRAUD_ALERT,CLOSED
COMP015093,CUST021664,UPI_ISSUE,CLOSED
COMP015094,CUST006065,LOAN_ISSUE,CLOSED
COMP015095,CUST062391,CARD_ISSUE,OPEN
COMP015096,CUST048258,CARD_ISSUE,OPEN
COMP015097,CUST081857,UPI_ISSUE,OPEN
COMP015098,CUST009944,FRAUD_ALERT,OPEN
COMP015099,CUST086396,UPI_ISSUE,OPEN
COMP015100,CUST007728,UPI_ISSUE,OPEN
COMP015101,CUST072198,UPI_ISSUE,OPEN
COMP015102,CUST010399,LOAN_ISSUE,CLOSED
COMP015103,CUST000401,UPI_ISSUE,CLOSED
COMP015104,CUST055471,CARD_ISSUE,OPEN
COMP015105,CUST090297,LOAN_ISSUE,OPEN
COMP015106,CUST014407,LOAN_ISSUE,OPEN
COMP015107,CUST063082,UPI_ISSUE,CLOSED
COMP015108,CUST069549,CARD_ISSUE,OPEN
COMP015109,CUST006726,FRAUD_ALERT,OPEN
COMP015110,CUST042536,FRAUD_ALERT,OPEN
COMP015111,CUST090831,UPI_ISSUE,OPEN
COMP015112,CUST079178,LOAN_ISSUE,CLOSED
COMP015113,CUST063409,CARD_ISSUE,OPEN
COMP015114,CUST080248,FRAUD_ALERT,OPEN
COMP015115,CUST040990,CARD_ISSUE,CLOSED
COMP015116,CUST053196,UPI_ISSUE,CLOSED
COMP015117,CUST034807,CARD_ISSUE,OPEN
COMP015118,CUST074078,UPI_ISSUE,OPEN
COMP015119,CUST075218,FRAUD_ALERT,CLOSED
COMP015120,CUST087371,UPI_ISSUE,OPEN
COMP015121,CUST072914,CARD_ISSUE,CLOSED
COMP015122,CUST062109,FRAUD_ALERT,OPEN
COMP015123,CUST064284,UPI_ISSUE,OPEN
COMP015124,CUST034245,FRAUD_ALERT,CLOSED
COMP015125,CUST020192,FRAUD_ALERT,OPEN
COMP015126,CUST028793,FRAUD_ALERT,OPEN
COMP015127,CUST009323,UPI_ISSUE,CLOSED
COMP015128,CUST091963,FRAUD_ALERT,OPEN
COMP015129,CUST054736,FRAUD_ALERT,OPEN
COMP015130,CUST031136,CARD_ISSUE,CLOSED
COMP015131,CUST019704,FRAUD_ALERT,CLOSED
COMP015132,CUST082411,CARD_ISSUE,OPEN
COMP015133,CUST070848,CARD_ISSUE,CLOSED
COMP015134,CUST007528,UPI_ISSUE,CLOSED
COMP015135,CUST055470,CARD_ISSUE,CLOSED
COMP015136,CUST076566,FRAUD_ALERT,CLOSED
COMP015137,CUST059748,UPI_ISSUE,OPEN
COMP015138,CUST007597,FRAUD_ALERT,OPEN
COMP015139,CUST065278,CARD_ISSUE,OPEN
COMP015140,CUST026558,CARD_ISSUE,CLOSED
COMP015141,CUST030589,UPI_ISSUE,CLOSED
COMP015142,CUST072148,LOAN_ISSUE,CLOSED
COMP015143,CUST055661,UPI_ISSUE,OPEN
COMP015144,CUST038673,FRAUD_ALERT,CLOSED
COMP015145,CUST056299,FRAUD_ALERT,OPEN
COMP015146,CUST090908,CARD_ISSUE,CLOSED
COMP015147,CUST094530,FRAUD_ALERT,CLOSED
COMP015148,CUST014778,LOAN_ISSUE,OPEN
COMP015149,CUST093256,CARD_ISSUE,OPEN
COMP015150,CUST058032,FRAUD_ALERT,OPEN
COMP015151,CUST049659,CARD_ISSUE,CLOSED
COMP015152,CUST075234,UPI_ISSUE,OPEN
COMP015153,CUST027481,UPI_ISSUE,OPEN
COMP015154,CUST087806,LOAN_ISSUE,CLOSED
COMP015155,CUST061096,CARD_ISSUE,CLOSED
COMP015156,CUST006813,CARD_ISSUE,OPEN
COMP015157,CUST092178,CARD_ISSUE,CLOSED
COMP015158,CUST020288,LOAN_ISSUE,OPEN
COMP015159,CUST080699,FRAUD_ALERT,CLOSED
COMP015160,CUST039397,FRAUD_ALERT,OPEN
COMP015161,CUST058658,CARD_ISSUE,OPEN
COMP015162,CUST016401,LOAN_ISSUE,OPEN
COMP015163,CUST051349,FRAUD_ALERT,CLOSED
COMP015164,CUST088601,UPI_ISSUE,OPEN
COMP015165,CUST092072,UPI_ISSUE,CLOSED
COMP015166,CUST090629,LOAN_ISSUE,OPEN
COMP015167,CUST053100,LOAN_ISSUE,OPEN
COMP015168,CUST076359,LOAN_ISSUE,CLOSED
COMP015169,CUST042586,CARD_ISSUE,OPEN
COMP015170,CUST071918,FRAUD_ALERT,CLOSED
COMP015171,CUST038479,CARD_ISSUE,CLOSED
COMP015172,CUST025020,FRAUD_ALERT,OPEN
COMP015173,CUST025442,FRAUD_ALERT,CLOSED
COMP015174,CUST029346,UPI_ISSUE,CLOSED
COMP015175,CUST072867,FRAUD_ALERT,CLOSED
COMP015176,CUST064238,LOAN_ISSUE,CLOSED
COMP015177,CUST031477,FRAUD_ALERT,CLOSED
COMP015178,CUST024376,UPI_ISSUE,CLOSED
COMP015179,CUST036780,FRAUD_ALERT,OPEN
COMP015180,CUST004099,CARD_ISSUE,OPEN
COMP015181,CUST033418,UPI_ISSUE,CLOSED
COMP015182,CUST019322,CARD_ISSUE,OPEN
COMP015183,CUST095067,UPI_ISSUE,OPEN
COMP015184,CUST078568,FRAUD_ALERT,CLOSED
COMP015185,CUST095171,LOAN_ISSUE,CLOSED
COMP015186,CUST059371,UPI_ISSUE,OPEN
COMP015187,CUST083249,UPI_ISSUE,OPEN
COMP015188,CUST074857,CARD_ISSUE,CLOSED
COMP015189,CUST025696,LOAN_ISSUE,OPEN
COMP015190,CUST064353,LOAN_ISSUE,OPEN
COMP015191,CUST072055,UPI_ISSUE,CLOSED
COMP015192,CUST015119,UPI_ISSUE,CLOSED
COMP015193,CUST022387,CARD_ISSUE,OPEN
COMP015194,CUST092909,CARD_ISSUE,CLOSED
COMP015195,CUST036334,CARD_ISSUE,OPEN
COMP015196,CUST032123,CARD_ISSUE,OPEN
COMP015197,CUST083609,LOAN_ISSUE,OPEN
COMP015198,CUST066992,LOAN_ISSUE,OPEN
COMP015199,CUST048157,FRAUD_ALERT,OPEN
COMP015200,CUST015196,FRAUD_ALERT,OPEN
COMP015201,CUST013244,CARD_ISSUE,OPEN
COMP015202,CUST083547,CARD_ISSUE,CLOSED
COMP015203,CUST041221,CARD_ISSUE,CLOSED
COMP015204,CUST069840,CARD_ISSUE,OPEN
COMP015205,CUST069876,CARD_ISSUE,CLOSED
COMP015206,CUST055814,LOAN_ISSUE,OPEN
COMP015207,CUST056345,LOAN_ISSUE,OPEN
COMP015208,CUST022140,UPI_ISSUE,CLOSED
COMP015209,CUST032476,CARD_ISSUE,OPEN
COMP015210,CUST006899,FRAUD_ALERT,OPEN
COMP015211,CUST063442,CARD_ISSUE,OPEN
COMP015212,CUST003953,CARD_ISSUE,OPEN
COMP015213,CUST014514,FRAUD_ALERT,OPEN
COMP015214,CUST068897,CARD_ISSUE,CLOSED
COMP015215,CUST028930,LOAN_ISSUE,OPEN
COMP015216,CUST028974,CARD_ISSUE,CLOSED
COMP015217,CUST014391,CARD_ISSUE,OPEN
COMP015218,CUST001688,UPI_ISSUE,CLOSED
COMP015219,CUST011614,UPI_ISSUE,OPEN
COMP015220,CUST099675,FRAUD_ALERT,OPEN
COMP015221,CUST093988,FRAUD_ALERT,OPEN
COMP015222,CUST054017,UPI_ISSUE,CLOSED
COMP015223,CUST096125,LOAN_ISSUE,OPEN
COMP015224,CUST027780,FRAUD_ALERT,CLOSED
COMP015225,CUST064249,UPI_ISSUE,CLOSED
COMP015226,CUST054332,UPI_ISSUE,CLOSED
COMP015227,CUST024913,CARD_ISSUE,OPEN
COMP015228,CUST058576,LOAN_ISSUE,CLOSED
COMP015229,CUST072518,FRAUD_ALERT,OPEN
COMP015230,CUST028735,UPI_ISSUE,CLOSED
COMP015231,CUST071795,FRAUD_ALERT,CLOSED
COMP015232,CUST038162,UPI_ISSUE,OPEN
COMP015233,CUST067593,CARD_ISSUE,CLOSED
COMP015234,CUST002487,UPI_ISSUE,OPEN
COMP015235,CUST062773,LOAN_ISSUE,OPEN
COMP015236,CUST005483,FRAUD_ALERT,CLOSED
COMP015237,CUST010193,UPI_ISSUE,OPEN
COMP015238,CUST014417,LOAN_ISSUE,CLOSED
COMP015239,CUST061671,FRAUD_ALERT,CLOSED
COMP015240,CUST046071,LOAN_ISSUE,CLOSED
COMP015241,CUST097312,FRAUD_ALERT,OPEN
COMP015242,CUST010974,CARD_ISSUE,OPEN
COMP015243,CUST026690,LOAN_ISSUE,CLOSED
COMP015244,CUST020369,LOAN_ISSUE,CLOSED
COMP015245,CUST039907,FRAUD_ALERT,CLOSED
COMP015246,CUST067677,LOAN_ISSUE,CLOSED
COMP015247,CUST036496,LOAN_ISSUE,CLOSED
COMP015248,CUST097483,FRAUD_ALERT,OPEN
COMP015249,CUST033657,CARD_ISSUE,CLOSED
COMP015250,CUST082936,UPI_ISSUE,CLOSED
COMP015251,CUST050302,LOAN_ISSUE,OPEN
COMP015252,CUST088677,FRAUD_ALERT,CLOSED
COMP015253,CUST099753,CARD_ISSUE,CLOSED
COMP015254,CUST010523,LOAN_ISSUE,CLOSED
COMP015255,CUST060394,UPI_ISSUE,OPEN
COMP015256,CUST056456,LOAN_ISSUE,OPEN
COMP015257,CUST096201,LOAN_ISSUE,CLOSED
COMP015258,CUST017771,LOAN_ISSUE,CLOSED
COMP015259,CUST007379,FRAUD_ALERT,CLOSED
COMP015260,CUST086171,LOAN_ISSUE,CLOSED
COMP015261,CUST034508,LOAN_ISSUE,OPEN
COMP015262,CUST007993,CARD_ISSUE,OPEN
COMP015263,CUST065135,CARD_ISSUE,CLOSED
COMP015264,CUST014967,UPI_ISSUE,OPEN
COMP015265,CUST041986,UPI_ISSUE,CLOSED
COMP015266,CUST086191,FRAUD_ALERT,CLOSED
COMP015267,CUST053114,CARD_ISSUE,CLOSED
COMP015268,CUST027705,LOAN_ISSUE,OPEN
COMP015269,CUST087283,FRAUD_ALERT,CLOSED
COMP015270,CUST011930,CARD_ISSUE,CLOSED
COMP015271,CUST075825,LOAN_ISSUE,CLOSED
COMP015272,CUST003062,LOAN_ISSUE,OPEN
COMP015273,CUST054410,CARD_ISSUE,CLOSED
COMP015274,CUST075769,CARD_ISSUE,OPEN
COMP015275,CUST055064,UPI_ISSUE,CLOSED
COMP015276,CUST038586,FRAUD_ALERT,OPEN
COMP015277,CUST026730,FRAUD_ALERT,OPEN
COMP015278,CUST021592,FRAUD_ALERT,OPEN
COMP015279,CUST044619,CARD_ISSUE,OPEN
COMP015280,CUST048586,UPI_ISSUE,CLOSED
COMP015281,CUST095122,FRAUD_ALERT,CLOSED
COMP015282,CUST085414,UPI_ISSUE,CLOSED
COMP015283,CUST012897,UPI_ISSUE,OPEN
COMP015284,CUST048823,UPI_ISSUE,CLOSED
COMP015285,CUST027231,LOAN_ISSUE,CLOSED
COMP015286,CUST051621,FRAUD_ALERT,OPEN
COMP015287,CUST017091,UPI_ISSUE,OPEN
COMP015288,CUST095934,FRAUD_ALERT,OPEN
COMP015289,CUST048781,FRAUD_ALERT,CLOSED
COMP015290,CUST009124,FRAUD_ALERT,CLOSED
COMP015291,CUST003989,CARD_ISSUE,CLOSED
COMP015292,CUST040030,FRAUD_ALERT,CLOSED
COMP015293,CUST005058,FRAUD_ALERT,CLOSED
COMP015294,CUST049742,LOAN_ISSUE,CLOSED
COMP015295,CUST063511,FRAUD_ALERT,CLOSED
COMP015296,CUST071581,FRAUD_ALERT,OPEN
COMP015297,CUST046402,UPI_ISSUE,OPEN
COMP015298,CUST058913,LOAN_ISSUE,OPEN
COMP015299,CUST095978,LOAN_ISSUE,OPEN
COMP015300,CUST064108,FRAUD_ALERT,OPEN
COMP015301,CUST046443,CARD_ISSUE,OPEN
COMP015302,CUST049856,FRAUD_ALERT,OPEN
COMP015303,CUST058518,FRAUD_ALERT,CLOSED
COMP015304,CUST019611,UPI_ISSUE,OPEN
COMP015305,CUST003346,CARD_ISSUE,OPEN
COMP015306,CUST027601,FRAUD_ALERT,CLOSED
COMP015307,CUST064086,LOAN_ISSUE,CLOSED
COMP015308,CUST073823,CARD_ISSUE,OPEN
COMP015309,CUST014882,LOAN_ISSUE,CLOSED
COMP015310,CUST058393,UPI_ISSUE,OPEN
COMP015311,CUST059557,FRAUD_ALERT,CLOSED
COMP015312,CUST006513,CARD_ISSUE,OPEN
COMP015313,CUST090094,LOAN_ISSUE,CLOSED
COMP015314,CUST095804,CARD_ISSUE,CLOSED
COMP015315,CUST024568,CARD_ISSUE,CLOSED
COMP015316,CUST068016,UPI_ISSUE,CLOSED
COMP015317,CUST060214,FRAUD_ALERT,OPEN
COMP015318,CUST090392,FRAUD_ALERT,CLOSED
COMP015319,CUST062389,LOAN_ISSUE,OPEN
COMP015320,CUST074942,FRAUD_ALERT,OPEN
COMP015321,CUST053095,UPI_ISSUE,OPEN
COMP015322,CUST017207,CARD_ISSUE,CLOSED
COMP015323,CUST028939,UPI_ISSUE,OPEN
COMP015324,CUST052819,LOAN_ISSUE,CLOSED
COMP015325,CUST023618,LOAN_ISSUE,CLOSED
COMP015326,CUST054056,LOAN_ISSUE,CLOSED
COMP015327,CUST058619,CARD_ISSUE,OPEN
COMP015328,CUST057353,CARD_ISSUE,CLOSED
COMP015329,CUST020039,CARD_ISSUE,CLOSED
COMP015330,CUST061147,UPI_ISSUE,CLOSED
COMP015331,CUST058125,CARD_ISSUE,OPEN
COMP015332,CUST070496,LOAN_ISSUE,OPEN
COMP015333,CUST044237,UPI_ISSUE,CLOSED
COMP015334,CUST018152,LOAN_ISSUE,OPEN
COMP015335,CUST068313,UPI_ISSUE,OPEN
COMP015336,CUST010297,LOAN_ISSUE,CLOSED
COMP015337,CUST031114,LOAN_ISSUE,OPEN
COMP015338,CUST054904,CARD_ISSUE,CLOSED
COMP015339,CUST061778,UPI_ISSUE,CLOSED
COMP015340,CUST045823,FRAUD_ALERT,CLOSED
COMP015341,CUST056827,UPI_ISSUE,CLOSED
COMP015342,CUST096345,LOAN_ISSUE,OPEN
COMP015343,CUST060989,CARD_ISSUE,CLOSED
COMP015344,CUST098771,CARD_ISSUE,OPEN
COMP015345,CUST038842,CARD_ISSUE,OPEN
COMP015346,CUST023206,CARD_ISSUE,CLOSED
COMP015347,CUST007400,FRAUD_ALERT,CLOSED
COMP015348,CUST077371,UPI_ISSUE,CLOSED
COMP015349,CUST074619,LOAN_ISSUE,OPEN
COMP015350,CUST076868,LOAN_ISSUE,CLOSED
COMP015351,CUST003369,CARD_ISSUE,OPEN
COMP015352,CUST051748,FRAUD_ALERT,OPEN
COMP015353,CUST081314,LOAN_ISSUE,CLOSED
COMP015354,CUST003118,UPI_ISSUE,CLOSED
COMP015355,CUST049408,CARD_ISSUE,CLOSED
COMP015356,CUST057886,CARD_ISSUE,OPEN
COMP015357,CUST083221,LOAN_ISSUE,OPEN
COMP015358,CUST040883,LOAN_ISSUE,OPEN
COMP015359,CUST013876,UPI_ISSUE,CLOSED
COMP015360,CUST050942,LOAN_ISSUE,CLOSED
COMP015361,CUST087411,LOAN_ISSUE,OPEN
COMP015362,CUST054776,UPI_ISSUE,CLOSED
COMP015363,CUST001915,FRAUD_ALERT,CLOSED
COMP015364,CUST080142,UPI_ISSUE,OPEN
COMP015365,CUST042958,UPI_ISSUE,OPEN
COMP015366,CUST046952,LOAN_ISSUE,CLOSED
COMP015367,CUST080303,LOAN_ISSUE,OPEN
COMP015368,CUST014357,FRAUD_ALERT,OPEN
COMP015369,CUST079982,UPI_ISSUE,CLOSED
COMP015370,CUST023154,UPI_ISSUE,CLOSED
COMP015371,CUST064818,FRAUD_ALERT,OPEN
COMP015372,CUST049040,CARD_ISSUE,CLOSED
COMP015373,CUST000362,LOAN_ISSUE,OPEN
COMP015374,CUST066251,LOAN_ISSUE,OPEN
COMP015375,CUST042071,CARD_ISSUE,OPEN
COMP015376,CUST097427,LOAN_ISSUE,CLOSED
COMP015377,CUST095102,LOAN_ISSUE,OPEN
COMP015378,CUST083613,CARD_ISSUE,CLOSED
COMP015379,CUST010256,LOAN_ISSUE,CLOSED
COMP015380,CUST032569,FRAUD_ALERT,CLOSED
COMP015381,CUST094570,LOAN_ISSUE,OPEN
COMP015382,CUST038499,UPI_ISSUE,OPEN
COMP015383,CUST018047,LOAN_ISSUE,OPEN
COMP015384,CUST046022,CARD_ISSUE,OPEN
COMP015385,CUST071016,UPI_ISSUE,OPEN
COMP015386,CUST083200,FRAUD_ALERT,CLOSED
COMP015387,CUST081854,LOAN_ISSUE,CLOSED
COMP015388,CUST099202,LOAN_ISSUE,CLOSED
COMP015389,CUST096805,LOAN_ISSUE,OPEN
COMP015390,CUST063574,LOAN_ISSUE,CLOSED
COMP015391,CUST049823,CARD_ISSUE,OPEN
COMP015392,CUST075721,CARD_ISSUE,CLOSED
COMP015393,CUST073750,UPI_ISSUE,CLOSED
COMP015394,CUST021686,FRAUD_ALERT,OPEN
COMP015395,CUST065979,CARD_ISSUE,OPEN
COMP015396,CUST063309,CARD_ISSUE,CLOSED
COMP015397,CUST027753,LOAN_ISSUE,OPEN
COMP015398,CUST047416,LOAN_ISSUE,CLOSED
COMP015399,CUST077025,UPI_ISSUE,OPEN
COMP015400,CUST027523,LOAN_ISSUE,CLOSED
COMP015401,CUST016445,CARD_ISSUE,OPEN
COMP015402,CUST037262,UPI_ISSUE,CLOSED
COMP015403,CUST081301,UPI_ISSUE,OPEN
COMP015404,CUST005968,UPI_ISSUE,OPEN
COMP015405,CUST002492,LOAN_ISSUE,CLOSED
COMP015406,CUST074160,UPI_ISSUE,OPEN
COMP015407,CUST017947,CARD_ISSUE,CLOSED
COMP015408,CUST085987,UPI_ISSUE,OPEN
COMP015409,CUST058872,FRAUD_ALERT,OPEN
COMP015410,CUST009756,LOAN_ISSUE,OPEN
COMP015411,CUST026070,LOAN_ISSUE,OPEN
COMP015412,CUST000600,LOAN_ISSUE,CLOSED
COMP015413,CUST063401,LOAN_ISSUE,CLOSED
COMP015414,CUST028268,LOAN_ISSUE,CLOSED
COMP015415,CUST045138,FRAUD_ALERT,CLOSED
COMP015416,CUST070796,FRAUD_ALERT,OPEN
COMP015417,CUST090280,FRAUD_ALERT,CLOSED
COMP015418,CUST044441,CARD_ISSUE,OPEN
COMP015419,CUST078970,FRAUD_ALERT,CLOSED
COMP015420,CUST062999,UPI_ISSUE,CLOSED
COMP015421,CUST005491,FRAUD_ALERT,OPEN
COMP015422,CUST037067,CARD_ISSUE,OPEN
COMP015423,CUST017837,FRAUD_ALERT,CLOSED
COMP015424,CUST078159,CARD_ISSUE,OPEN
COMP015425,CUST015246,UPI_ISSUE,CLOSED
COMP015426,CUST084149,UPI_ISSUE,CLOSED
COMP015427,CUST033100,LOAN_ISSUE,OPEN
COMP015428,CUST096394,UPI_ISSUE,CLOSED
COMP015429,CUST027790,LOAN_ISSUE,OPEN
COMP015430,CUST088842,CARD_ISSUE,OPEN
COMP015431,CUST005569,CARD_ISSUE,OPEN
COMP015432,CUST003691,CARD_ISSUE,OPEN
COMP015433,CUST065914,CARD_ISSUE,OPEN
COMP015434,CUST054319,UPI_ISSUE,CLOSED
COMP015435,CUST066869,CARD_ISSUE,OPEN
COMP015436,CUST082007,FRAUD_ALERT,OPEN
COMP015437,CUST035203,FRAUD_ALERT,OPEN
COMP015438,CUST051682,LOAN_ISSUE,CLOSED
COMP015439,CUST027622,CARD_ISSUE,CLOSED
COMP015440,CUST010243,LOAN_ISSUE,CLOSED
COMP015441,CUST054223,CARD_ISSUE,CLOSED
COMP015442,CUST041279,UPI_ISSUE,CLOSED
COMP015443,CUST016237,LOAN_ISSUE,CLOSED
COMP015444,CUST041506,CARD_ISSUE,OPEN
COMP015445,CUST047498,FRAUD_ALERT,CLOSED
COMP015446,CUST089183,CARD_ISSUE,OPEN
COMP015447,CUST046362,CARD_ISSUE,CLOSED
COMP015448,CUST016469,FRAUD_ALERT,OPEN
COMP015449,CUST058326,FRAUD_ALERT,OPEN
COMP015450,CUST067307,LOAN_ISSUE,OPEN
COMP015451,CUST029547,FRAUD_ALERT,CLOSED
COMP015452,CUST020046,CARD_ISSUE,CLOSED
COMP015453,CUST058070,CARD_ISSUE,CLOSED
COMP015454,CUST069203,FRAUD_ALERT,CLOSED
COMP015455,CUST065993,FRAUD_ALERT,CLOSED
COMP015456,CUST043123,CARD_ISSUE,CLOSED
COMP015457,CUST019370,CARD_ISSUE,CLOSED
COMP015458,CUST064947,LOAN_ISSUE,OPEN
COMP015459,CUST039713,LOAN_ISSUE,CLOSED
COMP015460,CUST088182,LOAN_ISSUE,OPEN
COMP015461,CUST074654,CARD_ISSUE,CLOSED
COMP015462,CUST086590,UPI_ISSUE,OPEN
COMP015463,CUST056479,UPI_ISSUE,CLOSED
COMP015464,CUST038578,UPI_ISSUE,OPEN
COMP015465,CUST083832,FRAUD_ALERT,CLOSED
COMP015466,CUST058006,FRAUD_ALERT,OPEN
COMP015467,CUST048651,FRAUD_ALERT,OPEN
COMP015468,CUST051865,CARD_ISSUE,CLOSED
COMP015469,CUST063787,CARD_ISSUE,CLOSED
COMP015470,CUST017202,UPI_ISSUE,CLOSED
COMP015471,CUST024321,UPI_ISSUE,CLOSED
COMP015472,CUST027299,CARD_ISSUE,CLOSED
COMP015473,CUST031382,CARD_ISSUE,CLOSED
COMP015474,CUST047833,LOAN_ISSUE,OPEN
COMP015475,CUST028940,UPI_ISSUE,OPEN
COMP015476,CUST007782,FRAUD_ALERT,OPEN
COMP015477,CUST051033,FRAUD_ALERT,CLOSED
COMP015478,CUST063178,FRAUD_ALERT,OPEN
COMP015479,CUST064827,FRAUD_ALERT,OPEN
COMP015480,CUST063763,UPI_ISSUE,CLOSED
COMP015481,CUST036581,CARD_ISSUE,CLOSED
COMP015482,CUST063627,FRAUD_ALERT,OPEN
COMP015483,CUST014709,UPI_ISSUE,OPEN
COMP015484,CUST034409,LOAN_ISSUE,CLOSED
COMP015485,CUST033603,UPI_ISSUE,OPEN
COMP015486,CUST025664,FRAUD_ALERT,CLOSED
COMP015487,CUST011313,UPI_ISSUE,OPEN
COMP015488,CUST013127,FRAUD_ALERT,OPEN
COMP015489,CUST092470,CARD_ISSUE,OPEN
COMP015490,CUST086241,CARD_ISSUE,OPEN
COMP015491,CUST004208,UPI_ISSUE,CLOSED
COMP015492,CUST030491,LOAN_ISSUE,OPEN
COMP015493,CUST022292,UPI_ISSUE,CLOSED
COMP015494,CUST085455,LOAN_ISSUE,CLOSED
COMP015495,CUST099491,CARD_ISSUE,CLOSED
COMP015496,CUST088160,UPI_ISSUE,CLOSED
COMP015497,CUST068040,CARD_ISSUE,OPEN
COMP015498,CUST086141,CARD_ISSUE,CLOSED
COMP015499,CUST074687,CARD_ISSUE,OPEN
COMP015500,CUST073917,LOAN_ISSUE,CLOSED
COMP015501,CUST053192,CARD_ISSUE,CLOSED
COMP015502,CUST089293,UPI_ISSUE,OPEN
COMP015503,CUST024188,CARD_ISSUE,CLOSED
COMP015504,CUST028034,CARD_ISSUE,OPEN
COMP015505,CUST014663,CARD_ISSUE,OPEN
COMP015506,CUST077114,FRAUD_ALERT,CLOSED
COMP015507,CUST010395,UPI_ISSUE,CLOSED
COMP015508,CUST027186,LOAN_ISSUE,CLOSED
COMP015509,CUST055017,FRAUD_ALERT,CLOSED
COMP015510,CUST073649,CARD_ISSUE,CLOSED
COMP015511,CUST010741,UPI_ISSUE,OPEN
COMP015512,CUST092004,LOAN_ISSUE,OPEN
COMP015513,CUST048761,UPI_ISSUE,CLOSED
COMP015514,CUST092524,UPI_ISSUE,CLOSED
COMP015515,CUST030736,UPI_ISSUE,OPEN
COMP015516,CUST035225,CARD_ISSUE,CLOSED
COMP015517,CUST015631,CARD_ISSUE,CLOSED
COMP015518,CUST027614,FRAUD_ALERT,CLOSED
COMP015519,CUST023908,UPI_ISSUE,CLOSED
COMP015520,CUST073437,CARD_ISSUE,OPEN
COMP015521,CUST025854,CARD_ISSUE,CLOSED
COMP015522,CUST092387,UPI_ISSUE,CLOSED
COMP015523,CUST092483,LOAN_ISSUE,CLOSED
COMP015524,CUST044266,FRAUD_ALERT,OPEN
COMP015525,CUST014909,UPI_ISSUE,OPEN
COMP015526,CUST077601,FRAUD_ALERT,CLOSED
COMP015527,CUST095929,LOAN_ISSUE,OPEN
COMP015528,CUST091488,FRAUD_ALERT,CLOSED
COMP015529,CUST039288,UPI_ISSUE,OPEN
COMP015530,CUST015767,UPI_ISSUE,CLOSED
COMP015531,CUST029695,FRAUD_ALERT,OPEN
COMP015532,CUST059825,FRAUD_ALERT,OPEN
COMP015533,CUST070245,FRAUD_ALERT,CLOSED
COMP015534,CUST080836,LOAN_ISSUE,OPEN
COMP015535,CUST038232,LOAN_ISSUE,CLOSED
COMP015536,CUST061632,FRAUD_ALERT,OPEN
COMP015537,CUST095981,LOAN_ISSUE,OPEN
COMP015538,CUST066381,LOAN_ISSUE,CLOSED
COMP015539,CUST010666,UPI_ISSUE,OPEN
COMP015540,CUST070932,LOAN_ISSUE,CLOSED
COMP015541,CUST091818,CARD_ISSUE,OPEN
COMP015542,CUST001227,CARD_ISSUE,CLOSED
COMP015543,CUST062126,LOAN_ISSUE,CLOSED
COMP015544,CUST027489,LOAN_ISSUE,CLOSED
COMP015545,CUST049079,LOAN_ISSUE,CLOSED
COMP015546,CUST045142,LOAN_ISSUE,OPEN
COMP015547,CUST050527,FRAUD_ALERT,OPEN
COMP015548,CUST083289,LOAN_ISSUE,CLOSED
COMP015549,CUST087342,LOAN_ISSUE,CLOSED
COMP015550,CUST053869,LOAN_ISSUE,OPEN
COMP015551,CUST002460,UPI_ISSUE,CLOSED
COMP015552,CUST092597,UPI_ISSUE,CLOSED
COMP015553,CUST097144,LOAN_ISSUE,OPEN
COMP015554,CUST043427,UPI_ISSUE,OPEN
COMP015555,CUST021810,UPI_ISSUE,CLOSED
COMP015556,CUST077366,FRAUD_ALERT,OPEN
COMP015557,CUST047379,FRAUD_ALERT,OPEN
COMP015558,CUST014926,LOAN_ISSUE,CLOSED
COMP015559,CUST080910,CARD_ISSUE,OPEN
COMP015560,CUST045989,FRAUD_ALERT,OPEN
COMP015561,CUST069408,CARD_ISSUE,OPEN
COMP015562,CUST056513,UPI_ISSUE,OPEN
COMP015563,CUST032608,CARD_ISSUE,OPEN
COMP015564,CUST021247,FRAUD_ALERT,CLOSED
COMP015565,CUST071823,CARD_ISSUE,OPEN
COMP015566,CUST050553,FRAUD_ALERT,CLOSED
COMP015567,CUST040945,UPI_ISSUE,OPEN
COMP015568,CUST057636,LOAN_ISSUE,OPEN
COMP015569,CUST023405,LOAN_ISSUE,CLOSED
COMP015570,CUST041094,LOAN_ISSUE,OPEN
COMP015571,CUST087803,FRAUD_ALERT,OPEN
COMP015572,CUST054063,FRAUD_ALERT,CLOSED
COMP015573,CUST085857,LOAN_ISSUE,CLOSED
COMP015574,CUST078046,UPI_ISSUE,OPEN
COMP015575,CUST076674,UPI_ISSUE,CLOSED
COMP015576,CUST007564,FRAUD_ALERT,CLOSED
COMP015577,CUST050746,UPI_ISSUE,OPEN
COMP015578,CUST074812,LOAN_ISSUE,OPEN
COMP015579,CUST074485,LOAN_ISSUE,OPEN
COMP015580,CUST051857,CARD_ISSUE,CLOSED
COMP015581,CUST014849,LOAN_ISSUE,CLOSED
COMP015582,CUST044649,UPI_ISSUE,OPEN
COMP015583,CUST039505,UPI_ISSUE,OPEN
COMP015584,CUST040601,FRAUD_ALERT,OPEN
COMP015585,CUST067250,UPI_ISSUE,OPEN
COMP015586,CUST052512,FRAUD_ALERT,OPEN
COMP015587,CUST038559,UPI_ISSUE,OPEN
COMP015588,CUST045473,CARD_ISSUE,OPEN
COMP015589,CUST085510,FRAUD_ALERT,OPEN
COMP015590,CUST030150,LOAN_ISSUE,CLOSED
COMP015591,CUST079016,FRAUD_ALERT,OPEN
COMP015592,CUST084952,UPI_ISSUE,OPEN
COMP015593,CUST083914,FRAUD_ALERT,CLOSED
COMP015594,CUST098670,CARD_ISSUE,CLOSED
COMP015595,CUST013092,FRAUD_ALERT,OPEN
COMP015596,CUST059573,CARD_ISSUE,CLOSED
COMP015597,CUST060809,CARD_ISSUE,OPEN
COMP015598,CUST054534,CARD_ISSUE,CLOSED
COMP015599,CUST082039,CARD_ISSUE,CLOSED
COMP015600,CUST054670,FRAUD_ALERT,OPEN
COMP015601,CUST083921,FRAUD_ALERT,OPEN
COMP015602,CUST049041,CARD_ISSUE,OPEN
COMP015603,CUST013765,UPI_ISSUE,OPEN
COMP015604,CUST066653,LOAN_ISSUE,CLOSED
COMP015605,CUST010484,CARD_ISSUE,OPEN
COMP015606,CUST060619,CARD_ISSUE,CLOSED
COMP015607,CUST048247,UPI_ISSUE,OPEN
COMP015608,CUST098399,LOAN_ISSUE,OPEN
COMP015609,CUST017476,FRAUD_ALERT,OPEN
COMP015610,CUST016874,UPI_ISSUE,OPEN
COMP015611,CUST057011,UPI_ISSUE,OPEN
COMP015612,CUST063820,FRAUD_ALERT,OPEN
COMP015613,CUST084253,UPI_ISSUE,OPEN
COMP015614,CUST016976,FRAUD_ALERT,OPEN
COMP015615,CUST089018,LOAN_ISSUE,CLOSED
COMP015616,CUST086687,UPI_ISSUE,OPEN
COMP015617,CUST034267,UPI_ISSUE,OPEN
COMP015618,CUST014894,CARD_ISSUE,OPEN
COMP015619,CUST048093,FRAUD_ALERT,CLOSED
COMP015620,CUST038616,CARD_ISSUE,CLOSED
COMP015621,CUST034210,LOAN_ISSUE,CLOSED
COMP015622,CUST046557,FRAUD_ALERT,CLOSED
COMP015623,CUST066090,UPI_ISSUE,CLOSED
COMP015624,CUST059658,CARD_ISSUE,OPEN
COMP015625,CUST086555,UPI_ISSUE,CLOSED
COMP015626,CUST075473,LOAN_ISSUE,OPEN
COMP015627,CUST055409,FRAUD_ALERT,OPEN
COMP015628,CUST084100,LOAN_ISSUE,CLOSED
COMP015629,CUST010755,UPI_ISSUE,CLOSED
COMP015630,CUST033966,FRAUD_ALERT,OPEN
COMP015631,CUST033607,CARD_ISSUE,CLOSED
COMP015632,CUST087687,CARD_ISSUE,OPEN
COMP015633,CUST052194,UPI_ISSUE,OPEN
COMP015634,CUST002808,LOAN_ISSUE,OPEN
COMP015635,CUST026689,FRAUD_ALERT,OPEN
COMP015636,CUST092092,CARD_ISSUE,CLOSED
COMP015637,CUST018570,UPI_ISSUE,CLOSED
COMP015638,CUST009510,LOAN_ISSUE,OPEN
COMP015639,CUST032747,FRAUD_ALERT,OPEN
COMP015640,CUST083746,UPI_ISSUE,OPEN
COMP015641,CUST072739,FRAUD_ALERT,CLOSED
COMP015642,CUST027173,UPI_ISSUE,OPEN
COMP015643,CUST098315,FRAUD_ALERT,OPEN
COMP015644,CUST020471,FRAUD_ALERT,OPEN
COMP015645,CUST046561,FRAUD_ALERT,CLOSED
COMP015646,CUST041718,UPI_ISSUE,CLOSED
COMP015647,CUST078241,CARD_ISSUE,OPEN
COMP015648,CUST093669,CARD_ISSUE,CLOSED
COMP015649,CUST042328,FRAUD_ALERT,CLOSED
COMP015650,CUST066908,FRAUD_ALERT,OPEN
COMP015651,CUST001658,CARD_ISSUE,CLOSED
COMP015652,CUST012483,FRAUD_ALERT,OPEN
COMP015653,CUST013407,FRAUD_ALERT,CLOSED
COMP015654,CUST028355,LOAN_ISSUE,OPEN
COMP015655,CUST081052,CARD_ISSUE,CLOSED
COMP015656,CUST092694,UPI_ISSUE,CLOSED
COMP015657,CUST001393,UPI_ISSUE,OPEN
COMP015658,CUST093438,CARD_ISSUE,OPEN
COMP015659,CUST053820,FRAUD_ALERT,CLOSED
COMP015660,CUST010841,FRAUD_ALERT,OPEN
COMP015661,CUST097234,CARD_ISSUE,OPEN
COMP015662,CUST023909,CARD_ISSUE,CLOSED
COMP015663,CUST073675,LOAN_ISSUE,CLOSED
COMP015664,CUST062499,LOAN_ISSUE,OPEN
COMP015665,CUST031643,LOAN_ISSUE,CLOSED
COMP015666,CUST050694,UPI_ISSUE,OPEN
COMP015667,CUST034537,FRAUD_ALERT,OPEN
COMP015668,CUST094074,LOAN_ISSUE,CLOSED
COMP015669,CUST030404,CARD_ISSUE,OPEN
COMP015670,CUST033969,CARD_ISSUE,OPEN
COMP015671,CUST041755,UPI_ISSUE,CLOSED
COMP015672,CUST045272,UPI_ISSUE,OPEN
COMP015673,CUST025726,CARD_ISSUE,OPEN
COMP015674,CUST022077,LOAN_ISSUE,OPEN
COMP015675,CUST082501,CARD_ISSUE,CLOSED
COMP015676,CUST008366,FRAUD_ALERT,CLOSED
COMP015677,CUST065455,FRAUD_ALERT,CLOSED
COMP015678,CUST073053,CARD_ISSUE,OPEN
COMP015679,CUST031488,FRAUD_ALERT,OPEN
COMP015680,CUST004205,FRAUD_ALERT,CLOSED
COMP015681,CUST069463,FRAUD_ALERT,OPEN
COMP015682,CUST049102,UPI_ISSUE,OPEN
COMP015683,CUST009878,FRAUD_ALERT,OPEN
COMP015684,CUST073645,LOAN_ISSUE,OPEN
COMP015685,CUST011198,FRAUD_ALERT,OPEN
COMP015686,CUST035492,FRAUD_ALERT,OPEN
COMP015687,CUST043582,FRAUD_ALERT,OPEN
COMP015688,CUST064553,CARD_ISSUE,CLOSED
COMP015689,CUST047980,LOAN_ISSUE,OPEN
COMP015690,CUST043918,CARD_ISSUE,OPEN
COMP015691,CUST030542,LOAN_ISSUE,CLOSED
COMP015692,CUST024517,CARD_ISSUE,CLOSED
COMP015693,CUST044580,CARD_ISSUE,CLOSED
COMP015694,CUST007236,UPI_ISSUE,CLOSED
COMP015695,CUST060873,CARD_ISSUE,OPEN
COMP015696,CUST091634,CARD_ISSUE,CLOSED
COMP015697,CUST048500,UPI_ISSUE,OPEN
COMP015698,CUST034838,FRAUD_ALERT,OPEN
COMP015699,CUST084305,FRAUD_ALERT,CLOSED
COMP015700,CUST093816,UPI_ISSUE,CLOSED
COMP015701,CUST098819,FRAUD_ALERT,CLOSED
COMP015702,CUST080925,CARD_ISSUE,OPEN
COMP015703,CUST001133,CARD_ISSUE,OPEN
COMP015704,CUST011703,UPI_ISSUE,OPEN
COMP015705,CUST034586,CARD_ISSUE,OPEN
COMP015706,CUST050957,LOAN_ISSUE,OPEN
COMP015707,CUST077207,LOAN_ISSUE,CLOSED
COMP015708,CUST092936,FRAUD_ALERT,CLOSED
COMP015709,CUST050809,LOAN_ISSUE,OPEN
COMP015710,CUST065165,CARD_ISSUE,OPEN
COMP015711,CUST031020,UPI_ISSUE,CLOSED
COMP015712,CUST096460,CARD_ISSUE,CLOSED
COMP015713,CUST085402,LOAN_ISSUE,CLOSED
COMP015714,CUST051483,FRAUD_ALERT,OPEN
COMP015715,CUST032783,CARD_ISSUE,OPEN
COMP015716,CUST080981,FRAUD_ALERT,CLOSED
COMP015717,CUST093798,CARD_ISSUE,OPEN
COMP015718,CUST096079,UPI_ISSUE,CLOSED
COMP015719,CUST089882,CARD_ISSUE,CLOSED
COMP015720,CUST083280,FRAUD_ALERT,CLOSED
COMP015721,CUST093365,LOAN_ISSUE,CLOSED
COMP015722,CUST017555,LOAN_ISSUE,CLOSED
COMP015723,CUST014309,UPI_ISSUE,OPEN
COMP015724,CUST022680,LOAN_ISSUE,CLOSED
COMP015725,CUST013003,LOAN_ISSUE,OPEN
COMP015726,CUST003453,FRAUD_ALERT,OPEN
COMP015727,CUST001906,FRAUD_ALERT,OPEN
COMP015728,CUST073358,CARD_ISSUE,CLOSED
COMP015729,CUST067086,UPI_ISSUE,CLOSED
COMP015730,CUST094792,FRAUD_ALERT,OPEN
COMP015731,CUST062599,LOAN_ISSUE,OPEN
COMP015732,CUST058139,FRAUD_ALERT,CLOSED
COMP015733,CUST037338,LOAN_ISSUE,CLOSED
COMP015734,CUST071010,CARD_ISSUE,OPEN
COMP015735,CUST025709,FRAUD_ALERT,OPEN
COMP015736,CUST088513,FRAUD_ALERT,CLOSED
COMP015737,CUST050415,UPI_ISSUE,CLOSED
COMP015738,CUST049827,CARD_ISSUE,OPEN
COMP015739,CUST063557,CARD_ISSUE,CLOSED
COMP015740,CUST057032,CARD_ISSUE,CLOSED
COMP015741,CUST024282,CARD_ISSUE,OPEN
COMP015742,CUST022737,LOAN_ISSUE,OPEN
COMP015743,CUST066409,LOAN_ISSUE,CLOSED
COMP015744,CUST067015,CARD_ISSUE,OPEN
COMP015745,CUST041497,UPI_ISSUE,CLOSED
COMP015746,CUST051679,CARD_ISSUE,OPEN
COMP015747,CUST038155,CARD_ISSUE,CLOSED
COMP015748,CUST001973,CARD_ISSUE,OPEN
COMP015749,CUST059765,UPI_ISSUE,OPEN
COMP015750,CUST042541,UPI_ISSUE,CLOSED
COMP015751,CUST065581,UPI_ISSUE,CLOSED
COMP015752,CUST032588,LOAN_ISSUE,OPEN
COMP015753,CUST000038,FRAUD_ALERT,CLOSED
COMP015754,CUST005650,LOAN_ISSUE,CLOSED
COMP015755,CUST086606,FRAUD_ALERT,OPEN
COMP015756,CUST006625,FRAUD_ALERT,OPEN
COMP015757,CUST024522,LOAN_ISSUE,CLOSED
COMP015758,CUST096253,LOAN_ISSUE,CLOSED
COMP015759,CUST000631,CARD_ISSUE,OPEN
COMP015760,CUST094560,UPI_ISSUE,CLOSED
COMP015761,CUST033427,CARD_ISSUE,OPEN
COMP015762,CUST036616,CARD_ISSUE,CLOSED
COMP015763,CUST080784,FRAUD_ALERT,OPEN
COMP015764,CUST003913,UPI_ISSUE,OPEN
COMP015765,CUST078933,LOAN_ISSUE,CLOSED
COMP015766,CUST078763,CARD_ISSUE,OPEN
COMP015767,CUST022980,LOAN_ISSUE,CLOSED
COMP015768,CUST083124,LOAN_ISSUE,OPEN
COMP015769,CUST072926,CARD_ISSUE,CLOSED
COMP015770,CUST097538,CARD_ISSUE,OPEN
COMP015771,CUST070153,CARD_ISSUE,CLOSED
COMP015772,CUST014278,FRAUD_ALERT,OPEN
COMP015773,CUST064121,CARD_ISSUE,OPEN
COMP015774,CUST044635,CARD_ISSUE,OPEN
COMP015775,CUST024390,FRAUD_ALERT,OPEN
COMP015776,CUST005837,LOAN_ISSUE,CLOSED
COMP015777,CUST078385,UPI_ISSUE,CLOSED
COMP015778,CUST016560,LOAN_ISSUE,OPEN
COMP015779,CUST088462,LOAN_ISSUE,CLOSED
COMP015780,CUST011110,FRAUD_ALERT,CLOSED
COMP015781,CUST036851,FRAUD_ALERT,OPEN
COMP015782,CUST074553,LOAN_ISSUE,CLOSED
COMP015783,CUST075447,LOAN_ISSUE,CLOSED
COMP015784,CUST034080,FRAUD_ALERT,CLOSED
COMP015785,CUST070203,CARD_ISSUE,CLOSED
COMP015786,CUST054981,CARD_ISSUE,CLOSED
COMP015787,CUST030559,FRAUD_ALERT,OPEN
COMP015788,CUST030184,CARD_ISSUE,CLOSED
COMP015789,CUST060296,FRAUD_ALERT,CLOSED
COMP015790,CUST011552,CARD_ISSUE,OPEN
COMP015791,CUST093979,LOAN_ISSUE,OPEN
COMP015792,CUST061223,LOAN_ISSUE,OPEN
COMP015793,CUST030740,CARD_ISSUE,CLOSED
COMP015794,CUST050800,UPI_ISSUE,OPEN
COMP015795,CUST006020,FRAUD_ALERT,CLOSED
COMP015796,CUST056762,CARD_ISSUE,OPEN
COMP015797,CUST030773,LOAN_ISSUE,CLOSED
COMP015798,CUST030626,UPI_ISSUE,CLOSED
COMP015799,CUST006053,FRAUD_ALERT,OPEN
COMP015800,CUST003719,FRAUD_ALERT,OPEN
COMP015801,CUST072029,UPI_ISSUE,CLOSED
COMP015802,CUST097134,UPI_ISSUE,CLOSED
COMP015803,CUST057406,CARD_ISSUE,CLOSED
COMP015804,CUST085595,UPI_ISSUE,CLOSED
COMP015805,CUST023585,FRAUD_ALERT,OPEN
COMP015806,CUST095365,FRAUD_ALERT,OPEN
COMP015807,CUST082435,CARD_ISSUE,OPEN
COMP015808,CUST083404,FRAUD_ALERT,CLOSED
COMP015809,CUST015962,CARD_ISSUE,OPEN
COMP015810,CUST023092,FRAUD_ALERT,CLOSED
COMP015811,CUST050701,CARD_ISSUE,CLOSED
COMP015812,CUST078292,CARD_ISSUE,CLOSED
COMP015813,CUST033653,LOAN_ISSUE,CLOSED
COMP015814,CUST061903,CARD_ISSUE,OPEN
COMP015815,CUST079493,FRAUD_ALERT,CLOSED
COMP015816,CUST055609,CARD_ISSUE,CLOSED
COMP015817,CUST044885,FRAUD_ALERT,CLOSED
COMP015818,CUST035749,UPI_ISSUE,OPEN
COMP015819,CUST057783,UPI_ISSUE,OPEN
COMP015820,CUST009298,FRAUD_ALERT,OPEN
COMP015821,CUST069212,FRAUD_ALERT,CLOSED
COMP015822,CUST040418,FRAUD_ALERT,CLOSED
COMP015823,CUST046927,CARD_ISSUE,CLOSED
COMP015824,CUST032122,LOAN_ISSUE,CLOSED
COMP015825,CUST051395,LOAN_ISSUE,CLOSED
COMP015826,CUST068355,FRAUD_ALERT,CLOSED
COMP015827,CUST099554,UPI_ISSUE,CLOSED
COMP015828,CUST020802,LOAN_ISSUE,OPEN
COMP015829,CUST099722,FRAUD_ALERT,OPEN
COMP015830,CUST063395,CARD_ISSUE,OPEN
COMP015831,CUST022580,FRAUD_ALERT,OPEN
COMP015832,CUST030650,CARD_ISSUE,OPEN
COMP015833,CUST040073,UPI_ISSUE,OPEN
COMP015834,CUST028396,UPI_ISSUE,CLOSED
COMP015835,CUST039467,FRAUD_ALERT,CLOSED
COMP015836,CUST070063,LOAN_ISSUE,CLOSED
COMP015837,CUST079623,CARD_ISSUE,OPEN
COMP015838,CUST047189,FRAUD_ALERT,OPEN
COMP015839,CUST044839,UPI_ISSUE,CLOSED
COMP015840,CUST040643,LOAN_ISSUE,CLOSED
COMP015841,CUST062375,CARD_ISSUE,CLOSED
COMP015842,CUST043412,FRAUD_ALERT,OPEN
COMP015843,CUST017384,FRAUD_ALERT,OPEN
COMP015844,CUST070389,CARD_ISSUE,OPEN
COMP015845,CUST021499,LOAN_ISSUE,OPEN
COMP015846,CUST060285,FRAUD_ALERT,CLOSED
COMP015847,CUST079009,UPI_ISSUE,CLOSED
COMP015848,CUST010521,UPI_ISSUE,CLOSED
COMP015849,CUST003976,LOAN_ISSUE,OPEN
COMP015850,CUST024736,CARD_ISSUE,OPEN
COMP015851,CUST070772,FRAUD_ALERT,OPEN
COMP015852,CUST097736,UPI_ISSUE,CLOSED
COMP015853,CUST023794,CARD_ISSUE,OPEN
COMP015854,CUST029508,LOAN_ISSUE,CLOSED
COMP015855,CUST005559,LOAN_ISSUE,OPEN
COMP015856,CUST003099,LOAN_ISSUE,OPEN
COMP015857,CUST055028,FRAUD_ALERT,OPEN
COMP015858,CUST070846,CARD_ISSUE,CLOSED
COMP015859,CUST076488,CARD_ISSUE,CLOSED
COMP015860,CUST039324,FRAUD_ALERT,OPEN
COMP015861,CUST098932,CARD_ISSUE,CLOSED
COMP015862,CUST020946,UPI_ISSUE,CLOSED
COMP015863,CUST080803,UPI_ISSUE,CLOSED
COMP015864,CUST046106,CARD_ISSUE,CLOSED
COMP015865,CUST060727,LOAN_ISSUE,CLOSED
COMP015866,CUST068467,LOAN_ISSUE,CLOSED
COMP015867,CUST097442,CARD_ISSUE,OPEN
COMP015868,CUST097946,UPI_ISSUE,CLOSED
COMP015869,CUST002149,UPI_ISSUE,CLOSED
COMP015870,CUST051712,FRAUD_ALERT,CLOSED
COMP015871,CUST030580,CARD_ISSUE,CLOSED
COMP015872,CUST013195,CARD_ISSUE,CLOSED
COMP015873,CUST017356,FRAUD_ALERT,OPEN
COMP015874,CUST047198,FRAUD_ALERT,OPEN
COMP015875,CUST075550,CARD_ISSUE,OPEN
COMP015876,CUST081697,FRAUD_ALERT,OPEN
COMP015877,CUST020835,UPI_ISSUE,OPEN
COMP015878,CUST052492,UPI_ISSUE,OPEN
COMP015879,CUST093635,CARD_ISSUE,CLOSED
COMP015880,CUST023309,CARD_ISSUE,OPEN
COMP015881,CUST001111,CARD_ISSUE,CLOSED
COMP015882,CUST044432,UPI_ISSUE,CLOSED
COMP015883,CUST029285,FRAUD_ALERT,OPEN
COMP015884,CUST052384,LOAN_ISSUE,CLOSED
COMP015885,CUST070811,CARD_ISSUE,OPEN
COMP015886,CUST021309,FRAUD_ALERT,OPEN
COMP015887,CUST046047,CARD_ISSUE,CLOSED
COMP015888,CUST050715,CARD_ISSUE,CLOSED
COMP015889,CUST019401,FRAUD_ALERT,OPEN
COMP015890,CUST023571,FRAUD_ALERT,OPEN
COMP015891,CUST016551,FRAUD_ALERT,CLOSED
COMP015892,CUST078454,UPI_ISSUE,OPEN
COMP015893,CUST082843,FRAUD_ALERT,OPEN
COMP015894,CUST087207,CARD_ISSUE,CLOSED
COMP015895,CUST080809,LOAN_ISSUE,CLOSED
COMP015896,CUST051957,CARD_ISSUE,CLOSED
COMP015897,CUST010425,FRAUD_ALERT,OPEN
COMP015898,CUST069875,FRAUD_ALERT,CLOSED
COMP015899,CUST065274,CARD_ISSUE,OPEN
COMP015900,CUST031494,CARD_ISSUE,CLOSED
COMP015901,CUST099874,UPI_ISSUE,OPEN
COMP015902,CUST060498,FRAUD_ALERT,OPEN
COMP015903,CUST085735,LOAN_ISSUE,OPEN
COMP015904,CUST031899,UPI_ISSUE,OPEN
COMP015905,CUST068319,FRAUD_ALERT,OPEN
COMP015906,CUST000087,LOAN_ISSUE,OPEN
COMP015907,CUST023810,CARD_ISSUE,OPEN
COMP015908,CUST014969,LOAN_ISSUE,OPEN
COMP015909,CUST030369,UPI_ISSUE,OPEN
COMP015910,CUST099206,UPI_ISSUE,CLOSED
COMP015911,CUST036992,CARD_ISSUE,OPEN
COMP015912,CUST037708,UPI_ISSUE,OPEN
COMP015913,CUST006742,LOAN_ISSUE,CLOSED
COMP015914,CUST059268,UPI_ISSUE,CLOSED
COMP015915,CUST013549,CARD_ISSUE,OPEN
COMP015916,CUST026209,UPI_ISSUE,CLOSED
COMP015917,CUST079546,FRAUD_ALERT,CLOSED
COMP015918,CUST044939,UPI_ISSUE,OPEN
COMP015919,CUST068831,LOAN_ISSUE,CLOSED
COMP015920,CUST042556,LOAN_ISSUE,OPEN
COMP015921,CUST082667,UPI_ISSUE,CLOSED
COMP015922,CUST061033,FRAUD_ALERT,CLOSED
COMP015923,CUST085742,CARD_ISSUE,OPEN
COMP015924,CUST040501,UPI_ISSUE,OPEN
COMP015925,CUST000247,LOAN_ISSUE,OPEN
COMP015926,CUST026936,LOAN_ISSUE,CLOSED
COMP015927,CUST089599,UPI_ISSUE,OPEN
COMP015928,CUST070126,CARD_ISSUE,CLOSED
COMP015929,CUST023911,UPI_ISSUE,CLOSED
COMP015930,CUST076901,FRAUD_ALERT,CLOSED
COMP015931,CUST023284,LOAN_ISSUE,CLOSED
COMP015932,CUST097670,UPI_ISSUE,OPEN
COMP015933,CUST004360,UPI_ISSUE,OPEN
COMP015934,CUST007741,FRAUD_ALERT,CLOSED
COMP015935,CUST085525,FRAUD_ALERT,CLOSED
COMP015936,CUST088646,UPI_ISSUE,OPEN
COMP015937,CUST020902,LOAN_ISSUE,OPEN
COMP015938,CUST095573,LOAN_ISSUE,CLOSED
COMP015939,CUST059695,CARD_ISSUE,OPEN
COMP015940,CUST079504,UPI_ISSUE,CLOSED
COMP015941,CUST042574,CARD_ISSUE,OPEN
COMP015942,CUST075168,FRAUD_ALERT,OPEN
COMP015943,CUST063805,LOAN_ISSUE,OPEN
COMP015944,CUST007527,UPI_ISSUE,CLOSED
COMP015945,CUST011506,CARD_ISSUE,OPEN
COMP015946,CUST087723,UPI_ISSUE,OPEN
COMP015947,CUST024117,LOAN_ISSUE,CLOSED
COMP015948,CUST089699,CARD_ISSUE,CLOSED
COMP015949,CUST041609,FRAUD_ALERT,CLOSED
COMP015950,CUST013532,FRAUD_ALERT,CLOSED
COMP015951,CUST023094,FRAUD_ALERT,CLOSED
COMP015952,CUST015785,LOAN_ISSUE,OPEN
COMP015953,CUST016690,FRAUD_ALERT,OPEN
COMP015954,CUST059995,CARD_ISSUE,OPEN
COMP015955,CUST023769,UPI_ISSUE,OPEN
COMP015956,CUST033614,LOAN_ISSUE,OPEN
COMP015957,CUST093981,FRAUD_ALERT,OPEN
COMP015958,CUST046985,LOAN_ISSUE,CLOSED
COMP015959,CUST088896,UPI_ISSUE,OPEN
COMP015960,CUST070602,LOAN_ISSUE,OPEN
COMP015961,CUST074065,FRAUD_ALERT,CLOSED
COMP015962,CUST020463,UPI_ISSUE,OPEN
COMP015963,CUST047884,UPI_ISSUE,CLOSED
COMP015964,CUST045965,LOAN_ISSUE,CLOSED
COMP015965,CUST011091,CARD_ISSUE,OPEN
COMP015966,CUST085903,LOAN_ISSUE,OPEN
COMP015967,CUST093435,FRAUD_ALERT,OPEN
COMP015968,CUST013760,LOAN_ISSUE,CLOSED
COMP015969,CUST013526,FRAUD_ALERT,OPEN
COMP015970,CUST009832,LOAN_ISSUE,OPEN
COMP015971,CUST077915,CARD_ISSUE,OPEN
COMP015972,CUST042292,LOAN_ISSUE,CLOSED
COMP015973,CUST029522,UPI_ISSUE,OPEN
COMP015974,CUST093980,LOAN_ISSUE,CLOSED
COMP015975,CUST020831,UPI_ISSUE,CLOSED
COMP015976,CUST062776,UPI_ISSUE,OPEN
COMP015977,CUST050021,CARD_ISSUE,CLOSED
COMP015978,CUST062778,UPI_ISSUE,OPEN
COMP015979,CUST097235,UPI_ISSUE,CLOSED
COMP015980,CUST014255,UPI_ISSUE,OPEN
COMP015981,CUST009546,FRAUD_ALERT,CLOSED
COMP015982,CUST000158,FRAUD_ALERT,CLOSED
COMP015983,CUST015572,CARD_ISSUE,OPEN
COMP015984,CUST036497,CARD_ISSUE,OPEN
COMP015985,CUST022292,UPI_ISSUE,CLOSED
COMP015986,CUST077713,CARD_ISSUE,OPEN
COMP015987,CUST061128,UPI_ISSUE,OPEN
COMP015988,CUST063675,CARD_ISSUE,CLOSED
COMP015989,CUST041530,CARD_ISSUE,CLOSED
COMP015990,CUST086494,UPI_ISSUE,CLOSED
COMP015991,CUST081271,UPI_ISSUE,CLOSED
COMP015992,CUST084205,CARD_ISSUE,CLOSED
COMP015993,CUST014090,UPI_ISSUE,CLOSED
COMP015994,CUST051633,CARD_ISSUE,CLOSED
COMP015995,CUST087922,LOAN_ISSUE,OPEN
COMP015996,CUST007282,UPI_ISSUE,OPEN
COMP015997,CUST031634,FRAUD_ALERT,CLOSED
COMP015998,CUST073324,FRAUD_ALERT,CLOSED
COMP015999,CUST055608,CARD_ISSUE,OPEN
COMP016000,CUST053170,LOAN_ISSUE,CLOSED
COMP016001,CUST034697,LOAN_ISSUE,CLOSED
COMP016002,CUST095700,CARD_ISSUE,OPEN
COMP016003,CUST068013,LOAN_ISSUE,CLOSED
COMP016004,CUST099699,CARD_ISSUE,CLOSED
COMP016005,CUST036771,FRAUD_ALERT,OPEN
COMP016006,CUST010236,UPI_ISSUE,OPEN
COMP016007,CUST007517,FRAUD_ALERT,CLOSED
COMP016008,CUST065775,LOAN_ISSUE,OPEN
COMP016009,CUST077207,CARD_ISSUE,CLOSED
COMP016010,CUST076221,FRAUD_ALERT,OPEN
COMP016011,CUST098112,LOAN_ISSUE,CLOSED
COMP016012,CUST014839,CARD_ISSUE,OPEN
COMP016013,CUST026362,LOAN_ISSUE,CLOSED
COMP016014,CUST096498,FRAUD_ALERT,CLOSED
COMP016015,CUST057922,CARD_ISSUE,CLOSED
COMP016016,CUST092428,UPI_ISSUE,CLOSED
COMP016017,CUST093404,CARD_ISSUE,CLOSED
COMP016018,CUST091655,FRAUD_ALERT,CLOSED
COMP016019,CUST095445,UPI_ISSUE,CLOSED
COMP016020,CUST046308,FRAUD_ALERT,OPEN
COMP016021,CUST043815,FRAUD_ALERT,CLOSED
COMP016022,CUST001457,LOAN_ISSUE,CLOSED
COMP016023,CUST011742,UPI_ISSUE,OPEN
COMP016024,CUST096441,CARD_ISSUE,OPEN
COMP016025,CUST093016,UPI_ISSUE,CLOSED
COMP016026,CUST022234,LOAN_ISSUE,OPEN
COMP016027,CUST048041,CARD_ISSUE,CLOSED
COMP016028,CUST081168,UPI_ISSUE,CLOSED
COMP016029,CUST006287,FRAUD_ALERT,CLOSED
COMP016030,CUST036355,UPI_ISSUE,CLOSED
COMP016031,CUST066446,CARD_ISSUE,OPEN
COMP016032,CUST046542,CARD_ISSUE,OPEN
COMP016033,CUST036941,FRAUD_ALERT,CLOSED
COMP016034,CUST055587,FRAUD_ALERT,OPEN
COMP016035,CUST021064,FRAUD_ALERT,CLOSED
COMP016036,CUST056691,FRAUD_ALERT,CLOSED
COMP016037,CUST073681,LOAN_ISSUE,OPEN
COMP016038,CUST020674,FRAUD_ALERT,OPEN
COMP016039,CUST024136,CARD_ISSUE,CLOSED
COMP016040,CUST012691,CARD_ISSUE,OPEN
COMP016041,CUST049128,UPI_ISSUE,CLOSED
COMP016042,CUST099308,CARD_ISSUE,CLOSED
COMP016043,CUST019929,FRAUD_ALERT,OPEN
COMP016044,CUST034880,UPI_ISSUE,CLOSED
COMP016045,CUST076372,UPI_ISSUE,OPEN
COMP016046,CUST050815,UPI_ISSUE,CLOSED
COMP016047,CUST099392,UPI_ISSUE,CLOSED
COMP016048,CUST087480,LOAN_ISSUE,OPEN
COMP016049,CUST018590,CARD_ISSUE,OPEN
COMP016050,CUST086540,CARD_ISSUE,CLOSED
COMP016051,CUST018383,FRAUD_ALERT,OPEN
COMP016052,CUST038925,CARD_ISSUE,CLOSED
COMP016053,CUST057668,UPI_ISSUE,OPEN
COMP016054,CUST070700,LOAN_ISSUE,CLOSED
COMP016055,CUST066928,FRAUD_ALERT,OPEN
COMP016056,CUST002025,FRAUD_ALERT,CLOSED
COMP016057,CUST055372,FRAUD_ALERT,CLOSED
COMP016058,CUST045683,CARD_ISSUE,CLOSED
COMP016059,CUST059103,FRAUD_ALERT,CLOSED
COMP016060,CUST087742,CARD_ISSUE,CLOSED
COMP016061,CUST047061,LOAN_ISSUE,OPEN
COMP016062,CUST075229,UPI_ISSUE,OPEN
COMP016063,CUST012151,CARD_ISSUE,OPEN
COMP016064,CUST021060,CARD_ISSUE,OPEN
COMP016065,CUST061421,LOAN_ISSUE,CLOSED
COMP016066,CUST013211,LOAN_ISSUE,CLOSED
COMP016067,CUST095767,LOAN_ISSUE,CLOSED
COMP016068,CUST029876,LOAN_ISSUE,OPEN
COMP016069,CUST008702,UPI_ISSUE,OPEN
COMP016070,CUST072991,LOAN_ISSUE,CLOSED
COMP016071,CUST070126,FRAUD_ALERT,CLOSED
COMP016072,CUST053612,FRAUD_ALERT,CLOSED
COMP016073,CUST029459,UPI_ISSUE,OPEN
COMP016074,CUST098050,LOAN_ISSUE,CLOSED
COMP016075,CUST006414,LOAN_ISSUE,OPEN
COMP016076,CUST048461,UPI_ISSUE,CLOSED
COMP016077,CUST074974,UPI_ISSUE,CLOSED
COMP016078,CUST099164,FRAUD_ALERT,CLOSED
COMP016079,CUST090296,UPI_ISSUE,OPEN
COMP016080,CUST050430,UPI_ISSUE,CLOSED
COMP016081,CUST066663,CARD_ISSUE,OPEN
COMP016082,CUST059503,FRAUD_ALERT,CLOSED
COMP016083,CUST044991,CARD_ISSUE,CLOSED
COMP016084,CUST059536,UPI_ISSUE,CLOSED
COMP016085,CUST038535,UPI_ISSUE,CLOSED
COMP016086,CUST042588,CARD_ISSUE,OPEN
COMP016087,CUST087254,LOAN_ISSUE,OPEN
COMP016088,CUST094199,FRAUD_ALERT,OPEN
COMP016089,CUST068289,UPI_ISSUE,CLOSED
COMP016090,CUST042226,FRAUD_ALERT,OPEN
COMP016091,CUST002697,LOAN_ISSUE,CLOSED
COMP016092,CUST022837,UPI_ISSUE,CLOSED
COMP016093,CUST036511,UPI_ISSUE,CLOSED
COMP016094,CUST052864,CARD_ISSUE,CLOSED
COMP016095,CUST046564,LOAN_ISSUE,CLOSED
COMP016096,CUST007915,FRAUD_ALERT,OPEN
COMP016097,CUST010255,UPI_ISSUE,CLOSED
COMP016098,CUST001401,CARD_ISSUE,CLOSED
COMP016099,CUST034863,UPI_ISSUE,OPEN
COMP016100,CUST011313,FRAUD_ALERT,OPEN
COMP016101,CUST060361,CARD_ISSUE,OPEN
COMP016102,CUST086427,FRAUD_ALERT,CLOSED
COMP016103,CUST052915,LOAN_ISSUE,OPEN
COMP016104,CUST047253,LOAN_ISSUE,OPEN
COMP016105,CUST072769,UPI_ISSUE,OPEN
COMP016106,CUST065320,CARD_ISSUE,CLOSED
COMP016107,CUST063934,UPI_ISSUE,CLOSED
COMP016108,CUST034365,UPI_ISSUE,CLOSED
COMP016109,CUST086550,CARD_ISSUE,OPEN
COMP016110,CUST000728,UPI_ISSUE,OPEN
COMP016111,CUST039523,UPI_ISSUE,OPEN
COMP016112,CUST016896,UPI_ISSUE,OPEN
COMP016113,CUST086066,CARD_ISSUE,OPEN
COMP016114,CUST016649,CARD_ISSUE,OPEN
COMP016115,CUST001133,LOAN_ISSUE,OPEN
COMP016116,CUST009297,CARD_ISSUE,CLOSED
COMP016117,CUST099828,UPI_ISSUE,OPEN
COMP016118,CUST086179,CARD_ISSUE,OPEN
COMP016119,CUST062839,FRAUD_ALERT,OPEN
COMP016120,CUST052758,LOAN_ISSUE,OPEN
COMP016121,CUST089414,CARD_ISSUE,CLOSED
COMP016122,CUST081177,LOAN_ISSUE,OPEN
COMP016123,CUST086729,LOAN_ISSUE,OPEN
COMP016124,CUST085506,CARD_ISSUE,OPEN
COMP016125,CUST048477,CARD_ISSUE,CLOSED
COMP016126,CUST074781,LOAN_ISSUE,CLOSED
COMP016127,CUST019714,FRAUD_ALERT,CLOSED
COMP016128,CUST001083,CARD_ISSUE,CLOSED
COMP016129,CUST075865,UPI_ISSUE,OPEN
COMP016130,CUST059973,FRAUD_ALERT,CLOSED
COMP016131,CUST074309,FRAUD_ALERT,CLOSED
COMP016132,CUST026617,CARD_ISSUE,OPEN
COMP016133,CUST075431,UPI_ISSUE,OPEN
COMP016134,CUST036830,LOAN_ISSUE,CLOSED
COMP016135,CUST016959,CARD_ISSUE,OPEN
COMP016136,CUST019242,FRAUD_ALERT,CLOSED
COMP016137,CUST011244,UPI_ISSUE,OPEN
COMP016138,CUST066334,UPI_ISSUE,CLOSED
COMP016139,CUST010358,UPI_ISSUE,CLOSED
COMP016140,CUST046081,CARD_ISSUE,OPEN
COMP016141,CUST010082,CARD_ISSUE,CLOSED
COMP016142,CUST091658,FRAUD_ALERT,CLOSED
COMP016143,CUST051227,FRAUD_ALERT,CLOSED
COMP016144,CUST050533,FRAUD_ALERT,OPEN
COMP016145,CUST078126,CARD_ISSUE,CLOSED
COMP016146,CUST078258,CARD_ISSUE,CLOSED
COMP016147,CUST086700,FRAUD_ALERT,OPEN
COMP016148,CUST035108,FRAUD_ALERT,CLOSED
COMP016149,CUST015094,CARD_ISSUE,OPEN
COMP016150,CUST021932,UPI_ISSUE,CLOSED
COMP016151,CUST032053,CARD_ISSUE,CLOSED
COMP016152,CUST061383,UPI_ISSUE,OPEN
COMP016153,CUST004234,CARD_ISSUE,CLOSED
COMP016154,CUST023131,LOAN_ISSUE,OPEN
COMP016155,CUST020370,UPI_ISSUE,CLOSED
COMP016156,CUST092541,FRAUD_ALERT,CLOSED
COMP016157,CUST062881,UPI_ISSUE,OPEN
COMP016158,CUST017615,FRAUD_ALERT,OPEN
COMP016159,CUST019020,CARD_ISSUE,CLOSED
COMP016160,CUST064599,UPI_ISSUE,CLOSED
COMP016161,CUST067396,CARD_ISSUE,OPEN
COMP016162,CUST043520,UPI_ISSUE,CLOSED
COMP016163,CUST090237,UPI_ISSUE,CLOSED
COMP016164,CUST021926,LOAN_ISSUE,CLOSED
COMP016165,CUST083523,CARD_ISSUE,OPEN
COMP016166,CUST080003,LOAN_ISSUE,CLOSED
COMP016167,CUST061805,FRAUD_ALERT,CLOSED
COMP016168,CUST077308,CARD_ISSUE,CLOSED
COMP016169,CUST047836,FRAUD_ALERT,CLOSED
COMP016170,CUST022163,FRAUD_ALERT,OPEN
COMP016171,CUST030002,CARD_ISSUE,CLOSED
COMP016172,CUST080119,LOAN_ISSUE,OPEN
COMP016173,CUST016794,CARD_ISSUE,CLOSED
COMP016174,CUST064080,LOAN_ISSUE,CLOSED
COMP016175,CUST082045,UPI_ISSUE,OPEN
COMP016176,CUST089007,CARD_ISSUE,OPEN
COMP016177,CUST070202,CARD_ISSUE,OPEN
COMP016178,CUST064138,UPI_ISSUE,CLOSED
COMP016179,CUST072778,CARD_ISSUE,OPEN
COMP016180,CUST000378,FRAUD_ALERT,CLOSED
COMP016181,CUST058853,UPI_ISSUE,CLOSED
COMP016182,CUST000488,CARD_ISSUE,CLOSED
COMP016183,CUST000096,LOAN_ISSUE,CLOSED
COMP016184,CUST071164,CARD_ISSUE,OPEN
COMP016185,CUST052793,UPI_ISSUE,CLOSED
COMP016186,CUST016990,UPI_ISSUE,CLOSED
COMP016187,CUST083100,LOAN_ISSUE,OPEN
COMP016188,CUST078857,UPI_ISSUE,CLOSED
COMP016189,CUST080067,UPI_ISSUE,CLOSED
COMP016190,CUST078056,LOAN_ISSUE,OPEN
COMP016191,CUST049817,LOAN_ISSUE,OPEN
COMP016192,CUST096815,UPI_ISSUE,CLOSED
COMP016193,CUST002893,LOAN_ISSUE,OPEN
COMP016194,CUST045005,FRAUD_ALERT,OPEN
COMP016195,CUST061383,FRAUD_ALERT,CLOSED
COMP016196,CUST016446,CARD_ISSUE,CLOSED
COMP016197,CUST078077,LOAN_ISSUE,OPEN
COMP016198,CUST065775,LOAN_ISSUE,OPEN
COMP016199,CUST030653,CARD_ISSUE,CLOSED
COMP016200,CUST025219,CARD_ISSUE,OPEN
COMP016201,CUST037491,LOAN_ISSUE,CLOSED
COMP016202,CUST053763,CARD_ISSUE,CLOSED
COMP016203,CUST045493,LOAN_ISSUE,CLOSED
COMP016204,CUST054076,FRAUD_ALERT,OPEN
COMP016205,CUST009931,LOAN_ISSUE,OPEN
COMP016206,CUST046893,FRAUD_ALERT,CLOSED
COMP016207,CUST064740,LOAN_ISSUE,OPEN
COMP016208,CUST017893,CARD_ISSUE,CLOSED
COMP016209,CUST094966,LOAN_ISSUE,OPEN
COMP016210,CUST022113,UPI_ISSUE,CLOSED
COMP016211,CUST095666,FRAUD_ALERT,CLOSED
COMP016212,CUST071958,FRAUD_ALERT,CLOSED
COMP016213,CUST046460,CARD_ISSUE,OPEN
COMP016214,CUST048852,LOAN_ISSUE,OPEN
COMP016215,CUST042141,CARD_ISSUE,OPEN
COMP016216,CUST010404,UPI_ISSUE,OPEN
COMP016217,CUST094390,LOAN_ISSUE,CLOSED
COMP016218,CUST019351,CARD_ISSUE,OPEN
COMP016219,CUST068848,LOAN_ISSUE,CLOSED
COMP016220,CUST090547,LOAN_ISSUE,CLOSED
COMP016221,CUST049175,UPI_ISSUE,CLOSED
COMP016222,CUST037041,FRAUD_ALERT,CLOSED
COMP016223,CUST000996,UPI_ISSUE,OPEN
COMP016224,CUST034041,CARD_ISSUE,OPEN
COMP016225,CUST097011,FRAUD_ALERT,CLOSED
COMP016226,CUST087210,FRAUD_ALERT,OPEN
COMP016227,CUST061095,LOAN_ISSUE,OPEN
COMP016228,CUST067955,UPI_ISSUE,OPEN
COMP016229,CUST010566,FRAUD_ALERT,OPEN
COMP016230,CUST067715,FRAUD_ALERT,OPEN
COMP016231,CUST032825,LOAN_ISSUE,CLOSED
COMP016232,CUST000382,FRAUD_ALERT,OPEN
COMP016233,CUST035383,FRAUD_ALERT,OPEN
COMP016234,CUST013707,FRAUD_ALERT,CLOSED
COMP016235,CUST001246,FRAUD_ALERT,OPEN
COMP016236,CUST020927,UPI_ISSUE,OPEN
COMP016237,CUST049671,LOAN_ISSUE,CLOSED
COMP016238,CUST040970,LOAN_ISSUE,CLOSED
COMP016239,CUST089526,UPI_ISSUE,CLOSED
COMP016240,CUST067832,FRAUD_ALERT,OPEN
COMP016241,CUST097792,CARD_ISSUE,OPEN
COMP016242,CUST012721,UPI_ISSUE,CLOSED
COMP016243,CUST050926,LOAN_ISSUE,CLOSED
COMP016244,CUST080804,FRAUD_ALERT,OPEN
COMP016245,CUST069921,UPI_ISSUE,CLOSED
COMP016246,CUST081042,UPI_ISSUE,OPEN
COMP016247,CUST036963,CARD_ISSUE,CLOSED
COMP016248,CUST093317,LOAN_ISSUE,CLOSED
COMP016249,CUST044089,FRAUD_ALERT,CLOSED
COMP016250,CUST058480,UPI_ISSUE,OPEN
COMP016251,CUST018224,UPI_ISSUE,OPEN
COMP016252,CUST071350,LOAN_ISSUE,OPEN
COMP016253,CUST061750,CARD_ISSUE,CLOSED
COMP016254,CUST068865,FRAUD_ALERT,CLOSED
COMP016255,CUST043563,LOAN_ISSUE,CLOSED
COMP016256,CUST024765,CARD_ISSUE,OPEN
COMP016257,CUST029299,UPI_ISSUE,CLOSED
COMP016258,CUST009313,CARD_ISSUE,CLOSED
COMP016259,CUST081000,CARD_ISSUE,CLOSED
COMP016260,CUST050233,FRAUD_ALERT,CLOSED
COMP016261,CUST024645,FRAUD_ALERT,CLOSED
COMP016262,CUST013801,UPI_ISSUE,CLOSED
COMP016263,CUST096937,LOAN_ISSUE,OPEN
COMP016264,CUST006461,CARD_ISSUE,OPEN
COMP016265,CUST076444,FRAUD_ALERT,OPEN
COMP016266,CUST087116,UPI_ISSUE,OPEN
COMP016267,CUST030547,CARD_ISSUE,OPEN
COMP016268,CUST018451,CARD_ISSUE,OPEN
COMP016269,CUST008266,UPI_ISSUE,OPEN
COMP016270,CUST081691,LOAN_ISSUE,OPEN
COMP016271,CUST038331,UPI_ISSUE,OPEN
COMP016272,CUST076400,CARD_ISSUE,CLOSED
COMP016273,CUST040839,CARD_ISSUE,OPEN
COMP016274,CUST083541,UPI_ISSUE,OPEN
COMP016275,CUST064610,CARD_ISSUE,OPEN
COMP016276,CUST083940,FRAUD_ALERT,OPEN
COMP016277,CUST084392,UPI_ISSUE,CLOSED
COMP016278,CUST001893,LOAN_ISSUE,CLOSED
COMP016279,CUST008423,FRAUD_ALERT,OPEN
COMP016280,CUST050158,CARD_ISSUE,CLOSED
COMP016281,CUST095344,FRAUD_ALERT,OPEN
COMP016282,CUST091933,FRAUD_ALERT,CLOSED
COMP016283,CUST004258,LOAN_ISSUE,OPEN
COMP016284,CUST099201,FRAUD_ALERT,CLOSED
COMP016285,CUST095015,FRAUD_ALERT,CLOSED
COMP016286,CUST072034,CARD_ISSUE,CLOSED
COMP016287,CUST075344,FRAUD_ALERT,CLOSED
COMP016288,CUST074704,CARD_ISSUE,CLOSED
COMP016289,CUST028617,CARD_ISSUE,CLOSED
COMP016290,CUST012282,UPI_ISSUE,CLOSED
COMP016291,CUST051292,CARD_ISSUE,CLOSED
COMP016292,CUST023781,LOAN_ISSUE,CLOSED
COMP016293,CUST005719,LOAN_ISSUE,CLOSED
COMP016294,CUST024097,LOAN_ISSUE,OPEN
COMP016295,CUST097610,LOAN_ISSUE,OPEN
COMP016296,CUST060713,CARD_ISSUE,CLOSED
COMP016297,CUST000925,LOAN_ISSUE,OPEN
COMP016298,CUST080202,LOAN_ISSUE,OPEN
COMP016299,CUST075272,LOAN_ISSUE,OPEN
COMP016300,CUST045710,CARD_ISSUE,OPEN
COMP016301,CUST087604,CARD_ISSUE,OPEN
COMP016302,CUST057986,LOAN_ISSUE,OPEN
COMP016303,CUST035143,CARD_ISSUE,CLOSED
COMP016304,CUST033443,FRAUD_ALERT,OPEN
COMP016305,CUST073472,UPI_ISSUE,OPEN
COMP016306,CUST020208,FRAUD_ALERT,CLOSED
COMP016307,CUST012399,CARD_ISSUE,OPEN
COMP016308,CUST069782,UPI_ISSUE,OPEN
COMP016309,CUST030895,LOAN_ISSUE,OPEN
COMP016310,CUST078837,FRAUD_ALERT,OPEN
COMP016311,CUST009390,FRAUD_ALERT,CLOSED
COMP016312,CUST074693,LOAN_ISSUE,CLOSED
COMP016313,CUST041205,FRAUD_ALERT,CLOSED
COMP016314,CUST004949,UPI_ISSUE,CLOSED
COMP016315,CUST070550,UPI_ISSUE,OPEN
COMP016316,CUST032861,LOAN_ISSUE,OPEN
COMP016317,CUST092835,FRAUD_ALERT,OPEN
COMP016318,CUST066767,LOAN_ISSUE,CLOSED
COMP016319,CUST070121,CARD_ISSUE,OPEN
COMP016320,CUST026921,UPI_ISSUE,CLOSED
COMP016321,CUST017682,UPI_ISSUE,CLOSED
COMP016322,CUST064304,LOAN_ISSUE,OPEN
COMP016323,CUST063048,CARD_ISSUE,OPEN
COMP016324,CUST097525,LOAN_ISSUE,CLOSED
COMP016325,CUST021893,UPI_ISSUE,CLOSED
COMP016326,CUST018621,FRAUD_ALERT,OPEN
COMP016327,CUST088839,LOAN_ISSUE,OPEN
COMP016328,CUST038466,LOAN_ISSUE,CLOSED
COMP016329,CUST072125,CARD_ISSUE,CLOSED
COMP016330,CUST042401,CARD_ISSUE,CLOSED
COMP016331,CUST045620,LOAN_ISSUE,CLOSED
COMP016332,CUST072765,LOAN_ISSUE,CLOSED
COMP016333,CUST051079,CARD_ISSUE,OPEN
COMP016334,CUST066484,UPI_ISSUE,CLOSED
COMP016335,CUST036889,FRAUD_ALERT,OPEN
COMP016336,CUST061898,LOAN_ISSUE,OPEN
COMP016337,CUST048596,CARD_ISSUE,OPEN
COMP016338,CUST073402,UPI_ISSUE,OPEN
COMP016339,CUST030226,LOAN_ISSUE,OPEN
COMP016340,CUST029944,FRAUD_ALERT,OPEN
COMP016341,CUST075660,LOAN_ISSUE,CLOSED
COMP016342,CUST030347,FRAUD_ALERT,CLOSED
COMP016343,CUST000351,CARD_ISSUE,CLOSED
COMP016344,CUST044014,FRAUD_ALERT,OPEN
COMP016345,CUST081797,CARD_ISSUE,CLOSED
COMP016346,CUST098184,LOAN_ISSUE,CLOSED
COMP016347,CUST044674,LOAN_ISSUE,CLOSED
COMP016348,CUST039307,UPI_ISSUE,OPEN
COMP016349,CUST005303,CARD_ISSUE,CLOSED
COMP016350,CUST071364,UPI_ISSUE,CLOSED
COMP016351,CUST027401,UPI_ISSUE,CLOSED
COMP016352,CUST016629,UPI_ISSUE,OPEN
COMP016353,CUST049777,UPI_ISSUE,CLOSED
COMP016354,CUST030834,CARD_ISSUE,OPEN
COMP016355,CUST039215,FRAUD_ALERT,CLOSED
COMP016356,CUST008229,UPI_ISSUE,OPEN
COMP016357,CUST019048,FRAUD_ALERT,CLOSED
COMP016358,CUST040069,LOAN_ISSUE,CLOSED
COMP016359,CUST035052,CARD_ISSUE,CLOSED
COMP016360,CUST024277,FRAUD_ALERT,OPEN
COMP016361,CUST065358,CARD_ISSUE,CLOSED
COMP016362,CUST086198,UPI_ISSUE,CLOSED
COMP016363,CUST079229,FRAUD_ALERT,CLOSED
COMP016364,CUST069032,CARD_ISSUE,OPEN
COMP016365,CUST081389,CARD_ISSUE,OPEN
COMP016366,CUST010365,UPI_ISSUE,OPEN
COMP016367,CUST045290,LOAN_ISSUE,CLOSED
COMP016368,CUST068136,UPI_ISSUE,OPEN
COMP016369,CUST012251,LOAN_ISSUE,CLOSED
COMP016370,CUST010634,FRAUD_ALERT,CLOSED
COMP016371,CUST065314,LOAN_ISSUE,OPEN
COMP016372,CUST026813,FRAUD_ALERT,CLOSED
COMP016373,CUST003811,LOAN_ISSUE,CLOSED
COMP016374,CUST072140,UPI_ISSUE,CLOSED
COMP016375,CUST067973,UPI_ISSUE,CLOSED
COMP016376,CUST096586,UPI_ISSUE,OPEN
COMP016377,CUST037583,FRAUD_ALERT,CLOSED
COMP016378,CUST031669,CARD_ISSUE,OPEN
COMP016379,CUST038258,FRAUD_ALERT,CLOSED
COMP016380,CUST036833,FRAUD_ALERT,CLOSED
COMP016381,CUST015909,LOAN_ISSUE,CLOSED
COMP016382,CUST061663,UPI_ISSUE,CLOSED
COMP016383,CUST026013,LOAN_ISSUE,OPEN
COMP016384,CUST065480,CARD_ISSUE,CLOSED
COMP016385,CUST019077,FRAUD_ALERT,CLOSED
COMP016386,CUST004891,LOAN_ISSUE,OPEN
COMP016387,CUST016728,LOAN_ISSUE,OPEN
COMP016388,CUST020095,CARD_ISSUE,OPEN
COMP016389,CUST018484,LOAN_ISSUE,CLOSED
COMP016390,CUST049409,FRAUD_ALERT,CLOSED
COMP016391,CUST096078,CARD_ISSUE,CLOSED
COMP016392,CUST040131,CARD_ISSUE,CLOSED
COMP016393,CUST087480,FRAUD_ALERT,CLOSED
COMP016394,CUST026819,UPI_ISSUE,OPEN
COMP016395,CUST048835,LOAN_ISSUE,CLOSED
COMP016396,CUST018723,LOAN_ISSUE,OPEN
COMP016397,CUST093925,LOAN_ISSUE,CLOSED
COMP016398,CUST029717,UPI_ISSUE,CLOSED
COMP016399,CUST056061,UPI_ISSUE,OPEN
COMP016400,CUST056970,CARD_ISSUE,OPEN
COMP016401,CUST066562,FRAUD_ALERT,CLOSED
COMP016402,CUST021113,LOAN_ISSUE,CLOSED
COMP016403,CUST087479,CARD_ISSUE,OPEN
COMP016404,CUST065074,FRAUD_ALERT,OPEN
COMP016405,CUST002950,CARD_ISSUE,CLOSED
COMP016406,CUST079521,LOAN_ISSUE,CLOSED
COMP016407,CUST052378,FRAUD_ALERT,CLOSED
COMP016408,CUST050255,FRAUD_ALERT,OPEN
COMP016409,CUST012160,CARD_ISSUE,OPEN
COMP016410,CUST015529,UPI_ISSUE,OPEN
COMP016411,CUST077047,UPI_ISSUE,OPEN
COMP016412,CUST056865,UPI_ISSUE,OPEN
COMP016413,CUST051146,CARD_ISSUE,OPEN
COMP016414,CUST085473,CARD_ISSUE,CLOSED
COMP016415,CUST036822,LOAN_ISSUE,CLOSED
COMP016416,CUST017271,LOAN_ISSUE,OPEN
COMP016417,CUST080966,LOAN_ISSUE,OPEN
COMP016418,CUST058190,CARD_ISSUE,CLOSED
COMP016419,CUST058738,UPI_ISSUE,CLOSED
COMP016420,CUST028109,FRAUD_ALERT,CLOSED
COMP016421,CUST071851,CARD_ISSUE,CLOSED
COMP016422,CUST050934,CARD_ISSUE,CLOSED
COMP016423,CUST014564,LOAN_ISSUE,CLOSED
COMP016424,CUST037349,LOAN_ISSUE,CLOSED
COMP016425,CUST094561,LOAN_ISSUE,CLOSED
COMP016426,CUST062604,LOAN_ISSUE,OPEN
COMP016427,CUST084946,FRAUD_ALERT,CLOSED
COMP016428,CUST086597,UPI_ISSUE,OPEN
COMP016429,CUST078996,FRAUD_ALERT,CLOSED
COMP016430,CUST058388,LOAN_ISSUE,CLOSED
COMP016431,CUST097708,LOAN_ISSUE,OPEN
COMP016432,CUST088615,LOAN_ISSUE,CLOSED
COMP016433,CUST066551,CARD_ISSUE,CLOSED
COMP016434,CUST006839,LOAN_ISSUE,CLOSED
COMP016435,CUST061685,CARD_ISSUE,OPEN
COMP016436,CUST091192,UPI_ISSUE,OPEN
COMP016437,CUST066557,CARD_ISSUE,CLOSED
COMP016438,CUST029157,FRAUD_ALERT,OPEN
COMP016439,CUST031518,LOAN_ISSUE,CLOSED
COMP016440,CUST006738,UPI_ISSUE,CLOSED
COMP016441,CUST084280,FRAUD_ALERT,CLOSED
COMP016442,CUST011829,LOAN_ISSUE,CLOSED
COMP016443,CUST040367,CARD_ISSUE,OPEN
COMP016444,CUST032847,LOAN_ISSUE,CLOSED
COMP016445,CUST013391,FRAUD_ALERT,OPEN
COMP016446,CUST023564,FRAUD_ALERT,OPEN
COMP016447,CUST066215,CARD_ISSUE,CLOSED
COMP016448,CUST048513,FRAUD_ALERT,CLOSED
COMP016449,CUST044509,FRAUD_ALERT,CLOSED
COMP016450,CUST045631,FRAUD_ALERT,OPEN
COMP016451,CUST007475,LOAN_ISSUE,CLOSED
COMP016452,CUST009562,LOAN_ISSUE,CLOSED
COMP016453,CUST090534,CARD_ISSUE,CLOSED
COMP016454,CUST019618,FRAUD_ALERT,CLOSED
COMP016455,CUST092405,FRAUD_ALERT,OPEN
COMP016456,CUST072435,FRAUD_ALERT,CLOSED
COMP016457,CUST028209,FRAUD_ALERT,OPEN
COMP016458,CUST093167,CARD_ISSUE,OPEN
COMP016459,CUST047943,FRAUD_ALERT,CLOSED
COMP016460,CUST065155,LOAN_ISSUE,CLOSED
COMP016461,CUST091782,CARD_ISSUE,CLOSED
COMP016462,CUST035781,UPI_ISSUE,CLOSED
COMP016463,CUST028576,CARD_ISSUE,CLOSED
COMP016464,CUST067471,LOAN_ISSUE,CLOSED
COMP016465,CUST079712,FRAUD_ALERT,CLOSED
COMP016466,CUST051991,UPI_ISSUE,OPEN
COMP016467,CUST085612,LOAN_ISSUE,OPEN
COMP016468,CUST057760,LOAN_ISSUE,CLOSED
COMP016469,CUST093383,LOAN_ISSUE,CLOSED
COMP016470,CUST012761,LOAN_ISSUE,CLOSED
COMP016471,CUST062203,UPI_ISSUE,CLOSED
COMP016472,CUST005315,UPI_ISSUE,OPEN
COMP016473,CUST068088,UPI_ISSUE,CLOSED
COMP016474,CUST095543,UPI_ISSUE,CLOSED
COMP016475,CUST038462,FRAUD_ALERT,CLOSED
COMP016476,CUST045822,FRAUD_ALERT,OPEN
COMP016477,CUST024657,CARD_ISSUE,CLOSED
COMP016478,CUST092448,FRAUD_ALERT,CLOSED
COMP016479,CUST059178,CARD_ISSUE,CLOSED
COMP016480,CUST013503,CARD_ISSUE,CLOSED
COMP016481,CUST086811,LOAN_ISSUE,CLOSED
COMP016482,CUST070328,UPI_ISSUE,CLOSED
COMP016483,CUST052570,FRAUD_ALERT,CLOSED
COMP016484,CUST029170,UPI_ISSUE,OPEN
COMP016485,CUST020779,CARD_ISSUE,OPEN
COMP016486,CUST096124,LOAN_ISSUE,OPEN
COMP016487,CUST096914,UPI_ISSUE,OPEN
COMP016488,CUST079307,LOAN_ISSUE,CLOSED
COMP016489,CUST027354,UPI_ISSUE,OPEN
COMP016490,CUST019953,LOAN_ISSUE,OPEN
COMP016491,CUST079135,LOAN_ISSUE,CLOSED
COMP016492,CUST007920,FRAUD_ALERT,OPEN
COMP016493,CUST003257,CARD_ISSUE,OPEN
COMP016494,CUST047879,CARD_ISSUE,OPEN
COMP016495,CUST044309,FRAUD_ALERT,OPEN
COMP016496,CUST026573,CARD_ISSUE,OPEN
COMP016497,CUST036528,UPI_ISSUE,OPEN
COMP016498,CUST021754,LOAN_ISSUE,CLOSED
COMP016499,CUST064765,CARD_ISSUE,OPEN
COMP016500,CUST042888,CARD_ISSUE,OPEN
COMP016501,CUST037268,LOAN_ISSUE,CLOSED
COMP016502,CUST048959,FRAUD_ALERT,OPEN
COMP016503,CUST025710,UPI_ISSUE,OPEN
COMP016504,CUST070209,FRAUD_ALERT,OPEN
COMP016505,CUST064440,LOAN_ISSUE,OPEN
COMP016506,CUST042073,LOAN_ISSUE,CLOSED
COMP016507,CUST041491,CARD_ISSUE,CLOSED
COMP016508,CUST094473,UPI_ISSUE,CLOSED
COMP016509,CUST050748,UPI_ISSUE,CLOSED
COMP016510,CUST050190,FRAUD_ALERT,CLOSED
COMP016511,CUST012112,UPI_ISSUE,OPEN
COMP016512,CUST069871,CARD_ISSUE,OPEN
COMP016513,CUST044304,CARD_ISSUE,CLOSED
COMP016514,CUST076485,CARD_ISSUE,CLOSED
COMP016515,CUST034955,LOAN_ISSUE,OPEN
COMP016516,CUST015978,FRAUD_ALERT,OPEN
COMP016517,CUST029627,UPI_ISSUE,CLOSED
COMP016518,CUST000579,UPI_ISSUE,OPEN
COMP016519,CUST011020,LOAN_ISSUE,OPEN
COMP016520,CUST052635,FRAUD_ALERT,OPEN
COMP016521,CUST037209,LOAN_ISSUE,OPEN
COMP016522,CUST011200,LOAN_ISSUE,CLOSED
COMP016523,CUST057672,LOAN_ISSUE,CLOSED
COMP016524,CUST019981,FRAUD_ALERT,CLOSED
COMP016525,CUST029797,FRAUD_ALERT,CLOSED
COMP016526,CUST063599,FRAUD_ALERT,CLOSED
COMP016527,CUST098413,FRAUD_ALERT,CLOSED
COMP016528,CUST030672,LOAN_ISSUE,OPEN
COMP016529,CUST026028,LOAN_ISSUE,CLOSED
COMP016530,CUST011927,UPI_ISSUE,OPEN
COMP016531,CUST004568,FRAUD_ALERT,CLOSED
COMP016532,CUST071850,FRAUD_ALERT,CLOSED
COMP016533,CUST059809,LOAN_ISSUE,CLOSED
COMP016534,CUST050696,UPI_ISSUE,CLOSED
COMP016535,CUST019216,LOAN_ISSUE,OPEN
COMP016536,CUST017282,CARD_ISSUE,OPEN
COMP016537,CUST042114,CARD_ISSUE,OPEN
COMP016538,CUST010439,UPI_ISSUE,OPEN
COMP016539,CUST094170,UPI_ISSUE,CLOSED
COMP016540,CUST007595,LOAN_ISSUE,CLOSED
COMP016541,CUST024260,CARD_ISSUE,OPEN
COMP016542,CUST062794,UPI_ISSUE,OPEN
COMP016543,CUST017871,UPI_ISSUE,OPEN
COMP016544,CUST080503,FRAUD_ALERT,CLOSED
COMP016545,CUST005915,UPI_ISSUE,CLOSED
COMP016546,CUST092128,FRAUD_ALERT,CLOSED
COMP016547,CUST088862,LOAN_ISSUE,CLOSED
COMP016548,CUST080650,CARD_ISSUE,OPEN
COMP016549,CUST073172,LOAN_ISSUE,CLOSED
COMP016550,CUST076010,CARD_ISSUE,OPEN
COMP016551,CUST008505,CARD_ISSUE,OPEN
COMP016552,CUST054300,UPI_ISSUE,CLOSED
COMP016553,CUST025219,UPI_ISSUE,CLOSED
COMP016554,CUST075483,LOAN_ISSUE,CLOSED
COMP016555,CUST009227,CARD_ISSUE,OPEN
COMP016556,CUST069209,LOAN_ISSUE,CLOSED
COMP016557,CUST054400,LOAN_ISSUE,CLOSED
COMP016558,CUST005871,LOAN_ISSUE,CLOSED
COMP016559,CUST020860,FRAUD_ALERT,OPEN
COMP016560,CUST065886,CARD_ISSUE,CLOSED
COMP016561,CUST060712,UPI_ISSUE,CLOSED
COMP016562,CUST047086,LOAN_ISSUE,OPEN
COMP016563,CUST004872,FRAUD_ALERT,CLOSED
COMP016564,CUST034259,LOAN_ISSUE,OPEN
COMP016565,CUST060716,UPI_ISSUE,OPEN
COMP016566,CUST022826,FRAUD_ALERT,OPEN
COMP016567,CUST004476,UPI_ISSUE,OPEN
COMP016568,CUST023463,LOAN_ISSUE,CLOSED
COMP016569,CUST037556,FRAUD_ALERT,OPEN
COMP016570,CUST043034,LOAN_ISSUE,CLOSED
COMP016571,CUST002440,UPI_ISSUE,OPEN
COMP016572,CUST022797,CARD_ISSUE,CLOSED
COMP016573,CUST035203,LOAN_ISSUE,CLOSED
COMP016574,CUST087636,LOAN_ISSUE,CLOSED
COMP016575,CUST047376,UPI_ISSUE,OPEN
COMP016576,CUST055047,FRAUD_ALERT,CLOSED
COMP016577,CUST039560,CARD_ISSUE,OPEN
COMP016578,CUST089322,FRAUD_ALERT,CLOSED
COMP016579,CUST060061,LOAN_ISSUE,CLOSED
COMP016580,CUST098394,LOAN_ISSUE,CLOSED
COMP016581,CUST087889,LOAN_ISSUE,CLOSED
COMP016582,CUST085172,LOAN_ISSUE,OPEN
COMP016583,CUST084065,UPI_ISSUE,OPEN
COMP016584,CUST092097,UPI_ISSUE,CLOSED
COMP016585,CUST022944,LOAN_ISSUE,OPEN
COMP016586,CUST056669,LOAN_ISSUE,OPEN
COMP016587,CUST002980,LOAN_ISSUE,OPEN
COMP016588,CUST025092,CARD_ISSUE,OPEN
COMP016589,CUST025677,LOAN_ISSUE,OPEN
COMP016590,CUST058861,FRAUD_ALERT,OPEN
COMP016591,CUST093756,UPI_ISSUE,CLOSED
COMP016592,CUST034980,FRAUD_ALERT,CLOSED
COMP016593,CUST051384,LOAN_ISSUE,CLOSED
COMP016594,CUST091397,UPI_ISSUE,OPEN
COMP016595,CUST098038,CARD_ISSUE,CLOSED
COMP016596,CUST087566,UPI_ISSUE,CLOSED
COMP016597,CUST087601,UPI_ISSUE,CLOSED
COMP016598,CUST051462,CARD_ISSUE,OPEN
COMP016599,CUST076095,CARD_ISSUE,CLOSED
COMP016600,CUST039962,FRAUD_ALERT,OPEN
COMP016601,CUST042993,UPI_ISSUE,OPEN
COMP016602,CUST032216,FRAUD_ALERT,OPEN
COMP016603,CUST094292,UPI_ISSUE,CLOSED
COMP016604,CUST074104,UPI_ISSUE,CLOSED
COMP016605,CUST069379,LOAN_ISSUE,CLOSED
COMP016606,CUST019410,FRAUD_ALERT,OPEN
COMP016607,CUST000570,LOAN_ISSUE,CLOSED
COMP016608,CUST036562,LOAN_ISSUE,OPEN
COMP016609,CUST031450,FRAUD_ALERT,CLOSED
COMP016610,CUST014840,LOAN_ISSUE,CLOSED
COMP016611,CUST077842,UPI_ISSUE,CLOSED
COMP016612,CUST094213,UPI_ISSUE,OPEN
COMP016613,CUST056925,FRAUD_ALERT,OPEN
COMP016614,CUST003579,LOAN_ISSUE,OPEN
COMP016615,CUST092891,LOAN_ISSUE,CLOSED
COMP016616,CUST006824,LOAN_ISSUE,OPEN
COMP016617,CUST047239,FRAUD_ALERT,OPEN
COMP016618,CUST058627,CARD_ISSUE,CLOSED
COMP016619,CUST024573,CARD_ISSUE,OPEN
COMP016620,CUST041386,LOAN_ISSUE,CLOSED
COMP016621,CUST062977,UPI_ISSUE,CLOSED
COMP016622,CUST032174,FRAUD_ALERT,CLOSED
COMP016623,CUST057688,LOAN_ISSUE,OPEN
COMP016624,CUST042225,UPI_ISSUE,CLOSED
COMP016625,CUST087025,CARD_ISSUE,CLOSED
COMP016626,CUST025245,CARD_ISSUE,OPEN
COMP016627,CUST016385,LOAN_ISSUE,OPEN
COMP016628,CUST004818,UPI_ISSUE,CLOSED
COMP016629,CUST080837,CARD_ISSUE,OPEN
COMP016630,CUST043748,CARD_ISSUE,OPEN
COMP016631,CUST080312,LOAN_ISSUE,CLOSED
COMP016632,CUST091081,UPI_ISSUE,OPEN
COMP016633,CUST070661,CARD_ISSUE,CLOSED
COMP016634,CUST073144,UPI_ISSUE,CLOSED
COMP016635,CUST022329,FRAUD_ALERT,CLOSED
COMP016636,CUST091417,UPI_ISSUE,OPEN
COMP016637,CUST065418,LOAN_ISSUE,CLOSED
COMP016638,CUST043337,FRAUD_ALERT,CLOSED
COMP016639,CUST051946,UPI_ISSUE,CLOSED
COMP016640,CUST045187,UPI_ISSUE,CLOSED
COMP016641,CUST083292,CARD_ISSUE,CLOSED
COMP016642,CUST022324,UPI_ISSUE,OPEN
COMP016643,CUST036054,FRAUD_ALERT,CLOSED
COMP016644,CUST088207,UPI_ISSUE,CLOSED
COMP016645,CUST019824,UPI_ISSUE,CLOSED
COMP016646,CUST084966,CARD_ISSUE,OPEN
COMP016647,CUST084425,FRAUD_ALERT,CLOSED
COMP016648,CUST046658,CARD_ISSUE,CLOSED
COMP016649,CUST086564,UPI_ISSUE,OPEN
COMP016650,CUST035995,CARD_ISSUE,CLOSED
COMP016651,CUST006314,CARD_ISSUE,CLOSED
COMP016652,CUST099374,CARD_ISSUE,OPEN
COMP016653,CUST099531,LOAN_ISSUE,CLOSED
COMP016654,CUST002553,FRAUD_ALERT,CLOSED
COMP016655,CUST028267,FRAUD_ALERT,OPEN
COMP016656,CUST099546,UPI_ISSUE,OPEN
COMP016657,CUST008389,LOAN_ISSUE,OPEN
COMP016658,CUST090435,FRAUD_ALERT,OPEN
COMP016659,CUST028978,LOAN_ISSUE,OPEN
COMP016660,CUST095685,UPI_ISSUE,OPEN
COMP016661,CUST011010,CARD_ISSUE,CLOSED
COMP016662,CUST005021,CARD_ISSUE,OPEN
COMP016663,CUST038675,FRAUD_ALERT,CLOSED
COMP016664,CUST085087,CARD_ISSUE,CLOSED
COMP016665,CUST016092,FRAUD_ALERT,OPEN
COMP016666,CUST015400,FRAUD_ALERT,OPEN
COMP016667,CUST062956,LOAN_ISSUE,OPEN
COMP016668,CUST049964,CARD_ISSUE,OPEN
COMP016669,CUST029142,UPI_ISSUE,OPEN
COMP016670,CUST051329,UPI_ISSUE,OPEN
COMP016671,CUST091945,CARD_ISSUE,CLOSED
COMP016672,CUST073173,FRAUD_ALERT,CLOSED
COMP016673,CUST085683,FRAUD_ALERT,OPEN
COMP016674,CUST035179,CARD_ISSUE,OPEN
COMP016675,CUST072045,UPI_ISSUE,OPEN
COMP016676,CUST092206,LOAN_ISSUE,CLOSED
COMP016677,CUST083945,FRAUD_ALERT,CLOSED
COMP016678,CUST069594,FRAUD_ALERT,CLOSED
COMP016679,CUST037322,LOAN_ISSUE,OPEN
COMP016680,CUST003307,UPI_ISSUE,OPEN
COMP016681,CUST050712,LOAN_ISSUE,OPEN
COMP016682,CUST041802,CARD_ISSUE,OPEN
COMP016683,CUST051042,LOAN_ISSUE,CLOSED
COMP016684,CUST014514,FRAUD_ALERT,CLOSED
COMP016685,CUST050170,LOAN_ISSUE,CLOSED
COMP016686,CUST094603,LOAN_ISSUE,CLOSED
COMP016687,CUST066384,UPI_ISSUE,CLOSED
COMP016688,CUST070317,LOAN_ISSUE,CLOSED
COMP016689,CUST081280,UPI_ISSUE,OPEN
COMP016690,CUST030023,LOAN_ISSUE,OPEN
COMP016691,CUST099767,LOAN_ISSUE,CLOSED
COMP016692,CUST040352,LOAN_ISSUE,CLOSED
COMP016693,CUST011215,CARD_ISSUE,OPEN
COMP016694,CUST066347,CARD_ISSUE,OPEN
COMP016695,CUST005616,LOAN_ISSUE,CLOSED
COMP016696,CUST011100,UPI_ISSUE,CLOSED
COMP016697,CUST014469,CARD_ISSUE,OPEN
COMP016698,CUST085608,LOAN_ISSUE,CLOSED
COMP016699,CUST032879,LOAN_ISSUE,OPEN
COMP016700,CUST077695,UPI_ISSUE,OPEN
COMP016701,CUST008468,CARD_ISSUE,OPEN
COMP016702,CUST031397,CARD_ISSUE,OPEN
COMP016703,CUST003567,CARD_ISSUE,CLOSED
COMP016704,CUST056393,CARD_ISSUE,OPEN
COMP016705,CUST065707,CARD_ISSUE,CLOSED
COMP016706,CUST088724,UPI_ISSUE,OPEN
COMP016707,CUST084375,LOAN_ISSUE,OPEN
COMP016708,CUST033681,UPI_ISSUE,OPEN
COMP016709,CUST079863,UPI_ISSUE,CLOSED
COMP016710,CUST030009,UPI_ISSUE,OPEN
COMP016711,CUST072452,UPI_ISSUE,OPEN
COMP016712,CUST056875,LOAN_ISSUE,OPEN
COMP016713,CUST089402,CARD_ISSUE,CLOSED
COMP016714,CUST023206,UPI_ISSUE,OPEN
COMP016715,CUST083145,FRAUD_ALERT,OPEN
COMP016716,CUST073500,FRAUD_ALERT,CLOSED
COMP016717,CUST030416,FRAUD_ALERT,OPEN
COMP016718,CUST092200,CARD_ISSUE,CLOSED
COMP016719,CUST062279,UPI_ISSUE,CLOSED
COMP016720,CUST086440,UPI_ISSUE,CLOSED
COMP016721,CUST018267,LOAN_ISSUE,OPEN
COMP016722,CUST025593,LOAN_ISSUE,CLOSED
COMP016723,CUST089800,CARD_ISSUE,CLOSED
COMP016724,CUST031231,CARD_ISSUE,CLOSED
COMP016725,CUST088247,FRAUD_ALERT,OPEN
COMP016726,CUST022771,LOAN_ISSUE,CLOSED
COMP016727,CUST036908,CARD_ISSUE,OPEN
COMP016728,CUST067419,LOAN_ISSUE,OPEN
COMP016729,CUST016534,UPI_ISSUE,OPEN
COMP016730,CUST074886,FRAUD_ALERT,OPEN
COMP016731,CUST029806,LOAN_ISSUE,CLOSED
COMP016732,CUST011642,LOAN_ISSUE,OPEN
COMP016733,CUST050650,LOAN_ISSUE,CLOSED
COMP016734,CUST003536,CARD_ISSUE,OPEN
COMP016735,CUST045810,FRAUD_ALERT,OPEN
COMP016736,CUST047813,LOAN_ISSUE,OPEN
COMP016737,CUST041387,LOAN_ISSUE,OPEN
COMP016738,CUST033569,CARD_ISSUE,CLOSED
COMP016739,CUST052942,FRAUD_ALERT,CLOSED
COMP016740,CUST090171,LOAN_ISSUE,CLOSED
COMP016741,CUST062407,LOAN_ISSUE,OPEN
COMP016742,CUST063130,CARD_ISSUE,OPEN
COMP016743,CUST009663,UPI_ISSUE,CLOSED
COMP016744,CUST062251,FRAUD_ALERT,OPEN
COMP016745,CUST034688,LOAN_ISSUE,OPEN
COMP016746,CUST045454,UPI_ISSUE,CLOSED
COMP016747,CUST005635,FRAUD_ALERT,OPEN
COMP016748,CUST076824,LOAN_ISSUE,OPEN
COMP016749,CUST015504,UPI_ISSUE,CLOSED
COMP016750,CUST097384,LOAN_ISSUE,OPEN
COMP016751,CUST010005,CARD_ISSUE,OPEN
COMP016752,CUST056849,UPI_ISSUE,CLOSED
COMP016753,CUST075101,FRAUD_ALERT,OPEN
COMP016754,CUST031249,CARD_ISSUE,CLOSED
COMP016755,CUST050419,FRAUD_ALERT,OPEN
COMP016756,CUST096650,CARD_ISSUE,OPEN
COMP016757,CUST067038,UPI_ISSUE,OPEN
COMP016758,CUST059069,CARD_ISSUE,OPEN
COMP016759,CUST078683,FRAUD_ALERT,CLOSED
COMP016760,CUST034850,UPI_ISSUE,CLOSED
COMP016761,CUST085598,UPI_ISSUE,OPEN
COMP016762,CUST064457,LOAN_ISSUE,CLOSED
COMP016763,CUST048588,UPI_ISSUE,OPEN
COMP016764,CUST099141,LOAN_ISSUE,CLOSED
COMP016765,CUST093328,FRAUD_ALERT,CLOSED
COMP016766,CUST097181,FRAUD_ALERT,CLOSED
COMP016767,CUST069279,LOAN_ISSUE,CLOSED
COMP016768,CUST023487,LOAN_ISSUE,CLOSED
COMP016769,CUST003132,FRAUD_ALERT,CLOSED
COMP016770,CUST009562,UPI_ISSUE,OPEN
COMP016771,CUST092278,FRAUD_ALERT,CLOSED
COMP016772,CUST038879,LOAN_ISSUE,CLOSED
COMP016773,CUST082371,CARD_ISSUE,OPEN
COMP016774,CUST024710,FRAUD_ALERT,CLOSED
COMP016775,CUST018200,UPI_ISSUE,OPEN
COMP016776,CUST087522,LOAN_ISSUE,CLOSED
COMP016777,CUST026095,LOAN_ISSUE,OPEN
COMP016778,CUST064195,CARD_ISSUE,OPEN
COMP016779,CUST085187,LOAN_ISSUE,OPEN
COMP016780,CUST067896,CARD_ISSUE,OPEN
COMP016781,CUST092506,LOAN_ISSUE,OPEN
COMP016782,CUST033471,UPI_ISSUE,OPEN
COMP016783,CUST082536,LOAN_ISSUE,OPEN
COMP016784,CUST011848,CARD_ISSUE,CLOSED
COMP016785,CUST006545,CARD_ISSUE,CLOSED
COMP016786,CUST079555,UPI_ISSUE,CLOSED
COMP016787,CUST003158,LOAN_ISSUE,OPEN
COMP016788,CUST082753,CARD_ISSUE,OPEN
COMP016789,CUST098756,UPI_ISSUE,CLOSED
COMP016790,CUST013648,LOAN_ISSUE,CLOSED
COMP016791,CUST073616,LOAN_ISSUE,OPEN
COMP016792,CUST024626,FRAUD_ALERT,OPEN
COMP016793,CUST033436,FRAUD_ALERT,CLOSED
COMP016794,CUST063435,CARD_ISSUE,OPEN
COMP016795,CUST036685,LOAN_ISSUE,CLOSED
COMP016796,CUST062914,CARD_ISSUE,CLOSED
COMP016797,CUST026575,UPI_ISSUE,CLOSED
COMP016798,CUST026898,LOAN_ISSUE,OPEN
COMP016799,CUST027704,CARD_ISSUE,CLOSED
COMP016800,CUST007198,CARD_ISSUE,CLOSED
COMP016801,CUST024363,LOAN_ISSUE,CLOSED
COMP016802,CUST062809,UPI_ISSUE,OPEN
COMP016803,CUST030326,UPI_ISSUE,OPEN
COMP016804,CUST085470,LOAN_ISSUE,CLOSED
COMP016805,CUST012658,UPI_ISSUE,OPEN
COMP016806,CUST024715,CARD_ISSUE,OPEN
COMP016807,CUST067314,CARD_ISSUE,CLOSED
COMP016808,CUST056643,UPI_ISSUE,OPEN
COMP016809,CUST050006,CARD_ISSUE,OPEN
COMP016810,CUST068658,CARD_ISSUE,CLOSED
COMP016811,CUST043069,UPI_ISSUE,CLOSED
COMP016812,CUST067664,LOAN_ISSUE,CLOSED
COMP016813,CUST023792,CARD_ISSUE,OPEN
COMP016814,CUST009694,UPI_ISSUE,OPEN
COMP016815,CUST064821,LOAN_ISSUE,CLOSED
COMP016816,CUST018267,LOAN_ISSUE,CLOSED
COMP016817,CUST057649,UPI_ISSUE,OPEN
COMP016818,CUST088271,CARD_ISSUE,CLOSED
COMP016819,CUST065940,CARD_ISSUE,CLOSED
COMP016820,CUST075748,LOAN_ISSUE,CLOSED
COMP016821,CUST028006,UPI_ISSUE,CLOSED
COMP016822,CUST051784,UPI_ISSUE,OPEN
COMP016823,CUST063089,CARD_ISSUE,CLOSED
COMP016824,CUST039894,CARD_ISSUE,CLOSED
COMP016825,CUST041823,LOAN_ISSUE,OPEN
COMP016826,CUST028324,UPI_ISSUE,OPEN
COMP016827,CUST011665,LOAN_ISSUE,CLOSED
COMP016828,CUST060239,CARD_ISSUE,OPEN
COMP016829,CUST039274,FRAUD_ALERT,OPEN
COMP016830,CUST041163,CARD_ISSUE,OPEN
COMP016831,CUST046457,CARD_ISSUE,CLOSED
COMP016832,CUST036835,CARD_ISSUE,OPEN
COMP016833,CUST057593,LOAN_ISSUE,OPEN
COMP016834,CUST002244,CARD_ISSUE,CLOSED
COMP016835,CUST029703,FRAUD_ALERT,OPEN
COMP016836,CUST055043,CARD_ISSUE,CLOSED
COMP016837,CUST085277,LOAN_ISSUE,CLOSED
COMP016838,CUST062375,UPI_ISSUE,CLOSED
COMP016839,CUST055460,FRAUD_ALERT,OPEN
COMP016840,CUST057512,CARD_ISSUE,OPEN
COMP016841,CUST078595,FRAUD_ALERT,OPEN
COMP016842,CUST076086,CARD_ISSUE,OPEN
COMP016843,CUST088884,UPI_ISSUE,OPEN
COMP016844,CUST062681,LOAN_ISSUE,CLOSED
COMP016845,CUST041336,UPI_ISSUE,OPEN
COMP016846,CUST074621,CARD_ISSUE,CLOSED
COMP016847,CUST012249,LOAN_ISSUE,CLOSED
COMP016848,CUST080095,FRAUD_ALERT,OPEN
COMP016849,CUST039891,CARD_ISSUE,OPEN
COMP016850,CUST001692,UPI_ISSUE,CLOSED
COMP016851,CUST033200,CARD_ISSUE,OPEN
COMP016852,CUST000186,UPI_ISSUE,OPEN
COMP016853,CUST015334,CARD_ISSUE,CLOSED
COMP016854,CUST023876,LOAN_ISSUE,CLOSED
COMP016855,CUST062996,LOAN_ISSUE,CLOSED
COMP016856,CUST046879,UPI_ISSUE,CLOSED
COMP016857,CUST093752,CARD_ISSUE,CLOSED
COMP016858,CUST019454,UPI_ISSUE,CLOSED
COMP016859,CUST052580,UPI_ISSUE,CLOSED
COMP016860,CUST011751,LOAN_ISSUE,OPEN
COMP016861,CUST028915,LOAN_ISSUE,OPEN
COMP016862,CUST066055,LOAN_ISSUE,CLOSED
COMP016863,CUST032335,UPI_ISSUE,CLOSED
COMP016864,CUST049446,CARD_ISSUE,CLOSED
COMP016865,CUST094469,FRAUD_ALERT,OPEN
COMP016866,CUST031144,LOAN_ISSUE,CLOSED
COMP016867,CUST016444,CARD_ISSUE,OPEN
COMP016868,CUST044167,LOAN_ISSUE,OPEN
COMP016869,CUST098565,CARD_ISSUE,CLOSED
COMP016870,CUST040940,CARD_ISSUE,CLOSED
COMP016871,CUST071667,LOAN_ISSUE,OPEN
COMP016872,CUST092465,CARD_ISSUE,CLOSED
COMP016873,CUST082299,UPI_ISSUE,OPEN
COMP016874,CUST034195,CARD_ISSUE,CLOSED
COMP016875,CUST040064,UPI_ISSUE,CLOSED
COMP016876,CUST071195,LOAN_ISSUE,CLOSED
COMP016877,CUST000322,UPI_ISSUE,OPEN
COMP016878,CUST064872,CARD_ISSUE,OPEN
COMP016879,CUST099266,FRAUD_ALERT,CLOSED
COMP016880,CUST072287,UPI_ISSUE,OPEN
COMP016881,CUST097773,FRAUD_ALERT,OPEN
COMP016882,CUST002500,UPI_ISSUE,OPEN
COMP016883,CUST040101,FRAUD_ALERT,CLOSED
COMP016884,CUST068136,UPI_ISSUE,OPEN
COMP016885,CUST006007,LOAN_ISSUE,OPEN
COMP016886,CUST051127,LOAN_ISSUE,CLOSED
COMP016887,CUST095457,CARD_ISSUE,OPEN
COMP016888,CUST008752,CARD_ISSUE,OPEN
COMP016889,CUST053114,FRAUD_ALERT,OPEN
COMP016890,CUST047897,CARD_ISSUE,OPEN
COMP016891,CUST077354,FRAUD_ALERT,CLOSED
COMP016892,CUST002925,UPI_ISSUE,OPEN
COMP016893,CUST050792,LOAN_ISSUE,CLOSED
COMP016894,CUST011794,CARD_ISSUE,CLOSED
COMP016895,CUST012363,CARD_ISSUE,OPEN
COMP016896,CUST028075,LOAN_ISSUE,OPEN
COMP016897,CUST033993,FRAUD_ALERT,OPEN
COMP016898,CUST074759,UPI_ISSUE,OPEN
COMP016899,CUST021817,LOAN_ISSUE,OPEN
COMP016900,CUST037325,CARD_ISSUE,OPEN
COMP016901,CUST076669,CARD_ISSUE,CLOSED
COMP016902,CUST092576,CARD_ISSUE,CLOSED
COMP016903,CUST079280,FRAUD_ALERT,OPEN
COMP016904,CUST089892,FRAUD_ALERT,CLOSED
COMP016905,CUST091892,CARD_ISSUE,CLOSED
COMP016906,CUST048834,CARD_ISSUE,OPEN
COMP016907,CUST054592,FRAUD_ALERT,OPEN
COMP016908,CUST034000,FRAUD_ALERT,OPEN
COMP016909,CUST012541,CARD_ISSUE,CLOSED
COMP016910,CUST092316,FRAUD_ALERT,CLOSED
COMP016911,CUST019730,UPI_ISSUE,CLOSED
COMP016912,CUST000428,LOAN_ISSUE,CLOSED
COMP016913,CUST076221,CARD_ISSUE,CLOSED
COMP016914,CUST061245,CARD_ISSUE,OPEN
COMP016915,CUST023963,UPI_ISSUE,OPEN
COMP016916,CUST075149,CARD_ISSUE,OPEN
COMP016917,CUST039674,UPI_ISSUE,CLOSED
COMP016918,CUST099213,UPI_ISSUE,CLOSED
COMP016919,CUST027717,LOAN_ISSUE,OPEN
COMP016920,CUST049067,FRAUD_ALERT,CLOSED
COMP016921,CUST065606,UPI_ISSUE,CLOSED
COMP016922,CUST075509,LOAN_ISSUE,OPEN
COMP016923,CUST054756,CARD_ISSUE,OPEN
COMP016924,CUST075615,UPI_ISSUE,CLOSED
COMP016925,CUST070597,UPI_ISSUE,OPEN
COMP016926,CUST015914,FRAUD_ALERT,CLOSED
COMP016927,CUST013500,UPI_ISSUE,CLOSED
COMP016928,CUST049620,CARD_ISSUE,OPEN
COMP016929,CUST084069,CARD_ISSUE,CLOSED
COMP016930,CUST076513,CARD_ISSUE,CLOSED
COMP016931,CUST092695,LOAN_ISSUE,CLOSED
COMP016932,CUST057282,UPI_ISSUE,CLOSED
COMP016933,CUST014397,FRAUD_ALERT,OPEN
COMP016934,CUST040245,CARD_ISSUE,OPEN
COMP016935,CUST027230,CARD_ISSUE,CLOSED
COMP016936,CUST097077,LOAN_ISSUE,OPEN
COMP016937,CUST038867,FRAUD_ALERT,OPEN
COMP016938,CUST095656,UPI_ISSUE,CLOSED
COMP016939,CUST097930,UPI_ISSUE,CLOSED
COMP016940,CUST053082,LOAN_ISSUE,CLOSED
COMP016941,CUST092692,UPI_ISSUE,CLOSED
COMP016942,CUST051905,UPI_ISSUE,OPEN
COMP016943,CUST040430,FRAUD_ALERT,OPEN
COMP016944,CUST077473,FRAUD_ALERT,OPEN
COMP016945,CUST064248,LOAN_ISSUE,CLOSED
COMP016946,CUST018974,FRAUD_ALERT,OPEN
COMP016947,CUST082495,LOAN_ISSUE,CLOSED
COMP016948,CUST015859,FRAUD_ALERT,CLOSED
COMP016949,CUST036650,LOAN_ISSUE,OPEN
COMP016950,CUST073828,LOAN_ISSUE,OPEN
COMP016951,CUST026862,FRAUD_ALERT,CLOSED
COMP016952,CUST018503,FRAUD_ALERT,OPEN
COMP016953,CUST097187,LOAN_ISSUE,OPEN
COMP016954,CUST098371,LOAN_ISSUE,OPEN
COMP016955,CUST016945,UPI_ISSUE,OPEN
COMP016956,CUST003939,FRAUD_ALERT,OPEN
COMP016957,CUST009968,FRAUD_ALERT,CLOSED
COMP016958,CUST045391,LOAN_ISSUE,CLOSED
COMP016959,CUST038193,LOAN_ISSUE,OPEN
COMP016960,CUST058660,LOAN_ISSUE,OPEN
COMP016961,CUST073156,CARD_ISSUE,CLOSED
COMP016962,CUST086826,LOAN_ISSUE,OPEN
COMP016963,CUST080808,LOAN_ISSUE,OPEN
COMP016964,CUST081071,UPI_ISSUE,CLOSED
COMP016965,CUST090561,CARD_ISSUE,OPEN
COMP016966,CUST039374,CARD_ISSUE,CLOSED
COMP016967,CUST085628,FRAUD_ALERT,CLOSED
COMP016968,CUST022058,FRAUD_ALERT,OPEN
COMP016969,CUST085800,UPI_ISSUE,OPEN
COMP016970,CUST082545,LOAN_ISSUE,CLOSED
COMP016971,CUST029309,FRAUD_ALERT,CLOSED
COMP016972,CUST053913,CARD_ISSUE,OPEN
COMP016973,CUST009950,LOAN_ISSUE,CLOSED
COMP016974,CUST094203,CARD_ISSUE,OPEN
COMP016975,CUST047138,CARD_ISSUE,CLOSED
COMP016976,CUST082175,UPI_ISSUE,OPEN
COMP016977,CUST095871,CARD_ISSUE,CLOSED
COMP016978,CUST080678,LOAN_ISSUE,OPEN
COMP016979,CUST060153,CARD_ISSUE,OPEN
COMP016980,CUST090952,CARD_ISSUE,CLOSED
COMP016981,CUST059717,FRAUD_ALERT,CLOSED
COMP016982,CUST084091,CARD_ISSUE,OPEN
COMP016983,CUST089224,FRAUD_ALERT,OPEN
COMP016984,CUST097208,CARD_ISSUE,OPEN
COMP016985,CUST031147,UPI_ISSUE,CLOSED
COMP016986,CUST062023,LOAN_ISSUE,OPEN
COMP016987,CUST011492,LOAN_ISSUE,CLOSED
COMP016988,CUST091481,CARD_ISSUE,CLOSED
COMP016989,CUST054955,UPI_ISSUE,OPEN
COMP016990,CUST086944,FRAUD_ALERT,CLOSED
COMP016991,CUST089725,LOAN_ISSUE,OPEN
COMP016992,CUST034036,FRAUD_ALERT,CLOSED
COMP016993,CUST062021,CARD_ISSUE,OPEN
COMP016994,CUST006909,FRAUD_ALERT,OPEN
COMP016995,CUST016420,CARD_ISSUE,CLOSED
COMP016996,CUST062726,LOAN_ISSUE,CLOSED
COMP016997,CUST059890,UPI_ISSUE,CLOSED
COMP016998,CUST027180,LOAN_ISSUE,OPEN
COMP016999,CUST081292,CARD_ISSUE,CLOSED
COMP017000,CUST066736,FRAUD_ALERT,OPEN
COMP017001,CUST004521,LOAN_ISSUE,CLOSED
COMP017002,CUST003916,LOAN_ISSUE,CLOSED
COMP017003,CUST055258,FRAUD_ALERT,OPEN
COMP017004,CUST072086,CARD_ISSUE,CLOSED
COMP017005,CUST001048,FRAUD_ALERT,CLOSED
COMP017006,CUST023577,LOAN_ISSUE,CLOSED
COMP017007,CUST077716,UPI_ISSUE,CLOSED
COMP017008,CUST088697,UPI_ISSUE,OPEN
COMP017009,CUST057839,LOAN_ISSUE,OPEN
COMP017010,CUST014783,CARD_ISSUE,OPEN
COMP017011,CUST034739,FRAUD_ALERT,OPEN
COMP017012,CUST011335,FRAUD_ALERT,OPEN
COMP017013,CUST050377,CARD_ISSUE,OPEN
COMP017014,CUST051549,CARD_ISSUE,OPEN
COMP017015,CUST088564,LOAN_ISSUE,CLOSED
COMP017016,CUST052729,LOAN_ISSUE,CLOSED
COMP017017,CUST093486,FRAUD_ALERT,OPEN
COMP017018,CUST090759,FRAUD_ALERT,CLOSED
COMP017019,CUST058231,CARD_ISSUE,OPEN
COMP017020,CUST054714,LOAN_ISSUE,CLOSED
COMP017021,CUST023172,LOAN_ISSUE,OPEN
COMP017022,CUST004290,FRAUD_ALERT,OPEN
COMP017023,CUST044680,CARD_ISSUE,CLOSED
COMP017024,CUST033501,CARD_ISSUE,OPEN
COMP017025,CUST037474,UPI_ISSUE,OPEN
COMP017026,CUST019037,CARD_ISSUE,OPEN
COMP017027,CUST086288,UPI_ISSUE,OPEN
COMP017028,CUST099725,UPI_ISSUE,CLOSED
COMP017029,CUST062680,LOAN_ISSUE,OPEN
COMP017030,CUST006760,CARD_ISSUE,OPEN
COMP017031,CUST082715,LOAN_ISSUE,CLOSED
COMP017032,CUST066556,UPI_ISSUE,OPEN
COMP017033,CUST057423,FRAUD_ALERT,CLOSED
COMP017034,CUST054870,CARD_ISSUE,CLOSED
COMP017035,CUST018746,FRAUD_ALERT,OPEN
COMP017036,CUST042526,UPI_ISSUE,CLOSED
COMP017037,CUST076493,UPI_ISSUE,OPEN
COMP017038,CUST097371,FRAUD_ALERT,OPEN
COMP017039,CUST083941,CARD_ISSUE,CLOSED
COMP017040,CUST026660,LOAN_ISSUE,OPEN
COMP017041,CUST018266,CARD_ISSUE,CLOSED
COMP017042,CUST034498,UPI_ISSUE,CLOSED
COMP017043,CUST040461,FRAUD_ALERT,CLOSED
COMP017044,CUST097853,CARD_ISSUE,CLOSED
COMP017045,CUST070427,UPI_ISSUE,OPEN
COMP017046,CUST098577,LOAN_ISSUE,OPEN
COMP017047,CUST093151,LOAN_ISSUE,CLOSED
COMP017048,CUST011401,LOAN_ISSUE,OPEN
COMP017049,CUST010360,LOAN_ISSUE,OPEN
COMP017050,CUST079451,FRAUD_ALERT,CLOSED
COMP017051,CUST018996,FRAUD_ALERT,CLOSED
COMP017052,CUST096349,CARD_ISSUE,OPEN
COMP017053,CUST048441,FRAUD_ALERT,OPEN
COMP017054,CUST032813,LOAN_ISSUE,CLOSED
COMP017055,CUST009160,FRAUD_ALERT,CLOSED
COMP017056,CUST062489,UPI_ISSUE,CLOSED
COMP017057,CUST091582,FRAUD_ALERT,CLOSED
COMP017058,CUST010050,LOAN_ISSUE,CLOSED
COMP017059,CUST007728,FRAUD_ALERT,CLOSED
COMP017060,CUST003320,FRAUD_ALERT,CLOSED
COMP017061,CUST026469,CARD_ISSUE,CLOSED
COMP017062,CUST072257,FRAUD_ALERT,OPEN
COMP017063,CUST027781,CARD_ISSUE,CLOSED
COMP017064,CUST094568,LOAN_ISSUE,CLOSED
COMP017065,CUST040033,FRAUD_ALERT,CLOSED
COMP017066,CUST080029,LOAN_ISSUE,CLOSED
COMP017067,CUST057013,LOAN_ISSUE,OPEN
COMP017068,CUST040503,FRAUD_ALERT,CLOSED
COMP017069,CUST042603,LOAN_ISSUE,OPEN
COMP017070,CUST085622,LOAN_ISSUE,OPEN
COMP017071,CUST080813,LOAN_ISSUE,OPEN
COMP017072,CUST099863,CARD_ISSUE,CLOSED
COMP017073,CUST093193,LOAN_ISSUE,CLOSED
COMP017074,CUST028794,LOAN_ISSUE,CLOSED
COMP017075,CUST098883,CARD_ISSUE,OPEN
COMP017076,CUST028700,FRAUD_ALERT,CLOSED
COMP017077,CUST071730,CARD_ISSUE,CLOSED
COMP017078,CUST035559,CARD_ISSUE,OPEN
COMP017079,CUST051819,CARD_ISSUE,OPEN
COMP017080,CUST064628,CARD_ISSUE,OPEN
COMP017081,CUST040383,FRAUD_ALERT,CLOSED
COMP017082,CUST076542,LOAN_ISSUE,OPEN
COMP017083,CUST069412,CARD_ISSUE,OPEN
COMP017084,CUST023378,FRAUD_ALERT,CLOSED
COMP017085,CUST089772,CARD_ISSUE,CLOSED
COMP017086,CUST058322,LOAN_ISSUE,CLOSED
COMP017087,CUST071113,FRAUD_ALERT,CLOSED
COMP017088,CUST086689,FRAUD_ALERT,CLOSED
COMP017089,CUST097423,FRAUD_ALERT,CLOSED
COMP017090,CUST064747,LOAN_ISSUE,OPEN
COMP017091,CUST000227,UPI_ISSUE,OPEN
COMP017092,CUST095186,LOAN_ISSUE,CLOSED
COMP017093,CUST093556,FRAUD_ALERT,CLOSED
COMP017094,CUST040409,CARD_ISSUE,CLOSED
COMP017095,CUST005631,LOAN_ISSUE,OPEN
COMP017096,CUST075063,FRAUD_ALERT,CLOSED
COMP017097,CUST049929,UPI_ISSUE,CLOSED
COMP017098,CUST085946,LOAN_ISSUE,OPEN
COMP017099,CUST031686,FRAUD_ALERT,CLOSED
COMP017100,CUST040495,CARD_ISSUE,OPEN
COMP017101,CUST019187,LOAN_ISSUE,CLOSED
COMP017102,CUST077616,FRAUD_ALERT,CLOSED
COMP017103,CUST052263,FRAUD_ALERT,CLOSED
COMP017104,CUST045380,LOAN_ISSUE,CLOSED
COMP017105,CUST078713,UPI_ISSUE,CLOSED
COMP017106,CUST040476,FRAUD_ALERT,OPEN
COMP017107,CUST092821,FRAUD_ALERT,CLOSED
COMP017108,CUST061540,UPI_ISSUE,CLOSED
COMP017109,CUST073737,FRAUD_ALERT,CLOSED
COMP017110,CUST054870,CARD_ISSUE,CLOSED
COMP017111,CUST040134,CARD_ISSUE,CLOSED
COMP017112,CUST045909,UPI_ISSUE,OPEN
COMP017113,CUST090065,LOAN_ISSUE,CLOSED
COMP017114,CUST065685,CARD_ISSUE,CLOSED
COMP017115,CUST064125,FRAUD_ALERT,OPEN
COMP017116,CUST020892,FRAUD_ALERT,CLOSED
COMP017117,CUST059271,LOAN_ISSUE,CLOSED
COMP017118,CUST035482,LOAN_ISSUE,OPEN
COMP017119,CUST090350,UPI_ISSUE,OPEN
COMP017120,CUST028594,CARD_ISSUE,CLOSED
COMP017121,CUST062622,LOAN_ISSUE,OPEN
COMP017122,CUST055019,UPI_ISSUE,OPEN
COMP017123,CUST054049,LOAN_ISSUE,CLOSED
COMP017124,CUST057096,FRAUD_ALERT,CLOSED
COMP017125,CUST095652,LOAN_ISSUE,CLOSED
COMP017126,CUST016519,LOAN_ISSUE,CLOSED
COMP017127,CUST077641,UPI_ISSUE,CLOSED
COMP017128,CUST011280,UPI_ISSUE,OPEN
COMP017129,CUST005872,LOAN_ISSUE,OPEN
COMP017130,CUST001665,UPI_ISSUE,CLOSED
COMP017131,CUST080286,FRAUD_ALERT,OPEN
COMP017132,CUST047109,FRAUD_ALERT,CLOSED
COMP017133,CUST050170,FRAUD_ALERT,OPEN
COMP017134,CUST091955,FRAUD_ALERT,CLOSED
COMP017135,CUST077483,UPI_ISSUE,CLOSED
COMP017136,CUST058819,FRAUD_ALERT,CLOSED
COMP017137,CUST094860,CARD_ISSUE,CLOSED
COMP017138,CUST085192,CARD_ISSUE,OPEN
COMP017139,CUST078918,LOAN_ISSUE,OPEN
COMP017140,CUST029541,CARD_ISSUE,OPEN
COMP017141,CUST053881,FRAUD_ALERT,CLOSED
COMP017142,CUST055565,FRAUD_ALERT,OPEN
COMP017143,CUST026446,UPI_ISSUE,CLOSED
COMP017144,CUST070209,CARD_ISSUE,OPEN
COMP017145,CUST032937,FRAUD_ALERT,OPEN
COMP017146,CUST043090,FRAUD_ALERT,CLOSED
COMP017147,CUST061586,LOAN_ISSUE,CLOSED
COMP017148,CUST082737,FRAUD_ALERT,CLOSED
COMP017149,CUST085213,CARD_ISSUE,OPEN
COMP017150,CUST015674,FRAUD_ALERT,CLOSED
COMP017151,CUST046634,CARD_ISSUE,CLOSED
COMP017152,CUST008903,UPI_ISSUE,CLOSED
COMP017153,CUST056800,CARD_ISSUE,CLOSED
COMP017154,CUST035516,UPI_ISSUE,CLOSED
COMP017155,CUST049720,FRAUD_ALERT,OPEN
COMP017156,CUST062853,FRAUD_ALERT,CLOSED
COMP017157,CUST091555,UPI_ISSUE,OPEN
COMP017158,CUST098614,LOAN_ISSUE,CLOSED
COMP017159,CUST030267,LOAN_ISSUE,CLOSED
COMP017160,CUST023483,CARD_ISSUE,OPEN
COMP017161,CUST005067,CARD_ISSUE,CLOSED
COMP017162,CUST055046,UPI_ISSUE,CLOSED
COMP017163,CUST087098,UPI_ISSUE,OPEN
COMP017164,CUST049182,FRAUD_ALERT,OPEN
COMP017165,CUST040109,UPI_ISSUE,CLOSED
COMP017166,CUST087027,UPI_ISSUE,CLOSED
COMP017167,CUST038731,LOAN_ISSUE,OPEN
COMP017168,CUST050404,FRAUD_ALERT,CLOSED
COMP017169,CUST006436,FRAUD_ALERT,CLOSED
COMP017170,CUST014597,FRAUD_ALERT,OPEN
COMP017171,CUST088335,CARD_ISSUE,CLOSED
COMP017172,CUST055561,CARD_ISSUE,OPEN
COMP017173,CUST089632,LOAN_ISSUE,OPEN
COMP017174,CUST008728,CARD_ISSUE,CLOSED
COMP017175,CUST070029,FRAUD_ALERT,OPEN
COMP017176,CUST098097,UPI_ISSUE,CLOSED
COMP017177,CUST080168,LOAN_ISSUE,OPEN
COMP017178,CUST089058,CARD_ISSUE,CLOSED
COMP017179,CUST029390,CARD_ISSUE,CLOSED
COMP017180,CUST015111,LOAN_ISSUE,CLOSED
COMP017181,CUST082608,UPI_ISSUE,OPEN
COMP017182,CUST036426,CARD_ISSUE,CLOSED
COMP017183,CUST092029,CARD_ISSUE,CLOSED
COMP017184,CUST040514,FRAUD_ALERT,CLOSED
COMP017185,CUST073940,CARD_ISSUE,OPEN
COMP017186,CUST050439,CARD_ISSUE,OPEN
COMP017187,CUST062134,CARD_ISSUE,CLOSED
COMP017188,CUST056968,LOAN_ISSUE,CLOSED
COMP017189,CUST087114,LOAN_ISSUE,CLOSED
COMP017190,CUST014342,LOAN_ISSUE,OPEN
COMP017191,CUST073771,FRAUD_ALERT,CLOSED
COMP017192,CUST098789,FRAUD_ALERT,CLOSED
COMP017193,CUST014460,CARD_ISSUE,CLOSED
COMP017194,CUST050646,UPI_ISSUE,CLOSED
COMP017195,CUST044106,FRAUD_ALERT,OPEN
COMP017196,CUST000279,UPI_ISSUE,OPEN
COMP017197,CUST005084,CARD_ISSUE,CLOSED
COMP017198,CUST070658,CARD_ISSUE,CLOSED
COMP017199,CUST025802,FRAUD_ALERT,OPEN
COMP017200,CUST078844,UPI_ISSUE,CLOSED
COMP017201,CUST065056,CARD_ISSUE,OPEN
COMP017202,CUST051660,LOAN_ISSUE,CLOSED
COMP017203,CUST002103,FRAUD_ALERT,CLOSED
COMP017204,CUST004970,CARD_ISSUE,OPEN
COMP017205,CUST039060,LOAN_ISSUE,OPEN
COMP017206,CUST070948,FRAUD_ALERT,OPEN
COMP017207,CUST054815,CARD_ISSUE,OPEN
COMP017208,CUST048167,LOAN_ISSUE,CLOSED
COMP017209,CUST053200,CARD_ISSUE,CLOSED
COMP017210,CUST033178,LOAN_ISSUE,OPEN
COMP017211,CUST051909,FRAUD_ALERT,CLOSED
COMP017212,CUST041333,FRAUD_ALERT,CLOSED
COMP017213,CUST070045,CARD_ISSUE,CLOSED
COMP017214,CUST047926,UPI_ISSUE,OPEN
COMP017215,CUST035035,UPI_ISSUE,OPEN
COMP017216,CUST017001,UPI_ISSUE,OPEN
COMP017217,CUST054419,CARD_ISSUE,CLOSED
COMP017218,CUST004178,FRAUD_ALERT,CLOSED
COMP017219,CUST057764,FRAUD_ALERT,CLOSED
COMP017220,CUST020631,FRAUD_ALERT,OPEN
COMP017221,CUST085792,LOAN_ISSUE,OPEN
COMP017222,CUST095054,FRAUD_ALERT,OPEN
COMP017223,CUST005198,UPI_ISSUE,CLOSED
COMP017224,CUST023826,CARD_ISSUE,CLOSED
COMP017225,CUST022596,CARD_ISSUE,OPEN
COMP017226,CUST025787,FRAUD_ALERT,OPEN
COMP017227,CUST047779,LOAN_ISSUE,OPEN
COMP017228,CUST072205,UPI_ISSUE,OPEN
COMP017229,CUST000322,LOAN_ISSUE,CLOSED
COMP017230,CUST090166,CARD_ISSUE,OPEN
COMP017231,CUST004617,LOAN_ISSUE,OPEN
COMP017232,CUST000330,LOAN_ISSUE,CLOSED
COMP017233,CUST072233,CARD_ISSUE,CLOSED
COMP017234,CUST099288,CARD_ISSUE,CLOSED
COMP017235,CUST044036,LOAN_ISSUE,CLOSED
COMP017236,CUST059020,CARD_ISSUE,CLOSED
COMP017237,CUST000874,CARD_ISSUE,OPEN
COMP017238,CUST024934,CARD_ISSUE,CLOSED
COMP017239,CUST061271,CARD_ISSUE,OPEN
COMP017240,CUST058527,UPI_ISSUE,CLOSED
COMP017241,CUST083993,UPI_ISSUE,CLOSED
COMP017242,CUST077135,CARD_ISSUE,OPEN
COMP017243,CUST053090,CARD_ISSUE,CLOSED
COMP017244,CUST059872,UPI_ISSUE,OPEN
COMP017245,CUST038871,UPI_ISSUE,CLOSED
COMP017246,CUST028424,CARD_ISSUE,OPEN
COMP017247,CUST065776,CARD_ISSUE,OPEN
COMP017248,CUST025659,LOAN_ISSUE,CLOSED
COMP017249,CUST033560,FRAUD_ALERT,CLOSED
COMP017250,CUST038341,LOAN_ISSUE,CLOSED
COMP017251,CUST095116,UPI_ISSUE,OPEN
COMP017252,CUST057342,LOAN_ISSUE,OPEN
COMP017253,CUST018951,UPI_ISSUE,OPEN
COMP017254,CUST015970,LOAN_ISSUE,CLOSED
COMP017255,CUST060113,UPI_ISSUE,OPEN
COMP017256,CUST071018,UPI_ISSUE,OPEN
COMP017257,CUST093753,LOAN_ISSUE,OPEN
COMP017258,CUST055866,CARD_ISSUE,OPEN
COMP017259,CUST089700,CARD_ISSUE,OPEN
COMP017260,CUST073611,FRAUD_ALERT,CLOSED
COMP017261,CUST087693,LOAN_ISSUE,OPEN
COMP017262,CUST071310,LOAN_ISSUE,OPEN
COMP017263,CUST044626,CARD_ISSUE,CLOSED
COMP017264,CUST020396,UPI_ISSUE,CLOSED
COMP017265,CUST080285,FRAUD_ALERT,CLOSED
COMP017266,CUST021403,FRAUD_ALERT,CLOSED
COMP017267,CUST030603,LOAN_ISSUE,OPEN
COMP017268,CUST069509,UPI_ISSUE,OPEN
COMP017269,CUST024542,LOAN_ISSUE,OPEN
COMP017270,CUST003383,LOAN_ISSUE,OPEN
COMP017271,CUST082841,LOAN_ISSUE,CLOSED
COMP017272,CUST028814,LOAN_ISSUE,OPEN
COMP017273,CUST072430,UPI_ISSUE,OPEN
COMP017274,CUST013239,UPI_ISSUE,CLOSED
COMP017275,CUST045754,LOAN_ISSUE,CLOSED
COMP017276,CUST098272,CARD_ISSUE,OPEN
COMP017277,CUST070617,UPI_ISSUE,OPEN
COMP017278,CUST053584,CARD_ISSUE,OPEN
COMP017279,CUST094652,FRAUD_ALERT,CLOSED
COMP017280,CUST059053,CARD_ISSUE,OPEN
COMP017281,CUST072930,FRAUD_ALERT,OPEN
COMP017282,CUST021484,LOAN_ISSUE,OPEN
COMP017283,CUST002904,CARD_ISSUE,OPEN
COMP017284,CUST015084,LOAN_ISSUE,OPEN
COMP017285,CUST069207,LOAN_ISSUE,OPEN
COMP017286,CUST008238,FRAUD_ALERT,OPEN
COMP017287,CUST014715,UPI_ISSUE,OPEN
COMP017288,CUST068441,CARD_ISSUE,CLOSED
COMP017289,CUST052859,CARD_ISSUE,OPEN
COMP017290,CUST055174,FRAUD_ALERT,CLOSED
COMP017291,CUST070994,CARD_ISSUE,OPEN
COMP017292,CUST055569,FRAUD_ALERT,CLOSED
COMP017293,CUST099185,FRAUD_ALERT,OPEN
COMP017294,CUST046468,CARD_ISSUE,OPEN
COMP017295,CUST068689,UPI_ISSUE,OPEN
COMP017296,CUST006038,LOAN_ISSUE,OPEN
COMP017297,CUST095684,LOAN_ISSUE,OPEN
COMP017298,CUST026851,FRAUD_ALERT,CLOSED
COMP017299,CUST098471,UPI_ISSUE,CLOSED
COMP017300,CUST085506,LOAN_ISSUE,CLOSED
COMP017301,CUST041756,CARD_ISSUE,CLOSED
COMP017302,CUST076595,FRAUD_ALERT,OPEN
COMP017303,CUST016080,UPI_ISSUE,CLOSED
COMP017304,CUST009928,LOAN_ISSUE,OPEN
COMP017305,CUST059030,LOAN_ISSUE,CLOSED
COMP017306,CUST043772,LOAN_ISSUE,OPEN
COMP017307,CUST051950,UPI_ISSUE,CLOSED
COMP017308,CUST052317,UPI_ISSUE,OPEN
COMP017309,CUST074868,FRAUD_ALERT,OPEN
COMP017310,CUST096374,LOAN_ISSUE,CLOSED
COMP017311,CUST095272,LOAN_ISSUE,CLOSED
COMP017312,CUST075530,UPI_ISSUE,CLOSED
COMP017313,CUST070360,FRAUD_ALERT,CLOSED
COMP017314,CUST051389,FRAUD_ALERT,CLOSED
COMP017315,CUST078289,UPI_ISSUE,CLOSED
COMP017316,CUST037971,CARD_ISSUE,OPEN
COMP017317,CUST050673,FRAUD_ALERT,OPEN
COMP017318,CUST081766,CARD_ISSUE,OPEN
COMP017319,CUST023016,UPI_ISSUE,CLOSED
COMP017320,CUST091455,LOAN_ISSUE,OPEN
COMP017321,CUST031458,CARD_ISSUE,CLOSED
COMP017322,CUST094843,LOAN_ISSUE,CLOSED
COMP017323,CUST062121,UPI_ISSUE,CLOSED
COMP017324,CUST027605,FRAUD_ALERT,CLOSED
COMP017325,CUST059727,FRAUD_ALERT,CLOSED
COMP017326,CUST030691,FRAUD_ALERT,CLOSED
COMP017327,CUST085969,UPI_ISSUE,OPEN
COMP017328,CUST047457,LOAN_ISSUE,OPEN
COMP017329,CUST055461,FRAUD_ALERT,CLOSED
COMP017330,CUST007238,FRAUD_ALERT,OPEN
COMP017331,CUST091102,UPI_ISSUE,CLOSED
COMP017332,CUST080908,CARD_ISSUE,CLOSED
COMP017333,CUST053584,UPI_ISSUE,OPEN
COMP017334,CUST012943,CARD_ISSUE,OPEN
COMP017335,CUST074946,FRAUD_ALERT,CLOSED
COMP017336,CUST054738,UPI_ISSUE,CLOSED
COMP017337,CUST003921,CARD_ISSUE,CLOSED
COMP017338,CUST030807,UPI_ISSUE,OPEN
COMP017339,CUST098674,CARD_ISSUE,CLOSED
COMP017340,CUST049759,LOAN_ISSUE,CLOSED
COMP017341,CUST022645,FRAUD_ALERT,OPEN
COMP017342,CUST026153,LOAN_ISSUE,CLOSED
COMP017343,CUST064724,UPI_ISSUE,CLOSED
COMP017344,CUST086127,UPI_ISSUE,OPEN
COMP017345,CUST023835,UPI_ISSUE,CLOSED
COMP017346,CUST069358,LOAN_ISSUE,OPEN
COMP017347,CUST075828,FRAUD_ALERT,CLOSED
COMP017348,CUST024245,UPI_ISSUE,CLOSED
COMP017349,CUST017298,CARD_ISSUE,CLOSED
COMP017350,CUST066746,FRAUD_ALERT,CLOSED
COMP017351,CUST059120,LOAN_ISSUE,CLOSED
COMP017352,CUST092508,CARD_ISSUE,OPEN
COMP017353,CUST078890,UPI_ISSUE,OPEN
COMP017354,CUST095432,CARD_ISSUE,OPEN
COMP017355,CUST042493,FRAUD_ALERT,OPEN
COMP017356,CUST085461,UPI_ISSUE,OPEN
COMP017357,CUST053623,CARD_ISSUE,CLOSED
COMP017358,CUST049761,FRAUD_ALERT,CLOSED
COMP017359,CUST003713,LOAN_ISSUE,CLOSED
COMP017360,CUST031653,FRAUD_ALERT,OPEN
COMP017361,CUST021977,LOAN_ISSUE,OPEN
COMP017362,CUST064578,FRAUD_ALERT,CLOSED
COMP017363,CUST075266,UPI_ISSUE,CLOSED
COMP017364,CUST090036,CARD_ISSUE,OPEN
COMP017365,CUST049869,FRAUD_ALERT,CLOSED
COMP017366,CUST090048,LOAN_ISSUE,OPEN
COMP017367,CUST096798,UPI_ISSUE,CLOSED
COMP017368,CUST031066,CARD_ISSUE,OPEN
COMP017369,CUST092876,FRAUD_ALERT,OPEN
COMP017370,CUST002141,LOAN_ISSUE,CLOSED
COMP017371,CUST016818,UPI_ISSUE,CLOSED
COMP017372,CUST085255,UPI_ISSUE,CLOSED
COMP017373,CUST047488,LOAN_ISSUE,OPEN
COMP017374,CUST013605,FRAUD_ALERT,CLOSED
COMP017375,CUST071860,CARD_ISSUE,CLOSED
COMP017376,CUST087432,CARD_ISSUE,OPEN
COMP017377,CUST064146,CARD_ISSUE,CLOSED
COMP017378,CUST077493,UPI_ISSUE,OPEN
COMP017379,CUST004728,CARD_ISSUE,OPEN
COMP017380,CUST080404,CARD_ISSUE,OPEN
COMP017381,CUST053299,CARD_ISSUE,CLOSED
COMP017382,CUST040309,LOAN_ISSUE,CLOSED
COMP017383,CUST074618,FRAUD_ALERT,OPEN
COMP017384,CUST048448,UPI_ISSUE,CLOSED
COMP017385,CUST021696,CARD_ISSUE,OPEN
COMP017386,CUST014165,FRAUD_ALERT,OPEN
COMP017387,CUST070011,CARD_ISSUE,OPEN
COMP017388,CUST071027,UPI_ISSUE,CLOSED
COMP017389,CUST082061,FRAUD_ALERT,CLOSED
COMP017390,CUST029271,UPI_ISSUE,CLOSED
COMP017391,CUST009536,UPI_ISSUE,OPEN
COMP017392,CUST071439,UPI_ISSUE,OPEN
COMP017393,CUST016706,CARD_ISSUE,CLOSED
COMP017394,CUST098547,LOAN_ISSUE,CLOSED
COMP017395,CUST011403,UPI_ISSUE,OPEN
COMP017396,CUST055004,CARD_ISSUE,CLOSED
COMP017397,CUST004675,LOAN_ISSUE,OPEN
COMP017398,CUST036051,UPI_ISSUE,CLOSED
COMP017399,CUST025956,LOAN_ISSUE,OPEN
COMP017400,CUST085616,FRAUD_ALERT,CLOSED
COMP017401,CUST001957,FRAUD_ALERT,CLOSED
COMP017402,CUST034555,UPI_ISSUE,CLOSED
COMP017403,CUST040686,LOAN_ISSUE,CLOSED
COMP017404,CUST073342,FRAUD_ALERT,OPEN
COMP017405,CUST023036,FRAUD_ALERT,CLOSED
COMP017406,CUST078547,FRAUD_ALERT,OPEN
COMP017407,CUST098930,LOAN_ISSUE,OPEN
COMP017408,CUST029363,UPI_ISSUE,OPEN
COMP017409,CUST019576,UPI_ISSUE,OPEN
COMP017410,CUST010813,UPI_ISSUE,OPEN
COMP017411,CUST046477,FRAUD_ALERT,CLOSED
COMP017412,CUST069855,FRAUD_ALERT,CLOSED
COMP017413,CUST094762,CARD_ISSUE,OPEN
COMP017414,CUST046301,CARD_ISSUE,OPEN
COMP017415,CUST055107,UPI_ISSUE,OPEN
COMP017416,CUST089940,LOAN_ISSUE,OPEN
COMP017417,CUST021365,UPI_ISSUE,CLOSED
COMP017418,CUST070224,CARD_ISSUE,OPEN
COMP017419,CUST092238,UPI_ISSUE,CLOSED
COMP017420,CUST036915,UPI_ISSUE,OPEN
COMP017421,CUST078588,FRAUD_ALERT,CLOSED
COMP017422,CUST090109,FRAUD_ALERT,OPEN
COMP017423,CUST046922,UPI_ISSUE,OPEN
COMP017424,CUST052173,CARD_ISSUE,CLOSED
COMP017425,CUST076233,UPI_ISSUE,CLOSED
COMP017426,CUST089329,FRAUD_ALERT,CLOSED
COMP017427,CUST070153,UPI_ISSUE,OPEN
COMP017428,CUST000967,FRAUD_ALERT,CLOSED
COMP017429,CUST021461,FRAUD_ALERT,CLOSED
COMP017430,CUST084486,LOAN_ISSUE,CLOSED
COMP017431,CUST045907,CARD_ISSUE,CLOSED
COMP017432,CUST028630,LOAN_ISSUE,CLOSED
COMP017433,CUST013494,UPI_ISSUE,OPEN
COMP017434,CUST040452,CARD_ISSUE,OPEN
COMP017435,CUST057017,LOAN_ISSUE,CLOSED
COMP017436,CUST079423,CARD_ISSUE,OPEN
COMP017437,CUST032209,CARD_ISSUE,CLOSED
COMP017438,CUST070711,CARD_ISSUE,CLOSED
COMP017439,CUST072339,FRAUD_ALERT,CLOSED
COMP017440,CUST064143,UPI_ISSUE,OPEN
COMP017441,CUST073762,LOAN_ISSUE,CLOSED
COMP017442,CUST084609,FRAUD_ALERT,OPEN
COMP017443,CUST033238,UPI_ISSUE,CLOSED
COMP017444,CUST047700,UPI_ISSUE,CLOSED
COMP017445,CUST097196,FRAUD_ALERT,OPEN
COMP017446,CUST041129,UPI_ISSUE,OPEN
COMP017447,CUST016208,FRAUD_ALERT,OPEN
COMP017448,CUST081547,LOAN_ISSUE,OPEN
COMP017449,CUST046514,FRAUD_ALERT,OPEN
COMP017450,CUST087411,CARD_ISSUE,OPEN
COMP017451,CUST050590,CARD_ISSUE,OPEN
COMP017452,CUST001316,LOAN_ISSUE,OPEN
COMP017453,CUST032201,LOAN_ISSUE,OPEN
COMP017454,CUST089670,LOAN_ISSUE,OPEN
COMP017455,CUST068768,LOAN_ISSUE,OPEN
COMP017456,CUST078977,LOAN_ISSUE,CLOSED
COMP017457,CUST031426,LOAN_ISSUE,OPEN
COMP017458,CUST090354,UPI_ISSUE,CLOSED
COMP017459,CUST038603,UPI_ISSUE,CLOSED
COMP017460,CUST050458,LOAN_ISSUE,CLOSED
COMP017461,CUST064601,CARD_ISSUE,OPEN
COMP017462,CUST040865,CARD_ISSUE,OPEN
COMP017463,CUST074710,CARD_ISSUE,OPEN
COMP017464,CUST073281,LOAN_ISSUE,OPEN
COMP017465,CUST070491,CARD_ISSUE,OPEN
COMP017466,CUST048506,LOAN_ISSUE,CLOSED
COMP017467,CUST022076,CARD_ISSUE,CLOSED
COMP017468,CUST081779,LOAN_ISSUE,OPEN
COMP017469,CUST068204,UPI_ISSUE,OPEN
COMP017470,CUST009318,UPI_ISSUE,CLOSED
COMP017471,CUST060061,CARD_ISSUE,OPEN
COMP017472,CUST052959,UPI_ISSUE,CLOSED
COMP017473,CUST083519,LOAN_ISSUE,CLOSED
COMP017474,CUST078980,CARD_ISSUE,OPEN
COMP017475,CUST033173,CARD_ISSUE,CLOSED
COMP017476,CUST018077,LOAN_ISSUE,OPEN
COMP017477,CUST091109,LOAN_ISSUE,OPEN
COMP017478,CUST010824,LOAN_ISSUE,OPEN
COMP017479,CUST019894,CARD_ISSUE,CLOSED
COMP017480,CUST003450,UPI_ISSUE,CLOSED
COMP017481,CUST011622,FRAUD_ALERT,CLOSED
COMP017482,CUST027281,UPI_ISSUE,CLOSED
COMP017483,CUST047932,LOAN_ISSUE,OPEN
COMP017484,CUST012168,FRAUD_ALERT,CLOSED
COMP017485,CUST055799,FRAUD_ALERT,CLOSED
COMP017486,CUST028538,CARD_ISSUE,CLOSED
COMP017487,CUST050462,LOAN_ISSUE,OPEN
COMP017488,CUST063859,FRAUD_ALERT,OPEN
COMP017489,CUST044006,LOAN_ISSUE,CLOSED
COMP017490,CUST055800,LOAN_ISSUE,CLOSED
COMP017491,CUST042626,CARD_ISSUE,CLOSED
COMP017492,CUST054679,UPI_ISSUE,OPEN
COMP017493,CUST083692,FRAUD_ALERT,OPEN
COMP017494,CUST062882,LOAN_ISSUE,OPEN
COMP017495,CUST057171,UPI_ISSUE,CLOSED
COMP017496,CUST067244,UPI_ISSUE,OPEN
COMP017497,CUST002560,LOAN_ISSUE,OPEN
COMP017498,CUST054918,LOAN_ISSUE,OPEN
COMP017499,CUST020458,CARD_ISSUE,OPEN
COMP017500,CUST011169,LOAN_ISSUE,CLOSED
COMP017501,CUST090343,FRAUD_ALERT,OPEN
COMP017502,CUST044807,UPI_ISSUE,CLOSED
COMP017503,CUST087408,FRAUD_ALERT,OPEN
COMP017504,CUST015229,CARD_ISSUE,OPEN
COMP017505,CUST029513,UPI_ISSUE,OPEN
COMP017506,CUST048941,CARD_ISSUE,OPEN
COMP017507,CUST047353,CARD_ISSUE,OPEN
COMP017508,CUST060169,CARD_ISSUE,CLOSED
COMP017509,CUST063721,FRAUD_ALERT,OPEN
COMP017510,CUST050323,FRAUD_ALERT,CLOSED
COMP017511,CUST096229,LOAN_ISSUE,CLOSED
COMP017512,CUST084914,FRAUD_ALERT,CLOSED
COMP017513,CUST085497,CARD_ISSUE,OPEN
COMP017514,CUST051056,FRAUD_ALERT,OPEN
COMP017515,CUST053529,CARD_ISSUE,CLOSED
COMP017516,CUST060490,UPI_ISSUE,OPEN
COMP017517,CUST076342,LOAN_ISSUE,OPEN
COMP017518,CUST023121,LOAN_ISSUE,CLOSED
COMP017519,CUST069712,UPI_ISSUE,CLOSED
COMP017520,CUST030703,FRAUD_ALERT,OPEN
COMP017521,CUST045850,CARD_ISSUE,OPEN
COMP017522,CUST049477,CARD_ISSUE,CLOSED
COMP017523,CUST050234,UPI_ISSUE,CLOSED
COMP017524,CUST059880,FRAUD_ALERT,CLOSED
COMP017525,CUST084523,CARD_ISSUE,OPEN
COMP017526,CUST003718,LOAN_ISSUE,CLOSED
COMP017527,CUST082034,LOAN_ISSUE,CLOSED
COMP017528,CUST073332,LOAN_ISSUE,OPEN
COMP017529,CUST006196,UPI_ISSUE,CLOSED
COMP017530,CUST063691,LOAN_ISSUE,CLOSED
COMP017531,CUST088023,FRAUD_ALERT,CLOSED
COMP017532,CUST034064,UPI_ISSUE,CLOSED
COMP017533,CUST018714,CARD_ISSUE,CLOSED
COMP017534,CUST035847,LOAN_ISSUE,CLOSED
COMP017535,CUST098021,LOAN_ISSUE,OPEN
COMP017536,CUST069562,LOAN_ISSUE,OPEN
COMP017537,CUST000784,LOAN_ISSUE,CLOSED
COMP017538,CUST097012,LOAN_ISSUE,CLOSED
COMP017539,CUST066515,FRAUD_ALERT,OPEN
COMP017540,CUST037638,LOAN_ISSUE,OPEN
COMP017541,CUST062009,UPI_ISSUE,OPEN
COMP017542,CUST053693,LOAN_ISSUE,OPEN
COMP017543,CUST079933,LOAN_ISSUE,CLOSED
COMP017544,CUST041066,FRAUD_ALERT,CLOSED
COMP017545,CUST097136,CARD_ISSUE,OPEN
COMP017546,CUST028970,FRAUD_ALERT,OPEN
COMP017547,CUST057315,CARD_ISSUE,OPEN
COMP017548,CUST078106,CARD_ISSUE,CLOSED
COMP017549,CUST040088,LOAN_ISSUE,OPEN
COMP017550,CUST065227,FRAUD_ALERT,OPEN
COMP017551,CUST031002,UPI_ISSUE,OPEN
COMP017552,CUST020657,CARD_ISSUE,CLOSED
COMP017553,CUST053860,UPI_ISSUE,OPEN
COMP017554,CUST058675,CARD_ISSUE,CLOSED
COMP017555,CUST037860,CARD_ISSUE,CLOSED
COMP017556,CUST088630,FRAUD_ALERT,OPEN
COMP017557,CUST011529,CARD_ISSUE,OPEN
COMP017558,CUST062946,FRAUD_ALERT,OPEN
COMP017559,CUST095333,UPI_ISSUE,CLOSED
COMP017560,CUST052998,CARD_ISSUE,OPEN
COMP017561,CUST070766,LOAN_ISSUE,CLOSED
COMP017562,CUST065322,UPI_ISSUE,OPEN
COMP017563,CUST075206,FRAUD_ALERT,OPEN
COMP017564,CUST023592,UPI_ISSUE,CLOSED
COMP017565,CUST003491,UPI_ISSUE,OPEN
COMP017566,CUST048561,FRAUD_ALERT,OPEN
COMP017567,CUST094373,FRAUD_ALERT,OPEN
COMP017568,CUST094084,CARD_ISSUE,CLOSED
COMP017569,CUST085995,UPI_ISSUE,CLOSED
COMP017570,CUST007449,CARD_ISSUE,OPEN
COMP017571,CUST075035,CARD_ISSUE,CLOSED
COMP017572,CUST059623,LOAN_ISSUE,CLOSED
COMP017573,CUST072144,CARD_ISSUE,OPEN
COMP017574,CUST099103,CARD_ISSUE,OPEN
COMP017575,CUST065548,FRAUD_ALERT,CLOSED
COMP017576,CUST070292,LOAN_ISSUE,OPEN
COMP017577,CUST087321,UPI_ISSUE,CLOSED
COMP017578,CUST050401,LOAN_ISSUE,OPEN
COMP017579,CUST096633,FRAUD_ALERT,OPEN
COMP017580,CUST079251,UPI_ISSUE,OPEN
COMP017581,CUST050284,FRAUD_ALERT,CLOSED
COMP017582,CUST009873,LOAN_ISSUE,CLOSED
COMP017583,CUST086194,CARD_ISSUE,OPEN
COMP017584,CUST051020,FRAUD_ALERT,CLOSED
COMP017585,CUST028029,FRAUD_ALERT,CLOSED
COMP017586,CUST051637,CARD_ISSUE,CLOSED
COMP017587,CUST096428,UPI_ISSUE,OPEN
COMP017588,CUST065256,FRAUD_ALERT,CLOSED
COMP017589,CUST082834,CARD_ISSUE,OPEN
COMP017590,CUST060391,CARD_ISSUE,CLOSED
COMP017591,CUST011227,FRAUD_ALERT,CLOSED
COMP017592,CUST030942,CARD_ISSUE,CLOSED
COMP017593,CUST081761,FRAUD_ALERT,CLOSED
COMP017594,CUST065091,UPI_ISSUE,OPEN
COMP017595,CUST014814,FRAUD_ALERT,CLOSED
COMP017596,CUST006409,CARD_ISSUE,OPEN
COMP017597,CUST073192,UPI_ISSUE,CLOSED
COMP017598,CUST088337,UPI_ISSUE,CLOSED
COMP017599,CUST007593,FRAUD_ALERT,OPEN
COMP017600,CUST021539,CARD_ISSUE,CLOSED
COMP017601,CUST011903,CARD_ISSUE,OPEN
COMP017602,CUST050407,FRAUD_ALERT,CLOSED
COMP017603,CUST023795,LOAN_ISSUE,OPEN
COMP017604,CUST011037,CARD_ISSUE,OPEN
COMP017605,CUST027914,CARD_ISSUE,OPEN
COMP017606,CUST014633,FRAUD_ALERT,CLOSED
COMP017607,CUST064618,LOAN_ISSUE,CLOSED
COMP017608,CUST010599,FRAUD_ALERT,CLOSED
COMP017609,CUST025713,UPI_ISSUE,OPEN
COMP017610,CUST046035,CARD_ISSUE,OPEN
COMP017611,CUST085200,LOAN_ISSUE,OPEN
COMP017612,CUST036955,UPI_ISSUE,CLOSED
COMP017613,CUST098774,LOAN_ISSUE,OPEN
COMP017614,CUST071859,CARD_ISSUE,OPEN
COMP017615,CUST008946,FRAUD_ALERT,CLOSED
COMP017616,CUST072988,LOAN_ISSUE,OPEN
COMP017617,CUST021423,UPI_ISSUE,CLOSED
COMP017618,CUST033818,LOAN_ISSUE,OPEN
COMP017619,CUST059987,UPI_ISSUE,OPEN
COMP017620,CUST048806,UPI_ISSUE,OPEN
COMP017621,CUST072542,UPI_ISSUE,OPEN
COMP017622,CUST075798,FRAUD_ALERT,OPEN
COMP017623,CUST083723,UPI_ISSUE,CLOSED
COMP017624,CUST094198,UPI_ISSUE,OPEN
COMP017625,CUST054221,FRAUD_ALERT,OPEN
COMP017626,CUST047158,LOAN_ISSUE,CLOSED
COMP017627,CUST000958,FRAUD_ALERT,CLOSED
COMP017628,CUST093431,UPI_ISSUE,OPEN
COMP017629,CUST063571,FRAUD_ALERT,CLOSED
COMP017630,CUST013401,UPI_ISSUE,OPEN
COMP017631,CUST051386,LOAN_ISSUE,CLOSED
COMP017632,CUST060205,UPI_ISSUE,CLOSED
COMP017633,CUST067587,UPI_ISSUE,OPEN
COMP017634,CUST012577,CARD_ISSUE,CLOSED
COMP017635,CUST021469,FRAUD_ALERT,CLOSED
COMP017636,CUST086469,FRAUD_ALERT,OPEN
COMP017637,CUST038059,FRAUD_ALERT,OPEN
COMP017638,CUST037743,FRAUD_ALERT,CLOSED
COMP017639,CUST070648,UPI_ISSUE,CLOSED
COMP017640,CUST051611,LOAN_ISSUE,CLOSED
COMP017641,CUST099256,UPI_ISSUE,CLOSED
COMP017642,CUST020288,FRAUD_ALERT,OPEN
COMP017643,CUST024544,UPI_ISSUE,OPEN
COMP017644,CUST000180,CARD_ISSUE,CLOSED
COMP017645,CUST014267,FRAUD_ALERT,CLOSED
COMP017646,CUST071673,LOAN_ISSUE,OPEN
COMP017647,CUST089534,FRAUD_ALERT,CLOSED
COMP017648,CUST034724,LOAN_ISSUE,CLOSED
COMP017649,CUST051437,CARD_ISSUE,CLOSED
COMP017650,CUST098501,LOAN_ISSUE,OPEN
COMP017651,CUST083624,FRAUD_ALERT,OPEN
COMP017652,CUST072285,FRAUD_ALERT,CLOSED
COMP017653,CUST077594,UPI_ISSUE,OPEN
COMP017654,CUST092943,FRAUD_ALERT,OPEN
COMP017655,CUST040258,UPI_ISSUE,OPEN
COMP017656,CUST015855,UPI_ISSUE,OPEN
COMP017657,CUST005116,UPI_ISSUE,CLOSED
COMP017658,CUST025391,CARD_ISSUE,CLOSED
COMP017659,CUST011778,UPI_ISSUE,OPEN
COMP017660,CUST033627,LOAN_ISSUE,OPEN
COMP017661,CUST058584,FRAUD_ALERT,OPEN
COMP017662,CUST051444,CARD_ISSUE,OPEN
COMP017663,CUST015809,FRAUD_ALERT,OPEN
COMP017664,CUST081547,FRAUD_ALERT,OPEN
COMP017665,CUST076615,LOAN_ISSUE,CLOSED
COMP017666,CUST092102,UPI_ISSUE,OPEN
COMP017667,CUST055175,CARD_ISSUE,OPEN
COMP017668,CUST016116,FRAUD_ALERT,CLOSED
COMP017669,CUST007588,LOAN_ISSUE,OPEN
COMP017670,CUST095180,LOAN_ISSUE,OPEN
COMP017671,CUST007665,UPI_ISSUE,CLOSED
COMP017672,CUST062709,FRAUD_ALERT,CLOSED
COMP017673,CUST024651,UPI_ISSUE,CLOSED
COMP017674,CUST034106,FRAUD_ALERT,OPEN
COMP017675,CUST067037,CARD_ISSUE,CLOSED
COMP017676,CUST046771,LOAN_ISSUE,OPEN
COMP017677,CUST044153,LOAN_ISSUE,CLOSED
COMP017678,CUST097699,CARD_ISSUE,CLOSED
COMP017679,CUST053985,UPI_ISSUE,OPEN
COMP017680,CUST080870,CARD_ISSUE,OPEN
COMP017681,CUST087846,UPI_ISSUE,CLOSED
COMP017682,CUST013152,FRAUD_ALERT,OPEN
COMP017683,CUST085601,UPI_ISSUE,OPEN
COMP017684,CUST081853,FRAUD_ALERT,OPEN
COMP017685,CUST085442,CARD_ISSUE,CLOSED
COMP017686,CUST005921,UPI_ISSUE,CLOSED
COMP017687,CUST056043,CARD_ISSUE,OPEN
COMP017688,CUST078396,FRAUD_ALERT,CLOSED
COMP017689,CUST054792,UPI_ISSUE,CLOSED
COMP017690,CUST026093,LOAN_ISSUE,OPEN
COMP017691,CUST098475,UPI_ISSUE,OPEN
COMP017692,CUST069566,LOAN_ISSUE,CLOSED
COMP017693,CUST055035,UPI_ISSUE,OPEN
COMP017694,CUST019677,CARD_ISSUE,CLOSED
COMP017695,CUST031238,CARD_ISSUE,CLOSED
COMP017696,CUST061115,UPI_ISSUE,OPEN
COMP017697,CUST064663,FRAUD_ALERT,CLOSED
COMP017698,CUST087895,UPI_ISSUE,CLOSED
COMP017699,CUST054517,CARD_ISSUE,CLOSED
COMP017700,CUST003745,FRAUD_ALERT,OPEN
COMP017701,CUST042386,CARD_ISSUE,CLOSED
COMP017702,CUST036542,FRAUD_ALERT,OPEN
COMP017703,CUST006080,LOAN_ISSUE,OPEN
COMP017704,CUST082940,CARD_ISSUE,OPEN
COMP017705,CUST031158,UPI_ISSUE,OPEN
COMP017706,CUST018935,LOAN_ISSUE,CLOSED
COMP017707,CUST043746,CARD_ISSUE,OPEN
COMP017708,CUST088308,FRAUD_ALERT,CLOSED
COMP017709,CUST043513,LOAN_ISSUE,CLOSED
COMP017710,CUST069074,UPI_ISSUE,CLOSED
COMP017711,CUST008873,CARD_ISSUE,CLOSED
COMP017712,CUST040187,FRAUD_ALERT,OPEN
COMP017713,CUST086272,UPI_ISSUE,OPEN
COMP017714,CUST074763,LOAN_ISSUE,CLOSED
COMP017715,CUST073937,CARD_ISSUE,CLOSED
COMP017716,CUST000387,LOAN_ISSUE,CLOSED
COMP017717,CUST090167,UPI_ISSUE,CLOSED
COMP017718,CUST056106,LOAN_ISSUE,CLOSED
COMP017719,CUST066176,UPI_ISSUE,OPEN
COMP017720,CUST026643,LOAN_ISSUE,CLOSED
COMP017721,CUST089945,FRAUD_ALERT,OPEN
COMP017722,CUST094855,LOAN_ISSUE,OPEN
COMP017723,CUST084009,FRAUD_ALERT,OPEN
COMP017724,CUST083550,FRAUD_ALERT,OPEN
COMP017725,CUST092021,LOAN_ISSUE,CLOSED
COMP017726,CUST005557,LOAN_ISSUE,CLOSED
COMP017727,CUST099298,LOAN_ISSUE,CLOSED
COMP017728,CUST047491,LOAN_ISSUE,CLOSED
COMP017729,CUST041260,FRAUD_ALERT,CLOSED
COMP017730,CUST080263,UPI_ISSUE,CLOSED
COMP017731,CUST044298,LOAN_ISSUE,OPEN
COMP017732,CUST036596,FRAUD_ALERT,OPEN
COMP017733,CUST093910,FRAUD_ALERT,CLOSED
COMP017734,CUST031183,LOAN_ISSUE,OPEN
COMP017735,CUST038078,FRAUD_ALERT,OPEN
COMP017736,CUST004602,LOAN_ISSUE,CLOSED
COMP017737,CUST017024,UPI_ISSUE,CLOSED
COMP017738,CUST005113,UPI_ISSUE,CLOSED
COMP017739,CUST027697,LOAN_ISSUE,CLOSED
COMP017740,CUST075432,CARD_ISSUE,CLOSED
COMP017741,CUST019156,UPI_ISSUE,CLOSED
COMP017742,CUST083347,CARD_ISSUE,OPEN
COMP017743,CUST054275,CARD_ISSUE,OPEN
COMP017744,CUST055683,UPI_ISSUE,CLOSED
COMP017745,CUST030732,CARD_ISSUE,CLOSED
COMP017746,CUST084631,UPI_ISSUE,OPEN
COMP017747,CUST073989,FRAUD_ALERT,OPEN
COMP017748,CUST011102,FRAUD_ALERT,CLOSED
COMP017749,CUST008338,FRAUD_ALERT,CLOSED
COMP017750,CUST091590,LOAN_ISSUE,OPEN
COMP017751,CUST020020,CARD_ISSUE,OPEN
COMP017752,CUST066588,LOAN_ISSUE,OPEN
COMP017753,CUST015670,UPI_ISSUE,CLOSED
COMP017754,CUST033895,UPI_ISSUE,OPEN
COMP017755,CUST061791,CARD_ISSUE,CLOSED
COMP017756,CUST051212,CARD_ISSUE,CLOSED
COMP017757,CUST009661,LOAN_ISSUE,CLOSED
COMP017758,CUST088974,CARD_ISSUE,CLOSED
COMP017759,CUST083918,CARD_ISSUE,CLOSED
COMP017760,CUST052485,FRAUD_ALERT,OPEN
COMP017761,CUST068134,CARD_ISSUE,CLOSED
COMP017762,CUST064788,LOAN_ISSUE,OPEN
COMP017763,CUST053322,UPI_ISSUE,CLOSED
COMP017764,CUST012009,FRAUD_ALERT,CLOSED
COMP017765,CUST052155,FRAUD_ALERT,CLOSED
COMP017766,CUST039851,LOAN_ISSUE,CLOSED
COMP017767,CUST044219,FRAUD_ALERT,CLOSED
COMP017768,CUST032222,UPI_ISSUE,CLOSED
COMP017769,CUST030003,FRAUD_ALERT,OPEN
COMP017770,CUST084294,FRAUD_ALERT,OPEN
COMP017771,CUST085739,FRAUD_ALERT,OPEN
COMP017772,CUST030871,UPI_ISSUE,OPEN
COMP017773,CUST008336,UPI_ISSUE,OPEN
COMP017774,CUST021333,FRAUD_ALERT,OPEN
COMP017775,CUST082292,UPI_ISSUE,CLOSED
COMP017776,CUST073732,LOAN_ISSUE,OPEN
COMP017777,CUST053744,LOAN_ISSUE,CLOSED
COMP017778,CUST003360,LOAN_ISSUE,CLOSED
COMP017779,CUST025068,UPI_ISSUE,OPEN
COMP017780,CUST045588,CARD_ISSUE,OPEN
COMP017781,CUST027310,FRAUD_ALERT,OPEN
COMP017782,CUST043639,UPI_ISSUE,CLOSED
COMP017783,CUST020006,FRAUD_ALERT,CLOSED
COMP017784,CUST098368,CARD_ISSUE,OPEN
COMP017785,CUST022862,UPI_ISSUE,OPEN
COMP017786,CUST037301,UPI_ISSUE,OPEN
COMP017787,CUST003691,LOAN_ISSUE,OPEN
COMP017788,CUST076013,LOAN_ISSUE,OPEN
COMP017789,CUST061648,CARD_ISSUE,CLOSED
COMP017790,CUST048838,CARD_ISSUE,CLOSED
COMP017791,CUST025250,FRAUD_ALERT,CLOSED
COMP017792,CUST069037,UPI_ISSUE,OPEN
COMP017793,CUST088645,UPI_ISSUE,OPEN
COMP017794,CUST041540,CARD_ISSUE,OPEN
COMP017795,CUST009064,LOAN_ISSUE,CLOSED
COMP017796,CUST097319,UPI_ISSUE,CLOSED
COMP017797,CUST069782,LOAN_ISSUE,CLOSED
COMP017798,CUST040288,UPI_ISSUE,CLOSED
COMP017799,CUST044239,FRAUD_ALERT,OPEN
COMP017800,CUST050840,LOAN_ISSUE,CLOSED
COMP017801,CUST082670,LOAN_ISSUE,OPEN
COMP017802,CUST012628,CARD_ISSUE,OPEN
COMP017803,CUST065382,UPI_ISSUE,OPEN
COMP017804,CUST074848,FRAUD_ALERT,OPEN
COMP017805,CUST032981,UPI_ISSUE,CLOSED
COMP017806,CUST037956,UPI_ISSUE,CLOSED
COMP017807,CUST038177,UPI_ISSUE,CLOSED
COMP017808,CUST029221,FRAUD_ALERT,CLOSED
COMP017809,CUST083318,CARD_ISSUE,CLOSED
COMP017810,CUST016222,FRAUD_ALERT,OPEN
COMP017811,CUST036766,CARD_ISSUE,OPEN
COMP017812,CUST091359,UPI_ISSUE,OPEN
COMP017813,CUST036719,FRAUD_ALERT,OPEN
COMP017814,CUST046785,FRAUD_ALERT,OPEN
COMP017815,CUST057466,CARD_ISSUE,CLOSED
COMP017816,CUST030406,LOAN_ISSUE,OPEN
COMP017817,CUST066667,CARD_ISSUE,CLOSED
COMP017818,CUST071899,CARD_ISSUE,CLOSED
COMP017819,CUST080416,LOAN_ISSUE,OPEN
COMP017820,CUST047360,CARD_ISSUE,CLOSED
COMP017821,CUST047315,LOAN_ISSUE,OPEN
COMP017822,CUST074833,UPI_ISSUE,CLOSED
COMP017823,CUST005740,UPI_ISSUE,OPEN
COMP017824,CUST066673,CARD_ISSUE,CLOSED
COMP017825,CUST048791,FRAUD_ALERT,CLOSED
COMP017826,CUST001757,CARD_ISSUE,CLOSED
COMP017827,CUST025930,FRAUD_ALERT,CLOSED
COMP017828,CUST083008,LOAN_ISSUE,OPEN
COMP017829,CUST009489,UPI_ISSUE,OPEN
COMP017830,CUST028266,FRAUD_ALERT,OPEN
COMP017831,CUST080118,CARD_ISSUE,OPEN
COMP017832,CUST052099,UPI_ISSUE,OPEN
COMP017833,CUST021780,CARD_ISSUE,OPEN
COMP017834,CUST044842,UPI_ISSUE,CLOSED
COMP017835,CUST006117,LOAN_ISSUE,OPEN
COMP017836,CUST019770,CARD_ISSUE,OPEN
COMP017837,CUST057335,LOAN_ISSUE,CLOSED
COMP017838,CUST002749,LOAN_ISSUE,OPEN
COMP017839,CUST067309,FRAUD_ALERT,CLOSED
COMP017840,CUST079624,FRAUD_ALERT,CLOSED
COMP017841,CUST075955,LOAN_ISSUE,CLOSED
COMP017842,CUST018769,FRAUD_ALERT,CLOSED
COMP017843,CUST086227,FRAUD_ALERT,OPEN
COMP017844,CUST098487,CARD_ISSUE,CLOSED
COMP017845,CUST060341,LOAN_ISSUE,CLOSED
COMP017846,CUST021343,LOAN_ISSUE,OPEN
COMP017847,CUST094696,FRAUD_ALERT,OPEN
COMP017848,CUST078875,LOAN_ISSUE,OPEN
COMP017849,CUST091026,UPI_ISSUE,OPEN
COMP017850,CUST087236,LOAN_ISSUE,CLOSED
COMP017851,CUST006504,UPI_ISSUE,OPEN
COMP017852,CUST059968,FRAUD_ALERT,OPEN
COMP017853,CUST012968,CARD_ISSUE,CLOSED
COMP017854,CUST030679,CARD_ISSUE,OPEN
COMP017855,CUST047214,UPI_ISSUE,OPEN
COMP017856,CUST073319,LOAN_ISSUE,OPEN
COMP017857,CUST055647,CARD_ISSUE,CLOSED
COMP017858,CUST079566,FRAUD_ALERT,CLOSED
COMP017859,CUST070299,LOAN_ISSUE,CLOSED
COMP017860,CUST031503,UPI_ISSUE,CLOSED
COMP017861,CUST096447,LOAN_ISSUE,OPEN
COMP017862,CUST099770,CARD_ISSUE,CLOSED
COMP017863,CUST084554,LOAN_ISSUE,OPEN
COMP017864,CUST013317,FRAUD_ALERT,CLOSED
COMP017865,CUST046482,UPI_ISSUE,OPEN
COMP017866,CUST031119,CARD_ISSUE,CLOSED
COMP017867,CUST005937,UPI_ISSUE,CLOSED
COMP017868,CUST030664,LOAN_ISSUE,CLOSED
COMP017869,CUST098734,UPI_ISSUE,CLOSED
COMP017870,CUST090289,CARD_ISSUE,CLOSED
COMP017871,CUST048173,LOAN_ISSUE,OPEN
COMP017872,CUST005098,LOAN_ISSUE,CLOSED
COMP017873,CUST001367,UPI_ISSUE,OPEN
COMP017874,CUST057997,LOAN_ISSUE,CLOSED
COMP017875,CUST040019,FRAUD_ALERT,OPEN
COMP017876,CUST075780,CARD_ISSUE,OPEN
COMP017877,CUST016515,CARD_ISSUE,CLOSED
COMP017878,CUST049632,FRAUD_ALERT,OPEN
COMP017879,CUST074749,CARD_ISSUE,CLOSED
COMP017880,CUST069747,CARD_ISSUE,OPEN
COMP017881,CUST055573,LOAN_ISSUE,CLOSED
COMP017882,CUST071683,UPI_ISSUE,CLOSED
COMP017883,CUST097362,LOAN_ISSUE,CLOSED
COMP017884,CUST062117,LOAN_ISSUE,CLOSED
COMP017885,CUST069898,FRAUD_ALERT,OPEN
COMP017886,CUST048013,CARD_ISSUE,OPEN
COMP017887,CUST039091,LOAN_ISSUE,CLOSED
COMP017888,CUST054780,LOAN_ISSUE,OPEN
COMP017889,CUST058324,CARD_ISSUE,OPEN
COMP017890,CUST035796,UPI_ISSUE,OPEN
COMP017891,CUST082969,CARD_ISSUE,CLOSED
COMP017892,CUST055964,FRAUD_ALERT,CLOSED
COMP017893,CUST024920,CARD_ISSUE,OPEN
COMP017894,CUST027801,LOAN_ISSUE,CLOSED
COMP017895,CUST012852,FRAUD_ALERT,OPEN
COMP017896,CUST006296,CARD_ISSUE,OPEN
COMP017897,CUST037983,LOAN_ISSUE,OPEN
COMP017898,CUST045613,FRAUD_ALERT,CLOSED
COMP017899,CUST035722,FRAUD_ALERT,OPEN
COMP017900,CUST085435,LOAN_ISSUE,CLOSED
COMP017901,CUST075483,FRAUD_ALERT,CLOSED
COMP017902,CUST016055,CARD_ISSUE,CLOSED
COMP017903,CUST007454,LOAN_ISSUE,OPEN
COMP017904,CUST020754,FRAUD_ALERT,OPEN
COMP017905,CUST080397,CARD_ISSUE,CLOSED
COMP017906,CUST007100,CARD_ISSUE,CLOSED
COMP017907,CUST007033,CARD_ISSUE,OPEN
COMP017908,CUST089756,CARD_ISSUE,CLOSED
COMP017909,CUST088279,CARD_ISSUE,OPEN
COMP017910,CUST096595,CARD_ISSUE,CLOSED
COMP017911,CUST095545,FRAUD_ALERT,OPEN
COMP017912,CUST015895,UPI_ISSUE,CLOSED
COMP017913,CUST063161,LOAN_ISSUE,CLOSED
COMP017914,CUST078838,UPI_ISSUE,OPEN
COMP017915,CUST021495,UPI_ISSUE,CLOSED
COMP017916,CUST094830,CARD_ISSUE,OPEN
COMP017917,CUST019063,LOAN_ISSUE,CLOSED
COMP017918,CUST050623,FRAUD_ALERT,CLOSED
COMP017919,CUST034647,UPI_ISSUE,OPEN
COMP017920,CUST039658,UPI_ISSUE,CLOSED
COMP017921,CUST074165,CARD_ISSUE,OPEN
COMP017922,CUST074954,CARD_ISSUE,CLOSED
COMP017923,CUST003698,UPI_ISSUE,OPEN
COMP017924,CUST081449,CARD_ISSUE,OPEN
COMP017925,CUST076320,UPI_ISSUE,OPEN
COMP017926,CUST018337,FRAUD_ALERT,OPEN
COMP017927,CUST020502,LOAN_ISSUE,OPEN
COMP017928,CUST002798,LOAN_ISSUE,CLOSED
COMP017929,CUST059316,FRAUD_ALERT,OPEN
COMP017930,CUST024969,LOAN_ISSUE,CLOSED
COMP017931,CUST075558,CARD_ISSUE,OPEN
COMP017932,CUST023141,LOAN_ISSUE,CLOSED
COMP017933,CUST067122,FRAUD_ALERT,OPEN
COMP017934,CUST076595,UPI_ISSUE,OPEN
COMP017935,CUST020983,LOAN_ISSUE,OPEN
COMP017936,CUST025706,UPI_ISSUE,OPEN
COMP017937,CUST057108,CARD_ISSUE,CLOSED
COMP017938,CUST051824,CARD_ISSUE,CLOSED
COMP017939,CUST055870,CARD_ISSUE,OPEN
COMP017940,CUST022547,UPI_ISSUE,OPEN
COMP017941,CUST012319,LOAN_ISSUE,CLOSED
COMP017942,CUST034902,LOAN_ISSUE,OPEN
COMP017943,CUST057323,FRAUD_ALERT,OPEN
COMP017944,CUST089150,UPI_ISSUE,CLOSED
COMP017945,CUST021992,FRAUD_ALERT,CLOSED
COMP017946,CUST062862,LOAN_ISSUE,CLOSED
COMP017947,CUST030072,UPI_ISSUE,CLOSED
COMP017948,CUST012279,UPI_ISSUE,CLOSED
COMP017949,CUST008531,CARD_ISSUE,OPEN
COMP017950,CUST094931,UPI_ISSUE,OPEN
COMP017951,CUST039398,FRAUD_ALERT,CLOSED
COMP017952,CUST052935,UPI_ISSUE,CLOSED
COMP017953,CUST001867,CARD_ISSUE,OPEN
COMP017954,CUST005303,CARD_ISSUE,OPEN
COMP017955,CUST070287,FRAUD_ALERT,OPEN
COMP017956,CUST073964,UPI_ISSUE,CLOSED
COMP017957,CUST076189,CARD_ISSUE,OPEN
COMP017958,CUST006906,FRAUD_ALERT,CLOSED
COMP017959,CUST011191,LOAN_ISSUE,CLOSED
COMP017960,CUST091007,FRAUD_ALERT,OPEN
COMP017961,CUST000665,UPI_ISSUE,CLOSED
COMP017962,CUST081111,UPI_ISSUE,OPEN
COMP017963,CUST093108,FRAUD_ALERT,CLOSED
COMP017964,CUST046146,LOAN_ISSUE,CLOSED
COMP017965,CUST048071,FRAUD_ALERT,OPEN
COMP017966,CUST062721,CARD_ISSUE,CLOSED
COMP017967,CUST098525,FRAUD_ALERT,OPEN
COMP017968,CUST028458,LOAN_ISSUE,CLOSED
COMP017969,CUST066106,CARD_ISSUE,OPEN
COMP017970,CUST047208,CARD_ISSUE,OPEN
COMP017971,CUST050691,UPI_ISSUE,OPEN
COMP017972,CUST081505,CARD_ISSUE,CLOSED
COMP017973,CUST024887,FRAUD_ALERT,OPEN
COMP017974,CUST058769,LOAN_ISSUE,OPEN
COMP017975,CUST007216,UPI_ISSUE,OPEN
COMP017976,CUST076507,FRAUD_ALERT,CLOSED
COMP017977,CUST046302,CARD_ISSUE,CLOSED
COMP017978,CUST041917,LOAN_ISSUE,CLOSED
COMP017979,CUST034140,CARD_ISSUE,OPEN
COMP017980,CUST013230,UPI_ISSUE,OPEN
COMP017981,CUST011462,UPI_ISSUE,CLOSED
COMP017982,CUST060846,UPI_ISSUE,CLOSED
COMP017983,CUST005446,UPI_ISSUE,CLOSED
COMP017984,CUST062406,UPI_ISSUE,CLOSED
COMP017985,CUST048658,CARD_ISSUE,OPEN
COMP017986,CUST076844,CARD_ISSUE,OPEN
COMP017987,CUST029340,FRAUD_ALERT,CLOSED
COMP017988,CUST050624,LOAN_ISSUE,OPEN
COMP017989,CUST072720,UPI_ISSUE,CLOSED
COMP017990,CUST074027,LOAN_ISSUE,CLOSED
COMP017991,CUST091919,FRAUD_ALERT,OPEN
COMP017992,CUST069705,FRAUD_ALERT,OPEN
COMP017993,CUST016975,UPI_ISSUE,OPEN
COMP017994,CUST034456,LOAN_ISSUE,OPEN
COMP017995,CUST084241,UPI_ISSUE,OPEN
COMP017996,CUST088578,LOAN_ISSUE,OPEN
COMP017997,CUST069114,UPI_ISSUE,OPEN
COMP017998,CUST060164,UPI_ISSUE,OPEN
COMP017999,CUST047346,FRAUD_ALERT,CLOSED
COMP018000,CUST069441,UPI_ISSUE,CLOSED
COMP018001,CUST046926,CARD_ISSUE,CLOSED
COMP018002,CUST036287,CARD_ISSUE,OPEN
COMP018003,CUST062581,LOAN_ISSUE,CLOSED
COMP018004,CUST000016,FRAUD_ALERT,OPEN
COMP018005,CUST059262,CARD_ISSUE,OPEN
COMP018006,CUST075666,FRAUD_ALERT,CLOSED
COMP018007,CUST022117,LOAN_ISSUE,CLOSED
COMP018008,CUST071244,FRAUD_ALERT,CLOSED
COMP018009,CUST058659,FRAUD_ALERT,OPEN
COMP018010,CUST090054,UPI_ISSUE,CLOSED
COMP018011,CUST074141,LOAN_ISSUE,CLOSED
COMP018012,CUST074923,CARD_ISSUE,OPEN
COMP018013,CUST063466,FRAUD_ALERT,CLOSED
COMP018014,CUST016290,FRAUD_ALERT,CLOSED
COMP018015,CUST036270,FRAUD_ALERT,CLOSED
COMP018016,CUST014962,FRAUD_ALERT,CLOSED
COMP018017,CUST076625,UPI_ISSUE,CLOSED
COMP018018,CUST070071,CARD_ISSUE,OPEN
COMP018019,CUST015084,FRAUD_ALERT,OPEN
COMP018020,CUST081549,UPI_ISSUE,CLOSED
COMP018021,CUST078287,UPI_ISSUE,CLOSED
COMP018022,CUST062680,CARD_ISSUE,CLOSED
COMP018023,CUST022421,CARD_ISSUE,CLOSED
COMP018024,CUST016921,CARD_ISSUE,CLOSED
COMP018025,CUST046687,FRAUD_ALERT,CLOSED
COMP018026,CUST024711,UPI_ISSUE,CLOSED
COMP018027,CUST073290,UPI_ISSUE,OPEN
COMP018028,CUST030743,FRAUD_ALERT,OPEN
COMP018029,CUST003588,FRAUD_ALERT,CLOSED
COMP018030,CUST083998,LOAN_ISSUE,CLOSED
COMP018031,CUST052150,LOAN_ISSUE,CLOSED
COMP018032,CUST084388,FRAUD_ALERT,CLOSED
COMP018033,CUST012818,FRAUD_ALERT,CLOSED
COMP018034,CUST034455,LOAN_ISSUE,OPEN
COMP018035,CUST029119,CARD_ISSUE,OPEN
COMP018036,CUST041419,CARD_ISSUE,CLOSED
COMP018037,CUST054486,UPI_ISSUE,OPEN
COMP018038,CUST078230,UPI_ISSUE,OPEN
COMP018039,CUST039149,CARD_ISSUE,OPEN
COMP018040,CUST019963,CARD_ISSUE,CLOSED
COMP018041,CUST098786,LOAN_ISSUE,OPEN
COMP018042,CUST094020,FRAUD_ALERT,CLOSED
COMP018043,CUST074682,FRAUD_ALERT,CLOSED
COMP018044,CUST019294,LOAN_ISSUE,CLOSED
COMP018045,CUST050756,CARD_ISSUE,OPEN
COMP018046,CUST030644,CARD_ISSUE,OPEN
COMP018047,CUST035308,CARD_ISSUE,OPEN
COMP018048,CUST006389,CARD_ISSUE,CLOSED
COMP018049,CUST062954,UPI_ISSUE,CLOSED
COMP018050,CUST023008,LOAN_ISSUE,OPEN
COMP018051,CUST049190,FRAUD_ALERT,OPEN
COMP018052,CUST062578,LOAN_ISSUE,CLOSED
COMP018053,CUST003574,FRAUD_ALERT,CLOSED
COMP018054,CUST088913,LOAN_ISSUE,OPEN
COMP018055,CUST047609,CARD_ISSUE,OPEN
COMP018056,CUST000662,UPI_ISSUE,CLOSED
COMP018057,CUST019543,LOAN_ISSUE,OPEN
COMP018058,CUST052618,FRAUD_ALERT,OPEN
COMP018059,CUST077190,LOAN_ISSUE,CLOSED
COMP018060,CUST000668,CARD_ISSUE,OPEN
COMP018061,CUST070244,CARD_ISSUE,OPEN
COMP018062,CUST085366,FRAUD_ALERT,OPEN
COMP018063,CUST092030,FRAUD_ALERT,CLOSED
COMP018064,CUST091009,CARD_ISSUE,CLOSED
COMP018065,CUST095914,FRAUD_ALERT,CLOSED
COMP018066,CUST095662,CARD_ISSUE,OPEN
COMP018067,CUST065394,CARD_ISSUE,OPEN
COMP018068,CUST026628,UPI_ISSUE,CLOSED
COMP018069,CUST013333,FRAUD_ALERT,CLOSED
COMP018070,CUST099375,UPI_ISSUE,OPEN
COMP018071,CUST086473,CARD_ISSUE,CLOSED
COMP018072,CUST090222,UPI_ISSUE,CLOSED
COMP018073,CUST028873,LOAN_ISSUE,CLOSED
COMP018074,CUST018725,LOAN_ISSUE,OPEN
COMP018075,CUST083507,FRAUD_ALERT,CLOSED
COMP018076,CUST031510,FRAUD_ALERT,OPEN
COMP018077,CUST033976,LOAN_ISSUE,OPEN
COMP018078,CUST057871,FRAUD_ALERT,CLOSED
COMP018079,CUST064282,CARD_ISSUE,CLOSED
COMP018080,CUST074718,UPI_ISSUE,OPEN
COMP018081,CUST088386,LOAN_ISSUE,OPEN
COMP018082,CUST018681,UPI_ISSUE,CLOSED
COMP018083,CUST092602,LOAN_ISSUE,OPEN
COMP018084,CUST090454,LOAN_ISSUE,OPEN
COMP018085,CUST034302,CARD_ISSUE,OPEN
COMP018086,CUST001258,UPI_ISSUE,OPEN
COMP018087,CUST079814,FRAUD_ALERT,CLOSED
COMP018088,CUST097358,FRAUD_ALERT,CLOSED
COMP018089,CUST048387,CARD_ISSUE,CLOSED
COMP018090,CUST079978,LOAN_ISSUE,OPEN
COMP018091,CUST053918,FRAUD_ALERT,CLOSED
COMP018092,CUST039082,LOAN_ISSUE,OPEN
COMP018093,CUST082813,UPI_ISSUE,OPEN
COMP018094,CUST065314,UPI_ISSUE,OPEN
COMP018095,CUST089656,LOAN_ISSUE,CLOSED
COMP018096,CUST088590,LOAN_ISSUE,CLOSED
COMP018097,CUST057763,CARD_ISSUE,OPEN
COMP018098,CUST044984,LOAN_ISSUE,CLOSED
COMP018099,CUST086916,LOAN_ISSUE,OPEN
COMP018100,CUST078275,CARD_ISSUE,OPEN
COMP018101,CUST050478,CARD_ISSUE,OPEN
COMP018102,CUST095328,CARD_ISSUE,OPEN
COMP018103,CUST060944,FRAUD_ALERT,OPEN
COMP018104,CUST035595,CARD_ISSUE,CLOSED
COMP018105,CUST081257,FRAUD_ALERT,OPEN
COMP018106,CUST098286,LOAN_ISSUE,CLOSED
COMP018107,CUST035579,UPI_ISSUE,OPEN
COMP018108,CUST046652,UPI_ISSUE,OPEN
COMP018109,CUST018412,LOAN_ISSUE,CLOSED
COMP018110,CUST003097,FRAUD_ALERT,CLOSED
COMP018111,CUST096366,CARD_ISSUE,CLOSED
COMP018112,CUST003996,FRAUD_ALERT,CLOSED
COMP018113,CUST055328,UPI_ISSUE,OPEN
COMP018114,CUST030639,CARD_ISSUE,CLOSED
COMP018115,CUST008984,FRAUD_ALERT,CLOSED
COMP018116,CUST096569,UPI_ISSUE,CLOSED
COMP018117,CUST065360,UPI_ISSUE,CLOSED
COMP018118,CUST074029,UPI_ISSUE,CLOSED
COMP018119,CUST071407,FRAUD_ALERT,OPEN
COMP018120,CUST047092,CARD_ISSUE,OPEN
COMP018121,CUST045278,LOAN_ISSUE,CLOSED
COMP018122,CUST033438,FRAUD_ALERT,CLOSED
COMP018123,CUST084238,UPI_ISSUE,CLOSED
COMP018124,CUST092649,CARD_ISSUE,CLOSED
COMP018125,CUST033565,CARD_ISSUE,CLOSED
COMP018126,CUST058979,UPI_ISSUE,OPEN
COMP018127,CUST093915,UPI_ISSUE,OPEN
COMP018128,CUST074505,UPI_ISSUE,CLOSED
COMP018129,CUST007802,LOAN_ISSUE,OPEN
COMP018130,CUST062067,UPI_ISSUE,CLOSED
COMP018131,CUST062235,UPI_ISSUE,OPEN
COMP018132,CUST096615,CARD_ISSUE,OPEN
COMP018133,CUST021484,FRAUD_ALERT,OPEN
COMP018134,CUST093481,FRAUD_ALERT,OPEN
COMP018135,CUST044674,FRAUD_ALERT,CLOSED
COMP018136,CUST044227,LOAN_ISSUE,CLOSED
COMP018137,CUST034315,FRAUD_ALERT,OPEN
COMP018138,CUST051752,FRAUD_ALERT,OPEN
COMP018139,CUST044306,FRAUD_ALERT,CLOSED
COMP018140,CUST035044,CARD_ISSUE,OPEN
COMP018141,CUST040346,CARD_ISSUE,OPEN
COMP018142,CUST072811,UPI_ISSUE,CLOSED
COMP018143,CUST041065,UPI_ISSUE,OPEN
COMP018144,CUST021510,LOAN_ISSUE,OPEN
COMP018145,CUST084509,UPI_ISSUE,CLOSED
COMP018146,CUST077964,CARD_ISSUE,OPEN
COMP018147,CUST076925,FRAUD_ALERT,CLOSED
COMP018148,CUST018248,CARD_ISSUE,CLOSED
COMP018149,CUST064410,LOAN_ISSUE,CLOSED
COMP018150,CUST047658,CARD_ISSUE,CLOSED
COMP018151,CUST087194,UPI_ISSUE,CLOSED
COMP018152,CUST082852,CARD_ISSUE,CLOSED
COMP018153,CUST020037,FRAUD_ALERT,OPEN
COMP018154,CUST058480,UPI_ISSUE,CLOSED
COMP018155,CUST064716,UPI_ISSUE,OPEN
COMP018156,CUST006105,UPI_ISSUE,OPEN
COMP018157,CUST094551,UPI_ISSUE,OPEN
COMP018158,CUST077109,CARD_ISSUE,CLOSED
COMP018159,CUST024120,FRAUD_ALERT,OPEN
COMP018160,CUST077577,UPI_ISSUE,CLOSED
COMP018161,CUST092827,CARD_ISSUE,CLOSED
COMP018162,CUST015578,UPI_ISSUE,CLOSED
COMP018163,CUST096932,CARD_ISSUE,CLOSED
COMP018164,CUST021527,LOAN_ISSUE,CLOSED
COMP018165,CUST090552,CARD_ISSUE,OPEN
COMP018166,CUST013070,UPI_ISSUE,OPEN
COMP018167,CUST013871,LOAN_ISSUE,OPEN
COMP018168,CUST017898,UPI_ISSUE,CLOSED
COMP018169,CUST062336,LOAN_ISSUE,CLOSED
COMP018170,CUST057793,CARD_ISSUE,CLOSED
COMP018171,CUST017961,UPI_ISSUE,CLOSED
COMP018172,CUST077701,FRAUD_ALERT,CLOSED
COMP018173,CUST046781,LOAN_ISSUE,OPEN
COMP018174,CUST023213,LOAN_ISSUE,CLOSED
COMP018175,CUST028153,CARD_ISSUE,OPEN
COMP018176,CUST059389,UPI_ISSUE,OPEN
COMP018177,CUST021613,CARD_ISSUE,OPEN
COMP018178,CUST001750,UPI_ISSUE,OPEN
COMP018179,CUST058050,LOAN_ISSUE,CLOSED
COMP018180,CUST051063,UPI_ISSUE,CLOSED
COMP018181,CUST000164,FRAUD_ALERT,CLOSED
COMP018182,CUST035163,FRAUD_ALERT,CLOSED
COMP018183,CUST049393,LOAN_ISSUE,CLOSED
COMP018184,CUST077557,CARD_ISSUE,CLOSED
COMP018185,CUST043060,UPI_ISSUE,OPEN
COMP018186,CUST098879,FRAUD_ALERT,OPEN
COMP018187,CUST002003,FRAUD_ALERT,CLOSED
COMP018188,CUST070945,UPI_ISSUE,OPEN
COMP018189,CUST053870,FRAUD_ALERT,OPEN
COMP018190,CUST017122,UPI_ISSUE,OPEN
COMP018191,CUST085729,LOAN_ISSUE,OPEN
COMP018192,CUST090295,LOAN_ISSUE,OPEN
COMP018193,CUST080050,LOAN_ISSUE,OPEN
COMP018194,CUST089591,CARD_ISSUE,OPEN
COMP018195,CUST062395,UPI_ISSUE,OPEN
COMP018196,CUST015114,UPI_ISSUE,CLOSED
COMP018197,CUST084599,FRAUD_ALERT,OPEN
COMP018198,CUST021660,CARD_ISSUE,OPEN
COMP018199,CUST017287,FRAUD_ALERT,CLOSED
COMP018200,CUST068193,LOAN_ISSUE,CLOSED
COMP018201,CUST024217,LOAN_ISSUE,OPEN
COMP018202,CUST043526,CARD_ISSUE,CLOSED
COMP018203,CUST094601,LOAN_ISSUE,OPEN
COMP018204,CUST077532,LOAN_ISSUE,OPEN
COMP018205,CUST028614,CARD_ISSUE,OPEN
COMP018206,CUST069040,UPI_ISSUE,OPEN
COMP018207,CUST065168,LOAN_ISSUE,OPEN
COMP018208,CUST009702,CARD_ISSUE,CLOSED
COMP018209,CUST062727,LOAN_ISSUE,CLOSED
COMP018210,CUST054640,FRAUD_ALERT,OPEN
COMP018211,CUST008922,FRAUD_ALERT,OPEN
COMP018212,CUST045442,UPI_ISSUE,OPEN
COMP018213,CUST011113,FRAUD_ALERT,CLOSED
COMP018214,CUST090269,UPI_ISSUE,OPEN
COMP018215,CUST006339,LOAN_ISSUE,CLOSED
COMP018216,CUST011135,FRAUD_ALERT,CLOSED
COMP018217,CUST074233,CARD_ISSUE,OPEN
COMP018218,CUST002667,FRAUD_ALERT,OPEN
COMP018219,CUST069538,UPI_ISSUE,CLOSED
COMP018220,CUST093044,CARD_ISSUE,OPEN
COMP018221,CUST039311,LOAN_ISSUE,CLOSED
COMP018222,CUST031974,FRAUD_ALERT,CLOSED
COMP018223,CUST004429,UPI_ISSUE,OPEN
COMP018224,CUST053329,FRAUD_ALERT,OPEN
COMP018225,CUST085166,LOAN_ISSUE,CLOSED
COMP018226,CUST071689,UPI_ISSUE,CLOSED
COMP018227,CUST041792,FRAUD_ALERT,CLOSED
COMP018228,CUST030053,LOAN_ISSUE,OPEN
COMP018229,CUST067086,LOAN_ISSUE,OPEN
COMP018230,CUST093790,FRAUD_ALERT,CLOSED
COMP018231,CUST096077,UPI_ISSUE,OPEN
COMP018232,CUST038856,CARD_ISSUE,CLOSED
COMP018233,CUST017519,CARD_ISSUE,CLOSED
COMP018234,CUST040279,FRAUD_ALERT,CLOSED
COMP018235,CUST050342,UPI_ISSUE,CLOSED
COMP018236,CUST059306,CARD_ISSUE,CLOSED
COMP018237,CUST099697,UPI_ISSUE,OPEN
COMP018238,CUST052045,LOAN_ISSUE,OPEN
COMP018239,CUST049592,FRAUD_ALERT,CLOSED
COMP018240,CUST018106,LOAN_ISSUE,CLOSED
COMP018241,CUST090190,LOAN_ISSUE,CLOSED
COMP018242,CUST022537,UPI_ISSUE,CLOSED
COMP018243,CUST025327,LOAN_ISSUE,CLOSED
COMP018244,CUST062315,FRAUD_ALERT,CLOSED
COMP018245,CUST029737,CARD_ISSUE,OPEN
COMP018246,CUST057951,FRAUD_ALERT,CLOSED
COMP018247,CUST095571,LOAN_ISSUE,OPEN
COMP018248,CUST040685,FRAUD_ALERT,OPEN
COMP018249,CUST054287,FRAUD_ALERT,CLOSED
COMP018250,CUST028544,UPI_ISSUE,CLOSED
COMP018251,CUST039679,CARD_ISSUE,CLOSED
COMP018252,CUST098670,CARD_ISSUE,CLOSED
COMP018253,CUST013363,LOAN_ISSUE,OPEN
COMP018254,CUST058026,LOAN_ISSUE,OPEN
COMP018255,CUST074800,UPI_ISSUE,CLOSED
COMP018256,CUST035093,CARD_ISSUE,CLOSED
COMP018257,CUST043695,LOAN_ISSUE,CLOSED
COMP018258,CUST028239,LOAN_ISSUE,CLOSED
COMP018259,CUST081600,FRAUD_ALERT,OPEN
COMP018260,CUST044355,UPI_ISSUE,OPEN
COMP018261,CUST071011,FRAUD_ALERT,CLOSED
COMP018262,CUST018938,CARD_ISSUE,OPEN
COMP018263,CUST068542,LOAN_ISSUE,CLOSED
COMP018264,CUST027432,CARD_ISSUE,OPEN
COMP018265,CUST057112,UPI_ISSUE,OPEN
COMP018266,CUST011062,UPI_ISSUE,OPEN
COMP018267,CUST075796,CARD_ISSUE,CLOSED
COMP018268,CUST011033,FRAUD_ALERT,OPEN
COMP018269,CUST060543,CARD_ISSUE,CLOSED
COMP018270,CUST001105,FRAUD_ALERT,OPEN
COMP018271,CUST064660,CARD_ISSUE,OPEN
COMP018272,CUST065725,FRAUD_ALERT,CLOSED
COMP018273,CUST029351,LOAN_ISSUE,CLOSED
COMP018274,CUST098952,FRAUD_ALERT,OPEN
COMP018275,CUST051526,CARD_ISSUE,OPEN
COMP018276,CUST074205,UPI_ISSUE,OPEN
COMP018277,CUST002694,UPI_ISSUE,CLOSED
COMP018278,CUST026139,FRAUD_ALERT,CLOSED
COMP018279,CUST085366,UPI_ISSUE,CLOSED
COMP018280,CUST042366,CARD_ISSUE,OPEN
COMP018281,CUST098925,UPI_ISSUE,OPEN
COMP018282,CUST003785,LOAN_ISSUE,CLOSED
COMP018283,CUST025212,UPI_ISSUE,OPEN
COMP018284,CUST032725,UPI_ISSUE,OPEN
COMP018285,CUST069447,CARD_ISSUE,OPEN
COMP018286,CUST089481,LOAN_ISSUE,CLOSED
COMP018287,CUST029852,LOAN_ISSUE,OPEN
COMP018288,CUST063355,UPI_ISSUE,OPEN
COMP018289,CUST039735,FRAUD_ALERT,CLOSED
COMP018290,CUST085957,FRAUD_ALERT,CLOSED
COMP018291,CUST050780,CARD_ISSUE,OPEN
COMP018292,CUST039163,LOAN_ISSUE,OPEN
COMP018293,CUST035483,UPI_ISSUE,OPEN
COMP018294,CUST092882,FRAUD_ALERT,OPEN
COMP018295,CUST048021,UPI_ISSUE,OPEN
COMP018296,CUST038825,UPI_ISSUE,OPEN
COMP018297,CUST034398,CARD_ISSUE,OPEN
COMP018298,CUST007634,LOAN_ISSUE,CLOSED
COMP018299,CUST004114,LOAN_ISSUE,OPEN
COMP018300,CUST040853,UPI_ISSUE,OPEN
COMP018301,CUST070606,LOAN_ISSUE,OPEN
COMP018302,CUST041015,UPI_ISSUE,OPEN
COMP018303,CUST056711,CARD_ISSUE,CLOSED
COMP018304,CUST018812,LOAN_ISSUE,OPEN
COMP018305,CUST099205,FRAUD_ALERT,CLOSED
COMP018306,CUST054159,UPI_ISSUE,OPEN
COMP018307,CUST025434,LOAN_ISSUE,OPEN
COMP018308,CUST065403,UPI_ISSUE,OPEN
COMP018309,CUST098182,CARD_ISSUE,CLOSED
COMP018310,CUST074312,CARD_ISSUE,OPEN
COMP018311,CUST023581,FRAUD_ALERT,CLOSED
COMP018312,CUST069975,UPI_ISSUE,CLOSED
COMP018313,CUST010604,FRAUD_ALERT,OPEN
COMP018314,CUST006566,UPI_ISSUE,OPEN
COMP018315,CUST017736,UPI_ISSUE,OPEN
COMP018316,CUST069395,CARD_ISSUE,OPEN
COMP018317,CUST017126,FRAUD_ALERT,OPEN
COMP018318,CUST087206,FRAUD_ALERT,OPEN
COMP018319,CUST020617,FRAUD_ALERT,OPEN
COMP018320,CUST092898,LOAN_ISSUE,OPEN
COMP018321,CUST014505,LOAN_ISSUE,CLOSED
COMP018322,CUST071660,CARD_ISSUE,OPEN
COMP018323,CUST015580,LOAN_ISSUE,CLOSED
COMP018324,CUST059995,UPI_ISSUE,CLOSED
COMP018325,CUST047283,UPI_ISSUE,OPEN
COMP018326,CUST012884,FRAUD_ALERT,CLOSED
COMP018327,CUST050297,CARD_ISSUE,OPEN
COMP018328,CUST078061,CARD_ISSUE,OPEN
COMP018329,CUST027112,CARD_ISSUE,OPEN
COMP018330,CUST037670,UPI_ISSUE,CLOSED
COMP018331,CUST075422,FRAUD_ALERT,OPEN
COMP018332,CUST009919,FRAUD_ALERT,CLOSED
COMP018333,CUST004903,CARD_ISSUE,CLOSED
COMP018334,CUST051749,UPI_ISSUE,OPEN
COMP018335,CUST004355,UPI_ISSUE,OPEN
COMP018336,CUST090665,UPI_ISSUE,CLOSED
COMP018337,CUST085970,UPI_ISSUE,CLOSED
COMP018338,CUST060839,LOAN_ISSUE,OPEN
COMP018339,CUST044558,LOAN_ISSUE,OPEN
COMP018340,CUST067173,LOAN_ISSUE,OPEN
COMP018341,CUST015230,FRAUD_ALERT,OPEN
COMP018342,CUST096095,CARD_ISSUE,CLOSED
COMP018343,CUST098994,UPI_ISSUE,OPEN
COMP018344,CUST092122,FRAUD_ALERT,OPEN
COMP018345,CUST010808,UPI_ISSUE,CLOSED
COMP018346,CUST087332,CARD_ISSUE,CLOSED
COMP018347,CUST075232,LOAN_ISSUE,CLOSED
COMP018348,CUST006042,UPI_ISSUE,OPEN
COMP018349,CUST067275,FRAUD_ALERT,CLOSED
COMP018350,CUST082030,CARD_ISSUE,OPEN
COMP018351,CUST005003,FRAUD_ALERT,CLOSED
COMP018352,CUST002995,LOAN_ISSUE,OPEN
COMP018353,CUST003835,LOAN_ISSUE,CLOSED
COMP018354,CUST034650,FRAUD_ALERT,CLOSED
COMP018355,CUST054657,LOAN_ISSUE,OPEN
COMP018356,CUST013810,FRAUD_ALERT,OPEN
COMP018357,CUST063721,UPI_ISSUE,OPEN
COMP018358,CUST084915,UPI_ISSUE,OPEN
COMP018359,CUST043642,FRAUD_ALERT,CLOSED
COMP018360,CUST073200,LOAN_ISSUE,CLOSED
COMP018361,CUST041021,FRAUD_ALERT,CLOSED
COMP018362,CUST067367,FRAUD_ALERT,CLOSED
COMP018363,CUST088650,CARD_ISSUE,CLOSED
COMP018364,CUST006674,LOAN_ISSUE,CLOSED
COMP018365,CUST083256,FRAUD_ALERT,CLOSED
COMP018366,CUST028575,LOAN_ISSUE,OPEN
COMP018367,CUST063480,FRAUD_ALERT,OPEN
COMP018368,CUST070824,FRAUD_ALERT,OPEN
COMP018369,CUST044060,LOAN_ISSUE,OPEN
COMP018370,CUST028004,UPI_ISSUE,CLOSED
COMP018371,CUST000738,CARD_ISSUE,CLOSED
COMP018372,CUST007302,UPI_ISSUE,CLOSED
COMP018373,CUST078407,CARD_ISSUE,CLOSED
COMP018374,CUST085483,UPI_ISSUE,OPEN
COMP018375,CUST057641,UPI_ISSUE,CLOSED
COMP018376,CUST026168,CARD_ISSUE,CLOSED
COMP018377,CUST012600,FRAUD_ALERT,OPEN
COMP018378,CUST044939,CARD_ISSUE,CLOSED
COMP018379,CUST097054,LOAN_ISSUE,OPEN
COMP018380,CUST054144,FRAUD_ALERT,CLOSED
COMP018381,CUST087465,FRAUD_ALERT,OPEN
COMP018382,CUST004994,FRAUD_ALERT,OPEN
COMP018383,CUST004667,FRAUD_ALERT,OPEN
COMP018384,CUST096794,UPI_ISSUE,OPEN
COMP018385,CUST027612,UPI_ISSUE,CLOSED
COMP018386,CUST011966,CARD_ISSUE,OPEN
COMP018387,CUST025589,FRAUD_ALERT,CLOSED
COMP018388,CUST016972,LOAN_ISSUE,CLOSED
COMP018389,CUST059319,UPI_ISSUE,CLOSED
COMP018390,CUST052068,CARD_ISSUE,OPEN
COMP018391,CUST028753,CARD_ISSUE,OPEN
COMP018392,CUST034982,FRAUD_ALERT,OPEN
COMP018393,CUST018268,CARD_ISSUE,CLOSED
COMP018394,CUST038040,UPI_ISSUE,OPEN
COMP018395,CUST079384,FRAUD_ALERT,OPEN
COMP018396,CUST017916,FRAUD_ALERT,CLOSED
COMP018397,CUST072952,CARD_ISSUE,CLOSED
COMP018398,CUST042180,UPI_ISSUE,CLOSED
COMP018399,CUST098978,UPI_ISSUE,CLOSED
COMP018400,CUST033552,FRAUD_ALERT,OPEN
COMP018401,CUST033508,UPI_ISSUE,OPEN
COMP018402,CUST053877,UPI_ISSUE,OPEN
COMP018403,CUST007268,UPI_ISSUE,OPEN
COMP018404,CUST040466,FRAUD_ALERT,OPEN
COMP018405,CUST047013,UPI_ISSUE,CLOSED
COMP018406,CUST039035,LOAN_ISSUE,CLOSED
COMP018407,CUST017880,FRAUD_ALERT,OPEN
COMP018408,CUST055418,CARD_ISSUE,OPEN
COMP018409,CUST021211,CARD_ISSUE,CLOSED
COMP018410,CUST063125,CARD_ISSUE,OPEN
COMP018411,CUST016017,FRAUD_ALERT,OPEN
COMP018412,CUST056090,UPI_ISSUE,OPEN
COMP018413,CUST061903,UPI_ISSUE,CLOSED
COMP018414,CUST036333,CARD_ISSUE,OPEN
COMP018415,CUST058242,CARD_ISSUE,OPEN
COMP018416,CUST037237,UPI_ISSUE,OPEN
COMP018417,CUST024923,LOAN_ISSUE,OPEN
COMP018418,CUST025519,CARD_ISSUE,OPEN
COMP018419,CUST002218,UPI_ISSUE,OPEN
COMP018420,CUST027154,CARD_ISSUE,CLOSED
COMP018421,CUST052564,CARD_ISSUE,CLOSED
COMP018422,CUST049705,UPI_ISSUE,CLOSED
COMP018423,CUST083906,FRAUD_ALERT,CLOSED
COMP018424,CUST098192,CARD_ISSUE,OPEN
COMP018425,CUST087808,LOAN_ISSUE,CLOSED
COMP018426,CUST068304,FRAUD_ALERT,CLOSED
COMP018427,CUST089880,CARD_ISSUE,CLOSED
COMP018428,CUST049280,CARD_ISSUE,CLOSED
COMP018429,CUST026546,LOAN_ISSUE,CLOSED
COMP018430,CUST000326,LOAN_ISSUE,CLOSED
COMP018431,CUST012407,LOAN_ISSUE,CLOSED
COMP018432,CUST014399,UPI_ISSUE,OPEN
COMP018433,CUST082635,CARD_ISSUE,CLOSED
COMP018434,CUST032737,UPI_ISSUE,OPEN
COMP018435,CUST045112,FRAUD_ALERT,OPEN
COMP018436,CUST019364,UPI_ISSUE,OPEN
COMP018437,CUST065702,LOAN_ISSUE,OPEN
COMP018438,CUST093022,CARD_ISSUE,CLOSED
COMP018439,CUST073030,CARD_ISSUE,OPEN
COMP018440,CUST040369,FRAUD_ALERT,CLOSED
COMP018441,CUST058762,UPI_ISSUE,OPEN
COMP018442,CUST035433,UPI_ISSUE,OPEN
COMP018443,CUST037395,LOAN_ISSUE,CLOSED
COMP018444,CUST005608,CARD_ISSUE,OPEN
COMP018445,CUST026341,UPI_ISSUE,OPEN
COMP018446,CUST048621,FRAUD_ALERT,CLOSED
COMP018447,CUST094150,CARD_ISSUE,OPEN
COMP018448,CUST040060,UPI_ISSUE,OPEN
COMP018449,CUST009683,FRAUD_ALERT,CLOSED
COMP018450,CUST076492,CARD_ISSUE,CLOSED
COMP018451,CUST024658,FRAUD_ALERT,OPEN
COMP018452,CUST053475,FRAUD_ALERT,OPEN
COMP018453,CUST025355,LOAN_ISSUE,CLOSED
COMP018454,CUST079773,FRAUD_ALERT,CLOSED
COMP018455,CUST030693,CARD_ISSUE,CLOSED
COMP018456,CUST021083,FRAUD_ALERT,OPEN
COMP018457,CUST083054,LOAN_ISSUE,CLOSED
COMP018458,CUST095942,UPI_ISSUE,CLOSED
COMP018459,CUST009762,FRAUD_ALERT,OPEN
COMP018460,CUST064416,FRAUD_ALERT,CLOSED
COMP018461,CUST028523,UPI_ISSUE,CLOSED
COMP018462,CUST098921,LOAN_ISSUE,OPEN
COMP018463,CUST052389,FRAUD_ALERT,OPEN
COMP018464,CUST073628,UPI_ISSUE,OPEN
COMP018465,CUST019681,CARD_ISSUE,CLOSED
COMP018466,CUST052338,CARD_ISSUE,CLOSED
COMP018467,CUST012641,CARD_ISSUE,CLOSED
COMP018468,CUST041236,CARD_ISSUE,OPEN
COMP018469,CUST020991,CARD_ISSUE,OPEN
COMP018470,CUST003313,FRAUD_ALERT,CLOSED
COMP018471,CUST002670,FRAUD_ALERT,CLOSED
COMP018472,CUST061436,LOAN_ISSUE,CLOSED
COMP018473,CUST000818,LOAN_ISSUE,OPEN
COMP018474,CUST006690,LOAN_ISSUE,OPEN
COMP018475,CUST021944,LOAN_ISSUE,OPEN
COMP018476,CUST069721,CARD_ISSUE,OPEN
COMP018477,CUST048271,FRAUD_ALERT,OPEN
COMP018478,CUST085294,CARD_ISSUE,CLOSED
COMP018479,CUST001463,CARD_ISSUE,OPEN
COMP018480,CUST076423,LOAN_ISSUE,OPEN
COMP018481,CUST035166,CARD_ISSUE,OPEN
COMP018482,CUST081283,UPI_ISSUE,CLOSED
COMP018483,CUST002537,UPI_ISSUE,OPEN
COMP018484,CUST015448,LOAN_ISSUE,CLOSED
COMP018485,CUST040051,UPI_ISSUE,OPEN
COMP018486,CUST025668,FRAUD_ALERT,CLOSED
COMP018487,CUST002330,UPI_ISSUE,CLOSED
COMP018488,CUST078751,LOAN_ISSUE,OPEN
COMP018489,CUST069915,CARD_ISSUE,CLOSED
COMP018490,CUST064944,UPI_ISSUE,CLOSED
COMP018491,CUST023870,CARD_ISSUE,CLOSED
COMP018492,CUST028595,LOAN_ISSUE,OPEN
COMP018493,CUST035341,CARD_ISSUE,CLOSED
COMP018494,CUST083064,CARD_ISSUE,OPEN
COMP018495,CUST002326,UPI_ISSUE,CLOSED
COMP018496,CUST029023,UPI_ISSUE,CLOSED
COMP018497,CUST030288,FRAUD_ALERT,CLOSED
COMP018498,CUST074103,CARD_ISSUE,OPEN
COMP018499,CUST036858,LOAN_ISSUE,CLOSED
COMP018500,CUST089832,FRAUD_ALERT,OPEN
COMP018501,CUST014317,LOAN_ISSUE,OPEN
COMP018502,CUST097709,UPI_ISSUE,OPEN
COMP018503,CUST054422,UPI_ISSUE,OPEN
COMP018504,CUST080261,CARD_ISSUE,OPEN
COMP018505,CUST078245,LOAN_ISSUE,OPEN
COMP018506,CUST089691,UPI_ISSUE,OPEN
COMP018507,CUST059957,LOAN_ISSUE,OPEN
COMP018508,CUST078652,FRAUD_ALERT,CLOSED
COMP018509,CUST010133,FRAUD_ALERT,CLOSED
COMP018510,CUST095896,FRAUD_ALERT,OPEN
COMP018511,CUST072347,CARD_ISSUE,CLOSED
COMP018512,CUST013383,LOAN_ISSUE,CLOSED
COMP018513,CUST023963,CARD_ISSUE,OPEN
COMP018514,CUST016830,FRAUD_ALERT,OPEN
COMP018515,CUST067362,UPI_ISSUE,CLOSED
COMP018516,CUST046470,FRAUD_ALERT,OPEN
COMP018517,CUST061008,LOAN_ISSUE,CLOSED
COMP018518,CUST066197,UPI_ISSUE,OPEN
COMP018519,CUST014798,LOAN_ISSUE,CLOSED
COMP018520,CUST052779,CARD_ISSUE,OPEN
COMP018521,CUST008347,FRAUD_ALERT,CLOSED
COMP018522,CUST090154,FRAUD_ALERT,OPEN
COMP018523,CUST027677,CARD_ISSUE,OPEN
COMP018524,CUST071665,UPI_ISSUE,CLOSED
COMP018525,CUST003167,CARD_ISSUE,OPEN
COMP018526,CUST081241,LOAN_ISSUE,OPEN
COMP018527,CUST008482,CARD_ISSUE,OPEN
COMP018528,CUST052215,UPI_ISSUE,CLOSED
COMP018529,CUST055227,UPI_ISSUE,OPEN
COMP018530,CUST008950,CARD_ISSUE,CLOSED
COMP018531,CUST048450,LOAN_ISSUE,OPEN
COMP018532,CUST096168,FRAUD_ALERT,CLOSED
COMP018533,CUST001570,LOAN_ISSUE,OPEN
COMP018534,CUST024536,FRAUD_ALERT,CLOSED
COMP018535,CUST010651,UPI_ISSUE,OPEN
COMP018536,CUST054301,LOAN_ISSUE,OPEN
COMP018537,CUST079719,CARD_ISSUE,OPEN
COMP018538,CUST031385,UPI_ISSUE,OPEN
COMP018539,CUST019452,FRAUD_ALERT,OPEN
COMP018540,CUST020975,UPI_ISSUE,OPEN
COMP018541,CUST032650,LOAN_ISSUE,OPEN
COMP018542,CUST042831,FRAUD_ALERT,CLOSED
COMP018543,CUST052628,CARD_ISSUE,OPEN
COMP018544,CUST064898,UPI_ISSUE,CLOSED
COMP018545,CUST021506,FRAUD_ALERT,OPEN
COMP018546,CUST002781,FRAUD_ALERT,CLOSED
COMP018547,CUST070109,CARD_ISSUE,CLOSED
COMP018548,CUST002910,LOAN_ISSUE,CLOSED
COMP018549,CUST028228,FRAUD_ALERT,CLOSED
COMP018550,CUST043790,UPI_ISSUE,OPEN
COMP018551,CUST013085,UPI_ISSUE,CLOSED
COMP018552,CUST010638,UPI_ISSUE,CLOSED
COMP018553,CUST000882,LOAN_ISSUE,OPEN
COMP018554,CUST024162,CARD_ISSUE,OPEN
COMP018555,CUST099109,FRAUD_ALERT,CLOSED
COMP018556,CUST042472,FRAUD_ALERT,CLOSED
COMP018557,CUST097984,FRAUD_ALERT,CLOSED
COMP018558,CUST016833,FRAUD_ALERT,OPEN
COMP018559,CUST062722,UPI_ISSUE,OPEN
COMP018560,CUST081994,FRAUD_ALERT,CLOSED
COMP018561,CUST053294,LOAN_ISSUE,CLOSED
COMP018562,CUST070543,LOAN_ISSUE,CLOSED
COMP018563,CUST017457,UPI_ISSUE,OPEN
COMP018564,CUST091363,UPI_ISSUE,CLOSED
COMP018565,CUST062155,FRAUD_ALERT,CLOSED
COMP018566,CUST028837,CARD_ISSUE,OPEN
COMP018567,CUST051491,UPI_ISSUE,CLOSED
COMP018568,CUST019485,UPI_ISSUE,CLOSED
COMP018569,CUST049256,FRAUD_ALERT,CLOSED
COMP018570,CUST000464,FRAUD_ALERT,OPEN
COMP018571,CUST037112,LOAN_ISSUE,OPEN
COMP018572,CUST003861,UPI_ISSUE,OPEN
COMP018573,CUST033183,CARD_ISSUE,CLOSED
COMP018574,CUST005430,LOAN_ISSUE,CLOSED
COMP018575,CUST004320,FRAUD_ALERT,CLOSED
COMP018576,CUST009699,CARD_ISSUE,OPEN
COMP018577,CUST050408,UPI_ISSUE,CLOSED
COMP018578,CUST095844,LOAN_ISSUE,OPEN
COMP018579,CUST026993,LOAN_ISSUE,CLOSED
COMP018580,CUST083084,FRAUD_ALERT,CLOSED
COMP018581,CUST066072,LOAN_ISSUE,OPEN
COMP018582,CUST010376,LOAN_ISSUE,CLOSED
COMP018583,CUST050872,LOAN_ISSUE,OPEN
COMP018584,CUST075386,UPI_ISSUE,OPEN
COMP018585,CUST079371,FRAUD_ALERT,OPEN
COMP018586,CUST058170,FRAUD_ALERT,CLOSED
COMP018587,CUST000610,LOAN_ISSUE,CLOSED
COMP018588,CUST053099,UPI_ISSUE,OPEN
COMP018589,CUST003547,UPI_ISSUE,OPEN
COMP018590,CUST028786,CARD_ISSUE,CLOSED
COMP018591,CUST013574,UPI_ISSUE,CLOSED
COMP018592,CUST066939,CARD_ISSUE,OPEN
COMP018593,CUST016932,LOAN_ISSUE,CLOSED
COMP018594,CUST013069,UPI_ISSUE,CLOSED
COMP018595,CUST059862,UPI_ISSUE,OPEN
COMP018596,CUST003547,FRAUD_ALERT,CLOSED
COMP018597,CUST043135,LOAN_ISSUE,CLOSED
COMP018598,CUST063952,LOAN_ISSUE,CLOSED
COMP018599,CUST007910,LOAN_ISSUE,CLOSED
COMP018600,CUST078583,LOAN_ISSUE,CLOSED
COMP018601,CUST059243,LOAN_ISSUE,CLOSED
COMP018602,CUST048709,UPI_ISSUE,OPEN
COMP018603,CUST084921,FRAUD_ALERT,OPEN
COMP018604,CUST054363,CARD_ISSUE,OPEN
COMP018605,CUST028895,LOAN_ISSUE,OPEN
COMP018606,CUST048805,CARD_ISSUE,OPEN
COMP018607,CUST051469,UPI_ISSUE,CLOSED
COMP018608,CUST055935,FRAUD_ALERT,CLOSED
COMP018609,CUST094556,LOAN_ISSUE,CLOSED
COMP018610,CUST069972,UPI_ISSUE,OPEN
COMP018611,CUST059268,UPI_ISSUE,CLOSED
COMP018612,CUST004350,LOAN_ISSUE,OPEN
COMP018613,CUST097253,FRAUD_ALERT,CLOSED
COMP018614,CUST000078,FRAUD_ALERT,CLOSED
COMP018615,CUST003680,FRAUD_ALERT,OPEN
COMP018616,CUST015325,LOAN_ISSUE,CLOSED
COMP018617,CUST017257,LOAN_ISSUE,CLOSED
COMP018618,CUST083139,CARD_ISSUE,OPEN
COMP018619,CUST099376,FRAUD_ALERT,OPEN
COMP018620,CUST019163,LOAN_ISSUE,CLOSED
COMP018621,CUST043311,FRAUD_ALERT,OPEN
COMP018622,CUST091484,CARD_ISSUE,CLOSED
COMP018623,CUST073861,FRAUD_ALERT,CLOSED
COMP018624,CUST081499,FRAUD_ALERT,OPEN
COMP018625,CUST023940,CARD_ISSUE,OPEN
COMP018626,CUST034696,UPI_ISSUE,CLOSED
COMP018627,CUST017019,UPI_ISSUE,CLOSED
COMP018628,CUST077561,LOAN_ISSUE,OPEN
COMP018629,CUST002490,UPI_ISSUE,CLOSED
COMP018630,CUST052496,UPI_ISSUE,CLOSED
COMP018631,CUST054328,UPI_ISSUE,OPEN
COMP018632,CUST041239,LOAN_ISSUE,CLOSED
COMP018633,CUST090768,LOAN_ISSUE,CLOSED
COMP018634,CUST011467,FRAUD_ALERT,CLOSED
COMP018635,CUST039341,CARD_ISSUE,OPEN
COMP018636,CUST063326,UPI_ISSUE,CLOSED
COMP018637,CUST016928,FRAUD_ALERT,OPEN
COMP018638,CUST012220,FRAUD_ALERT,CLOSED
COMP018639,CUST099874,LOAN_ISSUE,CLOSED
COMP018640,CUST073605,FRAUD_ALERT,OPEN
COMP018641,CUST071558,CARD_ISSUE,CLOSED
COMP018642,CUST076841,LOAN_ISSUE,CLOSED
COMP018643,CUST051678,LOAN_ISSUE,CLOSED
COMP018644,CUST051465,UPI_ISSUE,CLOSED
COMP018645,CUST013738,CARD_ISSUE,CLOSED
COMP018646,CUST009260,UPI_ISSUE,CLOSED
COMP018647,CUST054983,FRAUD_ALERT,OPEN
COMP018648,CUST083538,UPI_ISSUE,OPEN
COMP018649,CUST008894,UPI_ISSUE,OPEN
COMP018650,CUST072224,UPI_ISSUE,CLOSED
COMP018651,CUST044850,UPI_ISSUE,OPEN
COMP018652,CUST018340,UPI_ISSUE,OPEN
COMP018653,CUST068324,LOAN_ISSUE,OPEN
COMP018654,CUST076815,CARD_ISSUE,OPEN
COMP018655,CUST055194,LOAN_ISSUE,OPEN
COMP018656,CUST026101,LOAN_ISSUE,OPEN
COMP018657,CUST068215,UPI_ISSUE,CLOSED
COMP018658,CUST016489,LOAN_ISSUE,OPEN
COMP018659,CUST012941,FRAUD_ALERT,OPEN
COMP018660,CUST051027,UPI_ISSUE,OPEN
COMP018661,CUST059873,LOAN_ISSUE,CLOSED
COMP018662,CUST032622,FRAUD_ALERT,CLOSED
COMP018663,CUST014335,FRAUD_ALERT,OPEN
COMP018664,CUST095456,LOAN_ISSUE,OPEN
COMP018665,CUST085268,LOAN_ISSUE,CLOSED
COMP018666,CUST077682,FRAUD_ALERT,OPEN
COMP018667,CUST046409,LOAN_ISSUE,CLOSED
COMP018668,CUST015226,FRAUD_ALERT,OPEN
COMP018669,CUST068532,UPI_ISSUE,OPEN
COMP018670,CUST078245,UPI_ISSUE,CLOSED
COMP018671,CUST013232,UPI_ISSUE,CLOSED
COMP018672,CUST066199,UPI_ISSUE,CLOSED
COMP018673,CUST078033,LOAN_ISSUE,CLOSED
COMP018674,CUST058599,UPI_ISSUE,OPEN
COMP018675,CUST018434,UPI_ISSUE,CLOSED
COMP018676,CUST076279,FRAUD_ALERT,CLOSED
COMP018677,CUST052535,FRAUD_ALERT,OPEN
COMP018678,CUST068051,LOAN_ISSUE,CLOSED
COMP018679,CUST015523,FRAUD_ALERT,OPEN
COMP018680,CUST043807,FRAUD_ALERT,OPEN
COMP018681,CUST013346,FRAUD_ALERT,CLOSED
COMP018682,CUST044044,FRAUD_ALERT,OPEN
COMP018683,CUST001158,FRAUD_ALERT,OPEN
COMP018684,CUST093079,CARD_ISSUE,CLOSED
COMP018685,CUST003602,LOAN_ISSUE,CLOSED
COMP018686,CUST068157,LOAN_ISSUE,OPEN
COMP018687,CUST051329,FRAUD_ALERT,OPEN
COMP018688,CUST016236,FRAUD_ALERT,CLOSED
COMP018689,CUST028039,CARD_ISSUE,OPEN
COMP018690,CUST015916,UPI_ISSUE,OPEN
COMP018691,CUST099615,CARD_ISSUE,OPEN
COMP018692,CUST019826,CARD_ISSUE,CLOSED
COMP018693,CUST094896,FRAUD_ALERT,OPEN
COMP018694,CUST097717,UPI_ISSUE,OPEN
COMP018695,CUST041436,FRAUD_ALERT,OPEN
COMP018696,CUST018536,CARD_ISSUE,OPEN
COMP018697,CUST078194,FRAUD_ALERT,OPEN
COMP018698,CUST057057,LOAN_ISSUE,OPEN
COMP018699,CUST068125,UPI_ISSUE,CLOSED
COMP018700,CUST043692,UPI_ISSUE,OPEN
COMP018701,CUST080565,UPI_ISSUE,OPEN
COMP018702,CUST063492,LOAN_ISSUE,CLOSED
COMP018703,CUST042808,UPI_ISSUE,CLOSED
COMP018704,CUST096507,FRAUD_ALERT,CLOSED
COMP018705,CUST094750,LOAN_ISSUE,OPEN
COMP018706,CUST009512,CARD_ISSUE,CLOSED
COMP018707,CUST088871,FRAUD_ALERT,OPEN
COMP018708,CUST029264,LOAN_ISSUE,CLOSED
COMP018709,CUST020249,FRAUD_ALERT,OPEN
COMP018710,CUST034317,LOAN_ISSUE,CLOSED
COMP018711,CUST051312,LOAN_ISSUE,CLOSED
COMP018712,CUST089420,FRAUD_ALERT,OPEN
COMP018713,CUST040414,CARD_ISSUE,OPEN
COMP018714,CUST007025,UPI_ISSUE,OPEN
COMP018715,CUST082373,LOAN_ISSUE,CLOSED
COMP018716,CUST070900,CARD_ISSUE,CLOSED
COMP018717,CUST005007,UPI_ISSUE,OPEN
COMP018718,CUST053184,UPI_ISSUE,OPEN
COMP018719,CUST080660,FRAUD_ALERT,OPEN
COMP018720,CUST013697,UPI_ISSUE,OPEN
COMP018721,CUST055244,UPI_ISSUE,OPEN
COMP018722,CUST010660,LOAN_ISSUE,CLOSED
COMP018723,CUST013393,FRAUD_ALERT,CLOSED
COMP018724,CUST029395,LOAN_ISSUE,CLOSED
COMP018725,CUST001880,FRAUD_ALERT,OPEN
COMP018726,CUST012006,LOAN_ISSUE,CLOSED
COMP018727,CUST029856,CARD_ISSUE,OPEN
COMP018728,CUST084288,FRAUD_ALERT,CLOSED
COMP018729,CUST050214,UPI_ISSUE,CLOSED
COMP018730,CUST018510,CARD_ISSUE,OPEN
COMP018731,CUST037357,UPI_ISSUE,OPEN
COMP018732,CUST026900,CARD_ISSUE,OPEN
COMP018733,CUST002831,CARD_ISSUE,CLOSED
COMP018734,CUST015045,UPI_ISSUE,CLOSED
COMP018735,CUST006674,FRAUD_ALERT,OPEN
COMP018736,CUST004457,UPI_ISSUE,CLOSED
COMP018737,CUST012762,LOAN_ISSUE,CLOSED
COMP018738,CUST059109,LOAN_ISSUE,CLOSED
COMP018739,CUST057329,LOAN_ISSUE,OPEN
COMP018740,CUST072570,UPI_ISSUE,OPEN
COMP018741,CUST085460,FRAUD_ALERT,OPEN
COMP018742,CUST013694,UPI_ISSUE,OPEN
COMP018743,CUST078372,CARD_ISSUE,CLOSED
COMP018744,CUST090160,FRAUD_ALERT,OPEN
COMP018745,CUST022454,CARD_ISSUE,CLOSED
COMP018746,CUST025220,CARD_ISSUE,OPEN
COMP018747,CUST088429,CARD_ISSUE,CLOSED
COMP018748,CUST090823,CARD_ISSUE,CLOSED
COMP018749,CUST098434,CARD_ISSUE,OPEN
COMP018750,CUST048789,FRAUD_ALERT,OPEN
COMP018751,CUST029507,UPI_ISSUE,CLOSED
COMP018752,CUST040107,CARD_ISSUE,OPEN
COMP018753,CUST017565,UPI_ISSUE,OPEN
COMP018754,CUST002474,CARD_ISSUE,OPEN
COMP018755,CUST079336,UPI_ISSUE,CLOSED
COMP018756,CUST024153,FRAUD_ALERT,OPEN
COMP018757,CUST045074,LOAN_ISSUE,CLOSED
COMP018758,CUST068999,UPI_ISSUE,CLOSED
COMP018759,CUST022070,UPI_ISSUE,CLOSED
COMP018760,CUST092478,LOAN_ISSUE,OPEN
COMP018761,CUST013752,FRAUD_ALERT,OPEN
COMP018762,CUST030647,CARD_ISSUE,OPEN
COMP018763,CUST006058,FRAUD_ALERT,CLOSED
COMP018764,CUST026532,FRAUD_ALERT,CLOSED
COMP018765,CUST004709,FRAUD_ALERT,OPEN
COMP018766,CUST090711,UPI_ISSUE,CLOSED
COMP018767,CUST029582,CARD_ISSUE,OPEN
COMP018768,CUST038091,CARD_ISSUE,CLOSED
COMP018769,CUST087776,CARD_ISSUE,OPEN
COMP018770,CUST055869,LOAN_ISSUE,CLOSED
COMP018771,CUST059187,UPI_ISSUE,OPEN
COMP018772,CUST076892,CARD_ISSUE,CLOSED
COMP018773,CUST039385,UPI_ISSUE,OPEN
COMP018774,CUST013381,LOAN_ISSUE,OPEN
COMP018775,CUST094398,FRAUD_ALERT,OPEN
COMP018776,CUST074661,LOAN_ISSUE,OPEN
COMP018777,CUST038749,FRAUD_ALERT,OPEN
COMP018778,CUST019619,UPI_ISSUE,OPEN
COMP018779,CUST089108,UPI_ISSUE,CLOSED
COMP018780,CUST041208,LOAN_ISSUE,CLOSED
COMP018781,CUST022448,UPI_ISSUE,CLOSED
COMP018782,CUST041243,FRAUD_ALERT,CLOSED
COMP018783,CUST055580,FRAUD_ALERT,OPEN
COMP018784,CUST052382,UPI_ISSUE,CLOSED
COMP018785,CUST061229,UPI_ISSUE,CLOSED
COMP018786,CUST071329,LOAN_ISSUE,CLOSED
COMP018787,CUST099042,LOAN_ISSUE,CLOSED
COMP018788,CUST067327,LOAN_ISSUE,CLOSED
COMP018789,CUST045358,UPI_ISSUE,CLOSED
COMP018790,CUST034544,FRAUD_ALERT,OPEN
COMP018791,CUST067482,LOAN_ISSUE,OPEN
COMP018792,CUST055251,UPI_ISSUE,CLOSED
COMP018793,CUST058659,FRAUD_ALERT,OPEN
COMP018794,CUST014517,CARD_ISSUE,OPEN
COMP018795,CUST010830,FRAUD_ALERT,CLOSED
COMP018796,CUST099218,LOAN_ISSUE,CLOSED
COMP018797,CUST020126,FRAUD_ALERT,OPEN
COMP018798,CUST082800,LOAN_ISSUE,CLOSED
COMP018799,CUST020566,CARD_ISSUE,OPEN
COMP018800,CUST072050,UPI_ISSUE,CLOSED
COMP018801,CUST005512,CARD_ISSUE,CLOSED
COMP018802,CUST036725,CARD_ISSUE,OPEN
COMP018803,CUST081690,LOAN_ISSUE,OPEN
COMP018804,CUST016253,UPI_ISSUE,CLOSED
COMP018805,CUST090079,LOAN_ISSUE,CLOSED
COMP018806,CUST010238,CARD_ISSUE,OPEN
COMP018807,CUST081631,FRAUD_ALERT,CLOSED
COMP018808,CUST063453,UPI_ISSUE,OPEN
COMP018809,CUST083989,FRAUD_ALERT,CLOSED
COMP018810,CUST023706,LOAN_ISSUE,CLOSED
COMP018811,CUST063609,FRAUD_ALERT,OPEN
COMP018812,CUST030973,FRAUD_ALERT,OPEN
COMP018813,CUST060306,FRAUD_ALERT,CLOSED
COMP018814,CUST019569,CARD_ISSUE,CLOSED
COMP018815,CUST023478,FRAUD_ALERT,OPEN
COMP018816,CUST014598,FRAUD_ALERT,CLOSED
COMP018817,CUST046874,FRAUD_ALERT,CLOSED
COMP018818,CUST076110,FRAUD_ALERT,OPEN
COMP018819,CUST057878,CARD_ISSUE,CLOSED
COMP018820,CUST081693,CARD_ISSUE,OPEN
COMP018821,CUST046251,UPI_ISSUE,OPEN
COMP018822,CUST063051,UPI_ISSUE,CLOSED
COMP018823,CUST080947,LOAN_ISSUE,OPEN
COMP018824,CUST077594,FRAUD_ALERT,CLOSED
COMP018825,CUST034891,FRAUD_ALERT,CLOSED
COMP018826,CUST078557,CARD_ISSUE,OPEN
COMP018827,CUST035397,UPI_ISSUE,OPEN
COMP018828,CUST035360,FRAUD_ALERT,OPEN
COMP018829,CUST027565,UPI_ISSUE,CLOSED
COMP018830,CUST004231,FRAUD_ALERT,OPEN
COMP018831,CUST044632,UPI_ISSUE,CLOSED
COMP018832,CUST017270,UPI_ISSUE,CLOSED
COMP018833,CUST083147,CARD_ISSUE,CLOSED
COMP018834,CUST028970,CARD_ISSUE,CLOSED
COMP018835,CUST011055,LOAN_ISSUE,CLOSED
COMP018836,CUST028440,UPI_ISSUE,CLOSED
COMP018837,CUST014738,CARD_ISSUE,OPEN
COMP018838,CUST043451,CARD_ISSUE,OPEN
COMP018839,CUST025727,FRAUD_ALERT,OPEN
COMP018840,CUST010599,CARD_ISSUE,CLOSED
COMP018841,CUST030073,FRAUD_ALERT,CLOSED
COMP018842,CUST080439,FRAUD_ALERT,OPEN
COMP018843,CUST075294,FRAUD_ALERT,OPEN
COMP018844,CUST099345,CARD_ISSUE,CLOSED
COMP018845,CUST043411,FRAUD_ALERT,CLOSED
COMP018846,CUST049996,LOAN_ISSUE,CLOSED
COMP018847,CUST007098,FRAUD_ALERT,OPEN
COMP018848,CUST083247,LOAN_ISSUE,OPEN
COMP018849,CUST002907,LOAN_ISSUE,CLOSED
COMP018850,CUST025976,CARD_ISSUE,OPEN
COMP018851,CUST010847,UPI_ISSUE,OPEN
COMP018852,CUST077645,CARD_ISSUE,OPEN
COMP018853,CUST034203,FRAUD_ALERT,CLOSED
COMP018854,CUST070839,LOAN_ISSUE,OPEN
COMP018855,CUST006563,LOAN_ISSUE,CLOSED
COMP018856,CUST059514,UPI_ISSUE,OPEN
COMP018857,CUST070863,CARD_ISSUE,OPEN
COMP018858,CUST079765,CARD_ISSUE,CLOSED
COMP018859,CUST021778,UPI_ISSUE,OPEN
COMP018860,CUST091517,UPI_ISSUE,CLOSED
COMP018861,CUST034461,CARD_ISSUE,OPEN
COMP018862,CUST016990,UPI_ISSUE,OPEN
COMP018863,CUST041927,LOAN_ISSUE,CLOSED
COMP018864,CUST087428,LOAN_ISSUE,OPEN
COMP018865,CUST087344,CARD_ISSUE,OPEN
COMP018866,CUST097653,LOAN_ISSUE,OPEN
COMP018867,CUST082182,FRAUD_ALERT,OPEN
COMP018868,CUST049871,LOAN_ISSUE,OPEN
COMP018869,CUST057965,CARD_ISSUE,OPEN
COMP018870,CUST009809,LOAN_ISSUE,OPEN
COMP018871,CUST045015,CARD_ISSUE,CLOSED
COMP018872,CUST059417,FRAUD_ALERT,OPEN
COMP018873,CUST059620,FRAUD_ALERT,OPEN
COMP018874,CUST007220,CARD_ISSUE,OPEN
COMP018875,CUST035860,UPI_ISSUE,CLOSED
COMP018876,CUST046059,FRAUD_ALERT,CLOSED
COMP018877,CUST029842,LOAN_ISSUE,OPEN
COMP018878,CUST014769,UPI_ISSUE,OPEN
COMP018879,CUST023479,UPI_ISSUE,CLOSED
COMP018880,CUST050628,UPI_ISSUE,OPEN
COMP018881,CUST029378,CARD_ISSUE,OPEN
COMP018882,CUST070548,FRAUD_ALERT,CLOSED
COMP018883,CUST013086,CARD_ISSUE,CLOSED
COMP018884,CUST028943,UPI_ISSUE,CLOSED
COMP018885,CUST084884,CARD_ISSUE,OPEN
COMP018886,CUST090326,LOAN_ISSUE,OPEN
COMP018887,CUST006948,UPI_ISSUE,OPEN
COMP018888,CUST033576,LOAN_ISSUE,CLOSED
COMP018889,CUST097596,CARD_ISSUE,CLOSED
COMP018890,CUST044188,LOAN_ISSUE,OPEN
COMP018891,CUST089503,FRAUD_ALERT,OPEN
COMP018892,CUST046360,CARD_ISSUE,OPEN
COMP018893,CUST097836,FRAUD_ALERT,OPEN
COMP018894,CUST054619,UPI_ISSUE,OPEN
COMP018895,CUST013337,CARD_ISSUE,CLOSED
COMP018896,CUST029642,FRAUD_ALERT,CLOSED
COMP018897,CUST078794,CARD_ISSUE,CLOSED
COMP018898,CUST083283,UPI_ISSUE,OPEN
COMP018899,CUST039138,CARD_ISSUE,CLOSED
COMP018900,CUST039432,CARD_ISSUE,CLOSED
COMP018901,CUST009514,FRAUD_ALERT,CLOSED
COMP018902,CUST025214,FRAUD_ALERT,OPEN
COMP018903,CUST017029,FRAUD_ALERT,OPEN
COMP018904,CUST048005,LOAN_ISSUE,CLOSED
COMP018905,CUST032539,CARD_ISSUE,CLOSED
COMP018906,CUST037713,CARD_ISSUE,CLOSED
COMP018907,CUST084639,FRAUD_ALERT,CLOSED
COMP018908,CUST029507,LOAN_ISSUE,CLOSED
COMP018909,CUST061444,FRAUD_ALERT,OPEN
COMP018910,CUST044768,LOAN_ISSUE,OPEN
COMP018911,CUST036871,CARD_ISSUE,OPEN
COMP018912,CUST061218,FRAUD_ALERT,CLOSED
COMP018913,CUST087255,CARD_ISSUE,OPEN
COMP018914,CUST094584,FRAUD_ALERT,CLOSED
COMP018915,CUST063293,UPI_ISSUE,CLOSED
COMP018916,CUST099332,FRAUD_ALERT,CLOSED
COMP018917,CUST008514,FRAUD_ALERT,OPEN
COMP018918,CUST005654,CARD_ISSUE,OPEN
COMP018919,CUST013796,UPI_ISSUE,OPEN
COMP018920,CUST073240,FRAUD_ALERT,OPEN
COMP018921,CUST046620,LOAN_ISSUE,CLOSED
COMP018922,CUST047717,FRAUD_ALERT,OPEN
COMP018923,CUST069302,UPI_ISSUE,OPEN
COMP018924,CUST016611,UPI_ISSUE,CLOSED
COMP018925,CUST029621,CARD_ISSUE,CLOSED
COMP018926,CUST025045,UPI_ISSUE,CLOSED
COMP018927,CUST020615,FRAUD_ALERT,OPEN
COMP018928,CUST020524,FRAUD_ALERT,CLOSED
COMP018929,CUST034008,LOAN_ISSUE,OPEN
COMP018930,CUST057438,UPI_ISSUE,OPEN
COMP018931,CUST046701,LOAN_ISSUE,OPEN
COMP018932,CUST065122,UPI_ISSUE,OPEN
COMP018933,CUST046500,CARD_ISSUE,CLOSED
COMP018934,CUST060823,UPI_ISSUE,OPEN
COMP018935,CUST075129,UPI_ISSUE,OPEN
COMP018936,CUST060784,FRAUD_ALERT,OPEN
COMP018937,CUST036060,FRAUD_ALERT,CLOSED
COMP018938,CUST052357,CARD_ISSUE,CLOSED
COMP018939,CUST027377,CARD_ISSUE,CLOSED
COMP018940,CUST041929,FRAUD_ALERT,CLOSED
COMP018941,CUST013983,UPI_ISSUE,OPEN
COMP018942,CUST084754,UPI_ISSUE,OPEN
COMP018943,CUST005397,FRAUD_ALERT,OPEN
COMP018944,CUST035639,LOAN_ISSUE,OPEN
COMP018945,CUST083294,CARD_ISSUE,CLOSED
COMP018946,CUST065454,LOAN_ISSUE,CLOSED
COMP018947,CUST016318,LOAN_ISSUE,OPEN
COMP018948,CUST063975,CARD_ISSUE,OPEN
COMP018949,CUST060212,CARD_ISSUE,CLOSED
COMP018950,CUST008132,LOAN_ISSUE,OPEN
COMP018951,CUST060259,FRAUD_ALERT,CLOSED
COMP018952,CUST092633,LOAN_ISSUE,OPEN
COMP018953,CUST033014,UPI_ISSUE,OPEN
COMP018954,CUST042002,CARD_ISSUE,OPEN
COMP018955,CUST094735,LOAN_ISSUE,CLOSED
COMP018956,CUST004055,LOAN_ISSUE,CLOSED
COMP018957,CUST082985,FRAUD_ALERT,OPEN
COMP018958,CUST017360,FRAUD_ALERT,CLOSED
COMP018959,CUST096984,FRAUD_ALERT,CLOSED
COMP018960,CUST069913,LOAN_ISSUE,CLOSED
COMP018961,CUST071740,UPI_ISSUE,OPEN
COMP018962,CUST041815,LOAN_ISSUE,CLOSED
COMP018963,CUST009038,CARD_ISSUE,OPEN
COMP018964,CUST098333,CARD_ISSUE,OPEN
COMP018965,CUST078879,LOAN_ISSUE,OPEN
COMP018966,CUST058799,UPI_ISSUE,OPEN
COMP018967,CUST023844,LOAN_ISSUE,CLOSED
COMP018968,CUST063730,UPI_ISSUE,OPEN
COMP018969,CUST048233,FRAUD_ALERT,OPEN
COMP018970,CUST087137,CARD_ISSUE,OPEN
COMP018971,CUST089847,UPI_ISSUE,OPEN
COMP018972,CUST017975,UPI_ISSUE,OPEN
COMP018973,CUST028997,FRAUD_ALERT,OPEN
COMP018974,CUST056239,UPI_ISSUE,OPEN
COMP018975,CUST058284,LOAN_ISSUE,OPEN
COMP018976,CUST032974,UPI_ISSUE,OPEN
COMP018977,CUST013080,FRAUD_ALERT,OPEN
COMP018978,CUST057615,UPI_ISSUE,CLOSED
COMP018979,CUST067526,UPI_ISSUE,CLOSED
COMP018980,CUST014059,LOAN_ISSUE,CLOSED
COMP018981,CUST085358,CARD_ISSUE,OPEN
COMP018982,CUST099149,FRAUD_ALERT,OPEN
COMP018983,CUST082417,CARD_ISSUE,CLOSED
COMP018984,CUST010625,UPI_ISSUE,OPEN
COMP018985,CUST073912,FRAUD_ALERT,CLOSED
COMP018986,CUST062814,FRAUD_ALERT,CLOSED
COMP018987,CUST006446,UPI_ISSUE,CLOSED
COMP018988,CUST048309,UPI_ISSUE,CLOSED
COMP018989,CUST000766,LOAN_ISSUE,OPEN
COMP018990,CUST081926,CARD_ISSUE,OPEN
COMP018991,CUST031309,CARD_ISSUE,OPEN
COMP018992,CUST017972,UPI_ISSUE,OPEN
COMP018993,CUST014222,LOAN_ISSUE,OPEN
COMP018994,CUST060772,LOAN_ISSUE,OPEN
COMP018995,CUST072733,LOAN_ISSUE,OPEN
COMP018996,CUST018428,UPI_ISSUE,OPEN
COMP018997,CUST071998,LOAN_ISSUE,CLOSED
COMP018998,CUST034458,LOAN_ISSUE,CLOSED
COMP018999,CUST057385,CARD_ISSUE,OPEN
COMP019000,CUST024946,CARD_ISSUE,OPEN
COMP019001,CUST026568,CARD_ISSUE,CLOSED
COMP019002,CUST068059,LOAN_ISSUE,CLOSED
COMP019003,CUST072174,FRAUD_ALERT,CLOSED
COMP019004,CUST013483,FRAUD_ALERT,OPEN
COMP019005,CUST065415,CARD_ISSUE,OPEN
COMP019006,CUST007578,LOAN_ISSUE,OPEN
COMP019007,CUST047105,LOAN_ISSUE,CLOSED
COMP019008,CUST046182,UPI_ISSUE,OPEN
COMP019009,CUST072129,UPI_ISSUE,OPEN
COMP019010,CUST083645,FRAUD_ALERT,OPEN
COMP019011,CUST087408,LOAN_ISSUE,CLOSED
COMP019012,CUST032540,FRAUD_ALERT,OPEN
COMP019013,CUST001538,LOAN_ISSUE,OPEN
COMP019014,CUST011952,UPI_ISSUE,OPEN
COMP019015,CUST053908,UPI_ISSUE,OPEN
COMP019016,CUST022577,CARD_ISSUE,OPEN
COMP019017,CUST098952,UPI_ISSUE,OPEN
COMP019018,CUST001336,UPI_ISSUE,OPEN
COMP019019,CUST064684,CARD_ISSUE,OPEN
COMP019020,CUST038453,FRAUD_ALERT,OPEN
COMP019021,CUST009120,UPI_ISSUE,OPEN
COMP019022,CUST014733,UPI_ISSUE,CLOSED
COMP019023,CUST062780,LOAN_ISSUE,OPEN
COMP019024,CUST078780,CARD_ISSUE,OPEN
COMP019025,CUST009947,CARD_ISSUE,CLOSED
COMP019026,CUST040803,CARD_ISSUE,OPEN
COMP019027,CUST044699,CARD_ISSUE,OPEN
COMP019028,CUST022509,FRAUD_ALERT,CLOSED
COMP019029,CUST035772,FRAUD_ALERT,OPEN
COMP019030,CUST051237,LOAN_ISSUE,OPEN
COMP019031,CUST092011,CARD_ISSUE,CLOSED
COMP019032,CUST070843,FRAUD_ALERT,CLOSED
COMP019033,CUST060881,CARD_ISSUE,OPEN
COMP019034,CUST073766,FRAUD_ALERT,OPEN
COMP019035,CUST065086,LOAN_ISSUE,CLOSED
COMP019036,CUST044781,FRAUD_ALERT,OPEN
COMP019037,CUST054277,LOAN_ISSUE,CLOSED
COMP019038,CUST054763,FRAUD_ALERT,CLOSED
COMP019039,CUST028685,FRAUD_ALERT,CLOSED
COMP019040,CUST099260,CARD_ISSUE,OPEN
COMP019041,CUST031875,CARD_ISSUE,OPEN
COMP019042,CUST077301,LOAN_ISSUE,OPEN
COMP019043,CUST075669,CARD_ISSUE,OPEN
COMP019044,CUST088033,FRAUD_ALERT,OPEN
COMP019045,CUST070568,LOAN_ISSUE,OPEN
COMP019046,CUST015714,FRAUD_ALERT,OPEN
COMP019047,CUST020272,LOAN_ISSUE,CLOSED
COMP019048,CUST097743,CARD_ISSUE,CLOSED
COMP019049,CUST095228,LOAN_ISSUE,OPEN
COMP019050,CUST007559,CARD_ISSUE,CLOSED
COMP019051,CUST001144,FRAUD_ALERT,CLOSED
COMP019052,CUST058871,LOAN_ISSUE,CLOSED
COMP019053,CUST065401,FRAUD_ALERT,CLOSED
COMP019054,CUST060520,CARD_ISSUE,OPEN
COMP019055,CUST050450,CARD_ISSUE,CLOSED
COMP019056,CUST051036,UPI_ISSUE,OPEN
COMP019057,CUST044308,LOAN_ISSUE,CLOSED
COMP019058,CUST059244,CARD_ISSUE,OPEN
COMP019059,CUST074071,CARD_ISSUE,CLOSED
COMP019060,CUST018737,UPI_ISSUE,OPEN
COMP019061,CUST011209,FRAUD_ALERT,OPEN
COMP019062,CUST098973,LOAN_ISSUE,OPEN
COMP019063,CUST074596,LOAN_ISSUE,CLOSED
COMP019064,CUST032354,UPI_ISSUE,CLOSED
COMP019065,CUST054316,LOAN_ISSUE,CLOSED
COMP019066,CUST070203,LOAN_ISSUE,OPEN
COMP019067,CUST054375,FRAUD_ALERT,CLOSED
COMP019068,CUST084060,LOAN_ISSUE,CLOSED
COMP019069,CUST005860,CARD_ISSUE,CLOSED
COMP019070,CUST011139,UPI_ISSUE,CLOSED
COMP019071,CUST059740,UPI_ISSUE,CLOSED
COMP019072,CUST060620,LOAN_ISSUE,OPEN
COMP019073,CUST094257,UPI_ISSUE,CLOSED
COMP019074,CUST085913,LOAN_ISSUE,CLOSED
COMP019075,CUST093064,CARD_ISSUE,OPEN
COMP019076,CUST038078,FRAUD_ALERT,OPEN
COMP019077,CUST086360,LOAN_ISSUE,OPEN
COMP019078,CUST026954,UPI_ISSUE,OPEN
COMP019079,CUST006539,LOAN_ISSUE,OPEN
COMP019080,CUST061799,LOAN_ISSUE,OPEN
COMP019081,CUST016982,CARD_ISSUE,OPEN
COMP019082,CUST042179,UPI_ISSUE,CLOSED
COMP019083,CUST034984,CARD_ISSUE,CLOSED
COMP019084,CUST086605,LOAN_ISSUE,CLOSED
COMP019085,CUST000933,LOAN_ISSUE,OPEN
COMP019086,CUST008622,FRAUD_ALERT,OPEN
COMP019087,CUST093681,FRAUD_ALERT,OPEN
COMP019088,CUST074087,FRAUD_ALERT,CLOSED
COMP019089,CUST008478,CARD_ISSUE,CLOSED
COMP019090,CUST084915,UPI_ISSUE,OPEN
COMP019091,CUST096228,CARD_ISSUE,CLOSED
COMP019092,CUST080817,CARD_ISSUE,OPEN
COMP019093,CUST014085,UPI_ISSUE,CLOSED
COMP019094,CUST011159,UPI_ISSUE,OPEN
COMP019095,CUST080390,UPI_ISSUE,CLOSED
COMP019096,CUST010135,UPI_ISSUE,CLOSED
COMP019097,CUST060367,FRAUD_ALERT,CLOSED
COMP019098,CUST016775,CARD_ISSUE,OPEN
COMP019099,CUST067552,FRAUD_ALERT,CLOSED
COMP019100,CUST045703,LOAN_ISSUE,CLOSED
COMP019101,CUST088674,UPI_ISSUE,OPEN
COMP019102,CUST096467,FRAUD_ALERT,CLOSED
COMP019103,CUST098954,CARD_ISSUE,CLOSED
COMP019104,CUST025573,FRAUD_ALERT,CLOSED
COMP019105,CUST003048,CARD_ISSUE,CLOSED
COMP019106,CUST072639,CARD_ISSUE,CLOSED
COMP019107,CUST076956,UPI_ISSUE,OPEN
COMP019108,CUST041039,UPI_ISSUE,CLOSED
COMP019109,CUST053230,LOAN_ISSUE,OPEN
COMP019110,CUST087957,UPI_ISSUE,OPEN
COMP019111,CUST052876,FRAUD_ALERT,OPEN
COMP019112,CUST096048,UPI_ISSUE,CLOSED
COMP019113,CUST033461,FRAUD_ALERT,OPEN
COMP019114,CUST021257,CARD_ISSUE,CLOSED
COMP019115,CUST040660,CARD_ISSUE,CLOSED
COMP019116,CUST077508,FRAUD_ALERT,OPEN
COMP019117,CUST026870,FRAUD_ALERT,CLOSED
COMP019118,CUST036019,UPI_ISSUE,OPEN
COMP019119,CUST031194,FRAUD_ALERT,CLOSED
COMP019120,CUST023952,LOAN_ISSUE,OPEN
COMP019121,CUST055947,CARD_ISSUE,OPEN
COMP019122,CUST026986,CARD_ISSUE,OPEN
COMP019123,CUST095116,UPI_ISSUE,OPEN
COMP019124,CUST095201,FRAUD_ALERT,CLOSED
COMP019125,CUST065258,LOAN_ISSUE,CLOSED
COMP019126,CUST075144,LOAN_ISSUE,OPEN
COMP019127,CUST059921,FRAUD_ALERT,CLOSED
COMP019128,CUST051655,CARD_ISSUE,OPEN
COMP019129,CUST067899,CARD_ISSUE,OPEN
COMP019130,CUST014098,FRAUD_ALERT,OPEN
COMP019131,CUST080454,UPI_ISSUE,OPEN
COMP019132,CUST067551,FRAUD_ALERT,OPEN
COMP019133,CUST004157,UPI_ISSUE,OPEN
COMP019134,CUST071432,LOAN_ISSUE,OPEN
COMP019135,CUST059479,LOAN_ISSUE,OPEN
COMP019136,CUST032656,CARD_ISSUE,CLOSED
COMP019137,CUST097036,CARD_ISSUE,CLOSED
COMP019138,CUST032897,UPI_ISSUE,OPEN
COMP019139,CUST045211,FRAUD_ALERT,CLOSED
COMP019140,CUST033257,LOAN_ISSUE,OPEN
COMP019141,CUST095887,CARD_ISSUE,OPEN
COMP019142,CUST038628,LOAN_ISSUE,OPEN
COMP019143,CUST008586,UPI_ISSUE,OPEN
COMP019144,CUST016515,CARD_ISSUE,CLOSED
COMP019145,CUST036487,LOAN_ISSUE,OPEN
COMP019146,CUST017017,LOAN_ISSUE,CLOSED
COMP019147,CUST032591,FRAUD_ALERT,CLOSED
COMP019148,CUST040694,UPI_ISSUE,OPEN
COMP019149,CUST039227,LOAN_ISSUE,OPEN
COMP019150,CUST033742,CARD_ISSUE,OPEN
COMP019151,CUST079502,FRAUD_ALERT,OPEN
COMP019152,CUST056711,CARD_ISSUE,OPEN
COMP019153,CUST064813,FRAUD_ALERT,CLOSED
COMP019154,CUST087090,CARD_ISSUE,CLOSED
COMP019155,CUST057171,LOAN_ISSUE,OPEN
COMP019156,CUST084453,UPI_ISSUE,CLOSED
COMP019157,CUST008988,UPI_ISSUE,CLOSED
COMP019158,CUST041100,CARD_ISSUE,CLOSED
COMP019159,CUST066972,LOAN_ISSUE,OPEN
COMP019160,CUST024324,LOAN_ISSUE,OPEN
COMP019161,CUST056298,CARD_ISSUE,CLOSED
COMP019162,CUST090509,UPI_ISSUE,OPEN
COMP019163,CUST041719,CARD_ISSUE,CLOSED
COMP019164,CUST034456,CARD_ISSUE,CLOSED
COMP019165,CUST095364,CARD_ISSUE,CLOSED
COMP019166,CUST088830,LOAN_ISSUE,OPEN
COMP019167,CUST058012,UPI_ISSUE,CLOSED
COMP019168,CUST034696,LOAN_ISSUE,CLOSED
COMP019169,CUST013837,CARD_ISSUE,OPEN
COMP019170,CUST056097,CARD_ISSUE,OPEN
COMP019171,CUST004096,FRAUD_ALERT,OPEN
COMP019172,CUST072287,LOAN_ISSUE,CLOSED
COMP019173,CUST075390,LOAN_ISSUE,OPEN
COMP019174,CUST033465,CARD_ISSUE,OPEN
COMP019175,CUST059973,LOAN_ISSUE,CLOSED
COMP019176,CUST077713,FRAUD_ALERT,OPEN
COMP019177,CUST078558,FRAUD_ALERT,OPEN
COMP019178,CUST004816,CARD_ISSUE,CLOSED
COMP019179,CUST042051,UPI_ISSUE,CLOSED
COMP019180,CUST081655,CARD_ISSUE,CLOSED
COMP019181,CUST067131,LOAN_ISSUE,CLOSED
COMP019182,CUST091019,UPI_ISSUE,OPEN
COMP019183,CUST043035,FRAUD_ALERT,OPEN
COMP019184,CUST055229,FRAUD_ALERT,OPEN
COMP019185,CUST075358,UPI_ISSUE,CLOSED
COMP019186,CUST031181,FRAUD_ALERT,CLOSED
COMP019187,CUST019126,FRAUD_ALERT,OPEN
COMP019188,CUST071458,CARD_ISSUE,CLOSED
COMP019189,CUST005908,LOAN_ISSUE,CLOSED
COMP019190,CUST095385,CARD_ISSUE,OPEN
COMP019191,CUST037910,CARD_ISSUE,CLOSED
COMP019192,CUST089310,CARD_ISSUE,CLOSED
COMP019193,CUST095337,FRAUD_ALERT,CLOSED
COMP019194,CUST080073,LOAN_ISSUE,OPEN
COMP019195,CUST021776,UPI_ISSUE,CLOSED
COMP019196,CUST063202,LOAN_ISSUE,OPEN
COMP019197,CUST001397,UPI_ISSUE,OPEN
COMP019198,CUST073503,UPI_ISSUE,CLOSED
COMP019199,CUST071203,FRAUD_ALERT,OPEN
COMP019200,CUST097963,FRAUD_ALERT,OPEN
COMP019201,CUST088626,LOAN_ISSUE,OPEN
COMP019202,CUST077654,UPI_ISSUE,OPEN
COMP019203,CUST052177,CARD_ISSUE,OPEN
COMP019204,CUST049114,LOAN_ISSUE,OPEN
COMP019205,CUST040952,CARD_ISSUE,CLOSED
COMP019206,CUST064691,CARD_ISSUE,CLOSED
COMP019207,CUST024503,FRAUD_ALERT,OPEN
COMP019208,CUST073337,LOAN_ISSUE,OPEN
COMP019209,CUST043445,FRAUD_ALERT,OPEN
COMP019210,CUST061079,LOAN_ISSUE,OPEN
COMP019211,CUST033652,LOAN_ISSUE,OPEN
COMP019212,CUST056126,UPI_ISSUE,OPEN
COMP019213,CUST041528,UPI_ISSUE,CLOSED
COMP019214,CUST023976,UPI_ISSUE,CLOSED
COMP019215,CUST091892,FRAUD_ALERT,CLOSED
COMP019216,CUST038941,FRAUD_ALERT,OPEN
COMP019217,CUST031676,UPI_ISSUE,OPEN
COMP019218,CUST089423,LOAN_ISSUE,OPEN
COMP019219,CUST096171,LOAN_ISSUE,CLOSED
COMP019220,CUST011386,LOAN_ISSUE,OPEN
COMP019221,CUST069499,LOAN_ISSUE,OPEN
COMP019222,CUST003188,FRAUD_ALERT,OPEN
COMP019223,CUST064192,LOAN_ISSUE,OPEN
COMP019224,CUST079680,CARD_ISSUE,CLOSED
COMP019225,CUST072224,FRAUD_ALERT,OPEN
COMP019226,CUST041180,CARD_ISSUE,CLOSED
COMP019227,CUST015512,LOAN_ISSUE,CLOSED
COMP019228,CUST000182,LOAN_ISSUE,CLOSED
COMP019229,CUST083172,CARD_ISSUE,CLOSED
COMP019230,CUST016674,CARD_ISSUE,OPEN
COMP019231,CUST016314,LOAN_ISSUE,CLOSED
COMP019232,CUST020497,FRAUD_ALERT,OPEN
COMP019233,CUST062236,FRAUD_ALERT,CLOSED
COMP019234,CUST034140,UPI_ISSUE,OPEN
COMP019235,CUST034338,LOAN_ISSUE,CLOSED
COMP019236,CUST076234,UPI_ISSUE,CLOSED
COMP019237,CUST043507,LOAN_ISSUE,CLOSED
COMP019238,CUST065569,CARD_ISSUE,OPEN
COMP019239,CUST092112,LOAN_ISSUE,CLOSED
COMP019240,CUST094991,FRAUD_ALERT,CLOSED
COMP019241,CUST018231,CARD_ISSUE,CLOSED
COMP019242,CUST089943,UPI_ISSUE,CLOSED
COMP019243,CUST075389,CARD_ISSUE,CLOSED
COMP019244,CUST075735,LOAN_ISSUE,CLOSED
COMP019245,CUST038422,CARD_ISSUE,OPEN
COMP019246,CUST039136,LOAN_ISSUE,OPEN
COMP019247,CUST053862,UPI_ISSUE,OPEN
COMP019248,CUST068449,UPI_ISSUE,CLOSED
COMP019249,CUST086585,UPI_ISSUE,CLOSED
COMP019250,CUST037442,CARD_ISSUE,OPEN
COMP019251,CUST055470,CARD_ISSUE,OPEN
COMP019252,CUST093560,LOAN_ISSUE,CLOSED
COMP019253,CUST029763,FRAUD_ALERT,OPEN
COMP019254,CUST042526,FRAUD_ALERT,OPEN
COMP019255,CUST049073,UPI_ISSUE,OPEN
COMP019256,CUST094292,CARD_ISSUE,CLOSED
COMP019257,CUST032909,LOAN_ISSUE,CLOSED
COMP019258,CUST058013,CARD_ISSUE,OPEN
COMP019259,CUST055133,FRAUD_ALERT,OPEN
COMP019260,CUST070419,CARD_ISSUE,CLOSED
COMP019261,CUST014836,FRAUD_ALERT,OPEN
COMP019262,CUST007608,UPI_ISSUE,CLOSED
COMP019263,CUST043672,UPI_ISSUE,CLOSED
COMP019264,CUST057080,UPI_ISSUE,OPEN
COMP019265,CUST019359,LOAN_ISSUE,CLOSED
COMP019266,CUST027428,CARD_ISSUE,CLOSED
COMP019267,CUST081939,FRAUD_ALERT,CLOSED
COMP019268,CUST048472,LOAN_ISSUE,CLOSED
COMP019269,CUST008207,UPI_ISSUE,OPEN
COMP019270,CUST016299,CARD_ISSUE,CLOSED
COMP019271,CUST063793,UPI_ISSUE,OPEN
COMP019272,CUST021325,LOAN_ISSUE,CLOSED
COMP019273,CUST084363,FRAUD_ALERT,OPEN
COMP019274,CUST046391,UPI_ISSUE,CLOSED
COMP019275,CUST070022,UPI_ISSUE,CLOSED
COMP019276,CUST080507,UPI_ISSUE,CLOSED
COMP019277,CUST067596,LOAN_ISSUE,OPEN
COMP019278,CUST087936,UPI_ISSUE,CLOSED
COMP019279,CUST055656,CARD_ISSUE,OPEN
COMP019280,CUST017984,CARD_ISSUE,OPEN
COMP019281,CUST096712,FRAUD_ALERT,CLOSED
COMP019282,CUST071687,FRAUD_ALERT,OPEN
COMP019283,CUST090583,FRAUD_ALERT,OPEN
COMP019284,CUST056988,CARD_ISSUE,OPEN
COMP019285,CUST060712,CARD_ISSUE,CLOSED
COMP019286,CUST012086,LOAN_ISSUE,CLOSED
COMP019287,CUST072070,FRAUD_ALERT,OPEN
COMP019288,CUST041959,CARD_ISSUE,OPEN
COMP019289,CUST035740,UPI_ISSUE,OPEN
COMP019290,CUST055744,FRAUD_ALERT,CLOSED
COMP019291,CUST037748,FRAUD_ALERT,OPEN
COMP019292,CUST003016,UPI_ISSUE,CLOSED
COMP019293,CUST004741,CARD_ISSUE,CLOSED
COMP019294,CUST085016,UPI_ISSUE,OPEN
COMP019295,CUST014254,CARD_ISSUE,CLOSED
COMP019296,CUST010075,UPI_ISSUE,CLOSED
COMP019297,CUST003103,CARD_ISSUE,OPEN
COMP019298,CUST090166,UPI_ISSUE,OPEN
COMP019299,CUST086192,LOAN_ISSUE,CLOSED
COMP019300,CUST097211,LOAN_ISSUE,OPEN
COMP019301,CUST031412,UPI_ISSUE,OPEN
COMP019302,CUST088183,UPI_ISSUE,CLOSED
COMP019303,CUST069921,UPI_ISSUE,OPEN
COMP019304,CUST070755,CARD_ISSUE,CLOSED
COMP019305,CUST044686,LOAN_ISSUE,CLOSED
COMP019306,CUST089286,CARD_ISSUE,OPEN
COMP019307,CUST046737,FRAUD_ALERT,OPEN
COMP019308,CUST051022,FRAUD_ALERT,OPEN
COMP019309,CUST064552,CARD_ISSUE,OPEN
COMP019310,CUST028473,CARD_ISSUE,OPEN
COMP019311,CUST086185,CARD_ISSUE,OPEN
COMP019312,CUST096487,LOAN_ISSUE,CLOSED
COMP019313,CUST064376,UPI_ISSUE,OPEN
COMP019314,CUST005231,CARD_ISSUE,OPEN
COMP019315,CUST008758,CARD_ISSUE,OPEN
COMP019316,CUST076242,CARD_ISSUE,CLOSED
COMP019317,CUST048685,UPI_ISSUE,CLOSED
COMP019318,CUST099481,FRAUD_ALERT,OPEN
COMP019319,CUST074756,UPI_ISSUE,CLOSED
COMP019320,CUST073414,UPI_ISSUE,CLOSED
COMP019321,CUST088327,CARD_ISSUE,CLOSED
COMP019322,CUST094960,LOAN_ISSUE,CLOSED
COMP019323,CUST032067,FRAUD_ALERT,CLOSED
COMP019324,CUST077877,CARD_ISSUE,CLOSED
COMP019325,CUST070657,CARD_ISSUE,CLOSED
COMP019326,CUST016032,CARD_ISSUE,OPEN
COMP019327,CUST072162,CARD_ISSUE,CLOSED
COMP019328,CUST073475,UPI_ISSUE,OPEN
COMP019329,CUST074900,FRAUD_ALERT,OPEN
COMP019330,CUST061923,UPI_ISSUE,OPEN
COMP019331,CUST066674,UPI_ISSUE,CLOSED
COMP019332,CUST072366,FRAUD_ALERT,OPEN
COMP019333,CUST099981,LOAN_ISSUE,CLOSED
COMP019334,CUST065182,FRAUD_ALERT,OPEN
COMP019335,CUST045313,UPI_ISSUE,CLOSED
COMP019336,CUST009833,LOAN_ISSUE,OPEN
COMP019337,CUST097029,LOAN_ISSUE,OPEN
COMP019338,CUST048098,CARD_ISSUE,OPEN
COMP019339,CUST055874,UPI_ISSUE,CLOSED
COMP019340,CUST081410,LOAN_ISSUE,CLOSED
COMP019341,CUST059150,UPI_ISSUE,OPEN
COMP019342,CUST074729,CARD_ISSUE,OPEN
COMP019343,CUST034099,UPI_ISSUE,CLOSED
COMP019344,CUST003768,CARD_ISSUE,CLOSED
COMP019345,CUST030632,UPI_ISSUE,CLOSED
COMP019346,CUST086950,LOAN_ISSUE,CLOSED
COMP019347,CUST044366,FRAUD_ALERT,CLOSED
COMP019348,CUST000574,UPI_ISSUE,CLOSED
COMP019349,CUST048175,FRAUD_ALERT,CLOSED
COMP019350,CUST046045,CARD_ISSUE,OPEN
COMP019351,CUST086673,LOAN_ISSUE,CLOSED
COMP019352,CUST099736,LOAN_ISSUE,OPEN
COMP019353,CUST054239,CARD_ISSUE,CLOSED
COMP019354,CUST056639,FRAUD_ALERT,OPEN
COMP019355,CUST036319,UPI_ISSUE,OPEN
COMP019356,CUST061530,CARD_ISSUE,CLOSED
COMP019357,CUST049879,UPI_ISSUE,OPEN
COMP019358,CUST064694,FRAUD_ALERT,OPEN
COMP019359,CUST052376,FRAUD_ALERT,OPEN
COMP019360,CUST090219,LOAN_ISSUE,OPEN
COMP019361,CUST027680,CARD_ISSUE,CLOSED
COMP019362,CUST060147,CARD_ISSUE,CLOSED
COMP019363,CUST017060,UPI_ISSUE,CLOSED
COMP019364,CUST087541,UPI_ISSUE,OPEN
COMP019365,CUST031917,FRAUD_ALERT,OPEN
COMP019366,CUST038601,FRAUD_ALERT,CLOSED
COMP019367,CUST063659,FRAUD_ALERT,CLOSED
COMP019368,CUST041744,CARD_ISSUE,CLOSED
COMP019369,CUST000297,FRAUD_ALERT,CLOSED
COMP019370,CUST016087,FRAUD_ALERT,OPEN
COMP019371,CUST099379,UPI_ISSUE,CLOSED
COMP019372,CUST055025,LOAN_ISSUE,OPEN
COMP019373,CUST016827,LOAN_ISSUE,OPEN
COMP019374,CUST003975,UPI_ISSUE,OPEN
COMP019375,CUST011998,UPI_ISSUE,OPEN
COMP019376,CUST027050,LOAN_ISSUE,OPEN
COMP019377,CUST054846,UPI_ISSUE,CLOSED
COMP019378,CUST093251,LOAN_ISSUE,OPEN
COMP019379,CUST090124,LOAN_ISSUE,OPEN
COMP019380,CUST053314,CARD_ISSUE,CLOSED
COMP019381,CUST094077,UPI_ISSUE,OPEN
COMP019382,CUST054638,FRAUD_ALERT,CLOSED
COMP019383,CUST006187,UPI_ISSUE,OPEN
COMP019384,CUST034738,CARD_ISSUE,CLOSED
COMP019385,CUST053224,CARD_ISSUE,CLOSED
COMP019386,CUST079144,CARD_ISSUE,CLOSED
COMP019387,CUST071670,FRAUD_ALERT,OPEN
COMP019388,CUST025147,CARD_ISSUE,CLOSED
COMP019389,CUST070801,LOAN_ISSUE,OPEN
COMP019390,CUST063811,FRAUD_ALERT,CLOSED
COMP019391,CUST015468,CARD_ISSUE,CLOSED
COMP019392,CUST047068,LOAN_ISSUE,OPEN
COMP019393,CUST081339,CARD_ISSUE,CLOSED
COMP019394,CUST013372,FRAUD_ALERT,OPEN
COMP019395,CUST054921,CARD_ISSUE,OPEN
COMP019396,CUST050871,LOAN_ISSUE,CLOSED
COMP019397,CUST082527,FRAUD_ALERT,CLOSED
COMP019398,CUST082596,CARD_ISSUE,OPEN
COMP019399,CUST082111,FRAUD_ALERT,CLOSED
COMP019400,CUST099913,LOAN_ISSUE,OPEN
COMP019401,CUST013485,FRAUD_ALERT,OPEN
COMP019402,CUST009352,CARD_ISSUE,OPEN
COMP019403,CUST095567,FRAUD_ALERT,OPEN
COMP019404,CUST038238,UPI_ISSUE,OPEN
COMP019405,CUST001777,CARD_ISSUE,CLOSED
COMP019406,CUST010284,LOAN_ISSUE,CLOSED
COMP019407,CUST053908,LOAN_ISSUE,OPEN
COMP019408,CUST088001,FRAUD_ALERT,CLOSED
COMP019409,CUST046592,UPI_ISSUE,CLOSED
COMP019410,CUST064531,UPI_ISSUE,OPEN
COMP019411,CUST093270,UPI_ISSUE,OPEN
COMP019412,CUST098082,LOAN_ISSUE,CLOSED
COMP019413,CUST081379,UPI_ISSUE,OPEN
COMP019414,CUST078346,FRAUD_ALERT,CLOSED
COMP019415,CUST040465,UPI_ISSUE,CLOSED
COMP019416,CUST025726,FRAUD_ALERT,CLOSED
COMP019417,CUST051246,FRAUD_ALERT,CLOSED
COMP019418,CUST071276,FRAUD_ALERT,OPEN
COMP019419,CUST099872,CARD_ISSUE,OPEN
COMP019420,CUST061319,LOAN_ISSUE,CLOSED
COMP019421,CUST004575,UPI_ISSUE,CLOSED
COMP019422,CUST014534,FRAUD_ALERT,CLOSED
COMP019423,CUST088005,UPI_ISSUE,CLOSED
COMP019424,CUST056634,FRAUD_ALERT,OPEN
COMP019425,CUST092338,LOAN_ISSUE,CLOSED
COMP019426,CUST050305,CARD_ISSUE,OPEN
COMP019427,CUST058578,LOAN_ISSUE,CLOSED
COMP019428,CUST030173,UPI_ISSUE,OPEN
COMP019429,CUST088460,UPI_ISSUE,CLOSED
COMP019430,CUST099942,FRAUD_ALERT,OPEN
COMP019431,CUST016606,UPI_ISSUE,OPEN
COMP019432,CUST051809,UPI_ISSUE,OPEN
COMP019433,CUST088430,LOAN_ISSUE,OPEN
COMP019434,CUST079299,CARD_ISSUE,CLOSED
COMP019435,CUST086322,UPI_ISSUE,CLOSED
COMP019436,CUST009982,CARD_ISSUE,CLOSED
COMP019437,CUST076100,FRAUD_ALERT,OPEN
COMP019438,CUST083271,CARD_ISSUE,OPEN
COMP019439,CUST060327,CARD_ISSUE,OPEN
COMP019440,CUST074766,LOAN_ISSUE,OPEN
COMP019441,CUST044718,UPI_ISSUE,CLOSED
COMP019442,CUST012566,CARD_ISSUE,CLOSED
COMP019443,CUST056760,FRAUD_ALERT,CLOSED
COMP019444,CUST084000,CARD_ISSUE,OPEN
COMP019445,CUST083420,UPI_ISSUE,CLOSED
COMP019446,CUST028794,CARD_ISSUE,OPEN
COMP019447,CUST037508,FRAUD_ALERT,CLOSED
COMP019448,CUST031408,LOAN_ISSUE,OPEN
COMP019449,CUST076374,CARD_ISSUE,CLOSED
COMP019450,CUST013715,FRAUD_ALERT,OPEN
COMP019451,CUST079535,FRAUD_ALERT,OPEN
COMP019452,CUST052407,FRAUD_ALERT,OPEN
COMP019453,CUST085648,FRAUD_ALERT,CLOSED
COMP019454,CUST092929,LOAN_ISSUE,OPEN
COMP019455,CUST031228,LOAN_ISSUE,OPEN
COMP019456,CUST052452,FRAUD_ALERT,CLOSED
COMP019457,CUST048071,LOAN_ISSUE,OPEN
COMP019458,CUST070465,CARD_ISSUE,OPEN
COMP019459,CUST039691,CARD_ISSUE,CLOSED
COMP019460,CUST050607,FRAUD_ALERT,CLOSED
COMP019461,CUST020223,UPI_ISSUE,CLOSED
COMP019462,CUST036664,CARD_ISSUE,OPEN
COMP019463,CUST030230,FRAUD_ALERT,CLOSED
COMP019464,CUST044598,LOAN_ISSUE,OPEN
COMP019465,CUST048441,FRAUD_ALERT,OPEN
COMP019466,CUST089866,CARD_ISSUE,OPEN
COMP019467,CUST022392,UPI_ISSUE,CLOSED
COMP019468,CUST099681,CARD_ISSUE,OPEN
COMP019469,CUST034544,CARD_ISSUE,CLOSED
COMP019470,CUST057431,CARD_ISSUE,CLOSED
COMP019471,CUST018787,LOAN_ISSUE,OPEN
COMP019472,CUST083628,LOAN_ISSUE,CLOSED
COMP019473,CUST077411,LOAN_ISSUE,CLOSED
COMP019474,CUST013286,UPI_ISSUE,CLOSED
COMP019475,CUST037477,CARD_ISSUE,CLOSED
COMP019476,CUST021009,UPI_ISSUE,OPEN
COMP019477,CUST060916,UPI_ISSUE,CLOSED
COMP019478,CUST001419,UPI_ISSUE,OPEN
COMP019479,CUST009125,FRAUD_ALERT,OPEN
COMP019480,CUST002523,FRAUD_ALERT,CLOSED
COMP019481,CUST083775,CARD_ISSUE,OPEN
COMP019482,CUST094789,CARD_ISSUE,CLOSED
COMP019483,CUST021630,UPI_ISSUE,CLOSED
COMP019484,CUST016741,UPI_ISSUE,OPEN
COMP019485,CUST037429,UPI_ISSUE,CLOSED
COMP019486,CUST003174,CARD_ISSUE,CLOSED
COMP019487,CUST003146,LOAN_ISSUE,CLOSED
COMP019488,CUST033573,LOAN_ISSUE,CLOSED
COMP019489,CUST002842,LOAN_ISSUE,CLOSED
COMP019490,CUST007321,FRAUD_ALERT,OPEN
COMP019491,CUST062203,FRAUD_ALERT,OPEN
COMP019492,CUST051842,LOAN_ISSUE,OPEN
COMP019493,CUST001305,CARD_ISSUE,OPEN
COMP019494,CUST009351,FRAUD_ALERT,OPEN
COMP019495,CUST043269,FRAUD_ALERT,CLOSED
COMP019496,CUST000017,CARD_ISSUE,OPEN
COMP019497,CUST044041,CARD_ISSUE,OPEN
COMP019498,CUST056838,LOAN_ISSUE,CLOSED
COMP019499,CUST018127,UPI_ISSUE,OPEN
COMP019500,CUST078544,FRAUD_ALERT,OPEN
COMP019501,CUST025089,LOAN_ISSUE,OPEN
COMP019502,CUST094288,FRAUD_ALERT,CLOSED
COMP019503,CUST006588,CARD_ISSUE,OPEN
COMP019504,CUST081090,CARD_ISSUE,OPEN
COMP019505,CUST089988,FRAUD_ALERT,CLOSED
COMP019506,CUST068725,LOAN_ISSUE,CLOSED
COMP019507,CUST079257,LOAN_ISSUE,OPEN
COMP019508,CUST090221,UPI_ISSUE,CLOSED
COMP019509,CUST015314,FRAUD_ALERT,CLOSED
COMP019510,CUST056787,CARD_ISSUE,CLOSED
COMP019511,CUST083096,FRAUD_ALERT,CLOSED
COMP019512,CUST006356,CARD_ISSUE,CLOSED
COMP019513,CUST063411,UPI_ISSUE,CLOSED
COMP019514,CUST033668,CARD_ISSUE,OPEN
COMP019515,CUST037877,UPI_ISSUE,OPEN
COMP019516,CUST050049,LOAN_ISSUE,OPEN
COMP019517,CUST063709,CARD_ISSUE,OPEN
COMP019518,CUST029778,LOAN_ISSUE,OPEN
COMP019519,CUST089307,FRAUD_ALERT,OPEN
COMP019520,CUST097691,CARD_ISSUE,OPEN
COMP019521,CUST015155,UPI_ISSUE,CLOSED
COMP019522,CUST096865,FRAUD_ALERT,OPEN
COMP019523,CUST024162,LOAN_ISSUE,CLOSED
COMP019524,CUST008992,UPI_ISSUE,OPEN
COMP019525,CUST052227,UPI_ISSUE,OPEN
COMP019526,CUST087870,FRAUD_ALERT,CLOSED
COMP019527,CUST011780,FRAUD_ALERT,CLOSED
COMP019528,CUST088193,CARD_ISSUE,OPEN
COMP019529,CUST087864,LOAN_ISSUE,CLOSED
COMP019530,CUST069717,UPI_ISSUE,CLOSED
COMP019531,CUST050893,UPI_ISSUE,OPEN
COMP019532,CUST025383,CARD_ISSUE,OPEN
COMP019533,CUST097814,LOAN_ISSUE,CLOSED
COMP019534,CUST065688,CARD_ISSUE,OPEN
COMP019535,CUST089339,FRAUD_ALERT,OPEN
COMP019536,CUST016517,LOAN_ISSUE,CLOSED
COMP019537,CUST020164,UPI_ISSUE,OPEN
COMP019538,CUST057697,LOAN_ISSUE,OPEN
COMP019539,CUST017319,FRAUD_ALERT,CLOSED
COMP019540,CUST050754,UPI_ISSUE,CLOSED
COMP019541,CUST072489,FRAUD_ALERT,CLOSED
COMP019542,CUST058218,FRAUD_ALERT,CLOSED
COMP019543,CUST058626,CARD_ISSUE,OPEN
COMP019544,CUST063735,LOAN_ISSUE,OPEN
COMP019545,CUST023583,FRAUD_ALERT,OPEN
COMP019546,CUST099795,FRAUD_ALERT,CLOSED
COMP019547,CUST057099,CARD_ISSUE,CLOSED
COMP019548,CUST003220,FRAUD_ALERT,OPEN
COMP019549,CUST008346,FRAUD_ALERT,CLOSED
COMP019550,CUST065520,CARD_ISSUE,OPEN
COMP019551,CUST075098,FRAUD_ALERT,CLOSED
COMP019552,CUST036154,UPI_ISSUE,OPEN
COMP019553,CUST043541,FRAUD_ALERT,OPEN
COMP019554,CUST074579,LOAN_ISSUE,CLOSED
COMP019555,CUST093252,CARD_ISSUE,OPEN
COMP019556,CUST052365,FRAUD_ALERT,OPEN
COMP019557,CUST011970,LOAN_ISSUE,CLOSED
COMP019558,CUST066032,FRAUD_ALERT,OPEN
COMP019559,CUST089376,UPI_ISSUE,OPEN
COMP019560,CUST050264,LOAN_ISSUE,CLOSED
COMP019561,CUST063984,CARD_ISSUE,CLOSED
COMP019562,CUST060795,CARD_ISSUE,OPEN
COMP019563,CUST026930,CARD_ISSUE,OPEN
COMP019564,CUST037971,LOAN_ISSUE,CLOSED
COMP019565,CUST062691,UPI_ISSUE,OPEN
COMP019566,CUST049377,CARD_ISSUE,CLOSED
COMP019567,CUST010397,LOAN_ISSUE,CLOSED
COMP019568,CUST099597,LOAN_ISSUE,CLOSED
COMP019569,CUST028476,FRAUD_ALERT,CLOSED
COMP019570,CUST088485,CARD_ISSUE,OPEN
COMP019571,CUST065807,LOAN_ISSUE,OPEN
COMP019572,CUST045414,UPI_ISSUE,CLOSED
COMP019573,CUST022051,LOAN_ISSUE,OPEN
COMP019574,CUST028491,UPI_ISSUE,OPEN
COMP019575,CUST003431,FRAUD_ALERT,CLOSED
COMP019576,CUST025511,CARD_ISSUE,OPEN
COMP019577,CUST087119,UPI_ISSUE,OPEN
COMP019578,CUST038121,LOAN_ISSUE,CLOSED
COMP019579,CUST041787,FRAUD_ALERT,CLOSED
COMP019580,CUST079240,LOAN_ISSUE,CLOSED
COMP019581,CUST024165,CARD_ISSUE,OPEN
COMP019582,CUST014571,LOAN_ISSUE,CLOSED
COMP019583,CUST012076,CARD_ISSUE,OPEN
COMP019584,CUST086415,CARD_ISSUE,OPEN
COMP019585,CUST076693,UPI_ISSUE,OPEN
COMP019586,CUST081265,UPI_ISSUE,CLOSED
COMP019587,CUST076260,LOAN_ISSUE,OPEN
COMP019588,CUST009486,LOAN_ISSUE,OPEN
COMP019589,CUST043189,LOAN_ISSUE,OPEN
COMP019590,CUST084433,UPI_ISSUE,CLOSED
COMP019591,CUST048712,UPI_ISSUE,OPEN
COMP019592,CUST061840,LOAN_ISSUE,OPEN
COMP019593,CUST084392,FRAUD_ALERT,CLOSED
COMP019594,CUST058546,LOAN_ISSUE,OPEN
COMP019595,CUST026615,FRAUD_ALERT,OPEN
COMP019596,CUST010256,UPI_ISSUE,OPEN
COMP019597,CUST004922,UPI_ISSUE,OPEN
COMP019598,CUST099118,FRAUD_ALERT,OPEN
COMP019599,CUST061025,LOAN_ISSUE,OPEN
COMP019600,CUST031141,FRAUD_ALERT,OPEN
COMP019601,CUST039000,UPI_ISSUE,OPEN
COMP019602,CUST030836,LOAN_ISSUE,OPEN
COMP019603,CUST086273,LOAN_ISSUE,CLOSED
COMP019604,CUST072050,UPI_ISSUE,OPEN
COMP019605,CUST013011,CARD_ISSUE,CLOSED
COMP019606,CUST027333,LOAN_ISSUE,OPEN
COMP019607,CUST049513,LOAN_ISSUE,CLOSED
COMP019608,CUST001486,UPI_ISSUE,OPEN
COMP019609,CUST048280,CARD_ISSUE,OPEN
COMP019610,CUST067460,FRAUD_ALERT,OPEN
COMP019611,CUST009769,LOAN_ISSUE,CLOSED
COMP019612,CUST071223,CARD_ISSUE,OPEN
COMP019613,CUST005115,LOAN_ISSUE,OPEN
COMP019614,CUST059935,UPI_ISSUE,CLOSED
COMP019615,CUST086096,UPI_ISSUE,OPEN
COMP019616,CUST052876,LOAN_ISSUE,CLOSED
COMP019617,CUST078113,FRAUD_ALERT,CLOSED
COMP019618,CUST071046,UPI_ISSUE,CLOSED
COMP019619,CUST080780,FRAUD_ALERT,CLOSED
COMP019620,CUST022880,LOAN_ISSUE,CLOSED
COMP019621,CUST019619,LOAN_ISSUE,OPEN
COMP019622,CUST036928,UPI_ISSUE,CLOSED
COMP019623,CUST045198,CARD_ISSUE,OPEN
COMP019624,CUST046008,UPI_ISSUE,CLOSED
COMP019625,CUST052544,CARD_ISSUE,CLOSED
COMP019626,CUST009268,LOAN_ISSUE,OPEN
COMP019627,CUST030420,FRAUD_ALERT,OPEN
COMP019628,CUST069366,UPI_ISSUE,CLOSED
COMP019629,CUST007392,CARD_ISSUE,OPEN
COMP019630,CUST097463,CARD_ISSUE,OPEN
COMP019631,CUST006049,UPI_ISSUE,OPEN
COMP019632,CUST066156,UPI_ISSUE,CLOSED
COMP019633,CUST053208,CARD_ISSUE,CLOSED
COMP019634,CUST064667,UPI_ISSUE,OPEN
COMP019635,CUST089821,FRAUD_ALERT,OPEN
COMP019636,CUST035383,LOAN_ISSUE,OPEN
COMP019637,CUST051258,UPI_ISSUE,OPEN
COMP019638,CUST068397,CARD_ISSUE,OPEN
COMP019639,CUST065046,FRAUD_ALERT,CLOSED
COMP019640,CUST047121,FRAUD_ALERT,CLOSED
COMP019641,CUST024157,LOAN_ISSUE,OPEN
COMP019642,CUST009922,FRAUD_ALERT,OPEN
COMP019643,CUST039848,CARD_ISSUE,CLOSED
COMP019644,CUST066076,FRAUD_ALERT,OPEN
COMP019645,CUST019734,FRAUD_ALERT,CLOSED
COMP019646,CUST039209,FRAUD_ALERT,CLOSED
COMP019647,CUST078435,UPI_ISSUE,CLOSED
COMP019648,CUST059461,CARD_ISSUE,CLOSED
COMP019649,CUST051526,FRAUD_ALERT,CLOSED
COMP019650,CUST001587,LOAN_ISSUE,OPEN
COMP019651,CUST085445,FRAUD_ALERT,OPEN
COMP019652,CUST064718,UPI_ISSUE,OPEN
COMP019653,CUST026846,UPI_ISSUE,CLOSED
COMP019654,CUST097852,CARD_ISSUE,CLOSED
COMP019655,CUST020732,LOAN_ISSUE,CLOSED
COMP019656,CUST021194,CARD_ISSUE,CLOSED
COMP019657,CUST032148,CARD_ISSUE,CLOSED
COMP019658,CUST044502,FRAUD_ALERT,OPEN
COMP019659,CUST082294,FRAUD_ALERT,CLOSED
COMP019660,CUST096091,FRAUD_ALERT,CLOSED
COMP019661,CUST046423,CARD_ISSUE,CLOSED
COMP019662,CUST058094,FRAUD_ALERT,OPEN
COMP019663,CUST063087,CARD_ISSUE,OPEN
COMP019664,CUST082847,FRAUD_ALERT,OPEN
COMP019665,CUST087818,UPI_ISSUE,OPEN
COMP019666,CUST011056,FRAUD_ALERT,CLOSED
COMP019667,CUST095575,UPI_ISSUE,CLOSED
COMP019668,CUST052343,CARD_ISSUE,CLOSED
COMP019669,CUST059684,UPI_ISSUE,CLOSED
COMP019670,CUST091238,CARD_ISSUE,CLOSED
COMP019671,CUST085447,CARD_ISSUE,OPEN
COMP019672,CUST067175,FRAUD_ALERT,CLOSED
COMP019673,CUST011994,CARD_ISSUE,OPEN
COMP019674,CUST006371,CARD_ISSUE,OPEN
COMP019675,CUST040296,CARD_ISSUE,OPEN
COMP019676,CUST004854,UPI_ISSUE,CLOSED
COMP019677,CUST009105,LOAN_ISSUE,CLOSED
COMP019678,CUST094050,LOAN_ISSUE,CLOSED
COMP019679,CUST026378,UPI_ISSUE,CLOSED
COMP019680,CUST085067,FRAUD_ALERT,OPEN
COMP019681,CUST033354,CARD_ISSUE,CLOSED
COMP019682,CUST064016,LOAN_ISSUE,OPEN
COMP019683,CUST031170,FRAUD_ALERT,CLOSED
COMP019684,CUST003694,FRAUD_ALERT,OPEN
COMP019685,CUST086957,CARD_ISSUE,CLOSED
COMP019686,CUST068830,FRAUD_ALERT,CLOSED
COMP019687,CUST021121,CARD_ISSUE,CLOSED
COMP019688,CUST083511,CARD_ISSUE,CLOSED
COMP019689,CUST042590,LOAN_ISSUE,OPEN
COMP019690,CUST020129,UPI_ISSUE,OPEN
COMP019691,CUST010109,LOAN_ISSUE,OPEN
COMP019692,CUST074811,UPI_ISSUE,OPEN
COMP019693,CUST092218,FRAUD_ALERT,OPEN
COMP019694,CUST007262,CARD_ISSUE,OPEN
COMP019695,CUST038592,LOAN_ISSUE,OPEN
COMP019696,CUST021523,UPI_ISSUE,OPEN
COMP019697,CUST008353,LOAN_ISSUE,OPEN
COMP019698,CUST012848,CARD_ISSUE,CLOSED
COMP019699,CUST060915,UPI_ISSUE,OPEN
COMP019700,CUST019732,LOAN_ISSUE,OPEN
COMP019701,CUST069949,CARD_ISSUE,CLOSED
COMP019702,CUST088399,LOAN_ISSUE,CLOSED
COMP019703,CUST052442,FRAUD_ALERT,CLOSED
COMP019704,CUST092702,CARD_ISSUE,CLOSED
COMP019705,CUST040015,FRAUD_ALERT,CLOSED
COMP019706,CUST060391,LOAN_ISSUE,CLOSED
COMP019707,CUST045467,CARD_ISSUE,OPEN
COMP019708,CUST051837,FRAUD_ALERT,OPEN
COMP019709,CUST039273,CARD_ISSUE,OPEN
COMP019710,CUST070849,FRAUD_ALERT,OPEN
COMP019711,CUST022871,CARD_ISSUE,CLOSED
COMP019712,CUST064233,CARD_ISSUE,CLOSED
COMP019713,CUST051126,FRAUD_ALERT,OPEN
COMP019714,CUST019496,UPI_ISSUE,OPEN
COMP019715,CUST077964,UPI_ISSUE,CLOSED
COMP019716,CUST053986,CARD_ISSUE,OPEN
COMP019717,CUST021677,CARD_ISSUE,OPEN
COMP019718,CUST096593,FRAUD_ALERT,CLOSED
COMP019719,CUST025898,CARD_ISSUE,CLOSED
COMP019720,CUST002236,UPI_ISSUE,CLOSED
COMP019721,CUST013127,UPI_ISSUE,CLOSED
COMP019722,CUST038741,LOAN_ISSUE,OPEN
COMP019723,CUST092139,UPI_ISSUE,OPEN
COMP019724,CUST053247,LOAN_ISSUE,CLOSED
COMP019725,CUST097695,CARD_ISSUE,CLOSED
COMP019726,CUST041735,LOAN_ISSUE,CLOSED
COMP019727,CUST028307,LOAN_ISSUE,OPEN
COMP019728,CUST059221,FRAUD_ALERT,OPEN
COMP019729,CUST003164,FRAUD_ALERT,OPEN
COMP019730,CUST085798,UPI_ISSUE,OPEN
COMP019731,CUST037449,UPI_ISSUE,CLOSED
COMP019732,CUST059134,CARD_ISSUE,CLOSED
COMP019733,CUST086886,FRAUD_ALERT,CLOSED
COMP019734,CUST081088,CARD_ISSUE,OPEN
COMP019735,CUST032490,CARD_ISSUE,OPEN
COMP019736,CUST022647,LOAN_ISSUE,OPEN
COMP019737,CUST077251,FRAUD_ALERT,CLOSED
COMP019738,CUST052925,UPI_ISSUE,CLOSED
COMP019739,CUST039446,CARD_ISSUE,OPEN
COMP019740,CUST001578,CARD_ISSUE,OPEN
COMP019741,CUST023173,CARD_ISSUE,OPEN
COMP019742,CUST080742,CARD_ISSUE,OPEN
COMP019743,CUST007146,LOAN_ISSUE,CLOSED
COMP019744,CUST080079,LOAN_ISSUE,CLOSED
COMP019745,CUST042989,LOAN_ISSUE,CLOSED
COMP019746,CUST005611,CARD_ISSUE,CLOSED
COMP019747,CUST016688,UPI_ISSUE,CLOSED
COMP019748,CUST063020,FRAUD_ALERT,OPEN
COMP019749,CUST079734,CARD_ISSUE,OPEN
COMP019750,CUST097225,UPI_ISSUE,CLOSED
COMP019751,CUST093527,UPI_ISSUE,OPEN
COMP019752,CUST037512,LOAN_ISSUE,OPEN
COMP019753,CUST001966,UPI_ISSUE,OPEN
COMP019754,CUST059645,CARD_ISSUE,CLOSED
COMP019755,CUST015340,LOAN_ISSUE,CLOSED
COMP019756,CUST027477,CARD_ISSUE,CLOSED
COMP019757,CUST009292,CARD_ISSUE,OPEN
COMP019758,CUST086671,UPI_ISSUE,CLOSED
COMP019759,CUST088947,CARD_ISSUE,CLOSED
COMP019760,CUST078914,UPI_ISSUE,OPEN
COMP019761,CUST050542,FRAUD_ALERT,OPEN
COMP019762,CUST061762,FRAUD_ALERT,OPEN
COMP019763,CUST096022,LOAN_ISSUE,CLOSED
COMP019764,CUST061123,FRAUD_ALERT,OPEN
COMP019765,CUST083733,CARD_ISSUE,CLOSED
COMP019766,CUST091637,UPI_ISSUE,CLOSED
COMP019767,CUST064949,CARD_ISSUE,OPEN
COMP019768,CUST026519,FRAUD_ALERT,CLOSED
COMP019769,CUST062590,LOAN_ISSUE,OPEN
COMP019770,CUST064726,FRAUD_ALERT,CLOSED
COMP019771,CUST075838,FRAUD_ALERT,OPEN
COMP019772,CUST018814,LOAN_ISSUE,CLOSED
COMP019773,CUST021282,LOAN_ISSUE,CLOSED
COMP019774,CUST048506,LOAN_ISSUE,OPEN
COMP019775,CUST033393,FRAUD_ALERT,CLOSED
COMP019776,CUST089553,UPI_ISSUE,OPEN
COMP019777,CUST032103,CARD_ISSUE,CLOSED
COMP019778,CUST012862,LOAN_ISSUE,CLOSED
COMP019779,CUST062352,CARD_ISSUE,CLOSED
COMP019780,CUST013693,FRAUD_ALERT,CLOSED
COMP019781,CUST029334,LOAN_ISSUE,CLOSED
COMP019782,CUST068188,CARD_ISSUE,OPEN
COMP019783,CUST023207,CARD_ISSUE,CLOSED
COMP019784,CUST058056,UPI_ISSUE,OPEN
COMP019785,CUST078640,UPI_ISSUE,OPEN
COMP019786,CUST081690,CARD_ISSUE,CLOSED
COMP019787,CUST092250,CARD_ISSUE,OPEN
COMP019788,CUST034469,FRAUD_ALERT,OPEN
COMP019789,CUST025337,CARD_ISSUE,CLOSED
COMP019790,CUST041679,UPI_ISSUE,CLOSED
COMP019791,CUST070339,LOAN_ISSUE,OPEN
COMP019792,CUST005635,LOAN_ISSUE,OPEN
COMP019793,CUST093731,LOAN_ISSUE,CLOSED
COMP019794,CUST096408,UPI_ISSUE,OPEN
COMP019795,CUST002822,UPI_ISSUE,OPEN
COMP019796,CUST023158,UPI_ISSUE,CLOSED
COMP019797,CUST058520,CARD_ISSUE,CLOSED
COMP019798,CUST060649,LOAN_ISSUE,CLOSED
COMP019799,CUST088448,LOAN_ISSUE,CLOSED
COMP019800,CUST055353,LOAN_ISSUE,OPEN
COMP019801,CUST031361,UPI_ISSUE,CLOSED
COMP019802,CUST012991,LOAN_ISSUE,OPEN
COMP019803,CUST086289,UPI_ISSUE,OPEN
COMP019804,CUST083871,LOAN_ISSUE,CLOSED
COMP019805,CUST005299,CARD_ISSUE,CLOSED
COMP019806,CUST001927,FRAUD_ALERT,CLOSED
COMP019807,CUST024015,LOAN_ISSUE,CLOSED
COMP019808,CUST076234,CARD_ISSUE,CLOSED
COMP019809,CUST045615,FRAUD_ALERT,CLOSED
COMP019810,CUST023546,UPI_ISSUE,CLOSED
COMP019811,CUST017949,UPI_ISSUE,OPEN
COMP019812,CUST034160,CARD_ISSUE,OPEN
COMP019813,CUST021262,UPI_ISSUE,CLOSED
COMP019814,CUST013852,FRAUD_ALERT,CLOSED
COMP019815,CUST096197,CARD_ISSUE,OPEN
COMP019816,CUST020923,CARD_ISSUE,CLOSED
COMP019817,CUST082070,CARD_ISSUE,OPEN
COMP019818,CUST008440,UPI_ISSUE,CLOSED
COMP019819,CUST094848,CARD_ISSUE,OPEN
COMP019820,CUST067274,LOAN_ISSUE,CLOSED
COMP019821,CUST029244,UPI_ISSUE,OPEN
COMP019822,CUST026894,UPI_ISSUE,CLOSED
COMP019823,CUST006228,CARD_ISSUE,CLOSED
COMP019824,CUST033824,UPI_ISSUE,OPEN
COMP019825,CUST025160,LOAN_ISSUE,CLOSED
COMP019826,CUST003623,LOAN_ISSUE,CLOSED
COMP019827,CUST022645,UPI_ISSUE,CLOSED
COMP019828,CUST053439,CARD_ISSUE,OPEN
COMP019829,CUST017044,FRAUD_ALERT,OPEN
COMP019830,CUST085452,UPI_ISSUE,CLOSED
COMP019831,CUST009651,UPI_ISSUE,CLOSED
COMP019832,CUST041728,LOAN_ISSUE,OPEN
COMP019833,CUST090095,CARD_ISSUE,CLOSED
COMP019834,CUST054391,CARD_ISSUE,CLOSED
COMP019835,CUST065958,LOAN_ISSUE,OPEN
COMP019836,CUST057091,CARD_ISSUE,OPEN
COMP019837,CUST078627,FRAUD_ALERT,CLOSED
COMP019838,CUST017483,UPI_ISSUE,OPEN
COMP019839,CUST053843,LOAN_ISSUE,OPEN
COMP019840,CUST013306,CARD_ISSUE,OPEN
COMP019841,CUST064809,UPI_ISSUE,OPEN
COMP019842,CUST075258,UPI_ISSUE,CLOSED
COMP019843,CUST040086,CARD_ISSUE,OPEN
COMP019844,CUST076726,CARD_ISSUE,OPEN
COMP019845,CUST048382,LOAN_ISSUE,OPEN
COMP019846,CUST043478,LOAN_ISSUE,CLOSED
COMP019847,CUST099834,CARD_ISSUE,OPEN
COMP019848,CUST073110,LOAN_ISSUE,OPEN
COMP019849,CUST060589,CARD_ISSUE,CLOSED
COMP019850,CUST072462,FRAUD_ALERT,CLOSED
COMP019851,CUST067853,LOAN_ISSUE,OPEN
COMP019852,CUST083124,CARD_ISSUE,OPEN
COMP019853,CUST086955,UPI_ISSUE,OPEN
COMP019854,CUST010282,FRAUD_ALERT,OPEN
COMP019855,CUST050932,FRAUD_ALERT,CLOSED
COMP019856,CUST098267,CARD_ISSUE,CLOSED
COMP019857,CUST030504,UPI_ISSUE,OPEN
COMP019858,CUST096401,FRAUD_ALERT,CLOSED
COMP019859,CUST045884,FRAUD_ALERT,CLOSED
COMP019860,CUST072179,CARD_ISSUE,OPEN
COMP019861,CUST017832,FRAUD_ALERT,CLOSED
COMP019862,CUST024298,FRAUD_ALERT,OPEN
COMP019863,CUST095325,UPI_ISSUE,OPEN
COMP019864,CUST018875,CARD_ISSUE,CLOSED
COMP019865,CUST022431,UPI_ISSUE,CLOSED
COMP019866,CUST024302,LOAN_ISSUE,OPEN
COMP019867,CUST092744,LOAN_ISSUE,CLOSED
COMP019868,CUST069434,FRAUD_ALERT,OPEN
COMP019869,CUST022065,LOAN_ISSUE,CLOSED
COMP019870,CUST012481,LOAN_ISSUE,OPEN
COMP019871,CUST057072,UPI_ISSUE,OPEN
COMP019872,CUST095899,LOAN_ISSUE,CLOSED
COMP019873,CUST026977,FRAUD_ALERT,OPEN
COMP019874,CUST049154,CARD_ISSUE,CLOSED
COMP019875,CUST077089,UPI_ISSUE,OPEN
COMP019876,CUST086552,LOAN_ISSUE,CLOSED
COMP019877,CUST074094,LOAN_ISSUE,OPEN
COMP019878,CUST063620,FRAUD_ALERT,CLOSED
COMP019879,CUST069270,FRAUD_ALERT,CLOSED
COMP019880,CUST091446,CARD_ISSUE,OPEN
COMP019881,CUST076598,LOAN_ISSUE,OPEN
COMP019882,CUST071235,UPI_ISSUE,CLOSED
COMP019883,CUST072614,FRAUD_ALERT,OPEN
COMP019884,CUST053203,FRAUD_ALERT,OPEN
COMP019885,CUST082720,UPI_ISSUE,CLOSED
COMP019886,CUST013370,FRAUD_ALERT,CLOSED
COMP019887,CUST094673,FRAUD_ALERT,OPEN
COMP019888,CUST000383,CARD_ISSUE,CLOSED
COMP019889,CUST005645,CARD_ISSUE,CLOSED
COMP019890,CUST029003,LOAN_ISSUE,OPEN
COMP019891,CUST084653,UPI_ISSUE,CLOSED
COMP019892,CUST053775,LOAN_ISSUE,OPEN
COMP019893,CUST010810,FRAUD_ALERT,OPEN
COMP019894,CUST005394,LOAN_ISSUE,OPEN
COMP019895,CUST058680,UPI_ISSUE,CLOSED
COMP019896,CUST029569,LOAN_ISSUE,OPEN
COMP019897,CUST094161,UPI_ISSUE,CLOSED
COMP019898,CUST017613,FRAUD_ALERT,CLOSED
COMP019899,CUST056990,CARD_ISSUE,OPEN
COMP019900,CUST096234,LOAN_ISSUE,OPEN
COMP019901,CUST068699,CARD_ISSUE,CLOSED
COMP019902,CUST087238,FRAUD_ALERT,CLOSED
COMP019903,CUST073366,FRAUD_ALERT,OPEN
COMP019904,CUST078000,FRAUD_ALERT,OPEN
COMP019905,CUST003518,CARD_ISSUE,CLOSED
COMP019906,CUST066009,CARD_ISSUE,OPEN
COMP019907,CUST031522,CARD_ISSUE,CLOSED
COMP019908,CUST065547,UPI_ISSUE,OPEN
COMP019909,CUST055565,CARD_ISSUE,CLOSED
COMP019910,CUST048698,LOAN_ISSUE,OPEN
COMP019911,CUST029076,FRAUD_ALERT,CLOSED
COMP019912,CUST048438,UPI_ISSUE,CLOSED
COMP019913,CUST046909,FRAUD_ALERT,OPEN
COMP019914,CUST078759,CARD_ISSUE,OPEN
COMP019915,CUST091003,LOAN_ISSUE,CLOSED
COMP019916,CUST048031,CARD_ISSUE,OPEN
COMP019917,CUST061130,UPI_ISSUE,OPEN
COMP019918,CUST055001,CARD_ISSUE,CLOSED
COMP019919,CUST051934,UPI_ISSUE,OPEN
COMP019920,CUST027308,LOAN_ISSUE,CLOSED
COMP019921,CUST065302,UPI_ISSUE,CLOSED
COMP019922,CUST035269,FRAUD_ALERT,CLOSED
COMP019923,CUST051081,FRAUD_ALERT,OPEN
COMP019924,CUST070996,CARD_ISSUE,OPEN
COMP019925,CUST001522,UPI_ISSUE,CLOSED
COMP019926,CUST040134,UPI_ISSUE,CLOSED
COMP019927,CUST026182,CARD_ISSUE,OPEN
COMP019928,CUST003207,UPI_ISSUE,OPEN
COMP019929,CUST041369,LOAN_ISSUE,OPEN
COMP019930,CUST056164,CARD_ISSUE,OPEN
COMP019931,CUST050273,CARD_ISSUE,CLOSED
COMP019932,CUST032427,LOAN_ISSUE,OPEN
COMP019933,CUST092330,CARD_ISSUE,CLOSED
COMP019934,CUST097257,CARD_ISSUE,CLOSED
COMP019935,CUST067886,FRAUD_ALERT,OPEN
COMP019936,CUST069857,UPI_ISSUE,CLOSED
COMP019937,CUST055784,CARD_ISSUE,OPEN
COMP019938,CUST008323,CARD_ISSUE,CLOSED
COMP019939,CUST063325,UPI_ISSUE,OPEN
COMP019940,CUST017178,FRAUD_ALERT,CLOSED
COMP019941,CUST064081,FRAUD_ALERT,CLOSED
COMP019942,CUST004862,FRAUD_ALERT,CLOSED
COMP019943,CUST057661,LOAN_ISSUE,CLOSED
COMP019944,CUST088744,FRAUD_ALERT,CLOSED
COMP019945,CUST083457,CARD_ISSUE,OPEN
COMP019946,CUST038659,LOAN_ISSUE,OPEN
COMP019947,CUST024383,FRAUD_ALERT,OPEN
COMP019948,CUST095526,CARD_ISSUE,CLOSED
COMP019949,CUST082371,FRAUD_ALERT,CLOSED
COMP019950,CUST065163,LOAN_ISSUE,CLOSED
COMP019951,CUST056225,CARD_ISSUE,CLOSED
COMP019952,CUST056816,CARD_ISSUE,CLOSED
COMP019953,CUST066964,LOAN_ISSUE,CLOSED
COMP019954,CUST043776,UPI_ISSUE,OPEN
COMP019955,CUST043560,LOAN_ISSUE,CLOSED
COMP019956,CUST094838,FRAUD_ALERT,OPEN
COMP019957,CUST024791,CARD_ISSUE,OPEN
COMP019958,CUST072775,FRAUD_ALERT,CLOSED
COMP019959,CUST040920,CARD_ISSUE,CLOSED
COMP019960,CUST056236,FRAUD_ALERT,OPEN
COMP019961,CUST035093,CARD_ISSUE,CLOSED
COMP019962,CUST089006,LOAN_ISSUE,CLOSED
COMP019963,CUST092837,CARD_ISSUE,OPEN
COMP019964,CUST079600,LOAN_ISSUE,OPEN
COMP019965,CUST073754,UPI_ISSUE,OPEN
COMP019966,CUST055814,CARD_ISSUE,OPEN
COMP019967,CUST033527,FRAUD_ALERT,CLOSED
COMP019968,CUST097959,FRAUD_ALERT,CLOSED
COMP019969,CUST077248,LOAN_ISSUE,CLOSED
COMP019970,CUST077307,FRAUD_ALERT,OPEN
COMP019971,CUST084765,FRAUD_ALERT,CLOSED
COMP019972,CUST031872,FRAUD_ALERT,OPEN
COMP019973,CUST059148,FRAUD_ALERT,CLOSED
COMP019974,CUST093406,LOAN_ISSUE,CLOSED
COMP019975,CUST075147,FRAUD_ALERT,OPEN
COMP019976,CUST003547,LOAN_ISSUE,OPEN
COMP019977,CUST045971,CARD_ISSUE,CLOSED
COMP019978,CUST008412,FRAUD_ALERT,CLOSED
COMP019979,CUST051684,UPI_ISSUE,CLOSED
COMP019980,CUST087115,FRAUD_ALERT,OPEN
COMP019981,CUST043868,UPI_ISSUE,OPEN
COMP019982,CUST040325,LOAN_ISSUE,CLOSED
COMP019983,CUST008654,UPI_ISSUE,OPEN
COMP019984,CUST015364,CARD_ISSUE,OPEN
COMP019985,CUST096197,CARD_ISSUE,OPEN
COMP019986,CUST040161,CARD_ISSUE,OPEN
COMP019987,CUST068406,FRAUD_ALERT,CLOSED
COMP019988,CUST072518,CARD_ISSUE,OPEN
COMP019989,CUST086820,UPI_ISSUE,OPEN
COMP019990,CUST050417,LOAN_ISSUE,CLOSED
COMP019991,CUST002153,CARD_ISSUE,CLOSED
COMP019992,CUST037727,CARD_ISSUE,CLOSED
COMP019993,CUST066694,CARD_ISSUE,CLOSED
COMP019994,CUST041899,UPI_ISSUE,CLOSED
COMP019995,CUST003211,UPI_ISSUE,OPEN
COMP019996,CUST073616,LOAN_ISSUE,OPEN
COMP019997,CUST031870,LOAN_ISSUE,OPEN
COMP019998,CUST092489,FRAUD_ALERT,CLOSED
COMP019999,CUST061878,LOAN_ISSUE,CLOSED
COMP020000,CUST040670,LOAN_ISSUE,CLOSED
COMP020001,CUST069031,FRAUD_ALERT,CLOSED
COMP020002,CUST039497,UPI_ISSUE,CLOSED
COMP020003,CUST041697,CARD_ISSUE,OPEN
COMP020004,CUST067486,LOAN_ISSUE,OPEN
COMP020005,CUST011808,CARD_ISSUE,OPEN
COMP020006,CUST018575,UPI_ISSUE,OPEN
COMP020007,CUST084478,FRAUD_ALERT,CLOSED
COMP020008,CUST005806,CARD_ISSUE,OPEN
COMP020009,CUST021329,FRAUD_ALERT,OPEN
COMP020010,CUST022548,LOAN_ISSUE,CLOSED
COMP020011,CUST049084,CARD_ISSUE,CLOSED
COMP020012,CUST028661,UPI_ISSUE,OPEN
COMP020013,CUST038524,CARD_ISSUE,OPEN
COMP020014,CUST094481,UPI_ISSUE,CLOSED
COMP020015,CUST007618,LOAN_ISSUE,CLOSED
COMP020016,CUST066247,LOAN_ISSUE,CLOSED
COMP020017,CUST080140,CARD_ISSUE,CLOSED
COMP020018,CUST074424,FRAUD_ALERT,CLOSED
COMP020019,CUST005744,CARD_ISSUE,OPEN
COMP020020,CUST068034,LOAN_ISSUE,CLOSED
COMP020021,CUST038662,FRAUD_ALERT,CLOSED
COMP020022,CUST020762,LOAN_ISSUE,OPEN
COMP020023,CUST030843,CARD_ISSUE,OPEN
COMP020024,CUST059971,UPI_ISSUE,CLOSED
COMP020025,CUST045576,FRAUD_ALERT,OPEN
COMP020026,CUST099227,UPI_ISSUE,OPEN
COMP020027,CUST013910,LOAN_ISSUE,CLOSED
COMP020028,CUST032745,CARD_ISSUE,OPEN
COMP020029,CUST071133,UPI_ISSUE,OPEN
COMP020030,CUST050087,CARD_ISSUE,OPEN
COMP020031,CUST078950,LOAN_ISSUE,CLOSED
COMP020032,CUST011987,CARD_ISSUE,OPEN
COMP020033,CUST003322,LOAN_ISSUE,CLOSED
COMP020034,CUST074496,LOAN_ISSUE,CLOSED
COMP020035,CUST071153,CARD_ISSUE,CLOSED
COMP020036,CUST061858,UPI_ISSUE,OPEN
COMP020037,CUST007649,LOAN_ISSUE,CLOSED
COMP020038,CUST047442,UPI_ISSUE,OPEN
COMP020039,CUST055668,UPI_ISSUE,OPEN
COMP020040,CUST016316,UPI_ISSUE,OPEN
COMP020041,CUST011478,UPI_ISSUE,CLOSED
COMP020042,CUST073363,UPI_ISSUE,CLOSED
COMP020043,CUST010632,UPI_ISSUE,CLOSED
COMP020044,CUST084265,CARD_ISSUE,CLOSED
COMP020045,CUST085933,CARD_ISSUE,OPEN
COMP020046,CUST039891,FRAUD_ALERT,CLOSED
COMP020047,CUST015752,CARD_ISSUE,CLOSED
COMP020048,CUST069471,LOAN_ISSUE,OPEN
COMP020049,CUST022674,FRAUD_ALERT,OPEN
COMP020050,CUST015241,UPI_ISSUE,CLOSED
COMP020051,CUST073749,LOAN_ISSUE,OPEN
COMP020052,CUST030515,LOAN_ISSUE,CLOSED
COMP020053,CUST033426,CARD_ISSUE,CLOSED
COMP020054,CUST079172,UPI_ISSUE,OPEN
COMP020055,CUST054999,FRAUD_ALERT,CLOSED
COMP020056,CUST074647,CARD_ISSUE,CLOSED
COMP020057,CUST060156,FRAUD_ALERT,OPEN
COMP020058,CUST010827,FRAUD_ALERT,OPEN
COMP020059,CUST089252,FRAUD_ALERT,OPEN
COMP020060,CUST039007,UPI_ISSUE,CLOSED
COMP020061,CUST082920,FRAUD_ALERT,CLOSED
COMP020062,CUST006376,LOAN_ISSUE,OPEN
COMP020063,CUST080537,UPI_ISSUE,OPEN
COMP020064,CUST074082,LOAN_ISSUE,OPEN
COMP020065,CUST060681,LOAN_ISSUE,CLOSED
COMP020066,CUST055802,UPI_ISSUE,OPEN
COMP020067,CUST014841,UPI_ISSUE,CLOSED
COMP020068,CUST012069,CARD_ISSUE,CLOSED
COMP020069,CUST092814,UPI_ISSUE,OPEN
COMP020070,CUST003196,UPI_ISSUE,CLOSED
COMP020071,CUST080302,FRAUD_ALERT,OPEN
COMP020072,CUST011996,UPI_ISSUE,CLOSED
COMP020073,CUST058582,UPI_ISSUE,CLOSED
COMP020074,CUST062292,CARD_ISSUE,CLOSED
COMP020075,CUST091803,FRAUD_ALERT,CLOSED
COMP020076,CUST072934,FRAUD_ALERT,CLOSED
COMP020077,CUST098703,FRAUD_ALERT,CLOSED
COMP020078,CUST089765,LOAN_ISSUE,CLOSED
COMP020079,CUST065507,LOAN_ISSUE,OPEN
COMP020080,CUST041044,FRAUD_ALERT,OPEN
COMP020081,CUST013687,FRAUD_ALERT,OPEN
COMP020082,CUST095614,FRAUD_ALERT,CLOSED
COMP020083,CUST039046,FRAUD_ALERT,OPEN
COMP020084,CUST084816,FRAUD_ALERT,OPEN
COMP020085,CUST066323,LOAN_ISSUE,CLOSED
COMP020086,CUST024526,FRAUD_ALERT,OPEN
COMP020087,CUST051134,LOAN_ISSUE,OPEN
COMP020088,CUST042594,UPI_ISSUE,CLOSED
COMP020089,CUST053947,FRAUD_ALERT,OPEN
COMP020090,CUST060392,UPI_ISSUE,CLOSED
COMP020091,CUST002998,CARD_ISSUE,OPEN
COMP020092,CUST087152,CARD_ISSUE,CLOSED
COMP020093,CUST003090,FRAUD_ALERT,CLOSED
COMP020094,CUST090157,FRAUD_ALERT,OPEN
COMP020095,CUST047825,CARD_ISSUE,CLOSED
COMP020096,CUST028105,FRAUD_ALERT,CLOSED
COMP020097,CUST083781,LOAN_ISSUE,OPEN
COMP020098,CUST027216,CARD_ISSUE,CLOSED
COMP020099,CUST064187,FRAUD_ALERT,CLOSED
COMP020100,CUST007466,CARD_ISSUE,CLOSED
COMP020101,CUST059292,FRAUD_ALERT,OPEN
COMP020102,CUST080676,FRAUD_ALERT,CLOSED
COMP020103,CUST006002,LOAN_ISSUE,CLOSED
COMP020104,CUST082671,LOAN_ISSUE,CLOSED
COMP020105,CUST009045,LOAN_ISSUE,OPEN
COMP020106,CUST020729,LOAN_ISSUE,OPEN
COMP020107,CUST089535,CARD_ISSUE,CLOSED
COMP020108,CUST080998,UPI_ISSUE,OPEN
COMP020109,CUST031496,UPI_ISSUE,CLOSED
COMP020110,CUST055462,CARD_ISSUE,CLOSED
COMP020111,CUST085234,FRAUD_ALERT,CLOSED
COMP020112,CUST073509,LOAN_ISSUE,OPEN
COMP020113,CUST096816,UPI_ISSUE,CLOSED
COMP020114,CUST017631,FRAUD_ALERT,OPEN
COMP020115,CUST025561,CARD_ISSUE,CLOSED
COMP020116,CUST012292,UPI_ISSUE,OPEN
COMP020117,CUST065324,CARD_ISSUE,OPEN
COMP020118,CUST037549,FRAUD_ALERT,OPEN
COMP020119,CUST087418,CARD_ISSUE,CLOSED
COMP020120,CUST037672,UPI_ISSUE,CLOSED
COMP020121,CUST057251,FRAUD_ALERT,CLOSED
COMP020122,CUST044128,UPI_ISSUE,OPEN
COMP020123,CUST041405,CARD_ISSUE,CLOSED
COMP020124,CUST039463,FRAUD_ALERT,OPEN
COMP020125,CUST056272,UPI_ISSUE,OPEN
COMP020126,CUST017653,UPI_ISSUE,OPEN
COMP020127,CUST013831,LOAN_ISSUE,CLOSED
COMP020128,CUST022778,FRAUD_ALERT,CLOSED
COMP020129,CUST022345,FRAUD_ALERT,OPEN
COMP020130,CUST035494,LOAN_ISSUE,OPEN
COMP020131,CUST098751,CARD_ISSUE,CLOSED
COMP020132,CUST026059,UPI_ISSUE,CLOSED
COMP020133,CUST070823,LOAN_ISSUE,OPEN
COMP020134,CUST078793,UPI_ISSUE,OPEN
COMP020135,CUST078167,LOAN_ISSUE,CLOSED
COMP020136,CUST017627,UPI_ISSUE,CLOSED
COMP020137,CUST053795,CARD_ISSUE,OPEN
COMP020138,CUST072792,LOAN_ISSUE,CLOSED
COMP020139,CUST069763,CARD_ISSUE,OPEN
COMP020140,CUST066861,FRAUD_ALERT,CLOSED
COMP020141,CUST069888,LOAN_ISSUE,OPEN
COMP020142,CUST078335,LOAN_ISSUE,CLOSED
COMP020143,CUST036431,FRAUD_ALERT,OPEN
COMP020144,CUST001553,UPI_ISSUE,OPEN
COMP020145,CUST087610,FRAUD_ALERT,OPEN
COMP020146,CUST040985,UPI_ISSUE,CLOSED
COMP020147,CUST083495,LOAN_ISSUE,OPEN
COMP020148,CUST093231,CARD_ISSUE,CLOSED
COMP020149,CUST084695,UPI_ISSUE,CLOSED
COMP020150,CUST088210,CARD_ISSUE,OPEN
COMP020151,CUST033160,LOAN_ISSUE,CLOSED
COMP020152,CUST013563,FRAUD_ALERT,OPEN
COMP020153,CUST049913,LOAN_ISSUE,CLOSED
COMP020154,CUST036841,LOAN_ISSUE,OPEN
COMP020155,CUST052389,LOAN_ISSUE,OPEN
COMP020156,CUST050805,LOAN_ISSUE,CLOSED
COMP020157,CUST016296,LOAN_ISSUE,OPEN
COMP020158,CUST096083,UPI_ISSUE,OPEN
COMP020159,CUST017661,CARD_ISSUE,OPEN
COMP020160,CUST097423,CARD_ISSUE,CLOSED
COMP020161,CUST056888,UPI_ISSUE,CLOSED
COMP020162,CUST067548,CARD_ISSUE,CLOSED
COMP020163,CUST063569,LOAN_ISSUE,OPEN
COMP020164,CUST070257,LOAN_ISSUE,CLOSED
COMP020165,CUST092846,LOAN_ISSUE,OPEN
COMP020166,CUST006179,UPI_ISSUE,OPEN
COMP020167,CUST037297,LOAN_ISSUE,OPEN
COMP020168,CUST008561,UPI_ISSUE,OPEN
COMP020169,CUST086929,LOAN_ISSUE,CLOSED
COMP020170,CUST069453,CARD_ISSUE,OPEN
COMP020171,CUST019310,CARD_ISSUE,OPEN
COMP020172,CUST032858,FRAUD_ALERT,OPEN
COMP020173,CUST082144,UPI_ISSUE,OPEN
COMP020174,CUST048095,LOAN_ISSUE,OPEN
COMP020175,CUST064058,LOAN_ISSUE,OPEN
COMP020176,CUST020196,UPI_ISSUE,CLOSED
COMP020177,CUST000767,FRAUD_ALERT,OPEN
COMP020178,CUST062830,UPI_ISSUE,CLOSED
COMP020179,CUST021938,FRAUD_ALERT,CLOSED
COMP020180,CUST078241,UPI_ISSUE,CLOSED
COMP020181,CUST022683,FRAUD_ALERT,CLOSED
COMP020182,CUST092677,CARD_ISSUE,CLOSED
COMP020183,CUST063352,CARD_ISSUE,OPEN
COMP020184,CUST031077,FRAUD_ALERT,CLOSED
COMP020185,CUST060860,UPI_ISSUE,CLOSED
COMP020186,CUST072326,CARD_ISSUE,OPEN
COMP020187,CUST082788,UPI_ISSUE,CLOSED
COMP020188,CUST050427,FRAUD_ALERT,OPEN
COMP020189,CUST020754,CARD_ISSUE,CLOSED
COMP020190,CUST082868,LOAN_ISSUE,CLOSED
COMP020191,CUST017634,UPI_ISSUE,CLOSED
COMP020192,CUST035976,UPI_ISSUE,OPEN
COMP020193,CUST052954,CARD_ISSUE,CLOSED
COMP020194,CUST097638,FRAUD_ALERT,OPEN
COMP020195,CUST065452,LOAN_ISSUE,CLOSED
COMP020196,CUST099364,FRAUD_ALERT,OPEN
COMP020197,CUST021348,LOAN_ISSUE,CLOSED
COMP020198,CUST082983,LOAN_ISSUE,CLOSED
COMP020199,CUST060901,FRAUD_ALERT,CLOSED
COMP020200,CUST055116,CARD_ISSUE,CLOSED
COMP020201,CUST024168,FRAUD_ALERT,OPEN
COMP020202,CUST028655,LOAN_ISSUE,OPEN
COMP020203,CUST008222,LOAN_ISSUE,OPEN
COMP020204,CUST056871,CARD_ISSUE,OPEN
COMP020205,CUST006359,FRAUD_ALERT,CLOSED
COMP020206,CUST011454,CARD_ISSUE,OPEN
COMP020207,CUST038339,FRAUD_ALERT,CLOSED
COMP020208,CUST010112,UPI_ISSUE,CLOSED
COMP020209,CUST093134,UPI_ISSUE,CLOSED
COMP020210,CUST099148,CARD_ISSUE,CLOSED
COMP020211,CUST089785,UPI_ISSUE,OPEN
COMP020212,CUST025938,LOAN_ISSUE,CLOSED
COMP020213,CUST044521,UPI_ISSUE,CLOSED
COMP020214,CUST034418,UPI_ISSUE,CLOSED
COMP020215,CUST007288,FRAUD_ALERT,OPEN
COMP020216,CUST018329,FRAUD_ALERT,OPEN
COMP020217,CUST097962,UPI_ISSUE,OPEN
COMP020218,CUST063750,LOAN_ISSUE,OPEN
COMP020219,CUST047195,FRAUD_ALERT,CLOSED
COMP020220,CUST042155,FRAUD_ALERT,CLOSED
COMP020221,CUST099822,LOAN_ISSUE,CLOSED
COMP020222,CUST093737,UPI_ISSUE,OPEN
COMP020223,CUST021218,LOAN_ISSUE,CLOSED
COMP020224,CUST013697,FRAUD_ALERT,CLOSED
COMP020225,CUST068208,LOAN_ISSUE,CLOSED
COMP020226,CUST044865,LOAN_ISSUE,OPEN
COMP020227,CUST003786,UPI_ISSUE,CLOSED
COMP020228,CUST089353,FRAUD_ALERT,OPEN
COMP020229,CUST098670,FRAUD_ALERT,OPEN
COMP020230,CUST038775,UPI_ISSUE,CLOSED
COMP020231,CUST082627,CARD_ISSUE,CLOSED
COMP020232,CUST067889,CARD_ISSUE,OPEN
COMP020233,CUST055430,CARD_ISSUE,CLOSED
COMP020234,CUST064722,CARD_ISSUE,OPEN
COMP020235,CUST045280,UPI_ISSUE,CLOSED
COMP020236,CUST043989,UPI_ISSUE,OPEN
COMP020237,CUST066944,FRAUD_ALERT,OPEN
COMP020238,CUST067903,LOAN_ISSUE,OPEN
COMP020239,CUST043168,LOAN_ISSUE,OPEN
COMP020240,CUST014878,LOAN_ISSUE,OPEN
COMP020241,CUST080097,FRAUD_ALERT,OPEN
COMP020242,CUST065225,FRAUD_ALERT,OPEN
COMP020243,CUST079769,FRAUD_ALERT,OPEN
COMP020244,CUST079322,UPI_ISSUE,OPEN
COMP020245,CUST091877,UPI_ISSUE,CLOSED
COMP020246,CUST020359,CARD_ISSUE,OPEN
COMP020247,CUST010948,FRAUD_ALERT,CLOSED
COMP020248,CUST070271,LOAN_ISSUE,OPEN
COMP020249,CUST045530,CARD_ISSUE,CLOSED
COMP020250,CUST095050,UPI_ISSUE,CLOSED
COMP020251,CUST095441,UPI_ISSUE,OPEN
COMP020252,CUST088144,UPI_ISSUE,CLOSED
COMP020253,CUST082351,UPI_ISSUE,CLOSED
COMP020254,CUST080855,FRAUD_ALERT,CLOSED
COMP020255,CUST079150,LOAN_ISSUE,CLOSED
COMP020256,CUST005860,CARD_ISSUE,CLOSED
COMP020257,CUST001877,LOAN_ISSUE,CLOSED
COMP020258,CUST016267,LOAN_ISSUE,OPEN
COMP020259,CUST048758,UPI_ISSUE,CLOSED
COMP020260,CUST000147,CARD_ISSUE,CLOSED
COMP020261,CUST072866,LOAN_ISSUE,OPEN
COMP020262,CUST058252,LOAN_ISSUE,OPEN
COMP020263,CUST066130,UPI_ISSUE,OPEN
COMP020264,CUST097945,UPI_ISSUE,OPEN
COMP020265,CUST001011,LOAN_ISSUE,CLOSED
COMP020266,CUST060042,CARD_ISSUE,CLOSED
COMP020267,CUST072576,LOAN_ISSUE,OPEN
COMP020268,CUST000625,CARD_ISSUE,OPEN
COMP020269,CUST054207,LOAN_ISSUE,OPEN
COMP020270,CUST014156,CARD_ISSUE,OPEN
COMP020271,CUST073484,UPI_ISSUE,OPEN
COMP020272,CUST091094,LOAN_ISSUE,CLOSED
COMP020273,CUST004109,LOAN_ISSUE,CLOSED
COMP020274,CUST068178,CARD_ISSUE,OPEN
COMP020275,CUST012574,FRAUD_ALERT,CLOSED
COMP020276,CUST028675,LOAN_ISSUE,OPEN
COMP020277,CUST043789,FRAUD_ALERT,CLOSED
COMP020278,CUST054142,FRAUD_ALERT,OPEN
COMP020279,CUST012122,LOAN_ISSUE,OPEN
COMP020280,CUST003088,FRAUD_ALERT,CLOSED
COMP020281,CUST053472,UPI_ISSUE,CLOSED
COMP020282,CUST042769,CARD_ISSUE,OPEN
COMP020283,CUST048756,FRAUD_ALERT,CLOSED
COMP020284,CUST077756,CARD_ISSUE,OPEN
COMP020285,CUST010547,CARD_ISSUE,OPEN
COMP020286,CUST021187,CARD_ISSUE,CLOSED
COMP020287,CUST041348,FRAUD_ALERT,OPEN
COMP020288,CUST081867,LOAN_ISSUE,OPEN
COMP020289,CUST061231,LOAN_ISSUE,CLOSED
COMP020290,CUST003728,CARD_ISSUE,OPEN
COMP020291,CUST033939,LOAN_ISSUE,OPEN
COMP020292,CUST084794,LOAN_ISSUE,OPEN
COMP020293,CUST025133,LOAN_ISSUE,OPEN
COMP020294,CUST015457,LOAN_ISSUE,OPEN
COMP020295,CUST063479,UPI_ISSUE,OPEN
COMP020296,CUST038412,LOAN_ISSUE,CLOSED
COMP020297,CUST006671,UPI_ISSUE,OPEN
COMP020298,CUST029861,FRAUD_ALERT,OPEN
COMP020299,CUST004088,CARD_ISSUE,OPEN
COMP020300,CUST073124,LOAN_ISSUE,CLOSED
COMP020301,CUST008151,LOAN_ISSUE,OPEN
COMP020302,CUST009087,CARD_ISSUE,OPEN
COMP020303,CUST074340,CARD_ISSUE,OPEN
COMP020304,CUST005951,LOAN_ISSUE,CLOSED
COMP020305,CUST085007,UPI_ISSUE,OPEN
COMP020306,CUST055619,FRAUD_ALERT,OPEN
COMP020307,CUST030407,CARD_ISSUE,CLOSED
COMP020308,CUST098806,LOAN_ISSUE,OPEN
COMP020309,CUST060944,LOAN_ISSUE,OPEN
COMP020310,CUST028937,LOAN_ISSUE,CLOSED
COMP020311,CUST008491,LOAN_ISSUE,CLOSED
COMP020312,CUST032408,FRAUD_ALERT,OPEN
COMP020313,CUST000809,LOAN_ISSUE,CLOSED
COMP020314,CUST014747,LOAN_ISSUE,CLOSED
COMP020315,CUST086941,LOAN_ISSUE,CLOSED
COMP020316,CUST050232,FRAUD_ALERT,OPEN
COMP020317,CUST060181,UPI_ISSUE,CLOSED
COMP020318,CUST062061,LOAN_ISSUE,CLOSED
COMP020319,CUST046715,FRAUD_ALERT,OPEN
COMP020320,CUST039261,CARD_ISSUE,CLOSED
COMP020321,CUST056594,LOAN_ISSUE,OPEN
COMP020322,CUST034755,CARD_ISSUE,CLOSED
COMP020323,CUST084116,UPI_ISSUE,CLOSED
COMP020324,CUST090897,LOAN_ISSUE,CLOSED
COMP020325,CUST014428,FRAUD_ALERT,CLOSED
COMP020326,CUST079132,CARD_ISSUE,OPEN
COMP020327,CUST046910,LOAN_ISSUE,CLOSED
COMP020328,CUST061083,UPI_ISSUE,CLOSED
COMP020329,CUST086425,FRAUD_ALERT,CLOSED
COMP020330,CUST025765,LOAN_ISSUE,CLOSED
COMP020331,CUST095187,UPI_ISSUE,CLOSED
COMP020332,CUST036117,UPI_ISSUE,OPEN
COMP020333,CUST099573,LOAN_ISSUE,CLOSED
COMP020334,CUST065225,UPI_ISSUE,CLOSED
COMP020335,CUST059454,UPI_ISSUE,OPEN
COMP020336,CUST094595,CARD_ISSUE,OPEN
COMP020337,CUST072525,UPI_ISSUE,CLOSED
COMP020338,CUST086541,LOAN_ISSUE,OPEN
COMP020339,CUST050966,FRAUD_ALERT,CLOSED
COMP020340,CUST065749,UPI_ISSUE,CLOSED
COMP020341,CUST087672,CARD_ISSUE,OPEN
COMP020342,CUST089859,CARD_ISSUE,CLOSED
COMP020343,CUST012572,CARD_ISSUE,CLOSED
COMP020344,CUST020936,CARD_ISSUE,OPEN
COMP020345,CUST064417,UPI_ISSUE,OPEN
COMP020346,CUST003403,CARD_ISSUE,CLOSED
COMP020347,CUST017164,UPI_ISSUE,OPEN
COMP020348,CUST048583,UPI_ISSUE,OPEN
COMP020349,CUST068388,LOAN_ISSUE,CLOSED
COMP020350,CUST071563,LOAN_ISSUE,CLOSED
COMP020351,CUST036859,UPI_ISSUE,OPEN
COMP020352,CUST076584,CARD_ISSUE,CLOSED
COMP020353,CUST090727,FRAUD_ALERT,OPEN
COMP020354,CUST029686,LOAN_ISSUE,OPEN
COMP020355,CUST092973,LOAN_ISSUE,CLOSED
COMP020356,CUST012417,FRAUD_ALERT,CLOSED
COMP020357,CUST088677,CARD_ISSUE,OPEN
COMP020358,CUST024357,FRAUD_ALERT,CLOSED
COMP020359,CUST007810,UPI_ISSUE,OPEN
COMP020360,CUST090394,UPI_ISSUE,CLOSED
COMP020361,CUST029993,CARD_ISSUE,CLOSED
COMP020362,CUST075972,FRAUD_ALERT,OPEN
COMP020363,CUST057072,UPI_ISSUE,OPEN
COMP020364,CUST087872,FRAUD_ALERT,CLOSED
COMP020365,CUST008400,FRAUD_ALERT,CLOSED
COMP020366,CUST010367,LOAN_ISSUE,CLOSED
COMP020367,CUST073795,UPI_ISSUE,CLOSED
COMP020368,CUST068160,LOAN_ISSUE,CLOSED
COMP020369,CUST004956,LOAN_ISSUE,OPEN
COMP020370,CUST061977,CARD_ISSUE,OPEN
COMP020371,CUST022745,LOAN_ISSUE,OPEN
COMP020372,CUST083933,UPI_ISSUE,CLOSED
COMP020373,CUST098871,FRAUD_ALERT,OPEN
COMP020374,CUST029078,CARD_ISSUE,CLOSED
COMP020375,CUST056319,CARD_ISSUE,CLOSED
COMP020376,CUST074079,LOAN_ISSUE,OPEN
COMP020377,CUST088059,FRAUD_ALERT,OPEN
COMP020378,CUST020703,UPI_ISSUE,CLOSED
COMP020379,CUST061364,FRAUD_ALERT,CLOSED
COMP020380,CUST065237,UPI_ISSUE,CLOSED
COMP020381,CUST037340,LOAN_ISSUE,OPEN
COMP020382,CUST031933,UPI_ISSUE,OPEN
COMP020383,CUST045815,FRAUD_ALERT,OPEN
COMP020384,CUST029339,LOAN_ISSUE,OPEN
COMP020385,CUST077933,FRAUD_ALERT,CLOSED
COMP020386,CUST066278,UPI_ISSUE,OPEN
COMP020387,CUST080699,FRAUD_ALERT,OPEN
COMP020388,CUST057171,UPI_ISSUE,CLOSED
COMP020389,CUST066232,FRAUD_ALERT,OPEN
COMP020390,CUST069357,FRAUD_ALERT,CLOSED
COMP020391,CUST079518,CARD_ISSUE,CLOSED
COMP020392,CUST008177,UPI_ISSUE,OPEN
COMP020393,CUST084914,CARD_ISSUE,OPEN
COMP020394,CUST009200,CARD_ISSUE,OPEN
COMP020395,CUST077568,FRAUD_ALERT,CLOSED
COMP020396,CUST085832,UPI_ISSUE,OPEN
COMP020397,CUST099687,FRAUD_ALERT,OPEN
COMP020398,CUST082096,CARD_ISSUE,OPEN
COMP020399,CUST041060,FRAUD_ALERT,OPEN
COMP020400,CUST045171,FRAUD_ALERT,OPEN
COMP020401,CUST042568,LOAN_ISSUE,OPEN
COMP020402,CUST085335,UPI_ISSUE,OPEN
COMP020403,CUST012638,CARD_ISSUE,CLOSED
COMP020404,CUST086174,LOAN_ISSUE,CLOSED
COMP020405,CUST082508,LOAN_ISSUE,CLOSED
COMP020406,CUST046400,FRAUD_ALERT,OPEN
COMP020407,CUST073357,LOAN_ISSUE,CLOSED
COMP020408,CUST048982,CARD_ISSUE,OPEN
COMP020409,CUST041049,UPI_ISSUE,CLOSED
COMP020410,CUST068372,LOAN_ISSUE,CLOSED
COMP020411,CUST009616,FRAUD_ALERT,CLOSED
COMP020412,CUST063113,UPI_ISSUE,OPEN
COMP020413,CUST051600,UPI_ISSUE,CLOSED
COMP020414,CUST057980,FRAUD_ALERT,CLOSED
COMP020415,CUST064276,UPI_ISSUE,CLOSED
COMP020416,CUST002108,LOAN_ISSUE,OPEN
COMP020417,CUST076966,UPI_ISSUE,OPEN
COMP020418,CUST088880,FRAUD_ALERT,OPEN
COMP020419,CUST059223,FRAUD_ALERT,CLOSED
COMP020420,CUST047674,UPI_ISSUE,CLOSED
COMP020421,CUST085054,FRAUD_ALERT,OPEN
COMP020422,CUST070405,UPI_ISSUE,CLOSED
COMP020423,CUST040634,CARD_ISSUE,CLOSED
COMP020424,CUST040904,CARD_ISSUE,OPEN
COMP020425,CUST021851,CARD_ISSUE,OPEN
COMP020426,CUST014264,FRAUD_ALERT,CLOSED
COMP020427,CUST014725,UPI_ISSUE,CLOSED
COMP020428,CUST078641,UPI_ISSUE,OPEN
COMP020429,CUST094743,LOAN_ISSUE,OPEN
COMP020430,CUST074608,FRAUD_ALERT,OPEN
COMP020431,CUST007607,LOAN_ISSUE,CLOSED
COMP020432,CUST034920,CARD_ISSUE,OPEN
COMP020433,CUST040146,FRAUD_ALERT,OPEN
COMP020434,CUST020460,UPI_ISSUE,CLOSED
COMP020435,CUST013099,FRAUD_ALERT,OPEN
COMP020436,CUST009475,CARD_ISSUE,CLOSED
COMP020437,CUST010805,CARD_ISSUE,CLOSED
COMP020438,CUST012057,LOAN_ISSUE,OPEN
COMP020439,CUST021349,LOAN_ISSUE,CLOSED
COMP020440,CUST089019,UPI_ISSUE,OPEN
COMP020441,CUST032623,FRAUD_ALERT,CLOSED
COMP020442,CUST021493,UPI_ISSUE,CLOSED
COMP020443,CUST047484,CARD_ISSUE,CLOSED
COMP020444,CUST041789,UPI_ISSUE,OPEN
COMP020445,CUST099582,FRAUD_ALERT,OPEN
COMP020446,CUST050287,FRAUD_ALERT,CLOSED
COMP020447,CUST011134,UPI_ISSUE,CLOSED
COMP020448,CUST029717,LOAN_ISSUE,OPEN
COMP020449,CUST072255,FRAUD_ALERT,CLOSED
COMP020450,CUST081821,UPI_ISSUE,OPEN
COMP020451,CUST084784,LOAN_ISSUE,OPEN
COMP020452,CUST003108,LOAN_ISSUE,OPEN
COMP020453,CUST065594,CARD_ISSUE,OPEN
COMP020454,CUST024719,FRAUD_ALERT,OPEN
COMP020455,CUST025870,CARD_ISSUE,CLOSED
COMP020456,CUST082122,FRAUD_ALERT,CLOSED
COMP020457,CUST011024,CARD_ISSUE,CLOSED
COMP020458,CUST091399,FRAUD_ALERT,OPEN
COMP020459,CUST031713,UPI_ISSUE,CLOSED
COMP020460,CUST049061,LOAN_ISSUE,OPEN
COMP020461,CUST029991,FRAUD_ALERT,CLOSED
COMP020462,CUST007276,LOAN_ISSUE,OPEN
COMP020463,CUST036531,LOAN_ISSUE,OPEN
COMP020464,CUST086867,CARD_ISSUE,CLOSED
COMP020465,CUST091005,LOAN_ISSUE,CLOSED
COMP020466,CUST048252,FRAUD_ALERT,CLOSED
COMP020467,CUST030968,CARD_ISSUE,CLOSED
COMP020468,CUST061655,FRAUD_ALERT,CLOSED
COMP020469,CUST089924,UPI_ISSUE,CLOSED
COMP020470,CUST045444,CARD_ISSUE,OPEN
COMP020471,CUST070805,CARD_ISSUE,CLOSED
COMP020472,CUST087789,LOAN_ISSUE,CLOSED
COMP020473,CUST002755,LOAN_ISSUE,CLOSED
COMP020474,CUST072258,CARD_ISSUE,CLOSED
COMP020475,CUST034090,LOAN_ISSUE,OPEN
COMP020476,CUST050225,LOAN_ISSUE,CLOSED
COMP020477,CUST096281,LOAN_ISSUE,OPEN
COMP020478,CUST091548,UPI_ISSUE,OPEN
COMP020479,CUST004795,CARD_ISSUE,CLOSED
COMP020480,CUST011202,LOAN_ISSUE,CLOSED
COMP020481,CUST001720,CARD_ISSUE,CLOSED
COMP020482,CUST028990,CARD_ISSUE,OPEN
COMP020483,CUST070764,LOAN_ISSUE,OPEN
COMP020484,CUST046266,LOAN_ISSUE,CLOSED
COMP020485,CUST026183,CARD_ISSUE,CLOSED
COMP020486,CUST063919,LOAN_ISSUE,CLOSED
COMP020487,CUST059509,CARD_ISSUE,CLOSED
COMP020488,CUST002251,UPI_ISSUE,OPEN
COMP020489,CUST072337,FRAUD_ALERT,OPEN
COMP020490,CUST027574,UPI_ISSUE,CLOSED
COMP020491,CUST080253,LOAN_ISSUE,OPEN
COMP020492,CUST008598,CARD_ISSUE,OPEN
COMP020493,CUST055143,FRAUD_ALERT,CLOSED
COMP020494,CUST048216,CARD_ISSUE,CLOSED
COMP020495,CUST066742,FRAUD_ALERT,CLOSED
COMP020496,CUST015838,CARD_ISSUE,CLOSED
COMP020497,CUST008992,LOAN_ISSUE,OPEN
COMP020498,CUST013234,CARD_ISSUE,CLOSED
COMP020499,CUST055522,FRAUD_ALERT,CLOSED
COMP020500,CUST056151,FRAUD_ALERT,CLOSED
COMP020501,CUST027326,FRAUD_ALERT,OPEN
COMP020502,CUST043499,UPI_ISSUE,OPEN
COMP020503,CUST003457,UPI_ISSUE,OPEN
COMP020504,CUST010011,LOAN_ISSUE,OPEN
COMP020505,CUST096954,UPI_ISSUE,OPEN
COMP020506,CUST087808,CARD_ISSUE,CLOSED
COMP020507,CUST082404,LOAN_ISSUE,CLOSED
COMP020508,CUST025984,CARD_ISSUE,CLOSED
COMP020509,CUST087149,UPI_ISSUE,OPEN
COMP020510,CUST016745,LOAN_ISSUE,OPEN
COMP020511,CUST027747,LOAN_ISSUE,OPEN
COMP020512,CUST004333,FRAUD_ALERT,OPEN
COMP020513,CUST090372,LOAN_ISSUE,CLOSED
COMP020514,CUST035319,UPI_ISSUE,CLOSED
COMP020515,CUST088107,FRAUD_ALERT,OPEN
COMP020516,CUST098735,CARD_ISSUE,CLOSED
COMP020517,CUST050922,FRAUD_ALERT,OPEN
COMP020518,CUST071256,FRAUD_ALERT,OPEN
COMP020519,CUST082400,UPI_ISSUE,OPEN
COMP020520,CUST005373,UPI_ISSUE,CLOSED
COMP020521,CUST065072,UPI_ISSUE,OPEN
COMP020522,CUST022694,CARD_ISSUE,CLOSED
COMP020523,CUST097435,CARD_ISSUE,OPEN
COMP020524,CUST058312,CARD_ISSUE,CLOSED
COMP020525,CUST029181,UPI_ISSUE,CLOSED
COMP020526,CUST031804,CARD_ISSUE,OPEN
COMP020527,CUST060280,CARD_ISSUE,CLOSED
COMP020528,CUST034868,FRAUD_ALERT,OPEN
COMP020529,CUST071777,UPI_ISSUE,OPEN
COMP020530,CUST018276,CARD_ISSUE,OPEN
COMP020531,CUST056842,LOAN_ISSUE,OPEN
COMP020532,CUST000356,UPI_ISSUE,CLOSED
COMP020533,CUST063236,CARD_ISSUE,OPEN
COMP020534,CUST053753,LOAN_ISSUE,OPEN
COMP020535,CUST082160,CARD_ISSUE,OPEN
COMP020536,CUST040654,CARD_ISSUE,OPEN
COMP020537,CUST015948,CARD_ISSUE,CLOSED
COMP020538,CUST060212,UPI_ISSUE,CLOSED
COMP020539,CUST017703,CARD_ISSUE,CLOSED
COMP020540,CUST044326,CARD_ISSUE,OPEN
COMP020541,CUST083976,LOAN_ISSUE,OPEN
COMP020542,CUST030499,LOAN_ISSUE,CLOSED
COMP020543,CUST044184,UPI_ISSUE,CLOSED
COMP020544,CUST017536,FRAUD_ALERT,OPEN
COMP020545,CUST090000,CARD_ISSUE,OPEN
COMP020546,CUST097070,LOAN_ISSUE,OPEN
COMP020547,CUST042183,LOAN_ISSUE,CLOSED
COMP020548,CUST083141,LOAN_ISSUE,CLOSED
COMP020549,CUST015746,LOAN_ISSUE,CLOSED
COMP020550,CUST065034,LOAN_ISSUE,OPEN
COMP020551,CUST034295,FRAUD_ALERT,OPEN
COMP020552,CUST071775,UPI_ISSUE,CLOSED
COMP020553,CUST068975,UPI_ISSUE,OPEN
COMP020554,CUST026595,CARD_ISSUE,CLOSED
COMP020555,CUST002948,CARD_ISSUE,CLOSED
COMP020556,CUST073920,UPI_ISSUE,OPEN
COMP020557,CUST090869,FRAUD_ALERT,OPEN
COMP020558,CUST077612,CARD_ISSUE,CLOSED
COMP020559,CUST052360,FRAUD_ALERT,OPEN
COMP020560,CUST094609,UPI_ISSUE,CLOSED
COMP020561,CUST040255,UPI_ISSUE,OPEN
COMP020562,CUST063682,FRAUD_ALERT,CLOSED
COMP020563,CUST008246,LOAN_ISSUE,OPEN
COMP020564,CUST034612,LOAN_ISSUE,OPEN
COMP020565,CUST026565,UPI_ISSUE,CLOSED
COMP020566,CUST084868,UPI_ISSUE,OPEN
COMP020567,CUST065825,CARD_ISSUE,OPEN
COMP020568,CUST045924,LOAN_ISSUE,OPEN
COMP020569,CUST078790,LOAN_ISSUE,OPEN
COMP020570,CUST007390,FRAUD_ALERT,OPEN
COMP020571,CUST062513,LOAN_ISSUE,OPEN
COMP020572,CUST071201,CARD_ISSUE,OPEN
COMP020573,CUST071235,UPI_ISSUE,CLOSED
COMP020574,CUST032368,FRAUD_ALERT,OPEN
COMP020575,CUST014606,UPI_ISSUE,CLOSED
COMP020576,CUST038409,UPI_ISSUE,OPEN
COMP020577,CUST021507,LOAN_ISSUE,CLOSED
COMP020578,CUST060236,LOAN_ISSUE,OPEN
COMP020579,CUST027962,CARD_ISSUE,CLOSED
COMP020580,CUST037755,UPI_ISSUE,CLOSED
COMP020581,CUST085271,UPI_ISSUE,CLOSED
COMP020582,CUST005578,CARD_ISSUE,CLOSED
COMP020583,CUST039083,UPI_ISSUE,OPEN
COMP020584,CUST034969,CARD_ISSUE,CLOSED
COMP020585,CUST092696,CARD_ISSUE,OPEN
COMP020586,CUST056317,FRAUD_ALERT,OPEN
COMP020587,CUST031451,UPI_ISSUE,CLOSED
COMP020588,CUST097551,UPI_ISSUE,OPEN
COMP020589,CUST092002,UPI_ISSUE,OPEN
COMP020590,CUST010918,FRAUD_ALERT,CLOSED
COMP020591,CUST086088,LOAN_ISSUE,OPEN
COMP020592,CUST024658,CARD_ISSUE,CLOSED
COMP020593,CUST037282,FRAUD_ALERT,CLOSED
COMP020594,CUST023808,FRAUD_ALERT,OPEN
COMP020595,CUST071844,CARD_ISSUE,CLOSED
COMP020596,CUST025263,CARD_ISSUE,CLOSED
COMP020597,CUST071283,LOAN_ISSUE,OPEN
COMP020598,CUST008349,CARD_ISSUE,OPEN
COMP020599,CUST093273,UPI_ISSUE,CLOSED
COMP020600,CUST056361,CARD_ISSUE,CLOSED
COMP020601,CUST031785,LOAN_ISSUE,OPEN
COMP020602,CUST023377,LOAN_ISSUE,OPEN
COMP020603,CUST037951,UPI_ISSUE,CLOSED
COMP020604,CUST091990,FRAUD_ALERT,CLOSED
COMP020605,CUST099745,UPI_ISSUE,CLOSED
COMP020606,CUST046155,CARD_ISSUE,OPEN
COMP020607,CUST042482,CARD_ISSUE,OPEN
COMP020608,CUST034151,UPI_ISSUE,OPEN
COMP020609,CUST025709,CARD_ISSUE,OPEN
COMP020610,CUST028491,LOAN_ISSUE,OPEN
COMP020611,CUST044875,CARD_ISSUE,CLOSED
COMP020612,CUST013835,FRAUD_ALERT,CLOSED
COMP020613,CUST081564,FRAUD_ALERT,CLOSED
COMP020614,CUST032249,UPI_ISSUE,OPEN
COMP020615,CUST028707,CARD_ISSUE,OPEN
COMP020616,CUST042468,LOAN_ISSUE,CLOSED
COMP020617,CUST093314,LOAN_ISSUE,OPEN
COMP020618,CUST095222,UPI_ISSUE,CLOSED
COMP020619,CUST029872,CARD_ISSUE,OPEN
COMP020620,CUST061324,FRAUD_ALERT,OPEN
COMP020621,CUST040129,UPI_ISSUE,OPEN
COMP020622,CUST024102,CARD_ISSUE,OPEN
COMP020623,CUST064641,FRAUD_ALERT,OPEN
COMP020624,CUST069165,CARD_ISSUE,CLOSED
COMP020625,CUST016673,FRAUD_ALERT,OPEN
COMP020626,CUST093333,LOAN_ISSUE,CLOSED
COMP020627,CUST049663,UPI_ISSUE,OPEN
COMP020628,CUST053501,LOAN_ISSUE,OPEN
COMP020629,CUST089525,CARD_ISSUE,OPEN
COMP020630,CUST094296,CARD_ISSUE,OPEN
COMP020631,CUST009162,CARD_ISSUE,OPEN
COMP020632,CUST000403,LOAN_ISSUE,CLOSED
COMP020633,CUST037547,UPI_ISSUE,OPEN
COMP020634,CUST087116,UPI_ISSUE,CLOSED
COMP020635,CUST075673,UPI_ISSUE,OPEN
COMP020636,CUST078496,CARD_ISSUE,OPEN
COMP020637,CUST025850,LOAN_ISSUE,CLOSED
COMP020638,CUST008495,LOAN_ISSUE,OPEN
COMP020639,CUST051258,CARD_ISSUE,CLOSED
COMP020640,CUST069427,UPI_ISSUE,CLOSED
COMP020641,CUST095000,FRAUD_ALERT,CLOSED
COMP020642,CUST050407,CARD_ISSUE,OPEN
COMP020643,CUST085823,FRAUD_ALERT,OPEN
COMP020644,CUST012231,LOAN_ISSUE,CLOSED
COMP020645,CUST086378,CARD_ISSUE,OPEN
COMP020646,CUST091700,FRAUD_ALERT,OPEN
COMP020647,CUST065178,FRAUD_ALERT,CLOSED
COMP020648,CUST022366,CARD_ISSUE,OPEN
COMP020649,CUST064601,LOAN_ISSUE,CLOSED
COMP020650,CUST040665,CARD_ISSUE,CLOSED
COMP020651,CUST098863,FRAUD_ALERT,CLOSED
COMP020652,CUST015994,CARD_ISSUE,OPEN
COMP020653,CUST034314,UPI_ISSUE,OPEN
COMP020654,CUST030404,FRAUD_ALERT,CLOSED
COMP020655,CUST017834,CARD_ISSUE,CLOSED
COMP020656,CUST000596,LOAN_ISSUE,OPEN
COMP020657,CUST080072,UPI_ISSUE,CLOSED
COMP020658,CUST004311,CARD_ISSUE,CLOSED
COMP020659,CUST049158,CARD_ISSUE,CLOSED
COMP020660,CUST011365,CARD_ISSUE,OPEN
COMP020661,CUST094942,FRAUD_ALERT,OPEN
COMP020662,CUST035437,LOAN_ISSUE,OPEN
COMP020663,CUST084904,FRAUD_ALERT,OPEN
COMP020664,CUST059238,LOAN_ISSUE,OPEN
COMP020665,CUST072710,CARD_ISSUE,OPEN
COMP020666,CUST031559,CARD_ISSUE,OPEN
COMP020667,CUST024882,LOAN_ISSUE,CLOSED
COMP020668,CUST053072,FRAUD_ALERT,OPEN
COMP020669,CUST030336,UPI_ISSUE,OPEN
COMP020670,CUST011429,LOAN_ISSUE,OPEN
COMP020671,CUST058661,FRAUD_ALERT,CLOSED
COMP020672,CUST000235,UPI_ISSUE,OPEN
COMP020673,CUST031486,FRAUD_ALERT,OPEN
COMP020674,CUST024522,LOAN_ISSUE,OPEN
COMP020675,CUST080455,CARD_ISSUE,OPEN
COMP020676,CUST069269,LOAN_ISSUE,OPEN
COMP020677,CUST016270,LOAN_ISSUE,OPEN
COMP020678,CUST064276,FRAUD_ALERT,OPEN
COMP020679,CUST019032,LOAN_ISSUE,CLOSED
COMP020680,CUST099310,CARD_ISSUE,OPEN
COMP020681,CUST075413,UPI_ISSUE,OPEN
COMP020682,CUST022451,CARD_ISSUE,CLOSED
COMP020683,CUST041881,FRAUD_ALERT,CLOSED
COMP020684,CUST096684,FRAUD_ALERT,CLOSED
COMP020685,CUST047961,FRAUD_ALERT,OPEN
COMP020686,CUST005508,UPI_ISSUE,CLOSED
COMP020687,CUST088708,FRAUD_ALERT,CLOSED
COMP020688,CUST068156,UPI_ISSUE,OPEN
COMP020689,CUST064763,LOAN_ISSUE,CLOSED
COMP020690,CUST040713,FRAUD_ALERT,CLOSED
COMP020691,CUST005611,LOAN_ISSUE,CLOSED
COMP020692,CUST076517,FRAUD_ALERT,CLOSED
COMP020693,CUST059800,UPI_ISSUE,CLOSED
COMP020694,CUST036650,CARD_ISSUE,CLOSED
COMP020695,CUST099212,UPI_ISSUE,CLOSED
COMP020696,CUST073599,FRAUD_ALERT,CLOSED
COMP020697,CUST074344,LOAN_ISSUE,CLOSED
COMP020698,CUST009363,UPI_ISSUE,CLOSED
COMP020699,CUST017623,UPI_ISSUE,CLOSED
COMP020700,CUST074648,LOAN_ISSUE,OPEN
COMP020701,CUST000860,UPI_ISSUE,OPEN
COMP020702,CUST020650,UPI_ISSUE,CLOSED
COMP020703,CUST055079,FRAUD_ALERT,CLOSED
COMP020704,CUST060428,CARD_ISSUE,CLOSED
COMP020705,CUST027943,LOAN_ISSUE,CLOSED
COMP020706,CUST059686,LOAN_ISSUE,CLOSED
COMP020707,CUST051359,FRAUD_ALERT,CLOSED
COMP020708,CUST046124,FRAUD_ALERT,OPEN
COMP020709,CUST009785,UPI_ISSUE,CLOSED
COMP020710,CUST070145,CARD_ISSUE,CLOSED
COMP020711,CUST083162,CARD_ISSUE,OPEN
COMP020712,CUST073795,UPI_ISSUE,OPEN
COMP020713,CUST011883,UPI_ISSUE,OPEN
COMP020714,CUST079540,LOAN_ISSUE,CLOSED
COMP020715,CUST012063,FRAUD_ALERT,CLOSED
COMP020716,CUST040692,UPI_ISSUE,OPEN
COMP020717,CUST057632,LOAN_ISSUE,OPEN
COMP020718,CUST058599,LOAN_ISSUE,OPEN
COMP020719,CUST080549,UPI_ISSUE,CLOSED
COMP020720,CUST021160,LOAN_ISSUE,CLOSED
COMP020721,CUST034388,LOAN_ISSUE,CLOSED
COMP020722,CUST073031,CARD_ISSUE,OPEN
COMP020723,CUST075242,LOAN_ISSUE,CLOSED
COMP020724,CUST096401,UPI_ISSUE,CLOSED
COMP020725,CUST088306,CARD_ISSUE,CLOSED
COMP020726,CUST024198,LOAN_ISSUE,CLOSED
COMP020727,CUST000719,CARD_ISSUE,OPEN
COMP020728,CUST053061,FRAUD_ALERT,CLOSED
COMP020729,CUST035890,CARD_ISSUE,CLOSED
COMP020730,CUST071878,CARD_ISSUE,OPEN
COMP020731,CUST096620,CARD_ISSUE,OPEN
COMP020732,CUST011476,FRAUD_ALERT,CLOSED
COMP020733,CUST042393,FRAUD_ALERT,CLOSED
COMP020734,CUST067890,CARD_ISSUE,CLOSED
COMP020735,CUST066989,UPI_ISSUE,CLOSED
COMP020736,CUST069115,LOAN_ISSUE,OPEN
COMP020737,CUST052736,UPI_ISSUE,OPEN
COMP020738,CUST095965,CARD_ISSUE,CLOSED
COMP020739,CUST042940,CARD_ISSUE,CLOSED
COMP020740,CUST070091,FRAUD_ALERT,CLOSED
COMP020741,CUST013482,LOAN_ISSUE,OPEN
COMP020742,CUST023764,CARD_ISSUE,CLOSED
COMP020743,CUST044857,LOAN_ISSUE,CLOSED
COMP020744,CUST006656,CARD_ISSUE,OPEN
COMP020745,CUST004186,CARD_ISSUE,CLOSED
COMP020746,CUST070648,FRAUD_ALERT,CLOSED
COMP020747,CUST010190,UPI_ISSUE,OPEN
COMP020748,CUST002396,LOAN_ISSUE,OPEN
COMP020749,CUST062395,UPI_ISSUE,OPEN
COMP020750,CUST062262,FRAUD_ALERT,OPEN
COMP020751,CUST070209,CARD_ISSUE,CLOSED
COMP020752,CUST035141,LOAN_ISSUE,CLOSED
COMP020753,CUST069927,UPI_ISSUE,CLOSED
COMP020754,CUST029407,LOAN_ISSUE,OPEN
COMP020755,CUST007710,LOAN_ISSUE,OPEN
COMP020756,CUST046932,FRAUD_ALERT,OPEN
COMP020757,CUST074793,FRAUD_ALERT,OPEN
COMP020758,CUST037773,FRAUD_ALERT,CLOSED
COMP020759,CUST010436,CARD_ISSUE,OPEN
COMP020760,CUST026153,FRAUD_ALERT,CLOSED
COMP020761,CUST068823,CARD_ISSUE,CLOSED
COMP020762,CUST066267,FRAUD_ALERT,CLOSED
COMP020763,CUST014006,CARD_ISSUE,OPEN
COMP020764,CUST074815,UPI_ISSUE,OPEN
COMP020765,CUST079820,LOAN_ISSUE,CLOSED
COMP020766,CUST009318,FRAUD_ALERT,OPEN
COMP020767,CUST043039,FRAUD_ALERT,CLOSED
COMP020768,CUST099869,UPI_ISSUE,CLOSED
COMP020769,CUST019802,LOAN_ISSUE,CLOSED
COMP020770,CUST093938,UPI_ISSUE,CLOSED
COMP020771,CUST005307,CARD_ISSUE,OPEN
COMP020772,CUST004342,FRAUD_ALERT,CLOSED
COMP020773,CUST052812,FRAUD_ALERT,OPEN
COMP020774,CUST086991,UPI_ISSUE,OPEN
COMP020775,CUST003454,FRAUD_ALERT,OPEN
COMP020776,CUST063862,CARD_ISSUE,OPEN
COMP020777,CUST064681,UPI_ISSUE,CLOSED
COMP020778,CUST020895,LOAN_ISSUE,OPEN
COMP020779,CUST071061,CARD_ISSUE,CLOSED
COMP020780,CUST072110,LOAN_ISSUE,CLOSED
COMP020781,CUST098623,CARD_ISSUE,CLOSED
COMP020782,CUST015101,CARD_ISSUE,OPEN
COMP020783,CUST023501,CARD_ISSUE,OPEN
COMP020784,CUST069003,CARD_ISSUE,OPEN
COMP020785,CUST084821,UPI_ISSUE,CLOSED
COMP020786,CUST012563,CARD_ISSUE,CLOSED
COMP020787,CUST002765,UPI_ISSUE,CLOSED
COMP020788,CUST070441,CARD_ISSUE,OPEN
COMP020789,CUST084697,FRAUD_ALERT,OPEN
COMP020790,CUST020792,UPI_ISSUE,CLOSED
COMP020791,CUST033993,UPI_ISSUE,CLOSED
COMP020792,CUST092891,LOAN_ISSUE,OPEN
COMP020793,CUST095298,CARD_ISSUE,CLOSED
COMP020794,CUST095958,LOAN_ISSUE,OPEN
COMP020795,CUST043790,FRAUD_ALERT,CLOSED
COMP020796,CUST035194,FRAUD_ALERT,OPEN
COMP020797,CUST052579,FRAUD_ALERT,CLOSED
COMP020798,CUST092947,UPI_ISSUE,CLOSED
COMP020799,CUST058449,UPI_ISSUE,CLOSED
COMP020800,CUST058069,UPI_ISSUE,OPEN
COMP020801,CUST016556,FRAUD_ALERT,OPEN
COMP020802,CUST066249,FRAUD_ALERT,CLOSED
COMP020803,CUST089854,LOAN_ISSUE,CLOSED
COMP020804,CUST045316,LOAN_ISSUE,OPEN
COMP020805,CUST006490,UPI_ISSUE,OPEN
COMP020806,CUST056123,FRAUD_ALERT,OPEN
COMP020807,CUST036622,CARD_ISSUE,CLOSED
COMP020808,CUST071551,LOAN_ISSUE,CLOSED
COMP020809,CUST014422,CARD_ISSUE,OPEN
COMP020810,CUST024439,FRAUD_ALERT,CLOSED
COMP020811,CUST074827,CARD_ISSUE,OPEN
COMP020812,CUST003102,UPI_ISSUE,CLOSED
COMP020813,CUST094802,CARD_ISSUE,CLOSED
COMP020814,CUST066665,CARD_ISSUE,CLOSED
COMP020815,CUST003555,FRAUD_ALERT,OPEN
COMP020816,CUST098905,LOAN_ISSUE,OPEN
COMP020817,CUST009349,FRAUD_ALERT,OPEN
COMP020818,CUST080250,LOAN_ISSUE,CLOSED
COMP020819,CUST058637,FRAUD_ALERT,CLOSED
COMP020820,CUST097324,FRAUD_ALERT,OPEN
COMP020821,CUST016643,LOAN_ISSUE,OPEN
COMP020822,CUST055269,UPI_ISSUE,OPEN
COMP020823,CUST004380,FRAUD_ALERT,CLOSED
COMP020824,CUST055561,CARD_ISSUE,OPEN
COMP020825,CUST064912,LOAN_ISSUE,OPEN
COMP020826,CUST025964,LOAN_ISSUE,CLOSED
COMP020827,CUST082748,LOAN_ISSUE,CLOSED
COMP020828,CUST085102,FRAUD_ALERT,CLOSED
COMP020829,CUST092660,UPI_ISSUE,CLOSED
COMP020830,CUST080254,LOAN_ISSUE,CLOSED
COMP020831,CUST001860,CARD_ISSUE,CLOSED
COMP020832,CUST093086,FRAUD_ALERT,OPEN
COMP020833,CUST005535,UPI_ISSUE,OPEN
COMP020834,CUST087598,CARD_ISSUE,CLOSED
COMP020835,CUST083805,FRAUD_ALERT,OPEN
COMP020836,CUST061707,CARD_ISSUE,CLOSED
COMP020837,CUST086943,CARD_ISSUE,CLOSED
COMP020838,CUST005134,CARD_ISSUE,OPEN
COMP020839,CUST062079,UPI_ISSUE,OPEN
COMP020840,CUST093998,LOAN_ISSUE,OPEN
COMP020841,CUST075973,CARD_ISSUE,CLOSED
COMP020842,CUST081392,LOAN_ISSUE,OPEN
COMP020843,CUST072867,FRAUD_ALERT,OPEN
COMP020844,CUST004078,CARD_ISSUE,OPEN
COMP020845,CUST042220,FRAUD_ALERT,OPEN
COMP020846,CUST067853,CARD_ISSUE,OPEN
COMP020847,CUST083658,FRAUD_ALERT,OPEN
COMP020848,CUST049809,FRAUD_ALERT,OPEN
COMP020849,CUST001572,UPI_ISSUE,CLOSED
COMP020850,CUST023695,FRAUD_ALERT,CLOSED
COMP020851,CUST061077,LOAN_ISSUE,OPEN
COMP020852,CUST035323,LOAN_ISSUE,CLOSED
COMP020853,CUST051301,UPI_ISSUE,CLOSED
COMP020854,CUST053344,UPI_ISSUE,OPEN
COMP020855,CUST079508,LOAN_ISSUE,OPEN
COMP020856,CUST006000,UPI_ISSUE,CLOSED
COMP020857,CUST044604,LOAN_ISSUE,CLOSED
COMP020858,CUST059626,CARD_ISSUE,CLOSED
COMP020859,CUST084148,FRAUD_ALERT,OPEN
COMP020860,CUST046632,LOAN_ISSUE,OPEN
COMP020861,CUST016536,FRAUD_ALERT,OPEN
COMP020862,CUST013363,LOAN_ISSUE,OPEN
COMP020863,CUST072703,LOAN_ISSUE,OPEN
COMP020864,CUST005947,UPI_ISSUE,CLOSED
COMP020865,CUST011521,FRAUD_ALERT,CLOSED
COMP020866,CUST011051,LOAN_ISSUE,OPEN
COMP020867,CUST008108,UPI_ISSUE,CLOSED
COMP020868,CUST007731,LOAN_ISSUE,CLOSED
COMP020869,CUST020778,UPI_ISSUE,CLOSED
COMP020870,CUST012771,CARD_ISSUE,OPEN
COMP020871,CUST015311,UPI_ISSUE,OPEN
COMP020872,CUST041337,FRAUD_ALERT,OPEN
COMP020873,CUST005798,LOAN_ISSUE,OPEN
COMP020874,CUST084170,FRAUD_ALERT,CLOSED
COMP020875,CUST023579,UPI_ISSUE,OPEN
COMP020876,CUST009114,UPI_ISSUE,OPEN
COMP020877,CUST055390,FRAUD_ALERT,OPEN
COMP020878,CUST012812,FRAUD_ALERT,OPEN
COMP020879,CUST052952,LOAN_ISSUE,OPEN
COMP020880,CUST000360,LOAN_ISSUE,OPEN
COMP020881,CUST044510,LOAN_ISSUE,CLOSED
COMP020882,CUST004968,UPI_ISSUE,OPEN
COMP020883,CUST021625,CARD_ISSUE,OPEN
COMP020884,CUST099392,LOAN_ISSUE,CLOSED
COMP020885,CUST022209,FRAUD_ALERT,OPEN
COMP020886,CUST042519,CARD_ISSUE,OPEN
COMP020887,CUST053834,UPI_ISSUE,OPEN
COMP020888,CUST050680,CARD_ISSUE,OPEN
COMP020889,CUST064225,CARD_ISSUE,CLOSED
COMP020890,CUST038448,CARD_ISSUE,OPEN
COMP020891,CUST082647,LOAN_ISSUE,CLOSED
COMP020892,CUST060903,FRAUD_ALERT,CLOSED
COMP020893,CUST026980,LOAN_ISSUE,OPEN
COMP020894,CUST036460,CARD_ISSUE,OPEN
COMP020895,CUST086879,LOAN_ISSUE,OPEN
COMP020896,CUST031684,CARD_ISSUE,CLOSED
COMP020897,CUST045972,LOAN_ISSUE,OPEN
COMP020898,CUST071798,LOAN_ISSUE,CLOSED
COMP020899,CUST003786,FRAUD_ALERT,OPEN
COMP020900,CUST051355,LOAN_ISSUE,CLOSED
COMP020901,CUST085665,CARD_ISSUE,CLOSED
COMP020902,CUST002716,CARD_ISSUE,OPEN
COMP020903,CUST094406,FRAUD_ALERT,OPEN
COMP020904,CUST064872,FRAUD_ALERT,CLOSED
COMP020905,CUST023320,FRAUD_ALERT,CLOSED
COMP020906,CUST062905,CARD_ISSUE,CLOSED
COMP020907,CUST082178,UPI_ISSUE,OPEN
COMP020908,CUST093204,LOAN_ISSUE,OPEN
COMP020909,CUST058657,FRAUD_ALERT,CLOSED
COMP020910,CUST012212,UPI_ISSUE,CLOSED
COMP020911,CUST021408,CARD_ISSUE,OPEN
COMP020912,CUST078895,CARD_ISSUE,OPEN
COMP020913,CUST086887,UPI_ISSUE,CLOSED
COMP020914,CUST074226,CARD_ISSUE,OPEN
COMP020915,CUST025527,UPI_ISSUE,OPEN
COMP020916,CUST043873,FRAUD_ALERT,OPEN
COMP020917,CUST093794,UPI_ISSUE,OPEN
COMP020918,CUST038348,CARD_ISSUE,OPEN
COMP020919,CUST004675,CARD_ISSUE,CLOSED
COMP020920,CUST024551,FRAUD_ALERT,CLOSED
COMP020921,CUST060001,UPI_ISSUE,CLOSED
COMP020922,CUST040520,UPI_ISSUE,OPEN
COMP020923,CUST018002,FRAUD_ALERT,CLOSED
COMP020924,CUST000504,LOAN_ISSUE,OPEN
COMP020925,CUST031920,CARD_ISSUE,OPEN
COMP020926,CUST002522,CARD_ISSUE,CLOSED
COMP020927,CUST066337,FRAUD_ALERT,CLOSED
COMP020928,CUST006495,LOAN_ISSUE,OPEN
COMP020929,CUST076721,CARD_ISSUE,CLOSED
COMP020930,CUST024668,LOAN_ISSUE,OPEN
COMP020931,CUST056285,CARD_ISSUE,CLOSED
COMP020932,CUST007290,UPI_ISSUE,CLOSED
COMP020933,CUST080605,CARD_ISSUE,OPEN
COMP020934,CUST060885,UPI_ISSUE,OPEN
COMP020935,CUST051100,CARD_ISSUE,CLOSED
COMP020936,CUST094935,LOAN_ISSUE,CLOSED
COMP020937,CUST084974,LOAN_ISSUE,OPEN
COMP020938,CUST017856,FRAUD_ALERT,OPEN
COMP020939,CUST028740,UPI_ISSUE,OPEN
COMP020940,CUST030072,CARD_ISSUE,OPEN
COMP020941,CUST004166,UPI_ISSUE,OPEN
COMP020942,CUST018640,UPI_ISSUE,OPEN
COMP020943,CUST082028,UPI_ISSUE,OPEN
COMP020944,CUST039403,UPI_ISSUE,CLOSED
COMP020945,CUST054008,UPI_ISSUE,CLOSED
COMP020946,CUST075643,CARD_ISSUE,OPEN
COMP020947,CUST007466,LOAN_ISSUE,OPEN
COMP020948,CUST011839,CARD_ISSUE,CLOSED
COMP020949,CUST057174,FRAUD_ALERT,CLOSED
COMP020950,CUST040621,UPI_ISSUE,OPEN
COMP020951,CUST060228,FRAUD_ALERT,OPEN
COMP020952,CUST024528,LOAN_ISSUE,OPEN
COMP020953,CUST047670,LOAN_ISSUE,CLOSED
COMP020954,CUST058583,FRAUD_ALERT,CLOSED
COMP020955,CUST026488,LOAN_ISSUE,CLOSED
COMP020956,CUST026569,UPI_ISSUE,CLOSED
COMP020957,CUST061032,CARD_ISSUE,OPEN
COMP020958,CUST035442,CARD_ISSUE,OPEN
COMP020959,CUST003568,CARD_ISSUE,CLOSED
COMP020960,CUST025746,FRAUD_ALERT,OPEN
COMP020961,CUST013207,FRAUD_ALERT,CLOSED
COMP020962,CUST071711,UPI_ISSUE,CLOSED
COMP020963,CUST001853,FRAUD_ALERT,OPEN
COMP020964,CUST044717,UPI_ISSUE,OPEN
COMP020965,CUST006642,LOAN_ISSUE,CLOSED
COMP020966,CUST028604,FRAUD_ALERT,CLOSED
COMP020967,CUST055923,UPI_ISSUE,OPEN
COMP020968,CUST002437,CARD_ISSUE,OPEN
COMP020969,CUST047952,UPI_ISSUE,OPEN
COMP020970,CUST048657,UPI_ISSUE,OPEN
COMP020971,CUST076558,LOAN_ISSUE,CLOSED
COMP020972,CUST019877,CARD_ISSUE,CLOSED
COMP020973,CUST061386,CARD_ISSUE,OPEN
COMP020974,CUST089394,UPI_ISSUE,CLOSED
COMP020975,CUST000044,UPI_ISSUE,CLOSED
COMP020976,CUST086981,CARD_ISSUE,CLOSED
COMP020977,CUST035384,UPI_ISSUE,CLOSED
COMP020978,CUST007623,UPI_ISSUE,OPEN
COMP020979,CUST055329,CARD_ISSUE,OPEN
COMP020980,CUST079229,FRAUD_ALERT,CLOSED
COMP020981,CUST044498,UPI_ISSUE,CLOSED
COMP020982,CUST005019,CARD_ISSUE,OPEN
COMP020983,CUST079888,FRAUD_ALERT,OPEN
COMP020984,CUST001366,LOAN_ISSUE,OPEN
COMP020985,CUST030915,CARD_ISSUE,CLOSED
COMP020986,CUST013756,CARD_ISSUE,OPEN
COMP020987,CUST004187,LOAN_ISSUE,CLOSED
COMP020988,CUST023434,FRAUD_ALERT,CLOSED
COMP020989,CUST010891,UPI_ISSUE,CLOSED
COMP020990,CUST014103,CARD_ISSUE,OPEN
COMP020991,CUST090431,CARD_ISSUE,CLOSED
COMP020992,CUST013851,LOAN_ISSUE,OPEN
COMP020993,CUST074384,CARD_ISSUE,CLOSED
COMP020994,CUST040659,FRAUD_ALERT,OPEN
COMP020995,CUST087636,CARD_ISSUE,OPEN
COMP020996,CUST083593,FRAUD_ALERT,OPEN
COMP020997,CUST099706,LOAN_ISSUE,CLOSED
COMP020998,CUST066345,LOAN_ISSUE,CLOSED
COMP020999,CUST065441,UPI_ISSUE,CLOSED
COMP021000,CUST023615,FRAUD_ALERT,CLOSED
COMP021001,CUST039646,CARD_ISSUE,CLOSED
COMP021002,CUST031305,LOAN_ISSUE,CLOSED
COMP021003,CUST078167,CARD_ISSUE,OPEN
COMP021004,CUST024658,UPI_ISSUE,OPEN
COMP021005,CUST026859,UPI_ISSUE,CLOSED
COMP021006,CUST024793,UPI_ISSUE,CLOSED
COMP021007,CUST067922,CARD_ISSUE,OPEN
COMP021008,CUST077341,FRAUD_ALERT,OPEN
COMP021009,CUST057993,FRAUD_ALERT,OPEN
COMP021010,CUST038711,LOAN_ISSUE,OPEN
COMP021011,CUST023524,FRAUD_ALERT,CLOSED
COMP021012,CUST076019,UPI_ISSUE,OPEN
COMP021013,CUST056757,LOAN_ISSUE,OPEN
COMP021014,CUST016779,LOAN_ISSUE,CLOSED
COMP021015,CUST092417,LOAN_ISSUE,OPEN
COMP021016,CUST014776,UPI_ISSUE,OPEN
COMP021017,CUST001449,LOAN_ISSUE,OPEN
COMP021018,CUST070740,LOAN_ISSUE,OPEN
COMP021019,CUST058763,UPI_ISSUE,CLOSED
COMP021020,CUST078239,LOAN_ISSUE,CLOSED
COMP021021,CUST003411,FRAUD_ALERT,OPEN
COMP021022,CUST029675,LOAN_ISSUE,OPEN
COMP021023,CUST094357,FRAUD_ALERT,CLOSED
COMP021024,CUST009197,FRAUD_ALERT,OPEN
COMP021025,CUST017325,CARD_ISSUE,OPEN
COMP021026,CUST030866,LOAN_ISSUE,CLOSED
COMP021027,CUST045421,UPI_ISSUE,CLOSED
COMP021028,CUST014295,LOAN_ISSUE,OPEN
COMP021029,CUST027742,CARD_ISSUE,CLOSED
COMP021030,CUST070738,CARD_ISSUE,CLOSED
COMP021031,CUST014192,FRAUD_ALERT,CLOSED
COMP021032,CUST044198,FRAUD_ALERT,CLOSED
COMP021033,CUST082312,UPI_ISSUE,OPEN
COMP021034,CUST067292,LOAN_ISSUE,CLOSED
COMP021035,CUST034804,FRAUD_ALERT,OPEN
COMP021036,CUST088338,UPI_ISSUE,OPEN
COMP021037,CUST051459,UPI_ISSUE,OPEN
COMP021038,CUST095994,CARD_ISSUE,OPEN
COMP021039,CUST031228,FRAUD_ALERT,CLOSED
COMP021040,CUST038615,LOAN_ISSUE,OPEN
COMP021041,CUST079139,CARD_ISSUE,OPEN
COMP021042,CUST006682,LOAN_ISSUE,OPEN
COMP021043,CUST011040,UPI_ISSUE,CLOSED
COMP021044,CUST048602,LOAN_ISSUE,CLOSED
COMP021045,CUST035375,UPI_ISSUE,OPEN
COMP021046,CUST078010,UPI_ISSUE,CLOSED
COMP021047,CUST096924,CARD_ISSUE,OPEN
COMP021048,CUST084884,FRAUD_ALERT,OPEN
COMP021049,CUST021449,UPI_ISSUE,CLOSED
COMP021050,CUST022481,CARD_ISSUE,CLOSED
COMP021051,CUST035258,FRAUD_ALERT,CLOSED
COMP021052,CUST040500,CARD_ISSUE,CLOSED
COMP021053,CUST018806,UPI_ISSUE,OPEN
COMP021054,CUST034908,FRAUD_ALERT,OPEN
COMP021055,CUST067501,LOAN_ISSUE,OPEN
COMP021056,CUST072787,UPI_ISSUE,CLOSED
COMP021057,CUST055053,UPI_ISSUE,OPEN
COMP021058,CUST058601,LOAN_ISSUE,CLOSED
COMP021059,CUST087186,UPI_ISSUE,CLOSED
COMP021060,CUST075390,CARD_ISSUE,CLOSED
COMP021061,CUST022305,UPI_ISSUE,OPEN
COMP021062,CUST010286,LOAN_ISSUE,OPEN
COMP021063,CUST023883,CARD_ISSUE,CLOSED
COMP021064,CUST090399,CARD_ISSUE,CLOSED
COMP021065,CUST011486,UPI_ISSUE,CLOSED
COMP021066,CUST026470,FRAUD_ALERT,OPEN
COMP021067,CUST055336,CARD_ISSUE,CLOSED
COMP021068,CUST012864,FRAUD_ALERT,OPEN
COMP021069,CUST075780,FRAUD_ALERT,OPEN
COMP021070,CUST091435,LOAN_ISSUE,OPEN
COMP021071,CUST084677,LOAN_ISSUE,OPEN
COMP021072,CUST071575,FRAUD_ALERT,CLOSED
COMP021073,CUST065058,UPI_ISSUE,OPEN
COMP021074,CUST032906,CARD_ISSUE,CLOSED
COMP021075,CUST056321,FRAUD_ALERT,OPEN
COMP021076,CUST004111,CARD_ISSUE,CLOSED
COMP021077,CUST050388,UPI_ISSUE,OPEN
COMP021078,CUST046248,LOAN_ISSUE,CLOSED
COMP021079,CUST010656,LOAN_ISSUE,CLOSED
COMP021080,CUST075764,LOAN_ISSUE,CLOSED
COMP021081,CUST043276,LOAN_ISSUE,OPEN
COMP021082,CUST096789,LOAN_ISSUE,CLOSED
COMP021083,CUST000112,FRAUD_ALERT,OPEN
COMP021084,CUST059153,UPI_ISSUE,CLOSED
COMP021085,CUST004526,FRAUD_ALERT,CLOSED
COMP021086,CUST043110,LOAN_ISSUE,CLOSED
COMP021087,CUST010010,LOAN_ISSUE,OPEN
COMP021088,CUST027925,CARD_ISSUE,OPEN
COMP021089,CUST053789,CARD_ISSUE,CLOSED
COMP021090,CUST044009,FRAUD_ALERT,CLOSED
COMP021091,CUST098561,UPI_ISSUE,OPEN
COMP021092,CUST081222,FRAUD_ALERT,OPEN
COMP021093,CUST002384,LOAN_ISSUE,OPEN
COMP021094,CUST010662,FRAUD_ALERT,OPEN
COMP021095,CUST008808,LOAN_ISSUE,CLOSED
COMP021096,CUST089350,UPI_ISSUE,CLOSED
COMP021097,CUST050380,FRAUD_ALERT,CLOSED
COMP021098,CUST098444,FRAUD_ALERT,OPEN
COMP021099,CUST084775,CARD_ISSUE,CLOSED
COMP021100,CUST077464,CARD_ISSUE,OPEN
COMP021101,CUST040837,LOAN_ISSUE,CLOSED
COMP021102,CUST007017,FRAUD_ALERT,CLOSED
COMP021103,CUST093838,LOAN_ISSUE,OPEN
COMP021104,CUST047097,LOAN_ISSUE,OPEN
COMP021105,CUST035580,CARD_ISSUE,CLOSED
COMP021106,CUST002389,CARD_ISSUE,OPEN
COMP021107,CUST087249,CARD_ISSUE,CLOSED
COMP021108,CUST096648,CARD_ISSUE,CLOSED
COMP021109,CUST027789,LOAN_ISSUE,CLOSED
COMP021110,CUST042473,FRAUD_ALERT,OPEN
COMP021111,CUST019360,FRAUD_ALERT,CLOSED
COMP021112,CUST017973,UPI_ISSUE,CLOSED
COMP021113,CUST066626,CARD_ISSUE,OPEN
COMP021114,CUST006572,FRAUD_ALERT,CLOSED
COMP021115,CUST041145,CARD_ISSUE,CLOSED
COMP021116,CUST015318,CARD_ISSUE,CLOSED
COMP021117,CUST085591,UPI_ISSUE,CLOSED
COMP021118,CUST092469,UPI_ISSUE,OPEN
COMP021119,CUST095206,CARD_ISSUE,CLOSED
COMP021120,CUST042341,LOAN_ISSUE,OPEN
COMP021121,CUST044928,LOAN_ISSUE,CLOSED
COMP021122,CUST015729,CARD_ISSUE,OPEN
COMP021123,CUST092127,FRAUD_ALERT,CLOSED
COMP021124,CUST006022,FRAUD_ALERT,OPEN
COMP021125,CUST055567,FRAUD_ALERT,OPEN
COMP021126,CUST046522,CARD_ISSUE,OPEN
COMP021127,CUST084973,LOAN_ISSUE,CLOSED
COMP021128,CUST031985,CARD_ISSUE,CLOSED
COMP021129,CUST091974,CARD_ISSUE,OPEN
COMP021130,CUST078495,FRAUD_ALERT,OPEN
COMP021131,CUST054645,UPI_ISSUE,CLOSED
COMP021132,CUST085387,LOAN_ISSUE,CLOSED
COMP021133,CUST053696,UPI_ISSUE,CLOSED
COMP021134,CUST011291,LOAN_ISSUE,OPEN
COMP021135,CUST042247,FRAUD_ALERT,CLOSED
COMP021136,CUST072569,CARD_ISSUE,CLOSED
COMP021137,CUST094762,FRAUD_ALERT,CLOSED
COMP021138,CUST023495,LOAN_ISSUE,CLOSED
COMP021139,CUST087043,CARD_ISSUE,CLOSED
COMP021140,CUST083878,CARD_ISSUE,CLOSED
COMP021141,CUST064743,LOAN_ISSUE,CLOSED
COMP021142,CUST037681,CARD_ISSUE,CLOSED
COMP021143,CUST015346,UPI_ISSUE,OPEN
COMP021144,CUST070957,UPI_ISSUE,OPEN
COMP021145,CUST003288,LOAN_ISSUE,CLOSED
COMP021146,CUST040875,CARD_ISSUE,OPEN
COMP021147,CUST042904,CARD_ISSUE,OPEN
COMP021148,CUST048961,UPI_ISSUE,OPEN
COMP021149,CUST015157,FRAUD_ALERT,CLOSED
COMP021150,CUST020442,CARD_ISSUE,CLOSED
COMP021151,CUST053481,FRAUD_ALERT,CLOSED
COMP021152,CUST033005,LOAN_ISSUE,OPEN
COMP021153,CUST017709,CARD_ISSUE,CLOSED
COMP021154,CUST076294,CARD_ISSUE,CLOSED
COMP021155,CUST005815,UPI_ISSUE,OPEN
COMP021156,CUST094619,UPI_ISSUE,OPEN
COMP021157,CUST026512,CARD_ISSUE,OPEN
COMP021158,CUST036402,CARD_ISSUE,CLOSED
COMP021159,CUST072375,FRAUD_ALERT,OPEN
COMP021160,CUST062300,FRAUD_ALERT,CLOSED
COMP021161,CUST083616,CARD_ISSUE,OPEN
COMP021162,CUST017400,LOAN_ISSUE,CLOSED
COMP021163,CUST072234,CARD_ISSUE,OPEN
COMP021164,CUST003237,CARD_ISSUE,CLOSED
COMP021165,CUST025007,LOAN_ISSUE,OPEN
COMP021166,CUST089947,LOAN_ISSUE,OPEN
COMP021167,CUST076207,FRAUD_ALERT,OPEN
COMP021168,CUST041387,LOAN_ISSUE,CLOSED
COMP021169,CUST059742,FRAUD_ALERT,OPEN
COMP021170,CUST053988,UPI_ISSUE,CLOSED
COMP021171,CUST004381,UPI_ISSUE,CLOSED
COMP021172,CUST040147,FRAUD_ALERT,CLOSED
COMP021173,CUST011996,CARD_ISSUE,CLOSED
COMP021174,CUST059516,FRAUD_ALERT,CLOSED
COMP021175,CUST015126,UPI_ISSUE,OPEN
COMP021176,CUST085621,FRAUD_ALERT,CLOSED
COMP021177,CUST014014,LOAN_ISSUE,OPEN
COMP021178,CUST011498,UPI_ISSUE,CLOSED
COMP021179,CUST030274,FRAUD_ALERT,OPEN
COMP021180,CUST078341,LOAN_ISSUE,OPEN
COMP021181,CUST029600,FRAUD_ALERT,OPEN
COMP021182,CUST001343,LOAN_ISSUE,OPEN
COMP021183,CUST060254,LOAN_ISSUE,OPEN
COMP021184,CUST070452,LOAN_ISSUE,OPEN
COMP021185,CUST069192,UPI_ISSUE,CLOSED
COMP021186,CUST036315,UPI_ISSUE,CLOSED
COMP021187,CUST016694,LOAN_ISSUE,CLOSED
COMP021188,CUST003126,LOAN_ISSUE,CLOSED
COMP021189,CUST052383,CARD_ISSUE,CLOSED
COMP021190,CUST064959,CARD_ISSUE,CLOSED
COMP021191,CUST022823,UPI_ISSUE,CLOSED
COMP021192,CUST071565,LOAN_ISSUE,CLOSED
COMP021193,CUST037336,UPI_ISSUE,CLOSED
COMP021194,CUST073323,CARD_ISSUE,OPEN
COMP021195,CUST029737,LOAN_ISSUE,CLOSED
COMP021196,CUST013669,CARD_ISSUE,OPEN
COMP021197,CUST053369,CARD_ISSUE,OPEN
COMP021198,CUST076061,UPI_ISSUE,CLOSED
COMP021199,CUST034725,UPI_ISSUE,CLOSED
COMP021200,CUST094513,CARD_ISSUE,CLOSED
COMP021201,CUST023444,LOAN_ISSUE,CLOSED
COMP021202,CUST077799,FRAUD_ALERT,OPEN
COMP021203,CUST003742,FRAUD_ALERT,CLOSED
COMP021204,CUST038660,CARD_ISSUE,OPEN
COMP021205,CUST059738,LOAN_ISSUE,CLOSED
COMP021206,CUST063690,CARD_ISSUE,OPEN
COMP021207,CUST041620,UPI_ISSUE,CLOSED
COMP021208,CUST015261,FRAUD_ALERT,CLOSED
COMP021209,CUST018737,FRAUD_ALERT,CLOSED
COMP021210,CUST024799,FRAUD_ALERT,CLOSED
COMP021211,CUST018623,LOAN_ISSUE,OPEN
COMP021212,CUST041082,LOAN_ISSUE,OPEN
COMP021213,CUST083119,UPI_ISSUE,CLOSED
COMP021214,CUST039030,LOAN_ISSUE,CLOSED
COMP021215,CUST014873,LOAN_ISSUE,CLOSED
COMP021216,CUST084628,FRAUD_ALERT,CLOSED
COMP021217,CUST090506,FRAUD_ALERT,CLOSED
COMP021218,CUST095692,LOAN_ISSUE,CLOSED
COMP021219,CUST092166,UPI_ISSUE,CLOSED
COMP021220,CUST082733,CARD_ISSUE,CLOSED
COMP021221,CUST065253,FRAUD_ALERT,OPEN
COMP021222,CUST011933,LOAN_ISSUE,OPEN
COMP021223,CUST023747,UPI_ISSUE,OPEN
COMP021224,CUST000671,CARD_ISSUE,OPEN
COMP021225,CUST063491,FRAUD_ALERT,CLOSED
COMP021226,CUST086891,LOAN_ISSUE,CLOSED
COMP021227,CUST080381,CARD_ISSUE,OPEN
COMP021228,CUST066289,LOAN_ISSUE,CLOSED
COMP021229,CUST054704,UPI_ISSUE,CLOSED
COMP021230,CUST013416,FRAUD_ALERT,OPEN
COMP021231,CUST077642,LOAN_ISSUE,OPEN
COMP021232,CUST024793,FRAUD_ALERT,CLOSED
COMP021233,CUST092297,UPI_ISSUE,CLOSED
COMP021234,CUST095667,UPI_ISSUE,CLOSED
COMP021235,CUST043748,FRAUD_ALERT,OPEN
COMP021236,CUST036239,LOAN_ISSUE,CLOSED
COMP021237,CUST066973,UPI_ISSUE,CLOSED
COMP021238,CUST072230,LOAN_ISSUE,OPEN
COMP021239,CUST025549,LOAN_ISSUE,CLOSED
COMP021240,CUST002663,LOAN_ISSUE,OPEN
COMP021241,CUST019847,CARD_ISSUE,OPEN
COMP021242,CUST078939,LOAN_ISSUE,CLOSED
COMP021243,CUST017856,FRAUD_ALERT,OPEN
COMP021244,CUST046492,UPI_ISSUE,CLOSED
COMP021245,CUST032486,FRAUD_ALERT,CLOSED
COMP021246,CUST027585,FRAUD_ALERT,CLOSED
COMP021247,CUST098065,UPI_ISSUE,OPEN
COMP021248,CUST008743,UPI_ISSUE,CLOSED
COMP021249,CUST002287,UPI_ISSUE,OPEN
COMP021250,CUST039232,UPI_ISSUE,OPEN
COMP021251,CUST049269,LOAN_ISSUE,OPEN
COMP021252,CUST013971,FRAUD_ALERT,OPEN
COMP021253,CUST077002,CARD_ISSUE,CLOSED
COMP021254,CUST032416,UPI_ISSUE,CLOSED
COMP021255,CUST043211,FRAUD_ALERT,OPEN
COMP021256,CUST004156,LOAN_ISSUE,CLOSED
COMP021257,CUST057717,FRAUD_ALERT,CLOSED
COMP021258,CUST074103,LOAN_ISSUE,OPEN
COMP021259,CUST078840,LOAN_ISSUE,CLOSED
COMP021260,CUST062882,CARD_ISSUE,CLOSED
COMP021261,CUST015303,CARD_ISSUE,OPEN
COMP021262,CUST067113,LOAN_ISSUE,OPEN
COMP021263,CUST078770,FRAUD_ALERT,OPEN
COMP021264,CUST042942,LOAN_ISSUE,CLOSED
COMP021265,CUST068467,LOAN_ISSUE,OPEN
COMP021266,CUST027852,LOAN_ISSUE,OPEN
COMP021267,CUST081129,CARD_ISSUE,CLOSED
COMP021268,CUST001291,FRAUD_ALERT,CLOSED
COMP021269,CUST013199,CARD_ISSUE,OPEN
COMP021270,CUST064553,CARD_ISSUE,CLOSED
COMP021271,CUST099278,UPI_ISSUE,CLOSED
COMP021272,CUST069556,UPI_ISSUE,OPEN
COMP021273,CUST050228,UPI_ISSUE,OPEN
COMP021274,CUST079559,CARD_ISSUE,OPEN
COMP021275,CUST068523,LOAN_ISSUE,CLOSED
COMP021276,CUST076642,FRAUD_ALERT,CLOSED
COMP021277,CUST023713,UPI_ISSUE,OPEN
COMP021278,CUST067154,UPI_ISSUE,OPEN
COMP021279,CUST027774,UPI_ISSUE,CLOSED
COMP021280,CUST068550,CARD_ISSUE,CLOSED
COMP021281,CUST025349,UPI_ISSUE,CLOSED
COMP021282,CUST026995,LOAN_ISSUE,OPEN
COMP021283,CUST031116,FRAUD_ALERT,OPEN
COMP021284,CUST069650,FRAUD_ALERT,OPEN
COMP021285,CUST060058,FRAUD_ALERT,OPEN
COMP021286,CUST077383,LOAN_ISSUE,OPEN
COMP021287,CUST070849,UPI_ISSUE,OPEN
COMP021288,CUST003581,LOAN_ISSUE,OPEN
COMP021289,CUST011674,CARD_ISSUE,OPEN
COMP021290,CUST080519,CARD_ISSUE,CLOSED
COMP021291,CUST065671,CARD_ISSUE,OPEN
COMP021292,CUST084475,UPI_ISSUE,CLOSED
COMP021293,CUST017506,UPI_ISSUE,CLOSED
COMP021294,CUST064618,LOAN_ISSUE,CLOSED
COMP021295,CUST032885,LOAN_ISSUE,CLOSED
COMP021296,CUST093497,CARD_ISSUE,OPEN
COMP021297,CUST046141,FRAUD_ALERT,CLOSED
COMP021298,CUST041626,UPI_ISSUE,OPEN
COMP021299,CUST016608,UPI_ISSUE,CLOSED
COMP021300,CUST034131,LOAN_ISSUE,OPEN
COMP021301,CUST086109,LOAN_ISSUE,CLOSED
COMP021302,CUST055576,CARD_ISSUE,CLOSED
COMP021303,CUST075630,LOAN_ISSUE,CLOSED
COMP021304,CUST043895,FRAUD_ALERT,OPEN
COMP021305,CUST006535,LOAN_ISSUE,CLOSED
COMP021306,CUST064962,LOAN_ISSUE,OPEN
COMP021307,CUST021313,LOAN_ISSUE,OPEN
COMP021308,CUST086049,UPI_ISSUE,CLOSED
COMP021309,CUST092913,FRAUD_ALERT,OPEN
COMP021310,CUST014944,UPI_ISSUE,CLOSED
COMP021311,CUST036503,FRAUD_ALERT,CLOSED
COMP021312,CUST029873,CARD_ISSUE,OPEN
COMP021313,CUST048675,UPI_ISSUE,OPEN
COMP021314,CUST091170,UPI_ISSUE,OPEN
COMP021315,CUST094294,LOAN_ISSUE,OPEN
COMP021316,CUST066789,LOAN_ISSUE,OPEN
COMP021317,CUST010760,LOAN_ISSUE,OPEN
COMP021318,CUST088281,CARD_ISSUE,OPEN
COMP021319,CUST014203,UPI_ISSUE,OPEN
COMP021320,CUST007642,FRAUD_ALERT,CLOSED
COMP021321,CUST060542,LOAN_ISSUE,CLOSED
COMP021322,CUST086435,LOAN_ISSUE,CLOSED
COMP021323,CUST068275,LOAN_ISSUE,OPEN
COMP021324,CUST003713,FRAUD_ALERT,CLOSED
COMP021325,CUST027271,CARD_ISSUE,OPEN
COMP021326,CUST003291,UPI_ISSUE,CLOSED
COMP021327,CUST040690,CARD_ISSUE,OPEN
COMP021328,CUST036725,FRAUD_ALERT,CLOSED
COMP021329,CUST029552,UPI_ISSUE,CLOSED
COMP021330,CUST055315,UPI_ISSUE,OPEN
COMP021331,CUST098195,LOAN_ISSUE,OPEN
COMP021332,CUST051956,UPI_ISSUE,OPEN
COMP021333,CUST017633,LOAN_ISSUE,CLOSED
COMP021334,CUST038274,CARD_ISSUE,CLOSED
COMP021335,CUST089107,LOAN_ISSUE,OPEN
COMP021336,CUST096764,CARD_ISSUE,OPEN
COMP021337,CUST068121,CARD_ISSUE,OPEN
COMP021338,CUST056515,CARD_ISSUE,CLOSED
COMP021339,CUST074223,FRAUD_ALERT,CLOSED
COMP021340,CUST005147,LOAN_ISSUE,OPEN
COMP021341,CUST060890,FRAUD_ALERT,OPEN
COMP021342,CUST016225,CARD_ISSUE,OPEN
COMP021343,CUST071502,LOAN_ISSUE,OPEN
COMP021344,CUST082483,LOAN_ISSUE,CLOSED
COMP021345,CUST014018,UPI_ISSUE,CLOSED
COMP021346,CUST074721,UPI_ISSUE,CLOSED
COMP021347,CUST069316,FRAUD_ALERT,CLOSED
COMP021348,CUST043506,FRAUD_ALERT,OPEN
COMP021349,CUST027620,LOAN_ISSUE,OPEN
COMP021350,CUST076477,LOAN_ISSUE,CLOSED
COMP021351,CUST010903,FRAUD_ALERT,CLOSED
COMP021352,CUST056036,UPI_ISSUE,CLOSED
COMP021353,CUST094637,UPI_ISSUE,OPEN
COMP021354,CUST023077,FRAUD_ALERT,CLOSED
COMP021355,CUST004563,CARD_ISSUE,OPEN
COMP021356,CUST010651,LOAN_ISSUE,OPEN
COMP021357,CUST003763,FRAUD_ALERT,CLOSED
COMP021358,CUST075239,LOAN_ISSUE,OPEN
COMP021359,CUST031007,FRAUD_ALERT,OPEN
COMP021360,CUST052555,CARD_ISSUE,CLOSED
COMP021361,CUST038526,UPI_ISSUE,CLOSED
COMP021362,CUST084116,UPI_ISSUE,OPEN
COMP021363,CUST009917,FRAUD_ALERT,OPEN
COMP021364,CUST035631,LOAN_ISSUE,OPEN
COMP021365,CUST016097,UPI_ISSUE,OPEN
COMP021366,CUST085530,UPI_ISSUE,CLOSED
COMP021367,CUST069535,FRAUD_ALERT,CLOSED
COMP021368,CUST084341,LOAN_ISSUE,CLOSED
COMP021369,CUST001739,CARD_ISSUE,OPEN
COMP021370,CUST054279,UPI_ISSUE,CLOSED
COMP021371,CUST079794,LOAN_ISSUE,OPEN
COMP021372,CUST072376,CARD_ISSUE,CLOSED
COMP021373,CUST007806,LOAN_ISSUE,OPEN
COMP021374,CUST030540,FRAUD_ALERT,CLOSED
COMP021375,CUST008320,LOAN_ISSUE,CLOSED
COMP021376,CUST014037,FRAUD_ALERT,CLOSED
COMP021377,CUST090085,LOAN_ISSUE,OPEN
COMP021378,CUST050891,LOAN_ISSUE,CLOSED
COMP021379,CUST012311,CARD_ISSUE,OPEN
COMP021380,CUST089139,CARD_ISSUE,CLOSED
COMP021381,CUST015661,FRAUD_ALERT,CLOSED
COMP021382,CUST091592,CARD_ISSUE,OPEN
COMP021383,CUST000171,LOAN_ISSUE,OPEN
COMP021384,CUST011455,CARD_ISSUE,CLOSED
COMP021385,CUST036987,UPI_ISSUE,OPEN
COMP021386,CUST015610,CARD_ISSUE,OPEN
COMP021387,CUST075926,LOAN_ISSUE,OPEN
COMP021388,CUST070478,LOAN_ISSUE,OPEN
COMP021389,CUST068330,LOAN_ISSUE,CLOSED
COMP021390,CUST034037,CARD_ISSUE,CLOSED
COMP021391,CUST007749,FRAUD_ALERT,CLOSED
COMP021392,CUST090461,FRAUD_ALERT,CLOSED
COMP021393,CUST019922,CARD_ISSUE,OPEN
COMP021394,CUST088018,LOAN_ISSUE,CLOSED
COMP021395,CUST008898,LOAN_ISSUE,CLOSED
COMP021396,CUST073111,FRAUD_ALERT,OPEN
COMP021397,CUST051242,UPI_ISSUE,OPEN
COMP021398,CUST009508,LOAN_ISSUE,CLOSED
COMP021399,CUST017382,LOAN_ISSUE,CLOSED
COMP021400,CUST088945,UPI_ISSUE,OPEN
COMP021401,CUST010345,CARD_ISSUE,CLOSED
COMP021402,CUST033166,LOAN_ISSUE,CLOSED
COMP021403,CUST002540,LOAN_ISSUE,OPEN
COMP021404,CUST000710,FRAUD_ALERT,CLOSED
COMP021405,CUST092125,FRAUD_ALERT,CLOSED
COMP021406,CUST095026,FRAUD_ALERT,CLOSED
COMP021407,CUST098515,CARD_ISSUE,CLOSED
COMP021408,CUST064832,FRAUD_ALERT,OPEN
COMP021409,CUST096600,LOAN_ISSUE,OPEN
COMP021410,CUST000263,UPI_ISSUE,OPEN
COMP021411,CUST034018,UPI_ISSUE,OPEN
COMP021412,CUST098672,UPI_ISSUE,OPEN
COMP021413,CUST006475,LOAN_ISSUE,OPEN
COMP021414,CUST052974,CARD_ISSUE,OPEN
COMP021415,CUST001033,CARD_ISSUE,OPEN
COMP021416,CUST041864,UPI_ISSUE,CLOSED
COMP021417,CUST063011,LOAN_ISSUE,CLOSED
COMP021418,CUST081062,UPI_ISSUE,OPEN
COMP021419,CUST030231,LOAN_ISSUE,CLOSED
COMP021420,CUST008912,CARD_ISSUE,OPEN
COMP021421,CUST081194,FRAUD_ALERT,CLOSED
COMP021422,CUST007338,CARD_ISSUE,OPEN
COMP021423,CUST011216,FRAUD_ALERT,OPEN
COMP021424,CUST062924,CARD_ISSUE,CLOSED
COMP021425,CUST086966,LOAN_ISSUE,CLOSED
COMP021426,CUST006408,UPI_ISSUE,CLOSED
COMP021427,CUST040593,UPI_ISSUE,CLOSED
COMP021428,CUST072499,LOAN_ISSUE,CLOSED
COMP021429,CUST068702,FRAUD_ALERT,CLOSED
COMP021430,CUST095589,CARD_ISSUE,CLOSED
COMP021431,CUST036126,CARD_ISSUE,CLOSED
COMP021432,CUST040142,FRAUD_ALERT,CLOSED
COMP021433,CUST056933,FRAUD_ALERT,CLOSED
COMP021434,CUST004985,CARD_ISSUE,CLOSED
COMP021435,CUST097010,UPI_ISSUE,CLOSED
COMP021436,CUST010296,UPI_ISSUE,OPEN
COMP021437,CUST062628,FRAUD_ALERT,OPEN
COMP021438,CUST052505,UPI_ISSUE,CLOSED
COMP021439,CUST035867,CARD_ISSUE,CLOSED
COMP021440,CUST070722,LOAN_ISSUE,OPEN
COMP021441,CUST021785,CARD_ISSUE,OPEN
COMP021442,CUST087325,UPI_ISSUE,CLOSED
COMP021443,CUST036713,FRAUD_ALERT,OPEN
COMP021444,CUST009668,CARD_ISSUE,OPEN
COMP021445,CUST081031,CARD_ISSUE,CLOSED
COMP021446,CUST058585,CARD_ISSUE,OPEN
COMP021447,CUST027748,CARD_ISSUE,CLOSED
COMP021448,CUST047839,LOAN_ISSUE,CLOSED
COMP021449,CUST038330,FRAUD_ALERT,CLOSED
COMP021450,CUST096526,CARD_ISSUE,CLOSED
COMP021451,CUST048881,CARD_ISSUE,OPEN
COMP021452,CUST018817,CARD_ISSUE,OPEN
COMP021453,CUST031779,LOAN_ISSUE,CLOSED
COMP021454,CUST094051,UPI_ISSUE,OPEN
COMP021455,CUST044260,LOAN_ISSUE,CLOSED
COMP021456,CUST083619,CARD_ISSUE,CLOSED
COMP021457,CUST002401,UPI_ISSUE,OPEN
COMP021458,CUST024294,LOAN_ISSUE,OPEN
COMP021459,CUST032773,CARD_ISSUE,OPEN
COMP021460,CUST011396,CARD_ISSUE,CLOSED
COMP021461,CUST033777,FRAUD_ALERT,OPEN
COMP021462,CUST014696,FRAUD_ALERT,CLOSED
COMP021463,CUST011640,LOAN_ISSUE,CLOSED
COMP021464,CUST052541,FRAUD_ALERT,CLOSED
COMP021465,CUST092530,UPI_ISSUE,CLOSED
COMP021466,CUST067804,CARD_ISSUE,CLOSED
COMP021467,CUST028915,CARD_ISSUE,OPEN
COMP021468,CUST000954,FRAUD_ALERT,CLOSED
COMP021469,CUST060128,FRAUD_ALERT,OPEN
COMP021470,CUST042649,FRAUD_ALERT,CLOSED
COMP021471,CUST067509,UPI_ISSUE,CLOSED
COMP021472,CUST004239,LOAN_ISSUE,CLOSED
COMP021473,CUST032866,FRAUD_ALERT,OPEN
COMP021474,CUST026665,CARD_ISSUE,OPEN
COMP021475,CUST098476,FRAUD_ALERT,CLOSED
COMP021476,CUST071693,CARD_ISSUE,CLOSED
COMP021477,CUST036234,UPI_ISSUE,CLOSED
COMP021478,CUST014212,UPI_ISSUE,OPEN
COMP021479,CUST013505,LOAN_ISSUE,CLOSED
COMP021480,CUST090714,UPI_ISSUE,OPEN
COMP021481,CUST090129,CARD_ISSUE,OPEN
COMP021482,CUST065898,UPI_ISSUE,CLOSED
COMP021483,CUST039269,FRAUD_ALERT,OPEN
COMP021484,CUST061643,UPI_ISSUE,OPEN
COMP021485,CUST035877,CARD_ISSUE,OPEN
COMP021486,CUST081541,LOAN_ISSUE,CLOSED
COMP021487,CUST032049,UPI_ISSUE,OPEN
COMP021488,CUST096700,UPI_ISSUE,CLOSED
COMP021489,CUST023196,LOAN_ISSUE,OPEN
COMP021490,CUST019184,FRAUD_ALERT,CLOSED
COMP021491,CUST075433,CARD_ISSUE,CLOSED
COMP021492,CUST065503,LOAN_ISSUE,CLOSED
COMP021493,CUST029707,UPI_ISSUE,OPEN
COMP021494,CUST083861,UPI_ISSUE,OPEN
COMP021495,CUST054585,LOAN_ISSUE,OPEN
COMP021496,CUST091209,UPI_ISSUE,CLOSED
COMP021497,CUST012646,LOAN_ISSUE,OPEN
COMP021498,CUST056040,UPI_ISSUE,OPEN
COMP021499,CUST014858,LOAN_ISSUE,OPEN
COMP021500,CUST069859,CARD_ISSUE,OPEN
COMP021501,CUST000625,LOAN_ISSUE,OPEN
COMP021502,CUST092415,FRAUD_ALERT,CLOSED
COMP021503,CUST072051,FRAUD_ALERT,OPEN
COMP021504,CUST016028,LOAN_ISSUE,OPEN
COMP021505,CUST050957,UPI_ISSUE,OPEN
COMP021506,CUST020160,FRAUD_ALERT,OPEN
COMP021507,CUST032132,FRAUD_ALERT,CLOSED
COMP021508,CUST027713,LOAN_ISSUE,CLOSED
COMP021509,CUST087817,UPI_ISSUE,OPEN
COMP021510,CUST087228,UPI_ISSUE,CLOSED
COMP021511,CUST035025,FRAUD_ALERT,CLOSED
COMP021512,CUST089838,FRAUD_ALERT,OPEN
COMP021513,CUST019439,FRAUD_ALERT,OPEN
COMP021514,CUST054273,CARD_ISSUE,OPEN
COMP021515,CUST030459,LOAN_ISSUE,CLOSED
COMP021516,CUST079787,LOAN_ISSUE,OPEN
COMP021517,CUST023356,FRAUD_ALERT,CLOSED
COMP021518,CUST097374,LOAN_ISSUE,OPEN
COMP021519,CUST095002,LOAN_ISSUE,OPEN
COMP021520,CUST025046,UPI_ISSUE,OPEN
COMP021521,CUST079291,CARD_ISSUE,OPEN
COMP021522,CUST076550,FRAUD_ALERT,OPEN
COMP021523,CUST014662,CARD_ISSUE,CLOSED
COMP021524,CUST050343,CARD_ISSUE,OPEN
COMP021525,CUST012449,LOAN_ISSUE,OPEN
COMP021526,CUST045269,CARD_ISSUE,CLOSED
COMP021527,CUST080054,LOAN_ISSUE,CLOSED
COMP021528,CUST053678,UPI_ISSUE,OPEN
COMP021529,CUST015252,UPI_ISSUE,CLOSED
COMP021530,CUST051891,UPI_ISSUE,OPEN
COMP021531,CUST051147,LOAN_ISSUE,CLOSED
COMP021532,CUST050370,CARD_ISSUE,OPEN
COMP021533,CUST094323,FRAUD_ALERT,CLOSED
COMP021534,CUST048879,LOAN_ISSUE,OPEN
COMP021535,CUST017633,CARD_ISSUE,OPEN
COMP021536,CUST005200,FRAUD_ALERT,OPEN
COMP021537,CUST059586,UPI_ISSUE,CLOSED
COMP021538,CUST014700,UPI_ISSUE,CLOSED
COMP021539,CUST092349,UPI_ISSUE,OPEN
COMP021540,CUST072182,CARD_ISSUE,OPEN
COMP021541,CUST079624,UPI_ISSUE,OPEN
COMP021542,CUST038501,FRAUD_ALERT,OPEN
COMP021543,CUST085010,UPI_ISSUE,CLOSED
COMP021544,CUST002574,UPI_ISSUE,CLOSED
COMP021545,CUST016628,UPI_ISSUE,OPEN
COMP021546,CUST051499,CARD_ISSUE,CLOSED
COMP021547,CUST072060,FRAUD_ALERT,CLOSED
COMP021548,CUST039950,UPI_ISSUE,CLOSED
COMP021549,CUST092835,CARD_ISSUE,OPEN
COMP021550,CUST003949,LOAN_ISSUE,CLOSED
COMP021551,CUST055735,LOAN_ISSUE,CLOSED
COMP021552,CUST085992,CARD_ISSUE,OPEN
COMP021553,CUST081943,UPI_ISSUE,OPEN
COMP021554,CUST061942,CARD_ISSUE,CLOSED
COMP021555,CUST036935,UPI_ISSUE,OPEN
COMP021556,CUST072185,CARD_ISSUE,CLOSED
COMP021557,CUST089114,UPI_ISSUE,OPEN
COMP021558,CUST012868,LOAN_ISSUE,CLOSED
COMP021559,CUST095581,UPI_ISSUE,OPEN
COMP021560,CUST040813,LOAN_ISSUE,OPEN
COMP021561,CUST072594,LOAN_ISSUE,CLOSED
COMP021562,CUST051501,CARD_ISSUE,CLOSED
COMP021563,CUST071627,FRAUD_ALERT,CLOSED
COMP021564,CUST031291,LOAN_ISSUE,OPEN
COMP021565,CUST083305,FRAUD_ALERT,OPEN
COMP021566,CUST058643,FRAUD_ALERT,CLOSED
COMP021567,CUST048780,LOAN_ISSUE,OPEN
COMP021568,CUST011922,CARD_ISSUE,OPEN
COMP021569,CUST001676,CARD_ISSUE,OPEN
COMP021570,CUST025072,UPI_ISSUE,CLOSED
COMP021571,CUST060201,LOAN_ISSUE,OPEN
COMP021572,CUST077179,FRAUD_ALERT,OPEN
COMP021573,CUST094748,CARD_ISSUE,OPEN
COMP021574,CUST060955,LOAN_ISSUE,OPEN
COMP021575,CUST049370,CARD_ISSUE,OPEN
COMP021576,CUST081223,FRAUD_ALERT,CLOSED
COMP021577,CUST002191,LOAN_ISSUE,OPEN
COMP021578,CUST045063,FRAUD_ALERT,CLOSED
COMP021579,CUST008910,FRAUD_ALERT,OPEN
COMP021580,CUST035732,FRAUD_ALERT,OPEN
COMP021581,CUST000123,UPI_ISSUE,OPEN
COMP021582,CUST019605,FRAUD_ALERT,CLOSED
COMP021583,CUST037059,CARD_ISSUE,CLOSED
COMP021584,CUST021391,CARD_ISSUE,OPEN
COMP021585,CUST063820,CARD_ISSUE,CLOSED
COMP021586,CUST091306,UPI_ISSUE,OPEN
COMP021587,CUST019924,UPI_ISSUE,OPEN
COMP021588,CUST073109,UPI_ISSUE,OPEN
COMP021589,CUST012865,FRAUD_ALERT,CLOSED
COMP021590,CUST093066,FRAUD_ALERT,CLOSED
COMP021591,CUST071981,UPI_ISSUE,CLOSED
COMP021592,CUST084765,LOAN_ISSUE,OPEN
COMP021593,CUST080057,UPI_ISSUE,CLOSED
COMP021594,CUST061371,FRAUD_ALERT,CLOSED
COMP021595,CUST066464,FRAUD_ALERT,CLOSED
COMP021596,CUST089189,UPI_ISSUE,CLOSED
COMP021597,CUST000992,CARD_ISSUE,CLOSED
COMP021598,CUST040845,LOAN_ISSUE,CLOSED
COMP021599,CUST015444,CARD_ISSUE,CLOSED
COMP021600,CUST000384,UPI_ISSUE,OPEN
COMP021601,CUST082877,FRAUD_ALERT,CLOSED
COMP021602,CUST026391,FRAUD_ALERT,CLOSED
COMP021603,CUST025708,UPI_ISSUE,CLOSED
COMP021604,CUST077288,CARD_ISSUE,CLOSED
COMP021605,CUST098310,LOAN_ISSUE,OPEN
COMP021606,CUST022214,CARD_ISSUE,CLOSED
COMP021607,CUST008860,FRAUD_ALERT,CLOSED
COMP021608,CUST099741,FRAUD_ALERT,OPEN
COMP021609,CUST028586,CARD_ISSUE,OPEN
COMP021610,CUST032507,UPI_ISSUE,CLOSED
COMP021611,CUST093769,UPI_ISSUE,CLOSED
COMP021612,CUST004576,FRAUD_ALERT,OPEN
COMP021613,CUST050053,CARD_ISSUE,OPEN
COMP021614,CUST037247,FRAUD_ALERT,OPEN
COMP021615,CUST030613,UPI_ISSUE,OPEN
COMP021616,CUST003591,LOAN_ISSUE,OPEN
COMP021617,CUST053709,UPI_ISSUE,OPEN
COMP021618,CUST030213,CARD_ISSUE,OPEN
COMP021619,CUST020140,CARD_ISSUE,OPEN
COMP021620,CUST081869,CARD_ISSUE,CLOSED
COMP021621,CUST088583,FRAUD_ALERT,CLOSED
COMP021622,CUST040311,FRAUD_ALERT,CLOSED
COMP021623,CUST018704,LOAN_ISSUE,OPEN
COMP021624,CUST020520,UPI_ISSUE,OPEN
COMP021625,CUST008970,LOAN_ISSUE,OPEN
COMP021626,CUST011094,UPI_ISSUE,OPEN
COMP021627,CUST081219,LOAN_ISSUE,CLOSED
COMP021628,CUST041060,FRAUD_ALERT,CLOSED
COMP021629,CUST011342,CARD_ISSUE,CLOSED
COMP021630,CUST025028,FRAUD_ALERT,OPEN
COMP021631,CUST019940,FRAUD_ALERT,OPEN
COMP021632,CUST054611,FRAUD_ALERT,OPEN
COMP021633,CUST041656,UPI_ISSUE,OPEN
COMP021634,CUST088641,LOAN_ISSUE,OPEN
COMP021635,CUST018869,LOAN_ISSUE,OPEN
COMP021636,CUST066624,LOAN_ISSUE,CLOSED
COMP021637,CUST008298,FRAUD_ALERT,OPEN
COMP021638,CUST033271,FRAUD_ALERT,OPEN
COMP021639,CUST079101,CARD_ISSUE,CLOSED
COMP021640,CUST058107,FRAUD_ALERT,CLOSED
COMP021641,CUST086483,FRAUD_ALERT,CLOSED
COMP021642,CUST061818,CARD_ISSUE,CLOSED
COMP021643,CUST045289,FRAUD_ALERT,OPEN
COMP021644,CUST034746,FRAUD_ALERT,OPEN
COMP021645,CUST069455,LOAN_ISSUE,CLOSED
COMP021646,CUST064879,CARD_ISSUE,OPEN
COMP021647,CUST078513,LOAN_ISSUE,OPEN
COMP021648,CUST093386,CARD_ISSUE,OPEN
COMP021649,CUST096810,UPI_ISSUE,CLOSED
COMP021650,CUST024505,UPI_ISSUE,CLOSED
COMP021651,CUST009573,FRAUD_ALERT,OPEN
COMP021652,CUST084793,FRAUD_ALERT,CLOSED
COMP021653,CUST002918,LOAN_ISSUE,CLOSED
COMP021654,CUST083128,FRAUD_ALERT,CLOSED
COMP021655,CUST033840,CARD_ISSUE,OPEN
COMP021656,CUST018690,UPI_ISSUE,CLOSED
COMP021657,CUST060126,UPI_ISSUE,CLOSED
COMP021658,CUST051099,UPI_ISSUE,CLOSED
COMP021659,CUST034059,UPI_ISSUE,OPEN
COMP021660,CUST009371,FRAUD_ALERT,CLOSED
COMP021661,CUST062138,FRAUD_ALERT,OPEN
COMP021662,CUST029753,CARD_ISSUE,OPEN
COMP021663,CUST037886,FRAUD_ALERT,OPEN
COMP021664,CUST038969,CARD_ISSUE,CLOSED
COMP021665,CUST092129,LOAN_ISSUE,CLOSED
COMP021666,CUST088270,FRAUD_ALERT,CLOSED
COMP021667,CUST034294,UPI_ISSUE,OPEN
COMP021668,CUST005057,UPI_ISSUE,OPEN
COMP021669,CUST065509,LOAN_ISSUE,CLOSED
COMP021670,CUST041724,LOAN_ISSUE,CLOSED
COMP021671,CUST033498,UPI_ISSUE,CLOSED
COMP021672,CUST065411,UPI_ISSUE,CLOSED
COMP021673,CUST015982,LOAN_ISSUE,OPEN
COMP021674,CUST014788,LOAN_ISSUE,OPEN
COMP021675,CUST087268,FRAUD_ALERT,CLOSED
COMP021676,CUST046937,LOAN_ISSUE,CLOSED
COMP021677,CUST055592,LOAN_ISSUE,CLOSED
COMP021678,CUST074997,FRAUD_ALERT,OPEN
COMP021679,CUST070866,CARD_ISSUE,CLOSED
COMP021680,CUST064913,FRAUD_ALERT,OPEN
COMP021681,CUST081568,UPI_ISSUE,CLOSED
COMP021682,CUST075255,FRAUD_ALERT,OPEN
COMP021683,CUST020305,CARD_ISSUE,OPEN
COMP021684,CUST092799,UPI_ISSUE,CLOSED
COMP021685,CUST071186,UPI_ISSUE,OPEN
COMP021686,CUST010459,CARD_ISSUE,OPEN
COMP021687,CUST079923,LOAN_ISSUE,OPEN
COMP021688,CUST007345,FRAUD_ALERT,CLOSED
COMP021689,CUST096780,LOAN_ISSUE,OPEN
COMP021690,CUST023034,LOAN_ISSUE,OPEN
COMP021691,CUST052379,LOAN_ISSUE,OPEN
COMP021692,CUST019561,CARD_ISSUE,OPEN
COMP021693,CUST089027,LOAN_ISSUE,OPEN
COMP021694,CUST074062,LOAN_ISSUE,CLOSED
COMP021695,CUST033977,UPI_ISSUE,CLOSED
COMP021696,CUST026924,LOAN_ISSUE,CLOSED
COMP021697,CUST057039,LOAN_ISSUE,CLOSED
COMP021698,CUST015877,CARD_ISSUE,OPEN
COMP021699,CUST042379,FRAUD_ALERT,CLOSED
COMP021700,CUST066464,CARD_ISSUE,CLOSED
COMP021701,CUST061467,LOAN_ISSUE,OPEN
COMP021702,CUST052798,LOAN_ISSUE,OPEN
COMP021703,CUST001168,FRAUD_ALERT,CLOSED
COMP021704,CUST049986,CARD_ISSUE,OPEN
COMP021705,CUST075174,LOAN_ISSUE,OPEN
COMP021706,CUST083740,UPI_ISSUE,CLOSED
COMP021707,CUST007457,UPI_ISSUE,CLOSED
COMP021708,CUST007651,UPI_ISSUE,OPEN
COMP021709,CUST004133,LOAN_ISSUE,OPEN
COMP021710,CUST037014,CARD_ISSUE,OPEN
COMP021711,CUST081861,CARD_ISSUE,CLOSED
COMP021712,CUST028687,LOAN_ISSUE,CLOSED
COMP021713,CUST080471,UPI_ISSUE,CLOSED
COMP021714,CUST093567,UPI_ISSUE,OPEN
COMP021715,CUST067974,LOAN_ISSUE,OPEN
COMP021716,CUST000413,CARD_ISSUE,OPEN
COMP021717,CUST094205,LOAN_ISSUE,CLOSED
COMP021718,CUST066039,LOAN_ISSUE,CLOSED
COMP021719,CUST068112,LOAN_ISSUE,CLOSED
COMP021720,CUST029903,FRAUD_ALERT,OPEN
COMP021721,CUST090614,UPI_ISSUE,OPEN
COMP021722,CUST053431,LOAN_ISSUE,OPEN
COMP021723,CUST089004,UPI_ISSUE,CLOSED
COMP021724,CUST012016,CARD_ISSUE,OPEN
COMP021725,CUST043156,LOAN_ISSUE,CLOSED
COMP021726,CUST074118,FRAUD_ALERT,OPEN
COMP021727,CUST088348,UPI_ISSUE,CLOSED
COMP021728,CUST099367,UPI_ISSUE,OPEN
COMP021729,CUST052467,FRAUD_ALERT,CLOSED
COMP021730,CUST051716,CARD_ISSUE,CLOSED
COMP021731,CUST096404,LOAN_ISSUE,CLOSED
COMP021732,CUST070371,CARD_ISSUE,CLOSED
COMP021733,CUST013573,FRAUD_ALERT,OPEN
COMP021734,CUST080624,CARD_ISSUE,OPEN
COMP021735,CUST052210,FRAUD_ALERT,CLOSED
COMP021736,CUST072362,CARD_ISSUE,CLOSED
COMP021737,CUST056401,CARD_ISSUE,OPEN
COMP021738,CUST089312,UPI_ISSUE,OPEN
COMP021739,CUST028582,CARD_ISSUE,CLOSED
COMP021740,CUST010691,LOAN_ISSUE,CLOSED
COMP021741,CUST043498,CARD_ISSUE,OPEN
COMP021742,CUST080493,FRAUD_ALERT,CLOSED
COMP021743,CUST099096,UPI_ISSUE,OPEN
COMP021744,CUST019900,UPI_ISSUE,OPEN
COMP021745,CUST015248,UPI_ISSUE,OPEN
COMP021746,CUST044301,LOAN_ISSUE,CLOSED
COMP021747,CUST079131,LOAN_ISSUE,CLOSED
COMP021748,CUST084390,UPI_ISSUE,CLOSED
COMP021749,CUST002121,FRAUD_ALERT,OPEN
COMP021750,CUST082773,FRAUD_ALERT,CLOSED
COMP021751,CUST037441,CARD_ISSUE,OPEN
COMP021752,CUST015473,UPI_ISSUE,OPEN
COMP021753,CUST053440,UPI_ISSUE,CLOSED
COMP021754,CUST000110,CARD_ISSUE,OPEN
COMP021755,CUST096216,CARD_ISSUE,OPEN
COMP021756,CUST000505,LOAN_ISSUE,OPEN
COMP021757,CUST073698,LOAN_ISSUE,CLOSED
COMP021758,CUST018069,LOAN_ISSUE,OPEN
COMP021759,CUST080173,FRAUD_ALERT,OPEN
COMP021760,CUST001156,UPI_ISSUE,OPEN
COMP021761,CUST067575,CARD_ISSUE,CLOSED
COMP021762,CUST078783,UPI_ISSUE,CLOSED
COMP021763,CUST004711,UPI_ISSUE,OPEN
COMP021764,CUST049533,UPI_ISSUE,OPEN
COMP021765,CUST064398,UPI_ISSUE,OPEN
COMP021766,CUST084252,CARD_ISSUE,CLOSED
COMP021767,CUST097895,UPI_ISSUE,OPEN
COMP021768,CUST063381,FRAUD_ALERT,OPEN
COMP021769,CUST053379,UPI_ISSUE,CLOSED
COMP021770,CUST060565,LOAN_ISSUE,OPEN
COMP021771,CUST093502,CARD_ISSUE,CLOSED
COMP021772,CUST013354,CARD_ISSUE,OPEN
COMP021773,CUST061960,LOAN_ISSUE,OPEN
COMP021774,CUST099902,LOAN_ISSUE,CLOSED
COMP021775,CUST058512,FRAUD_ALERT,OPEN
COMP021776,CUST055169,UPI_ISSUE,OPEN
COMP021777,CUST066438,LOAN_ISSUE,CLOSED
COMP021778,CUST055348,LOAN_ISSUE,OPEN
COMP021779,CUST085729,CARD_ISSUE,OPEN
COMP021780,CUST064795,UPI_ISSUE,OPEN
COMP021781,CUST016349,FRAUD_ALERT,CLOSED
COMP021782,CUST064103,LOAN_ISSUE,OPEN
COMP021783,CUST013867,LOAN_ISSUE,OPEN
COMP021784,CUST029498,LOAN_ISSUE,CLOSED
COMP021785,CUST026040,FRAUD_ALERT,OPEN
COMP021786,CUST036960,LOAN_ISSUE,OPEN
COMP021787,CUST024516,FRAUD_ALERT,OPEN
COMP021788,CUST038878,LOAN_ISSUE,CLOSED
COMP021789,CUST094825,LOAN_ISSUE,OPEN
COMP021790,CUST094922,UPI_ISSUE,CLOSED
COMP021791,CUST085927,CARD_ISSUE,CLOSED
COMP021792,CUST005349,CARD_ISSUE,OPEN
COMP021793,CUST010330,FRAUD_ALERT,OPEN
COMP021794,CUST019221,LOAN_ISSUE,CLOSED
COMP021795,CUST076076,UPI_ISSUE,OPEN
COMP021796,CUST032981,UPI_ISSUE,OPEN
COMP021797,CUST054154,LOAN_ISSUE,OPEN
COMP021798,CUST010286,UPI_ISSUE,CLOSED
COMP021799,CUST014192,CARD_ISSUE,OPEN
COMP021800,CUST075023,FRAUD_ALERT,CLOSED
COMP021801,CUST011579,LOAN_ISSUE,OPEN
COMP021802,CUST071594,CARD_ISSUE,OPEN
COMP021803,CUST014507,UPI_ISSUE,CLOSED
COMP021804,CUST025290,CARD_ISSUE,OPEN
COMP021805,CUST037155,FRAUD_ALERT,OPEN
COMP021806,CUST043429,UPI_ISSUE,OPEN
COMP021807,CUST095785,FRAUD_ALERT,CLOSED
COMP021808,CUST020682,CARD_ISSUE,CLOSED
COMP021809,CUST084815,CARD_ISSUE,CLOSED
COMP021810,CUST030727,CARD_ISSUE,OPEN
COMP021811,CUST084925,FRAUD_ALERT,OPEN
COMP021812,CUST020852,UPI_ISSUE,CLOSED
COMP021813,CUST063298,FRAUD_ALERT,OPEN
COMP021814,CUST042825,CARD_ISSUE,OPEN
COMP021815,CUST079638,UPI_ISSUE,OPEN
COMP021816,CUST048362,LOAN_ISSUE,OPEN
COMP021817,CUST034771,FRAUD_ALERT,CLOSED
COMP021818,CUST036068,CARD_ISSUE,CLOSED
COMP021819,CUST065434,FRAUD_ALERT,CLOSED
COMP021820,CUST027323,LOAN_ISSUE,OPEN
COMP021821,CUST029885,UPI_ISSUE,OPEN
COMP021822,CUST001344,CARD_ISSUE,CLOSED
COMP021823,CUST058327,LOAN_ISSUE,CLOSED
COMP021824,CUST030158,LOAN_ISSUE,OPEN
COMP021825,CUST067778,UPI_ISSUE,OPEN
COMP021826,CUST075622,LOAN_ISSUE,CLOSED
COMP021827,CUST063458,UPI_ISSUE,CLOSED
COMP021828,CUST049584,FRAUD_ALERT,CLOSED
COMP021829,CUST016414,CARD_ISSUE,CLOSED
COMP021830,CUST080336,FRAUD_ALERT,CLOSED
COMP021831,CUST045547,LOAN_ISSUE,OPEN
COMP021832,CUST092013,UPI_ISSUE,CLOSED
COMP021833,CUST044316,CARD_ISSUE,OPEN
COMP021834,CUST006323,CARD_ISSUE,OPEN
COMP021835,CUST027741,LOAN_ISSUE,OPEN
COMP021836,CUST050826,FRAUD_ALERT,OPEN
COMP021837,CUST078027,CARD_ISSUE,OPEN
COMP021838,CUST057358,UPI_ISSUE,OPEN
COMP021839,CUST044924,UPI_ISSUE,OPEN
COMP021840,CUST049810,CARD_ISSUE,CLOSED
COMP021841,CUST029531,CARD_ISSUE,OPEN
COMP021842,CUST030160,CARD_ISSUE,OPEN
COMP021843,CUST067965,UPI_ISSUE,CLOSED
COMP021844,CUST087425,CARD_ISSUE,OPEN
COMP021845,CUST070040,FRAUD_ALERT,CLOSED
COMP021846,CUST020108,UPI_ISSUE,CLOSED
COMP021847,CUST055773,LOAN_ISSUE,CLOSED
COMP021848,CUST028355,FRAUD_ALERT,CLOSED
COMP021849,CUST007105,FRAUD_ALERT,OPEN
COMP021850,CUST014853,CARD_ISSUE,CLOSED
COMP021851,CUST056934,FRAUD_ALERT,CLOSED
COMP021852,CUST026998,LOAN_ISSUE,OPEN
COMP021853,CUST000175,LOAN_ISSUE,OPEN
COMP021854,CUST037094,FRAUD_ALERT,OPEN
COMP021855,CUST046831,LOAN_ISSUE,CLOSED
COMP021856,CUST019073,FRAUD_ALERT,OPEN
COMP021857,CUST081312,CARD_ISSUE,OPEN
COMP021858,CUST028047,FRAUD_ALERT,CLOSED
COMP021859,CUST016571,LOAN_ISSUE,CLOSED
COMP021860,CUST040141,UPI_ISSUE,OPEN
COMP021861,CUST078384,UPI_ISSUE,CLOSED
COMP021862,CUST031482,UPI_ISSUE,OPEN
COMP021863,CUST052867,UPI_ISSUE,OPEN
COMP021864,CUST053007,UPI_ISSUE,CLOSED
COMP021865,CUST045529,LOAN_ISSUE,CLOSED
COMP021866,CUST083765,LOAN_ISSUE,OPEN
COMP021867,CUST003010,CARD_ISSUE,CLOSED
COMP021868,CUST040812,CARD_ISSUE,OPEN
COMP021869,CUST012919,FRAUD_ALERT,OPEN
COMP021870,CUST016398,LOAN_ISSUE,CLOSED
COMP021871,CUST030176,UPI_ISSUE,CLOSED
COMP021872,CUST098028,FRAUD_ALERT,CLOSED
COMP021873,CUST020883,LOAN_ISSUE,CLOSED
COMP021874,CUST062772,CARD_ISSUE,CLOSED
COMP021875,CUST064895,LOAN_ISSUE,CLOSED
COMP021876,CUST076919,LOAN_ISSUE,CLOSED
COMP021877,CUST051805,FRAUD_ALERT,OPEN
COMP021878,CUST023181,FRAUD_ALERT,OPEN
COMP021879,CUST088780,UPI_ISSUE,CLOSED
COMP021880,CUST004801,LOAN_ISSUE,CLOSED
COMP021881,CUST077705,CARD_ISSUE,OPEN
COMP021882,CUST053939,FRAUD_ALERT,OPEN
COMP021883,CUST086242,UPI_ISSUE,OPEN
COMP021884,CUST038812,CARD_ISSUE,CLOSED
COMP021885,CUST024705,FRAUD_ALERT,OPEN
COMP021886,CUST041718,UPI_ISSUE,CLOSED
COMP021887,CUST061681,LOAN_ISSUE,CLOSED
COMP021888,CUST001631,FRAUD_ALERT,OPEN
COMP021889,CUST004534,FRAUD_ALERT,CLOSED
COMP021890,CUST052652,FRAUD_ALERT,CLOSED
COMP021891,CUST075748,LOAN_ISSUE,CLOSED
COMP021892,CUST078007,LOAN_ISSUE,CLOSED
COMP021893,CUST050557,UPI_ISSUE,OPEN
COMP021894,CUST061749,FRAUD_ALERT,OPEN
COMP021895,CUST078646,UPI_ISSUE,OPEN
COMP021896,CUST099573,CARD_ISSUE,CLOSED
COMP021897,CUST057799,FRAUD_ALERT,CLOSED
COMP021898,CUST008144,FRAUD_ALERT,CLOSED
COMP021899,CUST082397,FRAUD_ALERT,OPEN
COMP021900,CUST076116,FRAUD_ALERT,OPEN
COMP021901,CUST053598,UPI_ISSUE,CLOSED
COMP021902,CUST090271,UPI_ISSUE,CLOSED
COMP021903,CUST027940,FRAUD_ALERT,OPEN
COMP021904,CUST003056,CARD_ISSUE,CLOSED
COMP021905,CUST010581,LOAN_ISSUE,OPEN
COMP021906,CUST038401,FRAUD_ALERT,CLOSED
COMP021907,CUST098585,CARD_ISSUE,OPEN
COMP021908,CUST096215,FRAUD_ALERT,OPEN
COMP021909,CUST080126,LOAN_ISSUE,OPEN
COMP021910,CUST017805,LOAN_ISSUE,OPEN
COMP021911,CUST004132,UPI_ISSUE,OPEN
COMP021912,CUST044473,LOAN_ISSUE,OPEN
COMP021913,CUST038427,CARD_ISSUE,CLOSED
COMP021914,CUST058255,LOAN_ISSUE,CLOSED
COMP021915,CUST015938,CARD_ISSUE,OPEN
COMP021916,CUST008480,LOAN_ISSUE,CLOSED
COMP021917,CUST067229,FRAUD_ALERT,OPEN
COMP021918,CUST089881,LOAN_ISSUE,CLOSED
COMP021919,CUST020183,UPI_ISSUE,OPEN
COMP021920,CUST043611,LOAN_ISSUE,CLOSED
COMP021921,CUST003622,CARD_ISSUE,OPEN
COMP021922,CUST051789,FRAUD_ALERT,CLOSED
COMP021923,CUST011749,CARD_ISSUE,OPEN
COMP021924,CUST082629,LOAN_ISSUE,CLOSED
COMP021925,CUST093691,LOAN_ISSUE,CLOSED
COMP021926,CUST062663,CARD_ISSUE,OPEN
COMP021927,CUST096475,LOAN_ISSUE,OPEN
COMP021928,CUST066708,LOAN_ISSUE,CLOSED
COMP021929,CUST094280,UPI_ISSUE,CLOSED
COMP021930,CUST018975,CARD_ISSUE,CLOSED
COMP021931,CUST003135,LOAN_ISSUE,OPEN
COMP021932,CUST094877,CARD_ISSUE,CLOSED
COMP021933,CUST077710,UPI_ISSUE,OPEN
COMP021934,CUST020331,FRAUD_ALERT,CLOSED
COMP021935,CUST065735,FRAUD_ALERT,OPEN
COMP021936,CUST092079,UPI_ISSUE,CLOSED
COMP021937,CUST071059,UPI_ISSUE,CLOSED
COMP021938,CUST080250,FRAUD_ALERT,OPEN
COMP021939,CUST001709,UPI_ISSUE,CLOSED
COMP021940,CUST059767,FRAUD_ALERT,CLOSED
COMP021941,CUST074797,FRAUD_ALERT,CLOSED
COMP021942,CUST006040,LOAN_ISSUE,OPEN
COMP021943,CUST013384,UPI_ISSUE,CLOSED
COMP021944,CUST097983,FRAUD_ALERT,CLOSED
COMP021945,CUST042859,FRAUD_ALERT,OPEN
COMP021946,CUST011166,LOAN_ISSUE,CLOSED
COMP021947,CUST092238,FRAUD_ALERT,CLOSED
COMP021948,CUST009851,LOAN_ISSUE,CLOSED
COMP021949,CUST040904,FRAUD_ALERT,OPEN
COMP021950,CUST072913,FRAUD_ALERT,OPEN
COMP021951,CUST014308,FRAUD_ALERT,OPEN
COMP021952,CUST057002,CARD_ISSUE,CLOSED
COMP021953,CUST087771,UPI_ISSUE,CLOSED
COMP021954,CUST065588,LOAN_ISSUE,CLOSED
COMP021955,CUST022680,FRAUD_ALERT,CLOSED
COMP021956,CUST018528,LOAN_ISSUE,OPEN
COMP021957,CUST030233,CARD_ISSUE,OPEN
COMP021958,CUST065400,FRAUD_ALERT,OPEN
COMP021959,CUST026966,UPI_ISSUE,CLOSED
COMP021960,CUST066205,UPI_ISSUE,OPEN
COMP021961,CUST065863,CARD_ISSUE,OPEN
COMP021962,CUST094124,UPI_ISSUE,OPEN
COMP021963,CUST018716,CARD_ISSUE,OPEN
COMP021964,CUST029268,FRAUD_ALERT,OPEN
COMP021965,CUST055506,FRAUD_ALERT,OPEN
COMP021966,CUST053707,FRAUD_ALERT,CLOSED
COMP021967,CUST032406,UPI_ISSUE,CLOSED
COMP021968,CUST082801,UPI_ISSUE,CLOSED
COMP021969,CUST080912,LOAN_ISSUE,OPEN
COMP021970,CUST013148,UPI_ISSUE,OPEN
COMP021971,CUST079117,CARD_ISSUE,OPEN
COMP021972,CUST001912,CARD_ISSUE,CLOSED
COMP021973,CUST055596,LOAN_ISSUE,OPEN
COMP021974,CUST023406,LOAN_ISSUE,CLOSED
COMP021975,CUST054559,LOAN_ISSUE,OPEN
COMP021976,CUST000432,UPI_ISSUE,CLOSED
COMP021977,CUST020438,CARD_ISSUE,OPEN
COMP021978,CUST066841,FRAUD_ALERT,CLOSED
COMP021979,CUST030378,FRAUD_ALERT,OPEN
COMP021980,CUST084759,FRAUD_ALERT,OPEN
COMP021981,CUST082030,FRAUD_ALERT,CLOSED
COMP021982,CUST015806,CARD_ISSUE,OPEN
COMP021983,CUST034518,LOAN_ISSUE,OPEN
COMP021984,CUST065139,FRAUD_ALERT,OPEN
COMP021985,CUST024653,FRAUD_ALERT,CLOSED
COMP021986,CUST088055,LOAN_ISSUE,CLOSED
COMP021987,CUST007659,UPI_ISSUE,CLOSED
COMP021988,CUST002586,CARD_ISSUE,OPEN
COMP021989,CUST098529,FRAUD_ALERT,OPEN
COMP021990,CUST023037,LOAN_ISSUE,CLOSED
COMP021991,CUST047366,UPI_ISSUE,OPEN
COMP021992,CUST002714,FRAUD_ALERT,CLOSED
COMP021993,CUST002103,FRAUD_ALERT,OPEN
COMP021994,CUST083694,UPI_ISSUE,CLOSED
COMP021995,CUST039333,LOAN_ISSUE,CLOSED
COMP021996,CUST045786,FRAUD_ALERT,CLOSED
COMP021997,CUST010339,LOAN_ISSUE,OPEN
COMP021998,CUST064512,LOAN_ISSUE,CLOSED
COMP021999,CUST039613,LOAN_ISSUE,OPEN
COMP022000,CUST096954,FRAUD_ALERT,CLOSED
COMP022001,CUST014978,CARD_ISSUE,CLOSED
COMP022002,CUST004500,LOAN_ISSUE,CLOSED
COMP022003,CUST041724,CARD_ISSUE,CLOSED
COMP022004,CUST010958,FRAUD_ALERT,CLOSED
COMP022005,CUST089029,FRAUD_ALERT,CLOSED
COMP022006,CUST001869,CARD_ISSUE,CLOSED
COMP022007,CUST094796,LOAN_ISSUE,OPEN
COMP022008,CUST021245,UPI_ISSUE,OPEN
COMP022009,CUST086889,FRAUD_ALERT,OPEN
COMP022010,CUST015292,FRAUD_ALERT,CLOSED
COMP022011,CUST038707,UPI_ISSUE,CLOSED
COMP022012,CUST073524,LOAN_ISSUE,CLOSED
COMP022013,CUST078843,CARD_ISSUE,OPEN
COMP022014,CUST068915,FRAUD_ALERT,CLOSED
COMP022015,CUST001757,UPI_ISSUE,CLOSED
COMP022016,CUST005074,UPI_ISSUE,OPEN
COMP022017,CUST068877,FRAUD_ALERT,OPEN
COMP022018,CUST068401,LOAN_ISSUE,OPEN
COMP022019,CUST039826,LOAN_ISSUE,CLOSED
COMP022020,CUST019848,FRAUD_ALERT,CLOSED
COMP022021,CUST020591,LOAN_ISSUE,CLOSED
COMP022022,CUST044905,CARD_ISSUE,CLOSED
COMP022023,CUST055923,FRAUD_ALERT,CLOSED
COMP022024,CUST067777,FRAUD_ALERT,OPEN
COMP022025,CUST010005,LOAN_ISSUE,CLOSED
COMP022026,CUST020021,LOAN_ISSUE,CLOSED
COMP022027,CUST049793,LOAN_ISSUE,CLOSED
COMP022028,CUST073379,CARD_ISSUE,CLOSED
COMP022029,CUST038977,FRAUD_ALERT,CLOSED
COMP022030,CUST099586,UPI_ISSUE,OPEN
COMP022031,CUST005550,LOAN_ISSUE,CLOSED
COMP022032,CUST030478,UPI_ISSUE,OPEN
COMP022033,CUST082875,UPI_ISSUE,CLOSED
COMP022034,CUST071268,CARD_ISSUE,OPEN
COMP022035,CUST047448,FRAUD_ALERT,OPEN
COMP022036,CUST015567,FRAUD_ALERT,OPEN
COMP022037,CUST094368,UPI_ISSUE,CLOSED
COMP022038,CUST059306,CARD_ISSUE,CLOSED
COMP022039,CUST012876,LOAN_ISSUE,CLOSED
COMP022040,CUST054021,CARD_ISSUE,CLOSED
COMP022041,CUST053177,FRAUD_ALERT,CLOSED
COMP022042,CUST050180,CARD_ISSUE,CLOSED
COMP022043,CUST002430,FRAUD_ALERT,CLOSED
COMP022044,CUST002064,LOAN_ISSUE,OPEN
COMP022045,CUST080892,LOAN_ISSUE,OPEN
COMP022046,CUST084586,UPI_ISSUE,CLOSED
COMP022047,CUST058624,CARD_ISSUE,CLOSED
COMP022048,CUST094776,CARD_ISSUE,OPEN
COMP022049,CUST048916,CARD_ISSUE,CLOSED
COMP022050,CUST077880,UPI_ISSUE,OPEN
COMP022051,CUST007635,FRAUD_ALERT,OPEN
COMP022052,CUST075532,LOAN_ISSUE,CLOSED
COMP022053,CUST064041,FRAUD_ALERT,OPEN
COMP022054,CUST067904,UPI_ISSUE,OPEN
COMP022055,CUST083350,LOAN_ISSUE,CLOSED
COMP022056,CUST090095,UPI_ISSUE,OPEN
COMP022057,CUST035645,CARD_ISSUE,CLOSED
COMP022058,CUST096610,CARD_ISSUE,CLOSED
COMP022059,CUST038931,UPI_ISSUE,CLOSED
COMP022060,CUST085681,CARD_ISSUE,OPEN
COMP022061,CUST043680,CARD_ISSUE,OPEN
COMP022062,CUST016818,CARD_ISSUE,OPEN
COMP022063,CUST051542,UPI_ISSUE,OPEN
COMP022064,CUST014628,FRAUD_ALERT,OPEN
COMP022065,CUST011199,UPI_ISSUE,OPEN
COMP022066,CUST041362,CARD_ISSUE,OPEN
COMP022067,CUST089993,CARD_ISSUE,OPEN
COMP022068,CUST018923,UPI_ISSUE,OPEN
COMP022069,CUST030116,FRAUD_ALERT,CLOSED
COMP022070,CUST002416,CARD_ISSUE,OPEN
COMP022071,CUST054144,UPI_ISSUE,CLOSED
COMP022072,CUST097580,UPI_ISSUE,CLOSED
COMP022073,CUST091521,CARD_ISSUE,OPEN
COMP022074,CUST012456,LOAN_ISSUE,CLOSED
COMP022075,CUST031076,UPI_ISSUE,OPEN
COMP022076,CUST035740,CARD_ISSUE,OPEN
COMP022077,CUST073300,FRAUD_ALERT,OPEN
COMP022078,CUST061018,LOAN_ISSUE,OPEN
COMP022079,CUST045140,FRAUD_ALERT,CLOSED
COMP022080,CUST024460,FRAUD_ALERT,CLOSED
COMP022081,CUST063528,UPI_ISSUE,CLOSED
COMP022082,CUST013443,FRAUD_ALERT,OPEN
COMP022083,CUST068195,LOAN_ISSUE,CLOSED
COMP022084,CUST058683,UPI_ISSUE,OPEN
COMP022085,CUST023152,LOAN_ISSUE,OPEN
COMP022086,CUST087745,CARD_ISSUE,OPEN
COMP022087,CUST016885,FRAUD_ALERT,OPEN
COMP022088,CUST054451,CARD_ISSUE,CLOSED
COMP022089,CUST052282,LOAN_ISSUE,CLOSED
COMP022090,CUST001236,LOAN_ISSUE,OPEN
COMP022091,CUST084933,LOAN_ISSUE,CLOSED
COMP022092,CUST097480,UPI_ISSUE,OPEN
COMP022093,CUST054917,UPI_ISSUE,CLOSED
COMP022094,CUST018188,LOAN_ISSUE,CLOSED
COMP022095,CUST062101,CARD_ISSUE,CLOSED
COMP022096,CUST054593,UPI_ISSUE,CLOSED
COMP022097,CUST014472,UPI_ISSUE,OPEN
COMP022098,CUST028384,UPI_ISSUE,OPEN
COMP022099,CUST098247,UPI_ISSUE,OPEN
COMP022100,CUST042450,CARD_ISSUE,CLOSED
COMP022101,CUST024693,UPI_ISSUE,CLOSED
COMP022102,CUST076393,CARD_ISSUE,OPEN
COMP022103,CUST046794,UPI_ISSUE,OPEN
COMP022104,CUST068746,UPI_ISSUE,OPEN
COMP022105,CUST043999,CARD_ISSUE,CLOSED
COMP022106,CUST077630,UPI_ISSUE,CLOSED
COMP022107,CUST078812,CARD_ISSUE,CLOSED
COMP022108,CUST059564,UPI_ISSUE,CLOSED
COMP022109,CUST045190,FRAUD_ALERT,OPEN
COMP022110,CUST058405,LOAN_ISSUE,OPEN
COMP022111,CUST013836,FRAUD_ALERT,OPEN
COMP022112,CUST085036,FRAUD_ALERT,CLOSED
COMP022113,CUST039719,CARD_ISSUE,CLOSED
COMP022114,CUST084221,UPI_ISSUE,CLOSED
COMP022115,CUST001188,LOAN_ISSUE,CLOSED
COMP022116,CUST089339,UPI_ISSUE,CLOSED
COMP022117,CUST082538,UPI_ISSUE,OPEN
COMP022118,CUST040853,LOAN_ISSUE,OPEN
COMP022119,CUST083359,FRAUD_ALERT,CLOSED
COMP022120,CUST095089,UPI_ISSUE,OPEN
COMP022121,CUST096305,UPI_ISSUE,OPEN
COMP022122,CUST002936,UPI_ISSUE,OPEN
COMP022123,CUST043591,CARD_ISSUE,CLOSED
COMP022124,CUST072701,LOAN_ISSUE,CLOSED
COMP022125,CUST061106,LOAN_ISSUE,OPEN
COMP022126,CUST092281,UPI_ISSUE,OPEN
COMP022127,CUST034757,FRAUD_ALERT,OPEN
COMP022128,CUST033934,UPI_ISSUE,CLOSED
COMP022129,CUST069362,CARD_ISSUE,CLOSED
COMP022130,CUST027716,FRAUD_ALERT,OPEN
COMP022131,CUST067587,CARD_ISSUE,OPEN
COMP022132,CUST087242,UPI_ISSUE,CLOSED
COMP022133,CUST024652,CARD_ISSUE,CLOSED
COMP022134,CUST054290,CARD_ISSUE,OPEN
COMP022135,CUST095288,UPI_ISSUE,OPEN
COMP022136,CUST048024,FRAUD_ALERT,OPEN
COMP022137,CUST069530,UPI_ISSUE,OPEN
COMP022138,CUST055231,LOAN_ISSUE,CLOSED
COMP022139,CUST064747,UPI_ISSUE,OPEN
COMP022140,CUST085308,LOAN_ISSUE,OPEN
COMP022141,CUST060046,LOAN_ISSUE,CLOSED
COMP022142,CUST032740,CARD_ISSUE,CLOSED
COMP022143,CUST026079,UPI_ISSUE,CLOSED
COMP022144,CUST038778,FRAUD_ALERT,CLOSED
COMP022145,CUST093421,UPI_ISSUE,CLOSED
COMP022146,CUST031489,LOAN_ISSUE,OPEN
COMP022147,CUST041612,UPI_ISSUE,CLOSED
COMP022148,CUST018604,UPI_ISSUE,CLOSED
COMP022149,CUST011560,UPI_ISSUE,CLOSED
COMP022150,CUST031470,LOAN_ISSUE,CLOSED
COMP022151,CUST093819,FRAUD_ALERT,OPEN
COMP022152,CUST020320,UPI_ISSUE,CLOSED
COMP022153,CUST006256,UPI_ISSUE,CLOSED
COMP022154,CUST040086,CARD_ISSUE,CLOSED
COMP022155,CUST086706,UPI_ISSUE,CLOSED
COMP022156,CUST042731,CARD_ISSUE,OPEN
COMP022157,CUST064940,CARD_ISSUE,OPEN
COMP022158,CUST045420,LOAN_ISSUE,CLOSED
COMP022159,CUST012684,CARD_ISSUE,OPEN
COMP022160,CUST089799,CARD_ISSUE,OPEN
COMP022161,CUST067394,CARD_ISSUE,OPEN
COMP022162,CUST051407,UPI_ISSUE,CLOSED
COMP022163,CUST066866,UPI_ISSUE,CLOSED
COMP022164,CUST036242,FRAUD_ALERT,OPEN
COMP022165,CUST061565,UPI_ISSUE,OPEN
COMP022166,CUST067679,FRAUD_ALERT,OPEN
COMP022167,CUST015521,FRAUD_ALERT,OPEN
COMP022168,CUST067688,CARD_ISSUE,OPEN
COMP022169,CUST098210,LOAN_ISSUE,OPEN
COMP022170,CUST091997,UPI_ISSUE,OPEN
COMP022171,CUST082410,FRAUD_ALERT,OPEN
COMP022172,CUST087838,FRAUD_ALERT,OPEN
COMP022173,CUST025927,CARD_ISSUE,CLOSED
COMP022174,CUST010782,CARD_ISSUE,CLOSED
COMP022175,CUST053389,UPI_ISSUE,CLOSED
COMP022176,CUST017003,LOAN_ISSUE,OPEN
COMP022177,CUST021376,UPI_ISSUE,CLOSED
COMP022178,CUST049605,UPI_ISSUE,CLOSED
COMP022179,CUST054439,UPI_ISSUE,CLOSED
COMP022180,CUST053450,LOAN_ISSUE,CLOSED
COMP022181,CUST092588,LOAN_ISSUE,OPEN
COMP022182,CUST029746,FRAUD_ALERT,OPEN
COMP022183,CUST097696,UPI_ISSUE,OPEN
COMP022184,CUST056585,FRAUD_ALERT,OPEN
COMP022185,CUST069089,FRAUD_ALERT,OPEN
COMP022186,CUST029611,FRAUD_ALERT,CLOSED
COMP022187,CUST049010,UPI_ISSUE,CLOSED
COMP022188,CUST071899,FRAUD_ALERT,OPEN
COMP022189,CUST046241,FRAUD_ALERT,OPEN
COMP022190,CUST050505,CARD_ISSUE,CLOSED
COMP022191,CUST052518,UPI_ISSUE,CLOSED
COMP022192,CUST026041,LOAN_ISSUE,CLOSED
COMP022193,CUST080203,LOAN_ISSUE,OPEN
COMP022194,CUST049698,FRAUD_ALERT,OPEN
COMP022195,CUST065620,LOAN_ISSUE,CLOSED
COMP022196,CUST004765,FRAUD_ALERT,CLOSED
COMP022197,CUST019660,CARD_ISSUE,CLOSED
COMP022198,CUST039623,FRAUD_ALERT,CLOSED
COMP022199,CUST040131,FRAUD_ALERT,CLOSED
COMP022200,CUST074754,CARD_ISSUE,OPEN
COMP022201,CUST092890,LOAN_ISSUE,CLOSED
COMP022202,CUST009947,CARD_ISSUE,CLOSED
COMP022203,CUST033956,UPI_ISSUE,OPEN
COMP022204,CUST068261,CARD_ISSUE,CLOSED
COMP022205,CUST080915,CARD_ISSUE,OPEN
COMP022206,CUST088093,CARD_ISSUE,CLOSED
COMP022207,CUST045089,UPI_ISSUE,CLOSED
COMP022208,CUST076744,UPI_ISSUE,CLOSED
COMP022209,CUST066152,UPI_ISSUE,OPEN
COMP022210,CUST079662,LOAN_ISSUE,OPEN
COMP022211,CUST023811,FRAUD_ALERT,OPEN
COMP022212,CUST045158,LOAN_ISSUE,CLOSED
COMP022213,CUST039451,LOAN_ISSUE,OPEN
COMP022214,CUST015075,CARD_ISSUE,OPEN
COMP022215,CUST027077,UPI_ISSUE,CLOSED
COMP022216,CUST032420,CARD_ISSUE,OPEN
COMP022217,CUST080977,UPI_ISSUE,CLOSED
COMP022218,CUST056812,FRAUD_ALERT,OPEN
COMP022219,CUST060809,FRAUD_ALERT,CLOSED
COMP022220,CUST063050,CARD_ISSUE,OPEN
COMP022221,CUST099762,FRAUD_ALERT,CLOSED
COMP022222,CUST070532,FRAUD_ALERT,CLOSED
COMP022223,CUST028590,FRAUD_ALERT,CLOSED
COMP022224,CUST062189,UPI_ISSUE,OPEN
COMP022225,CUST006185,UPI_ISSUE,CLOSED
COMP022226,CUST091457,UPI_ISSUE,CLOSED
COMP022227,CUST078220,CARD_ISSUE,CLOSED
COMP022228,CUST055954,UPI_ISSUE,CLOSED
COMP022229,CUST051500,UPI_ISSUE,CLOSED
COMP022230,CUST019366,CARD_ISSUE,OPEN
COMP022231,CUST064195,FRAUD_ALERT,OPEN
COMP022232,CUST036852,LOAN_ISSUE,CLOSED
COMP022233,CUST036801,CARD_ISSUE,CLOSED
COMP022234,CUST016315,UPI_ISSUE,CLOSED
COMP022235,CUST095848,FRAUD_ALERT,OPEN
COMP022236,CUST079587,LOAN_ISSUE,CLOSED
COMP022237,CUST074764,LOAN_ISSUE,OPEN
COMP022238,CUST001677,CARD_ISSUE,CLOSED
COMP022239,CUST009112,UPI_ISSUE,OPEN
COMP022240,CUST014524,CARD_ISSUE,CLOSED
COMP022241,CUST073580,UPI_ISSUE,OPEN
COMP022242,CUST027647,FRAUD_ALERT,OPEN
COMP022243,CUST054248,CARD_ISSUE,CLOSED
COMP022244,CUST052256,LOAN_ISSUE,CLOSED
COMP022245,CUST020550,LOAN_ISSUE,CLOSED
COMP022246,CUST031973,UPI_ISSUE,CLOSED
COMP022247,CUST055252,LOAN_ISSUE,OPEN
COMP022248,CUST073460,UPI_ISSUE,OPEN
COMP022249,CUST019422,FRAUD_ALERT,OPEN
COMP022250,CUST031073,UPI_ISSUE,OPEN
COMP022251,CUST053418,LOAN_ISSUE,CLOSED
COMP022252,CUST006578,FRAUD_ALERT,OPEN
COMP022253,CUST071840,CARD_ISSUE,CLOSED
COMP022254,CUST070654,UPI_ISSUE,OPEN
COMP022255,CUST055870,LOAN_ISSUE,OPEN
COMP022256,CUST008911,FRAUD_ALERT,CLOSED
COMP022257,CUST070022,CARD_ISSUE,OPEN
COMP022258,CUST092934,CARD_ISSUE,OPEN
COMP022259,CUST033579,FRAUD_ALERT,OPEN
COMP022260,CUST066443,FRAUD_ALERT,CLOSED
COMP022261,CUST070716,UPI_ISSUE,OPEN
COMP022262,CUST047468,LOAN_ISSUE,OPEN
COMP022263,CUST051752,FRAUD_ALERT,OPEN
COMP022264,CUST032984,LOAN_ISSUE,CLOSED
COMP022265,CUST044244,LOAN_ISSUE,CLOSED
COMP022266,CUST073462,FRAUD_ALERT,OPEN
COMP022267,CUST051376,CARD_ISSUE,CLOSED
COMP022268,CUST039802,LOAN_ISSUE,OPEN
COMP022269,CUST081945,CARD_ISSUE,CLOSED
COMP022270,CUST022193,LOAN_ISSUE,OPEN
COMP022271,CUST057890,UPI_ISSUE,CLOSED
COMP022272,CUST042081,FRAUD_ALERT,CLOSED
COMP022273,CUST049391,LOAN_ISSUE,CLOSED
COMP022274,CUST015583,CARD_ISSUE,OPEN
COMP022275,CUST086118,UPI_ISSUE,CLOSED
COMP022276,CUST053136,FRAUD_ALERT,CLOSED
COMP022277,CUST055655,CARD_ISSUE,CLOSED
COMP022278,CUST067153,CARD_ISSUE,CLOSED
COMP022279,CUST039423,UPI_ISSUE,CLOSED
COMP022280,CUST052481,FRAUD_ALERT,CLOSED
COMP022281,CUST065128,CARD_ISSUE,OPEN
COMP022282,CUST041740,LOAN_ISSUE,CLOSED
COMP022283,CUST086635,FRAUD_ALERT,CLOSED
COMP022284,CUST067514,UPI_ISSUE,CLOSED
COMP022285,CUST069592,CARD_ISSUE,CLOSED
COMP022286,CUST026609,CARD_ISSUE,OPEN
COMP022287,CUST058953,LOAN_ISSUE,OPEN
COMP022288,CUST079761,CARD_ISSUE,CLOSED
COMP022289,CUST042972,CARD_ISSUE,OPEN
COMP022290,CUST079421,CARD_ISSUE,OPEN
COMP022291,CUST026255,FRAUD_ALERT,OPEN
COMP022292,CUST017696,CARD_ISSUE,CLOSED
COMP022293,CUST001346,UPI_ISSUE,CLOSED
COMP022294,CUST086922,LOAN_ISSUE,OPEN
COMP022295,CUST098780,LOAN_ISSUE,CLOSED
COMP022296,CUST030374,LOAN_ISSUE,CLOSED
COMP022297,CUST055653,CARD_ISSUE,OPEN
COMP022298,CUST017119,FRAUD_ALERT,CLOSED
COMP022299,CUST002827,UPI_ISSUE,CLOSED
COMP022300,CUST095449,UPI_ISSUE,CLOSED
COMP022301,CUST056681,CARD_ISSUE,OPEN
COMP022302,CUST013197,LOAN_ISSUE,CLOSED
COMP022303,CUST043408,UPI_ISSUE,OPEN
COMP022304,CUST072978,LOAN_ISSUE,OPEN
COMP022305,CUST073858,FRAUD_ALERT,OPEN
COMP022306,CUST006383,FRAUD_ALERT,CLOSED
COMP022307,CUST009660,UPI_ISSUE,OPEN
COMP022308,CUST049928,FRAUD_ALERT,CLOSED
COMP022309,CUST058907,LOAN_ISSUE,OPEN
COMP022310,CUST003059,UPI_ISSUE,OPEN
COMP022311,CUST066603,UPI_ISSUE,OPEN
COMP022312,CUST056951,UPI_ISSUE,OPEN
COMP022313,CUST056202,CARD_ISSUE,OPEN
COMP022314,CUST091953,FRAUD_ALERT,CLOSED
COMP022315,CUST008852,UPI_ISSUE,OPEN
COMP022316,CUST002750,CARD_ISSUE,OPEN
COMP022317,CUST040087,CARD_ISSUE,CLOSED
COMP022318,CUST023497,UPI_ISSUE,CLOSED
COMP022319,CUST010067,FRAUD_ALERT,OPEN
COMP022320,CUST009972,FRAUD_ALERT,CLOSED
COMP022321,CUST001957,CARD_ISSUE,CLOSED
COMP022322,CUST091075,LOAN_ISSUE,CLOSED
COMP022323,CUST099971,UPI_ISSUE,CLOSED
COMP022324,CUST089578,LOAN_ISSUE,CLOSED
COMP022325,CUST026213,LOAN_ISSUE,CLOSED
COMP022326,CUST080121,UPI_ISSUE,CLOSED
COMP022327,CUST067752,UPI_ISSUE,OPEN
COMP022328,CUST088858,LOAN_ISSUE,CLOSED
COMP022329,CUST015291,UPI_ISSUE,CLOSED
COMP022330,CUST063041,UPI_ISSUE,CLOSED
COMP022331,CUST009034,LOAN_ISSUE,OPEN
COMP022332,CUST090498,FRAUD_ALERT,OPEN
COMP022333,CUST051703,LOAN_ISSUE,OPEN
COMP022334,CUST023679,FRAUD_ALERT,OPEN
COMP022335,CUST056424,UPI_ISSUE,CLOSED
COMP022336,CUST060802,LOAN_ISSUE,OPEN
COMP022337,CUST034984,CARD_ISSUE,CLOSED
COMP022338,CUST078218,CARD_ISSUE,CLOSED
COMP022339,CUST025835,UPI_ISSUE,CLOSED
COMP022340,CUST011205,FRAUD_ALERT,OPEN
COMP022341,CUST096135,CARD_ISSUE,OPEN
COMP022342,CUST030744,CARD_ISSUE,CLOSED
COMP022343,CUST060992,FRAUD_ALERT,OPEN
COMP022344,CUST039195,FRAUD_ALERT,CLOSED
COMP022345,CUST038378,UPI_ISSUE,CLOSED
COMP022346,CUST089030,UPI_ISSUE,CLOSED
COMP022347,CUST055985,LOAN_ISSUE,OPEN
COMP022348,CUST068031,UPI_ISSUE,CLOSED
COMP022349,CUST039985,LOAN_ISSUE,CLOSED
COMP022350,CUST099837,UPI_ISSUE,OPEN
COMP022351,CUST078343,CARD_ISSUE,CLOSED
COMP022352,CUST064251,CARD_ISSUE,OPEN
COMP022353,CUST015407,UPI_ISSUE,OPEN
COMP022354,CUST080398,CARD_ISSUE,CLOSED
COMP022355,CUST010329,UPI_ISSUE,CLOSED
COMP022356,CUST006524,FRAUD_ALERT,CLOSED
COMP022357,CUST054803,LOAN_ISSUE,OPEN
COMP022358,CUST040321,UPI_ISSUE,CLOSED
COMP022359,CUST049841,LOAN_ISSUE,CLOSED
COMP022360,CUST033398,LOAN_ISSUE,OPEN
COMP022361,CUST032905,LOAN_ISSUE,CLOSED
COMP022362,CUST076151,FRAUD_ALERT,OPEN
COMP022363,CUST046241,FRAUD_ALERT,CLOSED
COMP022364,CUST066081,LOAN_ISSUE,OPEN
COMP022365,CUST028344,CARD_ISSUE,CLOSED
COMP022366,CUST018546,CARD_ISSUE,OPEN
COMP022367,CUST065598,UPI_ISSUE,OPEN
COMP022368,CUST035219,CARD_ISSUE,CLOSED
COMP022369,CUST040184,FRAUD_ALERT,CLOSED
COMP022370,CUST080408,FRAUD_ALERT,CLOSED
COMP022371,CUST093604,UPI_ISSUE,CLOSED
COMP022372,CUST041377,UPI_ISSUE,OPEN
COMP022373,CUST094810,CARD_ISSUE,OPEN
COMP022374,CUST026744,LOAN_ISSUE,OPEN
COMP022375,CUST020016,LOAN_ISSUE,CLOSED
COMP022376,CUST053994,CARD_ISSUE,OPEN
COMP022377,CUST055095,FRAUD_ALERT,CLOSED
COMP022378,CUST079376,LOAN_ISSUE,OPEN
COMP022379,CUST023349,FRAUD_ALERT,CLOSED
COMP022380,CUST034150,CARD_ISSUE,CLOSED
COMP022381,CUST084021,LOAN_ISSUE,CLOSED
COMP022382,CUST073503,LOAN_ISSUE,CLOSED
COMP022383,CUST042242,CARD_ISSUE,CLOSED
COMP022384,CUST073109,CARD_ISSUE,CLOSED
COMP022385,CUST084156,FRAUD_ALERT,OPEN
COMP022386,CUST068144,UPI_ISSUE,OPEN
COMP022387,CUST003079,FRAUD_ALERT,CLOSED
COMP022388,CUST042980,LOAN_ISSUE,OPEN
COMP022389,CUST046371,FRAUD_ALERT,OPEN
COMP022390,CUST048335,FRAUD_ALERT,CLOSED
COMP022391,CUST035926,LOAN_ISSUE,CLOSED
COMP022392,CUST086035,FRAUD_ALERT,CLOSED
COMP022393,CUST081695,UPI_ISSUE,CLOSED
COMP022394,CUST097258,LOAN_ISSUE,CLOSED
COMP022395,CUST067485,FRAUD_ALERT,CLOSED
COMP022396,CUST084010,FRAUD_ALERT,CLOSED
COMP022397,CUST091125,CARD_ISSUE,CLOSED
COMP022398,CUST019017,FRAUD_ALERT,CLOSED
COMP022399,CUST001157,LOAN_ISSUE,CLOSED
COMP022400,CUST080809,LOAN_ISSUE,OPEN
COMP022401,CUST029162,UPI_ISSUE,CLOSED
COMP022402,CUST035222,UPI_ISSUE,OPEN
COMP022403,CUST015021,LOAN_ISSUE,CLOSED
COMP022404,CUST080321,CARD_ISSUE,OPEN
COMP022405,CUST092430,CARD_ISSUE,OPEN
COMP022406,CUST042558,FRAUD_ALERT,OPEN
COMP022407,CUST009354,CARD_ISSUE,CLOSED
COMP022408,CUST080082,CARD_ISSUE,OPEN
COMP022409,CUST004924,CARD_ISSUE,CLOSED
COMP022410,CUST087352,LOAN_ISSUE,CLOSED
COMP022411,CUST005542,LOAN_ISSUE,CLOSED
COMP022412,CUST018512,LOAN_ISSUE,OPEN
COMP022413,CUST049930,LOAN_ISSUE,CLOSED
COMP022414,CUST033255,UPI_ISSUE,CLOSED
COMP022415,CUST074141,UPI_ISSUE,OPEN
COMP022416,CUST004461,CARD_ISSUE,OPEN
COMP022417,CUST087751,CARD_ISSUE,CLOSED
COMP022418,CUST076159,LOAN_ISSUE,CLOSED
COMP022419,CUST061505,FRAUD_ALERT,CLOSED
COMP022420,CUST039362,UPI_ISSUE,OPEN
COMP022421,CUST098716,LOAN_ISSUE,CLOSED
COMP022422,CUST013332,CARD_ISSUE,CLOSED
COMP022423,CUST014097,LOAN_ISSUE,OPEN
COMP022424,CUST067751,CARD_ISSUE,OPEN
COMP022425,CUST028883,FRAUD_ALERT,CLOSED
COMP022426,CUST002435,CARD_ISSUE,CLOSED
COMP022427,CUST048742,FRAUD_ALERT,CLOSED
COMP022428,CUST061656,LOAN_ISSUE,OPEN
COMP022429,CUST043331,CARD_ISSUE,CLOSED
COMP022430,CUST085738,CARD_ISSUE,CLOSED
COMP022431,CUST048560,UPI_ISSUE,OPEN
COMP022432,CUST080535,UPI_ISSUE,CLOSED
COMP022433,CUST086870,LOAN_ISSUE,OPEN
COMP022434,CUST041534,FRAUD_ALERT,OPEN
COMP022435,CUST091549,LOAN_ISSUE,OPEN
COMP022436,CUST067844,UPI_ISSUE,OPEN
COMP022437,CUST043367,LOAN_ISSUE,OPEN
COMP022438,CUST089431,LOAN_ISSUE,CLOSED
COMP022439,CUST049978,LOAN_ISSUE,OPEN
COMP022440,CUST014635,CARD_ISSUE,CLOSED
COMP022441,CUST069570,UPI_ISSUE,OPEN
COMP022442,CUST001168,UPI_ISSUE,CLOSED
COMP022443,CUST008385,LOAN_ISSUE,OPEN
COMP022444,CUST051031,UPI_ISSUE,CLOSED
COMP022445,CUST047241,LOAN_ISSUE,OPEN
COMP022446,CUST007414,FRAUD_ALERT,OPEN
COMP022447,CUST028080,CARD_ISSUE,CLOSED
COMP022448,CUST079369,CARD_ISSUE,CLOSED
COMP022449,CUST069235,UPI_ISSUE,CLOSED
COMP022450,CUST006446,UPI_ISSUE,OPEN
COMP022451,CUST081882,CARD_ISSUE,CLOSED
COMP022452,CUST089478,FRAUD_ALERT,OPEN
COMP022453,CUST048942,FRAUD_ALERT,CLOSED
COMP022454,CUST055597,LOAN_ISSUE,CLOSED
COMP022455,CUST052648,UPI_ISSUE,OPEN
COMP022456,CUST081063,CARD_ISSUE,CLOSED
COMP022457,CUST035306,UPI_ISSUE,OPEN
COMP022458,CUST085794,UPI_ISSUE,CLOSED
COMP022459,CUST033920,UPI_ISSUE,CLOSED
COMP022460,CUST019906,FRAUD_ALERT,OPEN
COMP022461,CUST073689,LOAN_ISSUE,CLOSED
COMP022462,CUST098550,CARD_ISSUE,OPEN
COMP022463,CUST039677,CARD_ISSUE,OPEN
COMP022464,CUST000019,LOAN_ISSUE,CLOSED
COMP022465,CUST060137,FRAUD_ALERT,CLOSED
COMP022466,CUST047615,UPI_ISSUE,OPEN
COMP022467,CUST098488,UPI_ISSUE,OPEN
COMP022468,CUST032128,CARD_ISSUE,CLOSED
COMP022469,CUST034959,CARD_ISSUE,OPEN
COMP022470,CUST047337,LOAN_ISSUE,CLOSED
COMP022471,CUST041192,FRAUD_ALERT,CLOSED
COMP022472,CUST055350,CARD_ISSUE,CLOSED
COMP022473,CUST074919,LOAN_ISSUE,OPEN
COMP022474,CUST054680,FRAUD_ALERT,OPEN
COMP022475,CUST057746,UPI_ISSUE,CLOSED
COMP022476,CUST029854,FRAUD_ALERT,OPEN
COMP022477,CUST020905,FRAUD_ALERT,OPEN
COMP022478,CUST051055,FRAUD_ALERT,CLOSED
COMP022479,CUST026481,CARD_ISSUE,CLOSED
COMP022480,CUST048502,LOAN_ISSUE,OPEN
COMP022481,CUST072692,FRAUD_ALERT,OPEN
COMP022482,CUST007622,FRAUD_ALERT,OPEN
COMP022483,CUST002570,CARD_ISSUE,OPEN
COMP022484,CUST060497,LOAN_ISSUE,OPEN
COMP022485,CUST030820,LOAN_ISSUE,OPEN
COMP022486,CUST069729,UPI_ISSUE,OPEN
COMP022487,CUST028347,UPI_ISSUE,OPEN
COMP022488,CUST034269,UPI_ISSUE,OPEN
COMP022489,CUST037633,FRAUD_ALERT,CLOSED
COMP022490,CUST022725,UPI_ISSUE,CLOSED
COMP022491,CUST038836,UPI_ISSUE,CLOSED
COMP022492,CUST088458,FRAUD_ALERT,CLOSED
COMP022493,CUST039789,FRAUD_ALERT,CLOSED
COMP022494,CUST090685,UPI_ISSUE,OPEN
COMP022495,CUST083129,LOAN_ISSUE,OPEN
COMP022496,CUST020521,FRAUD_ALERT,OPEN
COMP022497,CUST045569,LOAN_ISSUE,CLOSED
COMP022498,CUST095259,LOAN_ISSUE,CLOSED
COMP022499,CUST095922,CARD_ISSUE,OPEN
COMP022500,CUST096904,CARD_ISSUE,OPEN
COMP022501,CUST010090,UPI_ISSUE,CLOSED
COMP022502,CUST063492,FRAUD_ALERT,CLOSED
COMP022503,CUST080709,FRAUD_ALERT,CLOSED
COMP022504,CUST083887,CARD_ISSUE,OPEN
COMP022505,CUST016691,CARD_ISSUE,OPEN
COMP022506,CUST073628,CARD_ISSUE,CLOSED
COMP022507,CUST050247,CARD_ISSUE,OPEN
COMP022508,CUST045791,UPI_ISSUE,CLOSED
COMP022509,CUST070431,UPI_ISSUE,OPEN
COMP022510,CUST026930,FRAUD_ALERT,OPEN
COMP022511,CUST078381,UPI_ISSUE,OPEN
COMP022512,CUST086148,CARD_ISSUE,OPEN
COMP022513,CUST062277,FRAUD_ALERT,OPEN
COMP022514,CUST003380,UPI_ISSUE,CLOSED
COMP022515,CUST048874,CARD_ISSUE,OPEN
COMP022516,CUST023766,UPI_ISSUE,OPEN
COMP022517,CUST015941,UPI_ISSUE,CLOSED
COMP022518,CUST023721,FRAUD_ALERT,CLOSED
COMP022519,CUST064552,FRAUD_ALERT,CLOSED
COMP022520,CUST055056,CARD_ISSUE,OPEN
COMP022521,CUST043498,CARD_ISSUE,OPEN
COMP022522,CUST073683,FRAUD_ALERT,CLOSED
COMP022523,CUST007970,LOAN_ISSUE,CLOSED
COMP022524,CUST056482,FRAUD_ALERT,OPEN
COMP022525,CUST001101,CARD_ISSUE,OPEN
COMP022526,CUST066091,UPI_ISSUE,CLOSED
COMP022527,CUST059423,UPI_ISSUE,OPEN
COMP022528,CUST058979,CARD_ISSUE,OPEN
COMP022529,CUST073386,UPI_ISSUE,OPEN
COMP022530,CUST009730,CARD_ISSUE,CLOSED
COMP022531,CUST077367,CARD_ISSUE,OPEN
COMP022532,CUST014043,UPI_ISSUE,CLOSED
COMP022533,CUST063042,UPI_ISSUE,CLOSED
COMP022534,CUST031666,LOAN_ISSUE,CLOSED
COMP022535,CUST029290,LOAN_ISSUE,CLOSED
COMP022536,CUST047705,CARD_ISSUE,OPEN
COMP022537,CUST056172,LOAN_ISSUE,OPEN
COMP022538,CUST089327,FRAUD_ALERT,CLOSED
COMP022539,CUST033890,CARD_ISSUE,OPEN
COMP022540,CUST055139,UPI_ISSUE,OPEN
COMP022541,CUST062885,CARD_ISSUE,CLOSED
COMP022542,CUST082193,FRAUD_ALERT,CLOSED
COMP022543,CUST057205,CARD_ISSUE,CLOSED
COMP022544,CUST096918,UPI_ISSUE,CLOSED
COMP022545,CUST093844,CARD_ISSUE,OPEN
COMP022546,CUST015773,FRAUD_ALERT,OPEN
COMP022547,CUST083131,LOAN_ISSUE,CLOSED
COMP022548,CUST039257,CARD_ISSUE,CLOSED
COMP022549,CUST032343,LOAN_ISSUE,CLOSED
COMP022550,CUST037080,CARD_ISSUE,OPEN
COMP022551,CUST043197,UPI_ISSUE,OPEN
COMP022552,CUST061629,FRAUD_ALERT,CLOSED
COMP022553,CUST057529,CARD_ISSUE,CLOSED
COMP022554,CUST068867,UPI_ISSUE,CLOSED
COMP022555,CUST009547,CARD_ISSUE,CLOSED
COMP022556,CUST027125,FRAUD_ALERT,CLOSED
COMP022557,CUST092841,LOAN_ISSUE,OPEN
COMP022558,CUST038679,CARD_ISSUE,OPEN
COMP022559,CUST036129,FRAUD_ALERT,OPEN
COMP022560,CUST055054,UPI_ISSUE,OPEN
COMP022561,CUST045755,UPI_ISSUE,OPEN
COMP022562,CUST097836,FRAUD_ALERT,CLOSED
COMP022563,CUST041412,LOAN_ISSUE,CLOSED
COMP022564,CUST072230,UPI_ISSUE,CLOSED
COMP022565,CUST068037,LOAN_ISSUE,CLOSED
COMP022566,CUST009528,UPI_ISSUE,CLOSED
COMP022567,CUST007203,FRAUD_ALERT,CLOSED
COMP022568,CUST008194,CARD_ISSUE,CLOSED
COMP022569,CUST028501,CARD_ISSUE,OPEN
COMP022570,CUST054707,CARD_ISSUE,CLOSED
COMP022571,CUST047099,CARD_ISSUE,CLOSED
COMP022572,CUST031950,UPI_ISSUE,CLOSED
COMP022573,CUST028631,CARD_ISSUE,OPEN
COMP022574,CUST079668,FRAUD_ALERT,CLOSED
COMP022575,CUST023687,CARD_ISSUE,OPEN
COMP022576,CUST003586,FRAUD_ALERT,OPEN
COMP022577,CUST045297,CARD_ISSUE,CLOSED
COMP022578,CUST066964,UPI_ISSUE,CLOSED
COMP022579,CUST019853,UPI_ISSUE,OPEN
COMP022580,CUST099753,CARD_ISSUE,CLOSED
COMP022581,CUST002815,CARD_ISSUE,CLOSED
COMP022582,CUST043198,LOAN_ISSUE,OPEN
COMP022583,CUST017932,CARD_ISSUE,CLOSED
COMP022584,CUST067994,UPI_ISSUE,OPEN
COMP022585,CUST039635,LOAN_ISSUE,CLOSED
COMP022586,CUST060035,UPI_ISSUE,OPEN
COMP022587,CUST035026,FRAUD_ALERT,CLOSED
COMP022588,CUST015437,FRAUD_ALERT,CLOSED
COMP022589,CUST023582,LOAN_ISSUE,CLOSED
COMP022590,CUST042267,UPI_ISSUE,CLOSED
COMP022591,CUST014081,FRAUD_ALERT,OPEN
COMP022592,CUST009619,LOAN_ISSUE,OPEN
COMP022593,CUST009793,LOAN_ISSUE,CLOSED
COMP022594,CUST070118,UPI_ISSUE,OPEN
COMP022595,CUST084436,LOAN_ISSUE,CLOSED
COMP022596,CUST077324,CARD_ISSUE,OPEN
COMP022597,CUST043179,CARD_ISSUE,OPEN
COMP022598,CUST020657,FRAUD_ALERT,OPEN
COMP022599,CUST085440,LOAN_ISSUE,OPEN
COMP022600,CUST042448,UPI_ISSUE,CLOSED
COMP022601,CUST049448,LOAN_ISSUE,OPEN
COMP022602,CUST082040,UPI_ISSUE,OPEN
COMP022603,CUST046360,LOAN_ISSUE,OPEN
COMP022604,CUST089980,CARD_ISSUE,CLOSED
COMP022605,CUST053219,UPI_ISSUE,OPEN
COMP022606,CUST012730,CARD_ISSUE,CLOSED
COMP022607,CUST003818,CARD_ISSUE,OPEN
COMP022608,CUST065420,UPI_ISSUE,CLOSED
COMP022609,CUST086739,LOAN_ISSUE,OPEN
COMP022610,CUST085181,CARD_ISSUE,OPEN
COMP022611,CUST064019,FRAUD_ALERT,CLOSED
COMP022612,CUST028687,CARD_ISSUE,OPEN
COMP022613,CUST063186,FRAUD_ALERT,CLOSED
COMP022614,CUST015873,LOAN_ISSUE,OPEN
COMP022615,CUST032447,FRAUD_ALERT,CLOSED
COMP022616,CUST049018,LOAN_ISSUE,OPEN
COMP022617,CUST076034,CARD_ISSUE,CLOSED
COMP022618,CUST097818,LOAN_ISSUE,CLOSED
COMP022619,CUST092435,CARD_ISSUE,OPEN
COMP022620,CUST055293,CARD_ISSUE,OPEN
COMP022621,CUST056364,FRAUD_ALERT,CLOSED
COMP022622,CUST015236,LOAN_ISSUE,CLOSED
COMP022623,CUST052773,CARD_ISSUE,CLOSED
COMP022624,CUST001947,FRAUD_ALERT,CLOSED
COMP022625,CUST096858,FRAUD_ALERT,OPEN
COMP022626,CUST009832,LOAN_ISSUE,OPEN
COMP022627,CUST079576,CARD_ISSUE,OPEN
COMP022628,CUST039099,LOAN_ISSUE,OPEN
COMP022629,CUST050359,LOAN_ISSUE,CLOSED
COMP022630,CUST024875,UPI_ISSUE,CLOSED
COMP022631,CUST066669,UPI_ISSUE,CLOSED
COMP022632,CUST051429,UPI_ISSUE,CLOSED
COMP022633,CUST025544,FRAUD_ALERT,CLOSED
COMP022634,CUST076083,CARD_ISSUE,OPEN
COMP022635,CUST061304,UPI_ISSUE,CLOSED
COMP022636,CUST054652,FRAUD_ALERT,CLOSED
COMP022637,CUST082080,FRAUD_ALERT,CLOSED
COMP022638,CUST019262,FRAUD_ALERT,CLOSED
COMP022639,CUST061789,CARD_ISSUE,CLOSED
COMP022640,CUST082187,UPI_ISSUE,CLOSED
COMP022641,CUST049194,LOAN_ISSUE,OPEN
COMP022642,CUST045648,FRAUD_ALERT,CLOSED
COMP022643,CUST029282,CARD_ISSUE,CLOSED
COMP022644,CUST070906,FRAUD_ALERT,OPEN
COMP022645,CUST026043,UPI_ISSUE,CLOSED
COMP022646,CUST054428,FRAUD_ALERT,OPEN
COMP022647,CUST029701,LOAN_ISSUE,OPEN
COMP022648,CUST015301,CARD_ISSUE,OPEN
COMP022649,CUST082902,CARD_ISSUE,OPEN
COMP022650,CUST024446,CARD_ISSUE,OPEN
COMP022651,CUST031960,CARD_ISSUE,CLOSED
COMP022652,CUST077692,LOAN_ISSUE,OPEN
COMP022653,CUST005511,CARD_ISSUE,OPEN
COMP022654,CUST019044,LOAN_ISSUE,CLOSED
COMP022655,CUST054962,LOAN_ISSUE,CLOSED
COMP022656,CUST036324,LOAN_ISSUE,CLOSED
COMP022657,CUST085380,UPI_ISSUE,CLOSED
COMP022658,CUST035708,UPI_ISSUE,CLOSED
COMP022659,CUST071536,LOAN_ISSUE,OPEN
COMP022660,CUST073844,FRAUD_ALERT,CLOSED
COMP022661,CUST076275,FRAUD_ALERT,CLOSED
COMP022662,CUST086672,UPI_ISSUE,CLOSED
COMP022663,CUST092683,LOAN_ISSUE,CLOSED
COMP022664,CUST008576,FRAUD_ALERT,CLOSED
COMP022665,CUST091035,LOAN_ISSUE,CLOSED
COMP022666,CUST007328,CARD_ISSUE,OPEN
COMP022667,CUST080142,LOAN_ISSUE,OPEN
COMP022668,CUST013052,UPI_ISSUE,CLOSED
COMP022669,CUST027432,LOAN_ISSUE,OPEN
COMP022670,CUST018692,CARD_ISSUE,OPEN
COMP022671,CUST017565,CARD_ISSUE,OPEN
COMP022672,CUST083151,LOAN_ISSUE,CLOSED
COMP022673,CUST099008,UPI_ISSUE,CLOSED
COMP022674,CUST069089,CARD_ISSUE,CLOSED
COMP022675,CUST018043,LOAN_ISSUE,OPEN
COMP022676,CUST018490,UPI_ISSUE,OPEN
COMP022677,CUST039124,LOAN_ISSUE,OPEN
COMP022678,CUST013298,LOAN_ISSUE,OPEN
COMP022679,CUST047789,LOAN_ISSUE,CLOSED
COMP022680,CUST091966,UPI_ISSUE,OPEN
COMP022681,CUST020027,CARD_ISSUE,CLOSED
COMP022682,CUST092961,CARD_ISSUE,OPEN
COMP022683,CUST040377,LOAN_ISSUE,OPEN
COMP022684,CUST017809,UPI_ISSUE,CLOSED
COMP022685,CUST084616,LOAN_ISSUE,CLOSED
COMP022686,CUST040815,FRAUD_ALERT,OPEN
COMP022687,CUST062745,FRAUD_ALERT,CLOSED
COMP022688,CUST046400,LOAN_ISSUE,OPEN
COMP022689,CUST036220,FRAUD_ALERT,OPEN
COMP022690,CUST086445,LOAN_ISSUE,OPEN
COMP022691,CUST042673,UPI_ISSUE,CLOSED
COMP022692,CUST071273,FRAUD_ALERT,CLOSED
COMP022693,CUST033749,FRAUD_ALERT,OPEN
COMP022694,CUST009585,CARD_ISSUE,CLOSED
COMP022695,CUST094245,FRAUD_ALERT,OPEN
COMP022696,CUST008671,LOAN_ISSUE,CLOSED
COMP022697,CUST041960,FRAUD_ALERT,OPEN
COMP022698,CUST030542,UPI_ISSUE,CLOSED
COMP022699,CUST066513,CARD_ISSUE,CLOSED
COMP022700,CUST024149,LOAN_ISSUE,CLOSED
COMP022701,CUST055420,LOAN_ISSUE,CLOSED
COMP022702,CUST079991,FRAUD_ALERT,CLOSED
COMP022703,CUST048532,UPI_ISSUE,CLOSED
COMP022704,CUST066841,CARD_ISSUE,OPEN
COMP022705,CUST085143,UPI_ISSUE,CLOSED
COMP022706,CUST046296,UPI_ISSUE,OPEN
COMP022707,CUST081021,CARD_ISSUE,CLOSED
COMP022708,CUST042482,FRAUD_ALERT,CLOSED
COMP022709,CUST005554,UPI_ISSUE,OPEN
COMP022710,CUST070635,UPI_ISSUE,CLOSED
COMP022711,CUST007744,UPI_ISSUE,OPEN
COMP022712,CUST099868,LOAN_ISSUE,CLOSED
COMP022713,CUST093237,CARD_ISSUE,CLOSED
COMP022714,CUST068583,LOAN_ISSUE,CLOSED
COMP022715,CUST052538,CARD_ISSUE,CLOSED
COMP022716,CUST042131,UPI_ISSUE,CLOSED
COMP022717,CUST036616,CARD_ISSUE,CLOSED
COMP022718,CUST053638,CARD_ISSUE,OPEN
COMP022719,CUST047707,LOAN_ISSUE,CLOSED
COMP022720,CUST008739,UPI_ISSUE,CLOSED
COMP022721,CUST041150,CARD_ISSUE,OPEN
COMP022722,CUST080536,UPI_ISSUE,CLOSED
COMP022723,CUST004563,CARD_ISSUE,OPEN
COMP022724,CUST086485,CARD_ISSUE,CLOSED
COMP022725,CUST065716,LOAN_ISSUE,CLOSED
COMP022726,CUST014115,UPI_ISSUE,CLOSED
COMP022727,CUST098965,LOAN_ISSUE,CLOSED
COMP022728,CUST068837,LOAN_ISSUE,OPEN
COMP022729,CUST088112,CARD_ISSUE,CLOSED
COMP022730,CUST021768,FRAUD_ALERT,CLOSED
COMP022731,CUST047379,LOAN_ISSUE,OPEN
COMP022732,CUST091292,FRAUD_ALERT,CLOSED
COMP022733,CUST047080,UPI_ISSUE,CLOSED
COMP022734,CUST084562,UPI_ISSUE,OPEN
COMP022735,CUST083989,UPI_ISSUE,CLOSED
COMP022736,CUST060970,UPI_ISSUE,OPEN
COMP022737,CUST079119,LOAN_ISSUE,CLOSED
COMP022738,CUST028017,UPI_ISSUE,OPEN
COMP022739,CUST077918,CARD_ISSUE,CLOSED
COMP022740,CUST042700,FRAUD_ALERT,CLOSED
COMP022741,CUST077015,CARD_ISSUE,CLOSED
COMP022742,CUST079352,UPI_ISSUE,CLOSED
COMP022743,CUST063845,UPI_ISSUE,CLOSED
COMP022744,CUST025579,LOAN_ISSUE,OPEN
COMP022745,CUST065355,LOAN_ISSUE,CLOSED
COMP022746,CUST046136,FRAUD_ALERT,CLOSED
COMP022747,CUST037866,LOAN_ISSUE,OPEN
COMP022748,CUST051446,FRAUD_ALERT,CLOSED
COMP022749,CUST073420,CARD_ISSUE,OPEN
COMP022750,CUST008295,FRAUD_ALERT,OPEN
COMP022751,CUST040052,LOAN_ISSUE,CLOSED
COMP022752,CUST053250,LOAN_ISSUE,OPEN
COMP022753,CUST091657,FRAUD_ALERT,CLOSED
COMP022754,CUST073701,LOAN_ISSUE,CLOSED
COMP022755,CUST056518,FRAUD_ALERT,CLOSED
COMP022756,CUST013914,CARD_ISSUE,CLOSED
COMP022757,CUST067220,CARD_ISSUE,CLOSED
COMP022758,CUST002218,CARD_ISSUE,CLOSED
COMP022759,CUST069202,LOAN_ISSUE,OPEN
COMP022760,CUST021664,FRAUD_ALERT,CLOSED
COMP022761,CUST046815,UPI_ISSUE,OPEN
COMP022762,CUST059194,UPI_ISSUE,OPEN
COMP022763,CUST034310,LOAN_ISSUE,CLOSED
COMP022764,CUST049457,LOAN_ISSUE,OPEN
COMP022765,CUST014728,FRAUD_ALERT,CLOSED
COMP022766,CUST068766,LOAN_ISSUE,CLOSED
COMP022767,CUST050506,CARD_ISSUE,CLOSED
COMP022768,CUST004199,LOAN_ISSUE,OPEN
COMP022769,CUST027455,FRAUD_ALERT,CLOSED
COMP022770,CUST045715,UPI_ISSUE,OPEN
COMP022771,CUST003213,CARD_ISSUE,OPEN
COMP022772,CUST045097,UPI_ISSUE,CLOSED
COMP022773,CUST042888,CARD_ISSUE,OPEN
COMP022774,CUST072425,FRAUD_ALERT,OPEN
COMP022775,CUST014679,FRAUD_ALERT,OPEN
COMP022776,CUST043932,CARD_ISSUE,CLOSED
COMP022777,CUST064330,FRAUD_ALERT,OPEN
COMP022778,CUST047913,LOAN_ISSUE,CLOSED
COMP022779,CUST013920,UPI_ISSUE,CLOSED
COMP022780,CUST098938,LOAN_ISSUE,CLOSED
COMP022781,CUST028519,LOAN_ISSUE,OPEN
COMP022782,CUST072969,LOAN_ISSUE,OPEN
COMP022783,CUST020492,LOAN_ISSUE,OPEN
COMP022784,CUST060454,CARD_ISSUE,CLOSED
COMP022785,CUST088105,CARD_ISSUE,OPEN
COMP022786,CUST070881,UPI_ISSUE,OPEN
COMP022787,CUST060545,FRAUD_ALERT,OPEN
COMP022788,CUST089389,FRAUD_ALERT,CLOSED
COMP022789,CUST051901,CARD_ISSUE,CLOSED
COMP022790,CUST058500,CARD_ISSUE,CLOSED
COMP022791,CUST052741,LOAN_ISSUE,OPEN
COMP022792,CUST068279,CARD_ISSUE,CLOSED
COMP022793,CUST011367,LOAN_ISSUE,CLOSED
COMP022794,CUST061558,LOAN_ISSUE,OPEN
COMP022795,CUST077714,UPI_ISSUE,OPEN
COMP022796,CUST003101,FRAUD_ALERT,OPEN
COMP022797,CUST024342,LOAN_ISSUE,CLOSED
COMP022798,CUST031958,UPI_ISSUE,CLOSED
COMP022799,CUST042918,LOAN_ISSUE,CLOSED
COMP022800,CUST052715,CARD_ISSUE,CLOSED
COMP022801,CUST015712,LOAN_ISSUE,OPEN
COMP022802,CUST016531,FRAUD_ALERT,OPEN
COMP022803,CUST011091,CARD_ISSUE,CLOSED
COMP022804,CUST094019,FRAUD_ALERT,OPEN
COMP022805,CUST022799,LOAN_ISSUE,OPEN
COMP022806,CUST008178,UPI_ISSUE,OPEN
COMP022807,CUST095820,UPI_ISSUE,CLOSED
COMP022808,CUST043220,CARD_ISSUE,OPEN
COMP022809,CUST066132,LOAN_ISSUE,OPEN
COMP022810,CUST034325,CARD_ISSUE,CLOSED
COMP022811,CUST018275,FRAUD_ALERT,OPEN
COMP022812,CUST013998,UPI_ISSUE,CLOSED
COMP022813,CUST051913,FRAUD_ALERT,CLOSED
COMP022814,CUST012184,FRAUD_ALERT,CLOSED
COMP022815,CUST087335,FRAUD_ALERT,OPEN
COMP022816,CUST044607,UPI_ISSUE,CLOSED
COMP022817,CUST002725,LOAN_ISSUE,CLOSED
COMP022818,CUST064350,CARD_ISSUE,OPEN
COMP022819,CUST018683,CARD_ISSUE,CLOSED
COMP022820,CUST059812,LOAN_ISSUE,CLOSED
COMP022821,CUST095750,UPI_ISSUE,OPEN
COMP022822,CUST030475,LOAN_ISSUE,CLOSED
COMP022823,CUST019176,FRAUD_ALERT,CLOSED
COMP022824,CUST055369,FRAUD_ALERT,OPEN
COMP022825,CUST099028,LOAN_ISSUE,CLOSED
COMP022826,CUST083881,UPI_ISSUE,CLOSED
COMP022827,CUST066196,CARD_ISSUE,CLOSED
COMP022828,CUST051792,CARD_ISSUE,CLOSED
COMP022829,CUST011804,UPI_ISSUE,CLOSED
COMP022830,CUST062898,CARD_ISSUE,CLOSED
COMP022831,CUST066311,FRAUD_ALERT,CLOSED
COMP022832,CUST003351,LOAN_ISSUE,OPEN
COMP022833,CUST075006,UPI_ISSUE,CLOSED
COMP022834,CUST004292,UPI_ISSUE,CLOSED
COMP022835,CUST010952,UPI_ISSUE,CLOSED
COMP022836,CUST065163,CARD_ISSUE,CLOSED
COMP022837,CUST032499,LOAN_ISSUE,OPEN
COMP022838,CUST019090,CARD_ISSUE,OPEN
COMP022839,CUST057107,LOAN_ISSUE,CLOSED
COMP022840,CUST076382,CARD_ISSUE,OPEN
COMP022841,CUST045477,LOAN_ISSUE,CLOSED
COMP022842,CUST015731,FRAUD_ALERT,CLOSED
COMP022843,CUST000370,LOAN_ISSUE,OPEN
COMP022844,CUST001882,UPI_ISSUE,CLOSED
COMP022845,CUST042707,UPI_ISSUE,OPEN
COMP022846,CUST013163,LOAN_ISSUE,CLOSED
COMP022847,CUST054254,FRAUD_ALERT,OPEN
COMP022848,CUST079196,LOAN_ISSUE,CLOSED
COMP022849,CUST034681,CARD_ISSUE,OPEN
COMP022850,CUST072850,UPI_ISSUE,CLOSED
COMP022851,CUST029182,CARD_ISSUE,OPEN
COMP022852,CUST053150,LOAN_ISSUE,CLOSED
COMP022853,CUST044320,FRAUD_ALERT,CLOSED
COMP022854,CUST044300,FRAUD_ALERT,CLOSED
COMP022855,CUST085985,LOAN_ISSUE,OPEN
COMP022856,CUST009930,LOAN_ISSUE,OPEN
COMP022857,CUST002384,FRAUD_ALERT,CLOSED
COMP022858,CUST056661,CARD_ISSUE,CLOSED
COMP022859,CUST091372,UPI_ISSUE,OPEN
COMP022860,CUST024880,FRAUD_ALERT,OPEN
COMP022861,CUST020697,FRAUD_ALERT,OPEN
COMP022862,CUST034609,CARD_ISSUE,CLOSED
COMP022863,CUST045561,CARD_ISSUE,CLOSED
COMP022864,CUST026723,CARD_ISSUE,OPEN
COMP022865,CUST015146,LOAN_ISSUE,OPEN
COMP022866,CUST047219,LOAN_ISSUE,OPEN
COMP022867,CUST039159,FRAUD_ALERT,OPEN
COMP022868,CUST012683,CARD_ISSUE,OPEN
COMP022869,CUST017478,UPI_ISSUE,CLOSED
COMP022870,CUST007395,UPI_ISSUE,OPEN
COMP022871,CUST017167,LOAN_ISSUE,CLOSED
COMP022872,CUST089081,LOAN_ISSUE,CLOSED
COMP022873,CUST090070,CARD_ISSUE,CLOSED
COMP022874,CUST094872,CARD_ISSUE,OPEN
COMP022875,CUST072698,FRAUD_ALERT,CLOSED
COMP022876,CUST091678,FRAUD_ALERT,CLOSED
COMP022877,CUST083638,FRAUD_ALERT,CLOSED
COMP022878,CUST024148,FRAUD_ALERT,OPEN
COMP022879,CUST083986,LOAN_ISSUE,OPEN
COMP022880,CUST074166,FRAUD_ALERT,OPEN
COMP022881,CUST094002,LOAN_ISSUE,CLOSED
COMP022882,CUST031647,FRAUD_ALERT,OPEN
COMP022883,CUST026406,LOAN_ISSUE,CLOSED
COMP022884,CUST051656,CARD_ISSUE,CLOSED
COMP022885,CUST077374,UPI_ISSUE,OPEN
COMP022886,CUST022295,UPI_ISSUE,OPEN
COMP022887,CUST022404,FRAUD_ALERT,OPEN
COMP022888,CUST090563,UPI_ISSUE,OPEN
COMP022889,CUST015988,CARD_ISSUE,CLOSED
COMP022890,CUST030658,FRAUD_ALERT,CLOSED
COMP022891,CUST028050,FRAUD_ALERT,CLOSED
COMP022892,CUST067025,UPI_ISSUE,OPEN
COMP022893,CUST034693,UPI_ISSUE,CLOSED
COMP022894,CUST077920,CARD_ISSUE,CLOSED
COMP022895,CUST034758,CARD_ISSUE,OPEN
COMP022896,CUST030688,CARD_ISSUE,CLOSED
COMP022897,CUST078507,FRAUD_ALERT,OPEN
COMP022898,CUST083965,LOAN_ISSUE,OPEN
COMP022899,CUST056953,UPI_ISSUE,CLOSED
COMP022900,CUST022647,LOAN_ISSUE,OPEN
COMP022901,CUST002900,UPI_ISSUE,OPEN
COMP022902,CUST079154,UPI_ISSUE,OPEN
COMP022903,CUST000878,CARD_ISSUE,OPEN
COMP022904,CUST071445,CARD_ISSUE,OPEN
COMP022905,CUST093729,UPI_ISSUE,CLOSED
COMP022906,CUST058623,FRAUD_ALERT,OPEN
COMP022907,CUST031571,UPI_ISSUE,CLOSED
COMP022908,CUST029302,FRAUD_ALERT,CLOSED
COMP022909,CUST034704,FRAUD_ALERT,OPEN
COMP022910,CUST007891,UPI_ISSUE,OPEN
COMP022911,CUST008099,LOAN_ISSUE,CLOSED
COMP022912,CUST084489,CARD_ISSUE,CLOSED
COMP022913,CUST035699,LOAN_ISSUE,OPEN
COMP022914,CUST084112,UPI_ISSUE,CLOSED
COMP022915,CUST053885,CARD_ISSUE,CLOSED
COMP022916,CUST045003,UPI_ISSUE,OPEN
COMP022917,CUST090747,UPI_ISSUE,CLOSED
COMP022918,CUST095382,CARD_ISSUE,CLOSED
COMP022919,CUST090491,LOAN_ISSUE,CLOSED
COMP022920,CUST070901,LOAN_ISSUE,CLOSED
COMP022921,CUST019328,FRAUD_ALERT,CLOSED
COMP022922,CUST041373,UPI_ISSUE,OPEN
COMP022923,CUST069701,CARD_ISSUE,CLOSED
COMP022924,CUST038168,FRAUD_ALERT,OPEN
COMP022925,CUST089553,UPI_ISSUE,CLOSED
COMP022926,CUST061724,LOAN_ISSUE,OPEN
COMP022927,CUST052604,CARD_ISSUE,OPEN
COMP022928,CUST087526,FRAUD_ALERT,CLOSED
COMP022929,CUST081525,UPI_ISSUE,CLOSED
COMP022930,CUST020645,CARD_ISSUE,CLOSED
COMP022931,CUST001483,LOAN_ISSUE,CLOSED
COMP022932,CUST058459,LOAN_ISSUE,OPEN
COMP022933,CUST095606,LOAN_ISSUE,CLOSED
COMP022934,CUST085387,CARD_ISSUE,OPEN
COMP022935,CUST090987,FRAUD_ALERT,CLOSED
COMP022936,CUST045613,LOAN_ISSUE,CLOSED
COMP022937,CUST001101,FRAUD_ALERT,OPEN
COMP022938,CUST018986,CARD_ISSUE,CLOSED
COMP022939,CUST040786,LOAN_ISSUE,OPEN
COMP022940,CUST055465,LOAN_ISSUE,CLOSED
COMP022941,CUST050731,CARD_ISSUE,OPEN
COMP022942,CUST080776,CARD_ISSUE,OPEN
COMP022943,CUST084971,FRAUD_ALERT,OPEN
COMP022944,CUST095979,UPI_ISSUE,CLOSED
COMP022945,CUST060707,LOAN_ISSUE,CLOSED
COMP022946,CUST063221,FRAUD_ALERT,CLOSED
COMP022947,CUST038587,LOAN_ISSUE,CLOSED
COMP022948,CUST031663,CARD_ISSUE,CLOSED
COMP022949,CUST023758,CARD_ISSUE,CLOSED
COMP022950,CUST049565,FRAUD_ALERT,CLOSED
COMP022951,CUST073287,LOAN_ISSUE,CLOSED
COMP022952,CUST076030,FRAUD_ALERT,CLOSED
COMP022953,CUST010995,UPI_ISSUE,CLOSED
COMP022954,CUST037703,FRAUD_ALERT,CLOSED
COMP022955,CUST092328,FRAUD_ALERT,OPEN
COMP022956,CUST061027,FRAUD_ALERT,OPEN
COMP022957,CUST005125,UPI_ISSUE,OPEN
COMP022958,CUST090451,FRAUD_ALERT,OPEN
COMP022959,CUST019537,CARD_ISSUE,CLOSED
COMP022960,CUST072629,LOAN_ISSUE,OPEN
COMP022961,CUST001749,FRAUD_ALERT,OPEN
COMP022962,CUST027929,CARD_ISSUE,CLOSED
COMP022963,CUST006344,LOAN_ISSUE,CLOSED
COMP022964,CUST064313,CARD_ISSUE,OPEN
COMP022965,CUST065148,CARD_ISSUE,OPEN
COMP022966,CUST082404,UPI_ISSUE,OPEN
COMP022967,CUST085004,FRAUD_ALERT,OPEN
COMP022968,CUST068321,UPI_ISSUE,CLOSED
COMP022969,CUST055897,LOAN_ISSUE,CLOSED
COMP022970,CUST026813,LOAN_ISSUE,OPEN
COMP022971,CUST065619,FRAUD_ALERT,CLOSED
COMP022972,CUST096575,UPI_ISSUE,OPEN
COMP022973,CUST043402,CARD_ISSUE,CLOSED
COMP022974,CUST050251,UPI_ISSUE,CLOSED
COMP022975,CUST015567,UPI_ISSUE,OPEN
COMP022976,CUST053572,CARD_ISSUE,CLOSED
COMP022977,CUST005151,LOAN_ISSUE,CLOSED
COMP022978,CUST083788,FRAUD_ALERT,OPEN
COMP022979,CUST083573,LOAN_ISSUE,OPEN
COMP022980,CUST022351,UPI_ISSUE,CLOSED
COMP022981,CUST075541,FRAUD_ALERT,CLOSED
COMP022982,CUST089208,CARD_ISSUE,OPEN
COMP022983,CUST064982,CARD_ISSUE,CLOSED
COMP022984,CUST006117,LOAN_ISSUE,CLOSED
COMP022985,CUST024176,CARD_ISSUE,OPEN
COMP022986,CUST074351,FRAUD_ALERT,CLOSED
COMP022987,CUST069862,CARD_ISSUE,CLOSED
COMP022988,CUST075872,CARD_ISSUE,CLOSED
COMP022989,CUST010205,FRAUD_ALERT,OPEN
COMP022990,CUST069894,LOAN_ISSUE,CLOSED
COMP022991,CUST070823,FRAUD_ALERT,OPEN
COMP022992,CUST010044,UPI_ISSUE,CLOSED
COMP022993,CUST085358,FRAUD_ALERT,CLOSED
COMP022994,CUST008005,LOAN_ISSUE,OPEN
COMP022995,CUST065264,CARD_ISSUE,CLOSED
COMP022996,CUST024618,UPI_ISSUE,OPEN
COMP022997,CUST098840,UPI_ISSUE,OPEN
COMP022998,CUST030294,LOAN_ISSUE,CLOSED
COMP022999,CUST004642,LOAN_ISSUE,CLOSED
COMP023000,CUST048240,LOAN_ISSUE,OPEN
COMP023001,CUST034267,UPI_ISSUE,OPEN
COMP023002,CUST060465,UPI_ISSUE,OPEN
COMP023003,CUST070355,FRAUD_ALERT,CLOSED
COMP023004,CUST060879,FRAUD_ALERT,CLOSED
COMP023005,CUST085751,LOAN_ISSUE,CLOSED
COMP023006,CUST070575,LOAN_ISSUE,OPEN
COMP023007,CUST011831,LOAN_ISSUE,CLOSED
COMP023008,CUST041796,LOAN_ISSUE,OPEN
COMP023009,CUST014064,CARD_ISSUE,OPEN
COMP023010,CUST047775,FRAUD_ALERT,CLOSED
COMP023011,CUST099068,LOAN_ISSUE,OPEN
COMP023012,CUST036512,FRAUD_ALERT,OPEN
COMP023013,CUST068643,CARD_ISSUE,CLOSED
COMP023014,CUST081411,UPI_ISSUE,OPEN
COMP023015,CUST003482,CARD_ISSUE,OPEN
COMP023016,CUST021807,UPI_ISSUE,CLOSED
COMP023017,CUST046234,LOAN_ISSUE,CLOSED
COMP023018,CUST029456,LOAN_ISSUE,OPEN
COMP023019,CUST028614,FRAUD_ALERT,OPEN
COMP023020,CUST097194,LOAN_ISSUE,CLOSED
COMP023021,CUST001924,LOAN_ISSUE,CLOSED
COMP023022,CUST019147,LOAN_ISSUE,OPEN
COMP023023,CUST053465,UPI_ISSUE,CLOSED
COMP023024,CUST082498,FRAUD_ALERT,CLOSED
COMP023025,CUST077615,FRAUD_ALERT,CLOSED
COMP023026,CUST045466,FRAUD_ALERT,OPEN
COMP023027,CUST082379,CARD_ISSUE,OPEN
COMP023028,CUST011052,CARD_ISSUE,CLOSED
COMP023029,CUST056275,FRAUD_ALERT,CLOSED
COMP023030,CUST059954,CARD_ISSUE,CLOSED
COMP023031,CUST077398,CARD_ISSUE,CLOSED
COMP023032,CUST072987,UPI_ISSUE,OPEN
COMP023033,CUST049544,LOAN_ISSUE,OPEN
COMP023034,CUST089326,CARD_ISSUE,CLOSED
COMP023035,CUST036367,CARD_ISSUE,OPEN
COMP023036,CUST044642,CARD_ISSUE,OPEN
COMP023037,CUST034853,UPI_ISSUE,CLOSED
COMP023038,CUST058737,CARD_ISSUE,CLOSED
COMP023039,CUST032596,UPI_ISSUE,OPEN
COMP023040,CUST075392,UPI_ISSUE,CLOSED
COMP023041,CUST042226,FRAUD_ALERT,CLOSED
COMP023042,CUST033163,CARD_ISSUE,OPEN
COMP023043,CUST031970,UPI_ISSUE,CLOSED
COMP023044,CUST071047,UPI_ISSUE,CLOSED
COMP023045,CUST091761,FRAUD_ALERT,OPEN
COMP023046,CUST070838,UPI_ISSUE,OPEN
COMP023047,CUST063266,LOAN_ISSUE,CLOSED
COMP023048,CUST028404,FRAUD_ALERT,OPEN
COMP023049,CUST003598,CARD_ISSUE,CLOSED
COMP023050,CUST003658,LOAN_ISSUE,OPEN
COMP023051,CUST020695,CARD_ISSUE,CLOSED
COMP023052,CUST071066,LOAN_ISSUE,OPEN
COMP023053,CUST049624,LOAN_ISSUE,CLOSED
COMP023054,CUST073393,UPI_ISSUE,CLOSED
COMP023055,CUST089079,LOAN_ISSUE,CLOSED
COMP023056,CUST039530,FRAUD_ALERT,CLOSED
COMP023057,CUST067814,LOAN_ISSUE,CLOSED
COMP023058,CUST047889,FRAUD_ALERT,OPEN
COMP023059,CUST027189,UPI_ISSUE,CLOSED
COMP023060,CUST073857,FRAUD_ALERT,CLOSED
COMP023061,CUST001794,UPI_ISSUE,OPEN
COMP023062,CUST032831,FRAUD_ALERT,OPEN
COMP023063,CUST019411,FRAUD_ALERT,OPEN
COMP023064,CUST078480,FRAUD_ALERT,CLOSED
COMP023065,CUST098794,FRAUD_ALERT,CLOSED
COMP023066,CUST030031,UPI_ISSUE,CLOSED
COMP023067,CUST060010,FRAUD_ALERT,CLOSED
COMP023068,CUST026190,CARD_ISSUE,CLOSED
COMP023069,CUST094718,FRAUD_ALERT,OPEN
COMP023070,CUST010132,CARD_ISSUE,CLOSED
COMP023071,CUST009459,FRAUD_ALERT,OPEN
COMP023072,CUST084401,CARD_ISSUE,CLOSED
COMP023073,CUST018244,CARD_ISSUE,CLOSED
COMP023074,CUST098248,LOAN_ISSUE,OPEN
COMP023075,CUST076866,UPI_ISSUE,OPEN
COMP023076,CUST078900,UPI_ISSUE,OPEN
COMP023077,CUST044794,FRAUD_ALERT,OPEN
COMP023078,CUST093694,FRAUD_ALERT,OPEN
COMP023079,CUST097259,CARD_ISSUE,OPEN
COMP023080,CUST038431,FRAUD_ALERT,CLOSED
COMP023081,CUST050488,UPI_ISSUE,CLOSED
COMP023082,CUST037804,CARD_ISSUE,OPEN
COMP023083,CUST024892,FRAUD_ALERT,CLOSED
COMP023084,CUST014579,UPI_ISSUE,OPEN
COMP023085,CUST055744,LOAN_ISSUE,CLOSED
COMP023086,CUST084688,FRAUD_ALERT,CLOSED
COMP023087,CUST098724,LOAN_ISSUE,OPEN
COMP023088,CUST009123,FRAUD_ALERT,OPEN
COMP023089,CUST071337,LOAN_ISSUE,CLOSED
COMP023090,CUST087387,UPI_ISSUE,OPEN
COMP023091,CUST088672,CARD_ISSUE,OPEN
COMP023092,CUST007945,FRAUD_ALERT,CLOSED
COMP023093,CUST084688,CARD_ISSUE,CLOSED
COMP023094,CUST037103,FRAUD_ALERT,CLOSED
COMP023095,CUST064181,FRAUD_ALERT,OPEN
COMP023096,CUST067702,FRAUD_ALERT,CLOSED
COMP023097,CUST014721,FRAUD_ALERT,OPEN
COMP023098,CUST074969,LOAN_ISSUE,OPEN
COMP023099,CUST069810,UPI_ISSUE,OPEN
COMP023100,CUST021287,LOAN_ISSUE,OPEN
COMP023101,CUST087225,CARD_ISSUE,CLOSED
COMP023102,CUST000021,CARD_ISSUE,CLOSED
COMP023103,CUST064406,UPI_ISSUE,CLOSED
COMP023104,CUST053942,FRAUD_ALERT,OPEN
COMP023105,CUST024649,LOAN_ISSUE,OPEN
COMP023106,CUST031315,UPI_ISSUE,OPEN
COMP023107,CUST093192,UPI_ISSUE,OPEN
COMP023108,CUST094649,UPI_ISSUE,OPEN
COMP023109,CUST087272,CARD_ISSUE,OPEN
COMP023110,CUST003011,CARD_ISSUE,CLOSED
COMP023111,CUST016215,CARD_ISSUE,CLOSED
COMP023112,CUST029822,UPI_ISSUE,OPEN
COMP023113,CUST096172,UPI_ISSUE,OPEN
COMP023114,CUST073565,FRAUD_ALERT,CLOSED
COMP023115,CUST094943,LOAN_ISSUE,CLOSED
COMP023116,CUST059083,LOAN_ISSUE,CLOSED
COMP023117,CUST026335,CARD_ISSUE,OPEN
COMP023118,CUST063653,UPI_ISSUE,OPEN
COMP023119,CUST026165,FRAUD_ALERT,OPEN
COMP023120,CUST015168,UPI_ISSUE,CLOSED
COMP023121,CUST085774,CARD_ISSUE,CLOSED
COMP023122,CUST030711,UPI_ISSUE,CLOSED
COMP023123,CUST093475,CARD_ISSUE,OPEN
COMP023124,CUST024072,LOAN_ISSUE,OPEN
COMP023125,CUST014052,FRAUD_ALERT,CLOSED
COMP023126,CUST087760,UPI_ISSUE,CLOSED
COMP023127,CUST059640,FRAUD_ALERT,OPEN
COMP023128,CUST004399,CARD_ISSUE,CLOSED
COMP023129,CUST061338,UPI_ISSUE,OPEN
COMP023130,CUST056986,UPI_ISSUE,CLOSED
COMP023131,CUST051366,UPI_ISSUE,CLOSED
COMP023132,CUST035515,CARD_ISSUE,CLOSED
COMP023133,CUST076789,CARD_ISSUE,CLOSED
COMP023134,CUST021716,FRAUD_ALERT,OPEN
COMP023135,CUST007180,UPI_ISSUE,CLOSED
COMP023136,CUST026306,UPI_ISSUE,OPEN
COMP023137,CUST068834,CARD_ISSUE,OPEN
COMP023138,CUST020743,UPI_ISSUE,OPEN
COMP023139,CUST071565,UPI_ISSUE,OPEN
COMP023140,CUST070581,FRAUD_ALERT,OPEN
COMP023141,CUST023496,UPI_ISSUE,OPEN
COMP023142,CUST063655,UPI_ISSUE,CLOSED
COMP023143,CUST096916,FRAUD_ALERT,CLOSED
COMP023144,CUST072493,CARD_ISSUE,CLOSED
COMP023145,CUST012155,LOAN_ISSUE,CLOSED
COMP023146,CUST049595,LOAN_ISSUE,CLOSED
COMP023147,CUST032680,CARD_ISSUE,CLOSED
COMP023148,CUST040817,FRAUD_ALERT,OPEN
COMP023149,CUST096717,LOAN_ISSUE,OPEN
COMP023150,CUST038049,CARD_ISSUE,CLOSED
COMP023151,CUST027574,LOAN_ISSUE,OPEN
COMP023152,CUST017385,UPI_ISSUE,CLOSED
COMP023153,CUST095343,FRAUD_ALERT,OPEN
COMP023154,CUST062359,CARD_ISSUE,CLOSED
COMP023155,CUST091054,CARD_ISSUE,CLOSED
COMP023156,CUST096851,FRAUD_ALERT,OPEN
COMP023157,CUST072694,LOAN_ISSUE,CLOSED
COMP023158,CUST022713,CARD_ISSUE,CLOSED
COMP023159,CUST026862,UPI_ISSUE,CLOSED
COMP023160,CUST076268,UPI_ISSUE,OPEN
COMP023161,CUST053021,FRAUD_ALERT,OPEN
COMP023162,CUST086221,CARD_ISSUE,OPEN
COMP023163,CUST031714,UPI_ISSUE,CLOSED
COMP023164,CUST050717,LOAN_ISSUE,OPEN
COMP023165,CUST081404,LOAN_ISSUE,OPEN
COMP023166,CUST067622,LOAN_ISSUE,OPEN
COMP023167,CUST020710,CARD_ISSUE,OPEN
COMP023168,CUST089738,UPI_ISSUE,CLOSED
COMP023169,CUST036237,CARD_ISSUE,OPEN
COMP023170,CUST027798,UPI_ISSUE,CLOSED
COMP023171,CUST022988,FRAUD_ALERT,OPEN
COMP023172,CUST062215,FRAUD_ALERT,OPEN
COMP023173,CUST066827,UPI_ISSUE,CLOSED
COMP023174,CUST031137,UPI_ISSUE,CLOSED
COMP023175,CUST021460,UPI_ISSUE,CLOSED
COMP023176,CUST079821,UPI_ISSUE,OPEN
COMP023177,CUST016522,CARD_ISSUE,OPEN
COMP023178,CUST006081,FRAUD_ALERT,OPEN
COMP023179,CUST025604,CARD_ISSUE,CLOSED
COMP023180,CUST096952,FRAUD_ALERT,CLOSED
COMP023181,CUST020344,FRAUD_ALERT,CLOSED
COMP023182,CUST083231,FRAUD_ALERT,OPEN
COMP023183,CUST033002,FRAUD_ALERT,OPEN
COMP023184,CUST027482,UPI_ISSUE,OPEN
COMP023185,CUST013221,FRAUD_ALERT,OPEN
COMP023186,CUST032004,FRAUD_ALERT,OPEN
COMP023187,CUST019757,LOAN_ISSUE,OPEN
COMP023188,CUST074439,UPI_ISSUE,OPEN
COMP023189,CUST009237,LOAN_ISSUE,CLOSED
COMP023190,CUST052426,CARD_ISSUE,CLOSED
COMP023191,CUST067009,UPI_ISSUE,OPEN
COMP023192,CUST018120,LOAN_ISSUE,CLOSED
COMP023193,CUST040058,CARD_ISSUE,OPEN
COMP023194,CUST078322,UPI_ISSUE,OPEN
COMP023195,CUST041022,FRAUD_ALERT,OPEN
COMP023196,CUST066765,LOAN_ISSUE,OPEN
COMP023197,CUST074533,LOAN_ISSUE,CLOSED
COMP023198,CUST074447,CARD_ISSUE,OPEN
COMP023199,CUST010634,CARD_ISSUE,CLOSED
COMP023200,CUST053197,LOAN_ISSUE,OPEN
COMP023201,CUST012180,CARD_ISSUE,CLOSED
COMP023202,CUST085626,LOAN_ISSUE,OPEN
COMP023203,CUST062682,FRAUD_ALERT,OPEN
COMP023204,CUST069433,UPI_ISSUE,CLOSED
COMP023205,CUST030590,UPI_ISSUE,CLOSED
COMP023206,CUST043064,LOAN_ISSUE,CLOSED
COMP023207,CUST069936,FRAUD_ALERT,OPEN
COMP023208,CUST051937,UPI_ISSUE,CLOSED
COMP023209,CUST031848,FRAUD_ALERT,OPEN
COMP023210,CUST009276,FRAUD_ALERT,CLOSED
COMP023211,CUST025795,LOAN_ISSUE,CLOSED
COMP023212,CUST014142,UPI_ISSUE,CLOSED
COMP023213,CUST002952,UPI_ISSUE,OPEN
COMP023214,CUST092328,CARD_ISSUE,CLOSED
COMP023215,CUST047739,CARD_ISSUE,CLOSED
COMP023216,CUST018362,LOAN_ISSUE,OPEN
COMP023217,CUST083559,UPI_ISSUE,CLOSED
COMP023218,CUST031499,UPI_ISSUE,CLOSED
COMP023219,CUST023416,UPI_ISSUE,OPEN
COMP023220,CUST006360,FRAUD_ALERT,OPEN
COMP023221,CUST087507,FRAUD_ALERT,CLOSED
COMP023222,CUST086470,CARD_ISSUE,CLOSED
COMP023223,CUST036449,LOAN_ISSUE,CLOSED
COMP023224,CUST079855,UPI_ISSUE,CLOSED
COMP023225,CUST090059,LOAN_ISSUE,OPEN
COMP023226,CUST073130,FRAUD_ALERT,CLOSED
COMP023227,CUST042168,FRAUD_ALERT,CLOSED
COMP023228,CUST056724,LOAN_ISSUE,OPEN
COMP023229,CUST013150,UPI_ISSUE,CLOSED
COMP023230,CUST045172,UPI_ISSUE,OPEN
COMP023231,CUST048884,LOAN_ISSUE,OPEN
COMP023232,CUST001633,CARD_ISSUE,CLOSED
COMP023233,CUST018943,FRAUD_ALERT,OPEN
COMP023234,CUST048138,FRAUD_ALERT,CLOSED
COMP023235,CUST048274,CARD_ISSUE,OPEN
COMP023236,CUST027822,LOAN_ISSUE,OPEN
COMP023237,CUST034840,UPI_ISSUE,CLOSED
COMP023238,CUST098563,LOAN_ISSUE,OPEN
COMP023239,CUST051717,UPI_ISSUE,CLOSED
COMP023240,CUST024312,FRAUD_ALERT,CLOSED
COMP023241,CUST010604,FRAUD_ALERT,CLOSED
COMP023242,CUST017709,LOAN_ISSUE,OPEN
COMP023243,CUST064612,UPI_ISSUE,OPEN
COMP023244,CUST072052,FRAUD_ALERT,OPEN
COMP023245,CUST011500,FRAUD_ALERT,CLOSED
COMP023246,CUST044796,LOAN_ISSUE,OPEN
COMP023247,CUST018805,FRAUD_ALERT,CLOSED
COMP023248,CUST031159,CARD_ISSUE,CLOSED
COMP023249,CUST056025,UPI_ISSUE,CLOSED
COMP023250,CUST005187,UPI_ISSUE,OPEN
COMP023251,CUST049598,UPI_ISSUE,OPEN
COMP023252,CUST060522,CARD_ISSUE,OPEN
COMP023253,CUST090786,UPI_ISSUE,OPEN
COMP023254,CUST014317,FRAUD_ALERT,CLOSED
COMP023255,CUST011496,LOAN_ISSUE,CLOSED
COMP023256,CUST029092,FRAUD_ALERT,CLOSED
COMP023257,CUST001535,UPI_ISSUE,CLOSED
COMP023258,CUST002534,CARD_ISSUE,CLOSED
COMP023259,CUST040491,LOAN_ISSUE,CLOSED
COMP023260,CUST004435,LOAN_ISSUE,CLOSED
COMP023261,CUST037799,CARD_ISSUE,CLOSED
COMP023262,CUST064583,UPI_ISSUE,CLOSED
COMP023263,CUST065059,LOAN_ISSUE,CLOSED
COMP023264,CUST065715,LOAN_ISSUE,OPEN
COMP023265,CUST014292,FRAUD_ALERT,CLOSED
COMP023266,CUST010926,CARD_ISSUE,OPEN
COMP023267,CUST039315,UPI_ISSUE,CLOSED
COMP023268,CUST077362,FRAUD_ALERT,CLOSED
COMP023269,CUST028888,CARD_ISSUE,CLOSED
COMP023270,CUST035754,LOAN_ISSUE,CLOSED
COMP023271,CUST003879,LOAN_ISSUE,OPEN
COMP023272,CUST044876,CARD_ISSUE,OPEN
COMP023273,CUST031668,LOAN_ISSUE,OPEN
COMP023274,CUST083792,CARD_ISSUE,CLOSED
COMP023275,CUST083749,LOAN_ISSUE,CLOSED
COMP023276,CUST026512,LOAN_ISSUE,CLOSED
COMP023277,CUST085940,LOAN_ISSUE,CLOSED
COMP023278,CUST061593,CARD_ISSUE,CLOSED
COMP023279,CUST069713,UPI_ISSUE,CLOSED
COMP023280,CUST028640,LOAN_ISSUE,CLOSED
COMP023281,CUST024763,FRAUD_ALERT,CLOSED
COMP023282,CUST076347,CARD_ISSUE,CLOSED
COMP023283,CUST022385,LOAN_ISSUE,OPEN
COMP023284,CUST078897,FRAUD_ALERT,CLOSED
COMP023285,CUST059555,UPI_ISSUE,CLOSED
COMP023286,CUST008479,UPI_ISSUE,OPEN
COMP023287,CUST020949,FRAUD_ALERT,OPEN
COMP023288,CUST078536,UPI_ISSUE,OPEN
COMP023289,CUST037802,CARD_ISSUE,CLOSED
COMP023290,CUST078440,CARD_ISSUE,CLOSED
COMP023291,CUST010249,FRAUD_ALERT,CLOSED
COMP023292,CUST092056,CARD_ISSUE,CLOSED
COMP023293,CUST051197,CARD_ISSUE,OPEN
COMP023294,CUST009370,FRAUD_ALERT,OPEN
COMP023295,CUST067965,CARD_ISSUE,OPEN
COMP023296,CUST018697,CARD_ISSUE,OPEN
COMP023297,CUST058183,LOAN_ISSUE,OPEN
COMP023298,CUST073912,FRAUD_ALERT,OPEN
COMP023299,CUST059102,UPI_ISSUE,CLOSED
COMP023300,CUST006289,LOAN_ISSUE,OPEN
COMP023301,CUST070350,UPI_ISSUE,CLOSED
COMP023302,CUST017191,CARD_ISSUE,CLOSED
COMP023303,CUST032594,UPI_ISSUE,OPEN
COMP023304,CUST016739,FRAUD_ALERT,CLOSED
COMP023305,CUST026798,CARD_ISSUE,CLOSED
COMP023306,CUST047006,LOAN_ISSUE,OPEN
COMP023307,CUST015695,UPI_ISSUE,OPEN
COMP023308,CUST017592,UPI_ISSUE,CLOSED
COMP023309,CUST026182,UPI_ISSUE,CLOSED
COMP023310,CUST058458,CARD_ISSUE,CLOSED
COMP023311,CUST077501,CARD_ISSUE,OPEN
COMP023312,CUST068754,CARD_ISSUE,OPEN
COMP023313,CUST085008,FRAUD_ALERT,OPEN
COMP023314,CUST084126,FRAUD_ALERT,OPEN
COMP023315,CUST010774,CARD_ISSUE,OPEN
COMP023316,CUST077908,UPI_ISSUE,OPEN
COMP023317,CUST038800,FRAUD_ALERT,CLOSED
COMP023318,CUST062886,CARD_ISSUE,CLOSED
COMP023319,CUST053821,UPI_ISSUE,OPEN
COMP023320,CUST007654,CARD_ISSUE,CLOSED
COMP023321,CUST043130,CARD_ISSUE,CLOSED
COMP023322,CUST083065,LOAN_ISSUE,OPEN
COMP023323,CUST044989,FRAUD_ALERT,CLOSED
COMP023324,CUST052001,CARD_ISSUE,OPEN
COMP023325,CUST051046,CARD_ISSUE,OPEN
COMP023326,CUST018159,CARD_ISSUE,CLOSED
COMP023327,CUST015125,CARD_ISSUE,CLOSED
COMP023328,CUST030310,FRAUD_ALERT,OPEN
COMP023329,CUST021521,CARD_ISSUE,CLOSED
COMP023330,CUST034889,UPI_ISSUE,CLOSED
COMP023331,CUST060983,LOAN_ISSUE,CLOSED
COMP023332,CUST094815,UPI_ISSUE,OPEN
COMP023333,CUST031240,FRAUD_ALERT,CLOSED
COMP023334,CUST076413,FRAUD_ALERT,OPEN
COMP023335,CUST022723,FRAUD_ALERT,OPEN
COMP023336,CUST031455,LOAN_ISSUE,OPEN
COMP023337,CUST008714,CARD_ISSUE,OPEN
COMP023338,CUST060361,LOAN_ISSUE,CLOSED
COMP023339,CUST086763,FRAUD_ALERT,CLOSED
COMP023340,CUST085770,FRAUD_ALERT,OPEN
COMP023341,CUST000734,LOAN_ISSUE,OPEN
COMP023342,CUST054244,FRAUD_ALERT,CLOSED
COMP023343,CUST087387,FRAUD_ALERT,OPEN
COMP023344,CUST010961,CARD_ISSUE,OPEN
COMP023345,CUST038151,CARD_ISSUE,CLOSED
COMP023346,CUST003392,UPI_ISSUE,OPEN
COMP023347,CUST041515,LOAN_ISSUE,CLOSED
COMP023348,CUST047965,CARD_ISSUE,OPEN
COMP023349,CUST001805,LOAN_ISSUE,OPEN
COMP023350,CUST080888,LOAN_ISSUE,OPEN
COMP023351,CUST093384,UPI_ISSUE,OPEN
COMP023352,CUST017599,CARD_ISSUE,CLOSED
COMP023353,CUST081448,CARD_ISSUE,CLOSED
COMP023354,CUST000589,LOAN_ISSUE,CLOSED
COMP023355,CUST094326,UPI_ISSUE,CLOSED
COMP023356,CUST034575,FRAUD_ALERT,CLOSED
COMP023357,CUST079998,CARD_ISSUE,OPEN
COMP023358,CUST073141,UPI_ISSUE,CLOSED
COMP023359,CUST061678,CARD_ISSUE,CLOSED
COMP023360,CUST098758,CARD_ISSUE,CLOSED
COMP023361,CUST091397,FRAUD_ALERT,CLOSED
COMP023362,CUST070239,FRAUD_ALERT,OPEN
COMP023363,CUST014705,FRAUD_ALERT,OPEN
COMP023364,CUST089608,LOAN_ISSUE,CLOSED
COMP023365,CUST042971,UPI_ISSUE,OPEN
COMP023366,CUST050468,LOAN_ISSUE,OPEN
COMP023367,CUST027607,UPI_ISSUE,CLOSED
COMP023368,CUST056551,UPI_ISSUE,CLOSED
COMP023369,CUST048679,LOAN_ISSUE,CLOSED
COMP023370,CUST077932,CARD_ISSUE,OPEN
COMP023371,CUST069493,LOAN_ISSUE,OPEN
COMP023372,CUST009828,FRAUD_ALERT,OPEN
COMP023373,CUST086281,FRAUD_ALERT,CLOSED
COMP023374,CUST020363,LOAN_ISSUE,CLOSED
COMP023375,CUST002592,UPI_ISSUE,OPEN
COMP023376,CUST038197,CARD_ISSUE,CLOSED
COMP023377,CUST004804,CARD_ISSUE,CLOSED
COMP023378,CUST009412,UPI_ISSUE,OPEN
COMP023379,CUST079466,CARD_ISSUE,CLOSED
COMP023380,CUST028213,LOAN_ISSUE,OPEN
COMP023381,CUST094244,LOAN_ISSUE,OPEN
COMP023382,CUST052147,CARD_ISSUE,CLOSED
COMP023383,CUST064855,UPI_ISSUE,OPEN
COMP023384,CUST030673,CARD_ISSUE,OPEN
COMP023385,CUST059780,CARD_ISSUE,CLOSED
COMP023386,CUST010488,FRAUD_ALERT,OPEN
COMP023387,CUST048392,LOAN_ISSUE,OPEN
COMP023388,CUST083630,FRAUD_ALERT,CLOSED
COMP023389,CUST064294,UPI_ISSUE,OPEN
COMP023390,CUST048987,UPI_ISSUE,CLOSED
COMP023391,CUST080029,CARD_ISSUE,OPEN
COMP023392,CUST034408,CARD_ISSUE,OPEN
COMP023393,CUST049710,LOAN_ISSUE,CLOSED
COMP023394,CUST072365,LOAN_ISSUE,CLOSED
COMP023395,CUST097909,LOAN_ISSUE,CLOSED
COMP023396,CUST053771,FRAUD_ALERT,OPEN
COMP023397,CUST018517,CARD_ISSUE,CLOSED
COMP023398,CUST040492,FRAUD_ALERT,OPEN
COMP023399,CUST047801,CARD_ISSUE,CLOSED
COMP023400,CUST080927,UPI_ISSUE,CLOSED
COMP023401,CUST020398,FRAUD_ALERT,CLOSED
COMP023402,CUST065598,LOAN_ISSUE,CLOSED
COMP023403,CUST002241,FRAUD_ALERT,OPEN
COMP023404,CUST051449,CARD_ISSUE,OPEN
COMP023405,CUST093654,CARD_ISSUE,CLOSED
COMP023406,CUST041616,LOAN_ISSUE,CLOSED
COMP023407,CUST015953,CARD_ISSUE,CLOSED
COMP023408,CUST039840,CARD_ISSUE,OPEN
COMP023409,CUST027324,UPI_ISSUE,OPEN
COMP023410,CUST036460,LOAN_ISSUE,OPEN
COMP023411,CUST009972,UPI_ISSUE,OPEN
COMP023412,CUST076834,CARD_ISSUE,CLOSED
COMP023413,CUST037648,CARD_ISSUE,CLOSED
COMP023414,CUST082013,UPI_ISSUE,CLOSED
COMP023415,CUST078493,FRAUD_ALERT,OPEN
COMP023416,CUST055839,FRAUD_ALERT,CLOSED
COMP023417,CUST042150,LOAN_ISSUE,OPEN
COMP023418,CUST008967,UPI_ISSUE,CLOSED
COMP023419,CUST040474,UPI_ISSUE,OPEN
COMP023420,CUST021923,LOAN_ISSUE,CLOSED
COMP023421,CUST016106,FRAUD_ALERT,CLOSED
COMP023422,CUST062231,LOAN_ISSUE,CLOSED
COMP023423,CUST034873,FRAUD_ALERT,CLOSED
COMP023424,CUST096120,FRAUD_ALERT,CLOSED
COMP023425,CUST001643,UPI_ISSUE,OPEN
COMP023426,CUST055819,FRAUD_ALERT,OPEN
COMP023427,CUST022911,CARD_ISSUE,CLOSED
COMP023428,CUST025967,FRAUD_ALERT,OPEN
COMP023429,CUST012428,CARD_ISSUE,OPEN
COMP023430,CUST024780,UPI_ISSUE,OPEN
COMP023431,CUST076274,CARD_ISSUE,CLOSED
COMP023432,CUST012427,UPI_ISSUE,OPEN
COMP023433,CUST093199,UPI_ISSUE,CLOSED
COMP023434,CUST008347,FRAUD_ALERT,CLOSED
COMP023435,CUST072616,LOAN_ISSUE,OPEN
COMP023436,CUST012980,CARD_ISSUE,CLOSED
COMP023437,CUST038184,FRAUD_ALERT,OPEN
COMP023438,CUST045091,FRAUD_ALERT,CLOSED
COMP023439,CUST032521,CARD_ISSUE,OPEN
COMP023440,CUST046764,UPI_ISSUE,CLOSED
COMP023441,CUST017746,LOAN_ISSUE,CLOSED
COMP023442,CUST051510,FRAUD_ALERT,CLOSED
COMP023443,CUST036777,CARD_ISSUE,CLOSED
COMP023444,CUST062092,CARD_ISSUE,CLOSED
COMP023445,CUST020804,UPI_ISSUE,CLOSED
COMP023446,CUST059364,LOAN_ISSUE,OPEN
COMP023447,CUST031899,CARD_ISSUE,OPEN
COMP023448,CUST013477,FRAUD_ALERT,CLOSED
COMP023449,CUST055493,UPI_ISSUE,OPEN
COMP023450,CUST033139,CARD_ISSUE,CLOSED
COMP023451,CUST043194,UPI_ISSUE,OPEN
COMP023452,CUST091207,UPI_ISSUE,OPEN
COMP023453,CUST064591,LOAN_ISSUE,CLOSED
COMP023454,CUST062559,CARD_ISSUE,CLOSED
COMP023455,CUST006856,FRAUD_ALERT,CLOSED
COMP023456,CUST041878,UPI_ISSUE,CLOSED
COMP023457,CUST004952,UPI_ISSUE,OPEN
COMP023458,CUST059235,CARD_ISSUE,CLOSED
COMP023459,CUST026019,CARD_ISSUE,CLOSED
COMP023460,CUST068139,LOAN_ISSUE,CLOSED
COMP023461,CUST050418,LOAN_ISSUE,CLOSED
COMP023462,CUST075359,FRAUD_ALERT,CLOSED
COMP023463,CUST076808,LOAN_ISSUE,OPEN
COMP023464,CUST096522,LOAN_ISSUE,CLOSED
COMP023465,CUST016558,LOAN_ISSUE,CLOSED
COMP023466,CUST024271,LOAN_ISSUE,OPEN
COMP023467,CUST032860,LOAN_ISSUE,OPEN
COMP023468,CUST057442,FRAUD_ALERT,OPEN
COMP023469,CUST036704,UPI_ISSUE,CLOSED
COMP023470,CUST082406,UPI_ISSUE,OPEN
COMP023471,CUST071895,FRAUD_ALERT,CLOSED
COMP023472,CUST071551,UPI_ISSUE,OPEN
COMP023473,CUST085386,UPI_ISSUE,OPEN
COMP023474,CUST069610,LOAN_ISSUE,CLOSED
COMP023475,CUST026782,UPI_ISSUE,CLOSED
COMP023476,CUST090566,LOAN_ISSUE,OPEN
COMP023477,CUST008595,FRAUD_ALERT,CLOSED
COMP023478,CUST027280,CARD_ISSUE,OPEN
COMP023479,CUST015797,LOAN_ISSUE,OPEN
COMP023480,CUST019462,FRAUD_ALERT,CLOSED
COMP023481,CUST006409,FRAUD_ALERT,CLOSED
COMP023482,CUST059668,FRAUD_ALERT,OPEN
COMP023483,CUST036905,CARD_ISSUE,CLOSED
COMP023484,CUST012442,FRAUD_ALERT,OPEN
COMP023485,CUST046427,UPI_ISSUE,CLOSED
COMP023486,CUST085038,UPI_ISSUE,CLOSED
COMP023487,CUST015895,UPI_ISSUE,OPEN
COMP023488,CUST033957,FRAUD_ALERT,CLOSED
COMP023489,CUST071572,LOAN_ISSUE,CLOSED
COMP023490,CUST027569,UPI_ISSUE,OPEN
COMP023491,CUST091349,UPI_ISSUE,OPEN
COMP023492,CUST099962,UPI_ISSUE,CLOSED
COMP023493,CUST016348,LOAN_ISSUE,CLOSED
COMP023494,CUST057236,CARD_ISSUE,OPEN
COMP023495,CUST002929,FRAUD_ALERT,OPEN
COMP023496,CUST060686,FRAUD_ALERT,CLOSED
COMP023497,CUST043925,LOAN_ISSUE,CLOSED
COMP023498,CUST045333,LOAN_ISSUE,CLOSED
COMP023499,CUST037968,CARD_ISSUE,CLOSED
COMP023500,CUST092884,UPI_ISSUE,CLOSED
COMP023501,CUST019057,LOAN_ISSUE,CLOSED
COMP023502,CUST095452,FRAUD_ALERT,CLOSED
COMP023503,CUST003376,LOAN_ISSUE,CLOSED
COMP023504,CUST077313,CARD_ISSUE,CLOSED
COMP023505,CUST070010,UPI_ISSUE,CLOSED
COMP023506,CUST027754,UPI_ISSUE,OPEN
COMP023507,CUST089215,FRAUD_ALERT,OPEN
COMP023508,CUST005840,LOAN_ISSUE,OPEN
COMP023509,CUST053712,UPI_ISSUE,CLOSED
COMP023510,CUST058608,CARD_ISSUE,OPEN
COMP023511,CUST083836,UPI_ISSUE,CLOSED
COMP023512,CUST003636,CARD_ISSUE,OPEN
COMP023513,CUST021258,CARD_ISSUE,OPEN
COMP023514,CUST007757,FRAUD_ALERT,OPEN
COMP023515,CUST014193,UPI_ISSUE,OPEN
COMP023516,CUST024133,LOAN_ISSUE,OPEN
COMP023517,CUST044080,LOAN_ISSUE,OPEN
COMP023518,CUST004680,FRAUD_ALERT,CLOSED
COMP023519,CUST075657,LOAN_ISSUE,OPEN
COMP023520,CUST087583,FRAUD_ALERT,OPEN
COMP023521,CUST065228,CARD_ISSUE,CLOSED
COMP023522,CUST087616,FRAUD_ALERT,CLOSED
COMP023523,CUST068839,FRAUD_ALERT,OPEN
COMP023524,CUST098593,UPI_ISSUE,CLOSED
COMP023525,CUST005476,UPI_ISSUE,CLOSED
COMP023526,CUST000470,LOAN_ISSUE,CLOSED
COMP023527,CUST065308,UPI_ISSUE,OPEN
COMP023528,CUST042776,CARD_ISSUE,OPEN
COMP023529,CUST021342,CARD_ISSUE,CLOSED
COMP023530,CUST025786,LOAN_ISSUE,OPEN
COMP023531,CUST009349,LOAN_ISSUE,CLOSED
COMP023532,CUST005860,FRAUD_ALERT,CLOSED
COMP023533,CUST044062,UPI_ISSUE,CLOSED
COMP023534,CUST089087,LOAN_ISSUE,CLOSED
COMP023535,CUST098076,FRAUD_ALERT,CLOSED
COMP023536,CUST095043,UPI_ISSUE,OPEN
COMP023537,CUST019452,CARD_ISSUE,CLOSED
COMP023538,CUST027780,UPI_ISSUE,OPEN
COMP023539,CUST034820,LOAN_ISSUE,CLOSED
COMP023540,CUST063092,UPI_ISSUE,CLOSED
COMP023541,CUST048944,FRAUD_ALERT,CLOSED
COMP023542,CUST067168,CARD_ISSUE,OPEN
COMP023543,CUST030740,UPI_ISSUE,CLOSED
COMP023544,CUST021563,LOAN_ISSUE,CLOSED
COMP023545,CUST014931,UPI_ISSUE,OPEN
COMP023546,CUST050918,CARD_ISSUE,OPEN
COMP023547,CUST005792,LOAN_ISSUE,OPEN
COMP023548,CUST020816,UPI_ISSUE,CLOSED
COMP023549,CUST086633,CARD_ISSUE,OPEN
COMP023550,CUST010004,CARD_ISSUE,OPEN
COMP023551,CUST043308,UPI_ISSUE,CLOSED
COMP023552,CUST059637,CARD_ISSUE,CLOSED
COMP023553,CUST070132,CARD_ISSUE,OPEN
COMP023554,CUST065566,LOAN_ISSUE,OPEN
COMP023555,CUST089853,CARD_ISSUE,CLOSED
COMP023556,CUST031966,UPI_ISSUE,OPEN
COMP023557,CUST017585,LOAN_ISSUE,CLOSED
COMP023558,CUST018419,UPI_ISSUE,CLOSED
COMP023559,CUST013373,CARD_ISSUE,OPEN
COMP023560,CUST035099,CARD_ISSUE,OPEN
COMP023561,CUST050341,CARD_ISSUE,OPEN
COMP023562,CUST003879,FRAUD_ALERT,OPEN
COMP023563,CUST018569,FRAUD_ALERT,OPEN
COMP023564,CUST074725,CARD_ISSUE,OPEN
COMP023565,CUST034304,CARD_ISSUE,CLOSED
COMP023566,CUST026714,CARD_ISSUE,OPEN
COMP023567,CUST006068,LOAN_ISSUE,CLOSED
COMP023568,CUST018630,FRAUD_ALERT,CLOSED
COMP023569,CUST034792,CARD_ISSUE,CLOSED
COMP023570,CUST084617,FRAUD_ALERT,OPEN
COMP023571,CUST044662,LOAN_ISSUE,OPEN
COMP023572,CUST034017,CARD_ISSUE,OPEN
COMP023573,CUST061744,FRAUD_ALERT,CLOSED
COMP023574,CUST039508,UPI_ISSUE,CLOSED
COMP023575,CUST061117,CARD_ISSUE,CLOSED
COMP023576,CUST018476,FRAUD_ALERT,CLOSED
COMP023577,CUST066857,UPI_ISSUE,OPEN
COMP023578,CUST004773,FRAUD_ALERT,OPEN
COMP023579,CUST078503,CARD_ISSUE,OPEN
COMP023580,CUST090005,LOAN_ISSUE,OPEN
COMP023581,CUST087388,UPI_ISSUE,OPEN
COMP023582,CUST048854,UPI_ISSUE,CLOSED
COMP023583,CUST094668,UPI_ISSUE,OPEN
COMP023584,CUST015911,CARD_ISSUE,CLOSED
COMP023585,CUST023378,UPI_ISSUE,CLOSED
COMP023586,CUST061087,LOAN_ISSUE,CLOSED
COMP023587,CUST069645,FRAUD_ALERT,OPEN
COMP023588,CUST042155,CARD_ISSUE,CLOSED
COMP023589,CUST088548,CARD_ISSUE,CLOSED
COMP023590,CUST085102,LOAN_ISSUE,OPEN
COMP023591,CUST052892,FRAUD_ALERT,OPEN
COMP023592,CUST000765,LOAN_ISSUE,OPEN
COMP023593,CUST044734,UPI_ISSUE,OPEN
COMP023594,CUST080531,LOAN_ISSUE,CLOSED
COMP023595,CUST025834,FRAUD_ALERT,OPEN
COMP023596,CUST080590,LOAN_ISSUE,CLOSED
COMP023597,CUST083601,CARD_ISSUE,CLOSED
COMP023598,CUST020616,LOAN_ISSUE,CLOSED
COMP023599,CUST015120,LOAN_ISSUE,OPEN
COMP023600,CUST071730,LOAN_ISSUE,OPEN
COMP023601,CUST088820,CARD_ISSUE,CLOSED
COMP023602,CUST089681,FRAUD_ALERT,CLOSED
COMP023603,CUST054921,UPI_ISSUE,OPEN
COMP023604,CUST074673,CARD_ISSUE,CLOSED
COMP023605,CUST011862,CARD_ISSUE,OPEN
COMP023606,CUST085025,LOAN_ISSUE,OPEN
COMP023607,CUST041839,FRAUD_ALERT,CLOSED
COMP023608,CUST090999,LOAN_ISSUE,OPEN
COMP023609,CUST018142,CARD_ISSUE,OPEN
COMP023610,CUST090733,FRAUD_ALERT,CLOSED
COMP023611,CUST066593,CARD_ISSUE,CLOSED
COMP023612,CUST096373,CARD_ISSUE,OPEN
COMP023613,CUST069146,UPI_ISSUE,OPEN
COMP023614,CUST026822,FRAUD_ALERT,OPEN
COMP023615,CUST054387,UPI_ISSUE,OPEN
COMP023616,CUST058652,CARD_ISSUE,CLOSED
COMP023617,CUST044783,FRAUD_ALERT,CLOSED
COMP023618,CUST067241,LOAN_ISSUE,CLOSED
COMP023619,CUST050066,CARD_ISSUE,OPEN
COMP023620,CUST051925,LOAN_ISSUE,CLOSED
COMP023621,CUST053557,FRAUD_ALERT,CLOSED
COMP023622,CUST010628,FRAUD_ALERT,OPEN
COMP023623,CUST010309,CARD_ISSUE,OPEN
COMP023624,CUST011314,CARD_ISSUE,OPEN
COMP023625,CUST088275,UPI_ISSUE,OPEN
COMP023626,CUST011291,CARD_ISSUE,CLOSED
COMP023627,CUST094830,FRAUD_ALERT,OPEN
COMP023628,CUST019133,UPI_ISSUE,OPEN
COMP023629,CUST044172,FRAUD_ALERT,OPEN
COMP023630,CUST084188,FRAUD_ALERT,OPEN
COMP023631,CUST012016,FRAUD_ALERT,OPEN
COMP023632,CUST022859,FRAUD_ALERT,CLOSED
COMP023633,CUST088967,FRAUD_ALERT,CLOSED
COMP023634,CUST043868,UPI_ISSUE,OPEN
COMP023635,CUST012615,CARD_ISSUE,CLOSED
COMP023636,CUST083097,FRAUD_ALERT,OPEN
COMP023637,CUST033664,UPI_ISSUE,OPEN
COMP023638,CUST022933,UPI_ISSUE,OPEN
COMP023639,CUST084689,CARD_ISSUE,CLOSED
COMP023640,CUST029905,LOAN_ISSUE,OPEN
COMP023641,CUST045465,UPI_ISSUE,CLOSED
COMP023642,CUST035441,FRAUD_ALERT,CLOSED
COMP023643,CUST074851,UPI_ISSUE,OPEN
COMP023644,CUST004774,FRAUD_ALERT,OPEN
COMP023645,CUST077499,CARD_ISSUE,CLOSED
COMP023646,CUST039194,CARD_ISSUE,OPEN
COMP023647,CUST083735,FRAUD_ALERT,CLOSED
COMP023648,CUST053903,CARD_ISSUE,CLOSED
COMP023649,CUST062463,CARD_ISSUE,OPEN
COMP023650,CUST078717,CARD_ISSUE,CLOSED
COMP023651,CUST021826,UPI_ISSUE,OPEN
COMP023652,CUST082052,CARD_ISSUE,OPEN
COMP023653,CUST035106,FRAUD_ALERT,CLOSED
COMP023654,CUST001279,FRAUD_ALERT,CLOSED
COMP023655,CUST023102,LOAN_ISSUE,CLOSED
COMP023656,CUST003879,FRAUD_ALERT,CLOSED
COMP023657,CUST087703,CARD_ISSUE,OPEN
COMP023658,CUST039342,LOAN_ISSUE,OPEN
COMP023659,CUST014181,UPI_ISSUE,OPEN
COMP023660,CUST067595,UPI_ISSUE,CLOSED
COMP023661,CUST073853,UPI_ISSUE,CLOSED
COMP023662,CUST090791,CARD_ISSUE,OPEN
COMP023663,CUST054248,FRAUD_ALERT,OPEN
COMP023664,CUST090444,FRAUD_ALERT,OPEN
COMP023665,CUST092328,LOAN_ISSUE,CLOSED
COMP023666,CUST019494,LOAN_ISSUE,OPEN
COMP023667,CUST071047,LOAN_ISSUE,CLOSED
COMP023668,CUST035503,UPI_ISSUE,CLOSED
COMP023669,CUST080271,CARD_ISSUE,OPEN
COMP023670,CUST084989,LOAN_ISSUE,OPEN
COMP023671,CUST030977,CARD_ISSUE,OPEN
COMP023672,CUST080516,FRAUD_ALERT,OPEN
COMP023673,CUST033223,FRAUD_ALERT,CLOSED
COMP023674,CUST037250,UPI_ISSUE,OPEN
COMP023675,CUST078721,CARD_ISSUE,OPEN
COMP023676,CUST023921,CARD_ISSUE,CLOSED
COMP023677,CUST066480,LOAN_ISSUE,OPEN
COMP023678,CUST085532,FRAUD_ALERT,OPEN
COMP023679,CUST004074,FRAUD_ALERT,CLOSED
COMP023680,CUST008203,LOAN_ISSUE,CLOSED
COMP023681,CUST047141,LOAN_ISSUE,CLOSED
COMP023682,CUST014764,CARD_ISSUE,OPEN
COMP023683,CUST058957,UPI_ISSUE,CLOSED
COMP023684,CUST077904,CARD_ISSUE,OPEN
COMP023685,CUST062648,UPI_ISSUE,OPEN
COMP023686,CUST082182,LOAN_ISSUE,OPEN
COMP023687,CUST081169,FRAUD_ALERT,OPEN
COMP023688,CUST001673,LOAN_ISSUE,CLOSED
COMP023689,CUST004413,FRAUD_ALERT,OPEN
COMP023690,CUST073313,LOAN_ISSUE,CLOSED
COMP023691,CUST035607,LOAN_ISSUE,CLOSED
COMP023692,CUST072517,CARD_ISSUE,OPEN
COMP023693,CUST033486,LOAN_ISSUE,CLOSED
COMP023694,CUST053085,CARD_ISSUE,CLOSED
COMP023695,CUST065909,UPI_ISSUE,CLOSED
COMP023696,CUST054339,LOAN_ISSUE,OPEN
COMP023697,CUST093416,CARD_ISSUE,CLOSED
COMP023698,CUST035420,FRAUD_ALERT,CLOSED
COMP023699,CUST014535,CARD_ISSUE,OPEN
COMP023700,CUST006102,UPI_ISSUE,CLOSED
COMP023701,CUST066365,UPI_ISSUE,CLOSED
COMP023702,CUST007939,LOAN_ISSUE,CLOSED
COMP023703,CUST068771,LOAN_ISSUE,OPEN
COMP023704,CUST053056,CARD_ISSUE,OPEN
COMP023705,CUST021474,LOAN_ISSUE,OPEN
COMP023706,CUST002480,LOAN_ISSUE,CLOSED
COMP023707,CUST085261,CARD_ISSUE,CLOSED
COMP023708,CUST034423,FRAUD_ALERT,OPEN
COMP023709,CUST016406,LOAN_ISSUE,OPEN
COMP023710,CUST037675,UPI_ISSUE,CLOSED
COMP023711,CUST026283,LOAN_ISSUE,OPEN
COMP023712,CUST097280,FRAUD_ALERT,OPEN
COMP023713,CUST021772,CARD_ISSUE,CLOSED
COMP023714,CUST096263,LOAN_ISSUE,OPEN
COMP023715,CUST091251,UPI_ISSUE,CLOSED
COMP023716,CUST088105,FRAUD_ALERT,OPEN
COMP023717,CUST047159,UPI_ISSUE,CLOSED
COMP023718,CUST082628,UPI_ISSUE,OPEN
COMP023719,CUST094862,CARD_ISSUE,CLOSED
COMP023720,CUST053678,CARD_ISSUE,CLOSED
COMP023721,CUST074815,LOAN_ISSUE,CLOSED
COMP023722,CUST056538,LOAN_ISSUE,CLOSED
COMP023723,CUST001048,FRAUD_ALERT,CLOSED
COMP023724,CUST034559,FRAUD_ALERT,OPEN
COMP023725,CUST019421,UPI_ISSUE,OPEN
COMP023726,CUST038408,CARD_ISSUE,CLOSED
COMP023727,CUST010616,FRAUD_ALERT,CLOSED
COMP023728,CUST005005,UPI_ISSUE,OPEN
COMP023729,CUST053352,UPI_ISSUE,OPEN
COMP023730,CUST052051,UPI_ISSUE,CLOSED
COMP023731,CUST071503,CARD_ISSUE,CLOSED
COMP023732,CUST047091,LOAN_ISSUE,CLOSED
COMP023733,CUST001331,FRAUD_ALERT,OPEN
COMP023734,CUST062138,CARD_ISSUE,OPEN
COMP023735,CUST059711,FRAUD_ALERT,OPEN
COMP023736,CUST000785,FRAUD_ALERT,CLOSED
COMP023737,CUST088612,CARD_ISSUE,OPEN
COMP023738,CUST089469,LOAN_ISSUE,CLOSED
COMP023739,CUST057243,UPI_ISSUE,CLOSED
COMP023740,CUST014275,UPI_ISSUE,OPEN
COMP023741,CUST002905,FRAUD_ALERT,OPEN
COMP023742,CUST008528,LOAN_ISSUE,OPEN
COMP023743,CUST080206,UPI_ISSUE,OPEN
COMP023744,CUST027481,CARD_ISSUE,OPEN
COMP023745,CUST046378,CARD_ISSUE,CLOSED
COMP023746,CUST058796,UPI_ISSUE,CLOSED
COMP023747,CUST005809,CARD_ISSUE,CLOSED
COMP023748,CUST041507,CARD_ISSUE,OPEN
COMP023749,CUST029264,LOAN_ISSUE,OPEN
COMP023750,CUST068330,CARD_ISSUE,CLOSED
COMP023751,CUST052667,UPI_ISSUE,CLOSED
COMP023752,CUST018209,LOAN_ISSUE,OPEN
COMP023753,CUST043157,UPI_ISSUE,OPEN
COMP023754,CUST018703,CARD_ISSUE,CLOSED
COMP023755,CUST022967,UPI_ISSUE,CLOSED
COMP023756,CUST046940,CARD_ISSUE,OPEN
COMP023757,CUST013337,UPI_ISSUE,CLOSED
COMP023758,CUST098162,FRAUD_ALERT,OPEN
COMP023759,CUST023570,LOAN_ISSUE,OPEN
COMP023760,CUST033724,LOAN_ISSUE,CLOSED
COMP023761,CUST050292,CARD_ISSUE,OPEN
COMP023762,CUST088532,FRAUD_ALERT,OPEN
COMP023763,CUST077587,CARD_ISSUE,OPEN
COMP023764,CUST098849,CARD_ISSUE,OPEN
COMP023765,CUST088440,UPI_ISSUE,CLOSED
COMP023766,CUST065996,FRAUD_ALERT,OPEN
COMP023767,CUST041309,FRAUD_ALERT,OPEN
COMP023768,CUST012229,FRAUD_ALERT,CLOSED
COMP023769,CUST013946,FRAUD_ALERT,CLOSED
COMP023770,CUST028372,FRAUD_ALERT,CLOSED
COMP023771,CUST050378,CARD_ISSUE,OPEN
COMP023772,CUST017758,CARD_ISSUE,CLOSED
COMP023773,CUST038015,FRAUD_ALERT,CLOSED
COMP023774,CUST025317,LOAN_ISSUE,CLOSED
COMP023775,CUST060697,UPI_ISSUE,OPEN
COMP023776,CUST032617,FRAUD_ALERT,CLOSED
COMP023777,CUST093456,CARD_ISSUE,CLOSED
COMP023778,CUST044158,CARD_ISSUE,OPEN
COMP023779,CUST057942,CARD_ISSUE,OPEN
COMP023780,CUST013301,FRAUD_ALERT,OPEN
COMP023781,CUST051538,LOAN_ISSUE,CLOSED
COMP023782,CUST083517,LOAN_ISSUE,CLOSED
COMP023783,CUST024835,UPI_ISSUE,OPEN
COMP023784,CUST003934,CARD_ISSUE,OPEN
COMP023785,CUST019366,CARD_ISSUE,CLOSED
COMP023786,CUST005210,FRAUD_ALERT,CLOSED
COMP023787,CUST058041,FRAUD_ALERT,OPEN
COMP023788,CUST065621,CARD_ISSUE,CLOSED
COMP023789,CUST028095,CARD_ISSUE,OPEN
COMP023790,CUST063488,CARD_ISSUE,CLOSED
COMP023791,CUST046193,UPI_ISSUE,OPEN
COMP023792,CUST093559,CARD_ISSUE,OPEN
COMP023793,CUST019153,LOAN_ISSUE,CLOSED
COMP023794,CUST016735,CARD_ISSUE,OPEN
COMP023795,CUST087482,CARD_ISSUE,CLOSED
COMP023796,CUST030742,FRAUD_ALERT,CLOSED
COMP023797,CUST012916,FRAUD_ALERT,OPEN
COMP023798,CUST061453,UPI_ISSUE,CLOSED
COMP023799,CUST015643,CARD_ISSUE,OPEN
COMP023800,CUST050737,CARD_ISSUE,CLOSED
COMP023801,CUST044985,CARD_ISSUE,CLOSED
COMP023802,CUST093043,CARD_ISSUE,OPEN
COMP023803,CUST060066,CARD_ISSUE,CLOSED
COMP023804,CUST067362,CARD_ISSUE,CLOSED
COMP023805,CUST033773,LOAN_ISSUE,OPEN
COMP023806,CUST088250,UPI_ISSUE,CLOSED
COMP023807,CUST099986,UPI_ISSUE,OPEN
COMP023808,CUST097958,LOAN_ISSUE,OPEN
COMP023809,CUST040309,FRAUD_ALERT,CLOSED
COMP023810,CUST051961,UPI_ISSUE,OPEN
COMP023811,CUST058947,LOAN_ISSUE,CLOSED
COMP023812,CUST026455,FRAUD_ALERT,OPEN
COMP023813,CUST086455,CARD_ISSUE,OPEN
COMP023814,CUST063536,CARD_ISSUE,OPEN
COMP023815,CUST023555,LOAN_ISSUE,CLOSED
COMP023816,CUST081264,FRAUD_ALERT,OPEN
COMP023817,CUST059829,LOAN_ISSUE,OPEN
COMP023818,CUST038525,CARD_ISSUE,CLOSED
COMP023819,CUST013298,UPI_ISSUE,OPEN
COMP023820,CUST066504,LOAN_ISSUE,CLOSED
COMP023821,CUST069388,FRAUD_ALERT,OPEN
COMP023822,CUST005289,LOAN_ISSUE,CLOSED
COMP023823,CUST050236,UPI_ISSUE,OPEN
COMP023824,CUST064721,FRAUD_ALERT,OPEN
COMP023825,CUST080626,LOAN_ISSUE,OPEN
COMP023826,CUST075895,UPI_ISSUE,CLOSED
COMP023827,CUST004842,LOAN_ISSUE,OPEN
COMP023828,CUST082503,FRAUD_ALERT,OPEN
COMP023829,CUST026581,UPI_ISSUE,OPEN
COMP023830,CUST013249,UPI_ISSUE,OPEN
COMP023831,CUST011013,LOAN_ISSUE,OPEN
COMP023832,CUST098087,LOAN_ISSUE,OPEN
COMP023833,CUST078626,LOAN_ISSUE,OPEN
COMP023834,CUST012237,LOAN_ISSUE,CLOSED
COMP023835,CUST021504,FRAUD_ALERT,CLOSED
COMP023836,CUST019032,LOAN_ISSUE,CLOSED
COMP023837,CUST060113,UPI_ISSUE,CLOSED
COMP023838,CUST009980,LOAN_ISSUE,OPEN
COMP023839,CUST047877,UPI_ISSUE,CLOSED
COMP023840,CUST032048,LOAN_ISSUE,OPEN
COMP023841,CUST038296,FRAUD_ALERT,OPEN
COMP023842,CUST000005,UPI_ISSUE,CLOSED
COMP023843,CUST012042,FRAUD_ALERT,CLOSED
COMP023844,CUST038280,LOAN_ISSUE,OPEN
COMP023845,CUST081340,FRAUD_ALERT,CLOSED
COMP023846,CUST011827,CARD_ISSUE,OPEN
COMP023847,CUST082670,FRAUD_ALERT,CLOSED
COMP023848,CUST057281,FRAUD_ALERT,CLOSED
COMP023849,CUST030234,LOAN_ISSUE,OPEN
COMP023850,CUST089367,FRAUD_ALERT,CLOSED
COMP023851,CUST015196,CARD_ISSUE,OPEN
COMP023852,CUST039965,FRAUD_ALERT,CLOSED
COMP023853,CUST042032,FRAUD_ALERT,OPEN
COMP023854,CUST012931,FRAUD_ALERT,OPEN
COMP023855,CUST023129,LOAN_ISSUE,CLOSED
COMP023856,CUST028161,CARD_ISSUE,CLOSED
COMP023857,CUST027696,FRAUD_ALERT,OPEN
COMP023858,CUST080349,UPI_ISSUE,OPEN
COMP023859,CUST096747,CARD_ISSUE,OPEN
COMP023860,CUST048539,UPI_ISSUE,CLOSED
COMP023861,CUST048565,CARD_ISSUE,OPEN
COMP023862,CUST002156,FRAUD_ALERT,OPEN
COMP023863,CUST083201,CARD_ISSUE,CLOSED
COMP023864,CUST000091,CARD_ISSUE,CLOSED
COMP023865,CUST091330,UPI_ISSUE,CLOSED
COMP023866,CUST044355,FRAUD_ALERT,CLOSED
COMP023867,CUST069462,LOAN_ISSUE,CLOSED
COMP023868,CUST031543,FRAUD_ALERT,CLOSED
COMP023869,CUST015716,UPI_ISSUE,CLOSED
COMP023870,CUST066052,CARD_ISSUE,OPEN
COMP023871,CUST071588,UPI_ISSUE,OPEN
COMP023872,CUST074499,LOAN_ISSUE,CLOSED
COMP023873,CUST055263,FRAUD_ALERT,CLOSED
COMP023874,CUST017556,CARD_ISSUE,CLOSED
COMP023875,CUST083108,LOAN_ISSUE,OPEN
COMP023876,CUST057482,CARD_ISSUE,OPEN
COMP023877,CUST048050,LOAN_ISSUE,CLOSED
COMP023878,CUST081322,LOAN_ISSUE,CLOSED
COMP023879,CUST092013,FRAUD_ALERT,OPEN
COMP023880,CUST044239,CARD_ISSUE,CLOSED
COMP023881,CUST024544,CARD_ISSUE,CLOSED
COMP023882,CUST040209,FRAUD_ALERT,CLOSED
COMP023883,CUST047384,FRAUD_ALERT,OPEN
COMP023884,CUST095241,UPI_ISSUE,OPEN
COMP023885,CUST041175,UPI_ISSUE,OPEN
COMP023886,CUST003698,UPI_ISSUE,OPEN
COMP023887,CUST071145,FRAUD_ALERT,CLOSED
COMP023888,CUST008500,FRAUD_ALERT,CLOSED
COMP023889,CUST039211,UPI_ISSUE,CLOSED
COMP023890,CUST091695,FRAUD_ALERT,CLOSED
COMP023891,CUST078628,UPI_ISSUE,OPEN
COMP023892,CUST041851,LOAN_ISSUE,OPEN
COMP023893,CUST014760,FRAUD_ALERT,CLOSED
COMP023894,CUST098772,LOAN_ISSUE,CLOSED
COMP023895,CUST074934,FRAUD_ALERT,OPEN
COMP023896,CUST044909,CARD_ISSUE,CLOSED
COMP023897,CUST082689,UPI_ISSUE,CLOSED
COMP023898,CUST038020,LOAN_ISSUE,CLOSED
COMP023899,CUST055784,UPI_ISSUE,OPEN
COMP023900,CUST009663,CARD_ISSUE,CLOSED
COMP023901,CUST056408,LOAN_ISSUE,CLOSED
COMP023902,CUST014888,LOAN_ISSUE,CLOSED
COMP023903,CUST068430,CARD_ISSUE,CLOSED
COMP023904,CUST073912,FRAUD_ALERT,OPEN
COMP023905,CUST060809,LOAN_ISSUE,OPEN
COMP023906,CUST014851,LOAN_ISSUE,CLOSED
COMP023907,CUST038916,LOAN_ISSUE,CLOSED
COMP023908,CUST079104,LOAN_ISSUE,OPEN
COMP023909,CUST003933,LOAN_ISSUE,CLOSED
COMP023910,CUST021585,UPI_ISSUE,OPEN
COMP023911,CUST021220,UPI_ISSUE,CLOSED
COMP023912,CUST014512,CARD_ISSUE,OPEN
COMP023913,CUST079599,CARD_ISSUE,CLOSED
COMP023914,CUST056953,CARD_ISSUE,OPEN
COMP023915,CUST027428,FRAUD_ALERT,CLOSED
COMP023916,CUST033306,FRAUD_ALERT,CLOSED
COMP023917,CUST063460,UPI_ISSUE,CLOSED
COMP023918,CUST051180,LOAN_ISSUE,CLOSED
COMP023919,CUST018798,LOAN_ISSUE,OPEN
COMP023920,CUST063989,CARD_ISSUE,CLOSED
COMP023921,CUST084535,FRAUD_ALERT,OPEN
COMP023922,CUST082725,UPI_ISSUE,CLOSED
COMP023923,CUST043098,UPI_ISSUE,CLOSED
COMP023924,CUST076661,LOAN_ISSUE,CLOSED
COMP023925,CUST005977,UPI_ISSUE,CLOSED
COMP023926,CUST023999,CARD_ISSUE,OPEN
COMP023927,CUST016129,FRAUD_ALERT,OPEN
COMP023928,CUST051628,FRAUD_ALERT,CLOSED
COMP023929,CUST097017,UPI_ISSUE,CLOSED
COMP023930,CUST066665,UPI_ISSUE,OPEN
COMP023931,CUST096077,LOAN_ISSUE,CLOSED
COMP023932,CUST070092,CARD_ISSUE,OPEN
COMP023933,CUST096138,CARD_ISSUE,CLOSED
COMP023934,CUST049654,UPI_ISSUE,CLOSED
COMP023935,CUST020367,LOAN_ISSUE,OPEN
COMP023936,CUST088277,CARD_ISSUE,OPEN
COMP023937,CUST055426,FRAUD_ALERT,CLOSED
COMP023938,CUST056226,UPI_ISSUE,OPEN
COMP023939,CUST070921,UPI_ISSUE,OPEN
COMP023940,CUST097866,UPI_ISSUE,OPEN
COMP023941,CUST040776,FRAUD_ALERT,CLOSED
COMP023942,CUST087885,LOAN_ISSUE,CLOSED
COMP023943,CUST046806,LOAN_ISSUE,CLOSED
COMP023944,CUST013589,UPI_ISSUE,OPEN
COMP023945,CUST096401,FRAUD_ALERT,OPEN
COMP023946,CUST032765,UPI_ISSUE,CLOSED
COMP023947,CUST027354,FRAUD_ALERT,OPEN
COMP023948,CUST065907,FRAUD_ALERT,CLOSED
COMP023949,CUST084863,LOAN_ISSUE,OPEN
COMP023950,CUST053746,FRAUD_ALERT,CLOSED
COMP023951,CUST092020,CARD_ISSUE,OPEN
COMP023952,CUST083765,UPI_ISSUE,OPEN
COMP023953,CUST002333,FRAUD_ALERT,OPEN
COMP023954,CUST035624,CARD_ISSUE,CLOSED
COMP023955,CUST076419,LOAN_ISSUE,CLOSED
COMP023956,CUST073294,UPI_ISSUE,OPEN
COMP023957,CUST019729,FRAUD_ALERT,OPEN
COMP023958,CUST050437,UPI_ISSUE,CLOSED
COMP023959,CUST040383,FRAUD_ALERT,OPEN
COMP023960,CUST040200,CARD_ISSUE,CLOSED
COMP023961,CUST087951,UPI_ISSUE,CLOSED
COMP023962,CUST074619,CARD_ISSUE,CLOSED
COMP023963,CUST000552,LOAN_ISSUE,OPEN
COMP023964,CUST026551,LOAN_ISSUE,OPEN
COMP023965,CUST024781,FRAUD_ALERT,CLOSED
COMP023966,CUST061731,FRAUD_ALERT,CLOSED
COMP023967,CUST011878,CARD_ISSUE,OPEN
COMP023968,CUST017332,CARD_ISSUE,CLOSED
COMP023969,CUST078713,LOAN_ISSUE,OPEN
COMP023970,CUST020675,UPI_ISSUE,OPEN
COMP023971,CUST099442,FRAUD_ALERT,CLOSED
COMP023972,CUST075280,UPI_ISSUE,OPEN
COMP023973,CUST094625,UPI_ISSUE,CLOSED
COMP023974,CUST084629,CARD_ISSUE,OPEN
COMP023975,CUST055138,LOAN_ISSUE,OPEN
COMP023976,CUST059274,CARD_ISSUE,CLOSED
COMP023977,CUST039619,LOAN_ISSUE,CLOSED
COMP023978,CUST026342,FRAUD_ALERT,OPEN
COMP023979,CUST065910,UPI_ISSUE,CLOSED
COMP023980,CUST023855,CARD_ISSUE,OPEN
COMP023981,CUST008937,LOAN_ISSUE,CLOSED
COMP023982,CUST092548,LOAN_ISSUE,OPEN
COMP023983,CUST099912,LOAN_ISSUE,OPEN
COMP023984,CUST068499,UPI_ISSUE,OPEN
COMP023985,CUST015806,UPI_ISSUE,OPEN
COMP023986,CUST009285,UPI_ISSUE,CLOSED
COMP023987,CUST046889,UPI_ISSUE,OPEN
COMP023988,CUST020009,UPI_ISSUE,CLOSED
COMP023989,CUST046375,UPI_ISSUE,CLOSED
COMP023990,CUST012571,FRAUD_ALERT,CLOSED
COMP023991,CUST070125,UPI_ISSUE,CLOSED
COMP023992,CUST099610,FRAUD_ALERT,OPEN
COMP023993,CUST093255,UPI_ISSUE,CLOSED
COMP023994,CUST093541,FRAUD_ALERT,CLOSED
COMP023995,CUST087878,UPI_ISSUE,CLOSED
COMP023996,CUST004236,UPI_ISSUE,OPEN
COMP023997,CUST066565,FRAUD_ALERT,OPEN
COMP023998,CUST011464,UPI_ISSUE,OPEN
COMP023999,CUST037446,FRAUD_ALERT,OPEN
COMP024000,CUST064033,FRAUD_ALERT,CLOSED
COMP024001,CUST027370,LOAN_ISSUE,OPEN
COMP024002,CUST020116,CARD_ISSUE,OPEN
COMP024003,CUST000727,FRAUD_ALERT,OPEN
COMP024004,CUST066070,LOAN_ISSUE,CLOSED
COMP024005,CUST019459,CARD_ISSUE,CLOSED
COMP024006,CUST041568,FRAUD_ALERT,OPEN
COMP024007,CUST082724,FRAUD_ALERT,CLOSED
COMP024008,CUST069168,UPI_ISSUE,OPEN
COMP024009,CUST096888,FRAUD_ALERT,OPEN
COMP024010,CUST070473,LOAN_ISSUE,OPEN
COMP024011,CUST095987,FRAUD_ALERT,CLOSED
COMP024012,CUST019018,UPI_ISSUE,OPEN
COMP024013,CUST025441,UPI_ISSUE,CLOSED
COMP024014,CUST020498,UPI_ISSUE,OPEN
COMP024015,CUST029577,FRAUD_ALERT,OPEN
COMP024016,CUST044229,LOAN_ISSUE,OPEN
COMP024017,CUST078204,CARD_ISSUE,CLOSED
COMP024018,CUST050724,LOAN_ISSUE,CLOSED
COMP024019,CUST085395,LOAN_ISSUE,OPEN
COMP024020,CUST017015,UPI_ISSUE,OPEN
COMP024021,CUST011385,LOAN_ISSUE,OPEN
COMP024022,CUST045297,UPI_ISSUE,CLOSED
COMP024023,CUST066203,LOAN_ISSUE,OPEN
COMP024024,CUST085238,LOAN_ISSUE,OPEN
COMP024025,CUST016989,CARD_ISSUE,CLOSED
COMP024026,CUST051815,UPI_ISSUE,CLOSED
COMP024027,CUST021905,CARD_ISSUE,CLOSED
COMP024028,CUST033248,LOAN_ISSUE,OPEN
COMP024029,CUST057458,LOAN_ISSUE,CLOSED
COMP024030,CUST059472,UPI_ISSUE,CLOSED
COMP024031,CUST067985,UPI_ISSUE,CLOSED
COMP024032,CUST082254,UPI_ISSUE,CLOSED
COMP024033,CUST098590,CARD_ISSUE,CLOSED
COMP024034,CUST070840,CARD_ISSUE,CLOSED
COMP024035,CUST022198,CARD_ISSUE,CLOSED
COMP024036,CUST084339,FRAUD_ALERT,CLOSED
COMP024037,CUST035535,CARD_ISSUE,OPEN
COMP024038,CUST035843,UPI_ISSUE,OPEN
COMP024039,CUST013653,CARD_ISSUE,CLOSED
COMP024040,CUST038874,CARD_ISSUE,OPEN
COMP024041,CUST048496,CARD_ISSUE,OPEN
COMP024042,CUST023203,FRAUD_ALERT,CLOSED
COMP024043,CUST034364,CARD_ISSUE,CLOSED
COMP024044,CUST039009,CARD_ISSUE,CLOSED
COMP024045,CUST074146,CARD_ISSUE,CLOSED
COMP024046,CUST021796,FRAUD_ALERT,CLOSED
COMP024047,CUST026842,CARD_ISSUE,CLOSED
COMP024048,CUST060233,FRAUD_ALERT,CLOSED
COMP024049,CUST073402,LOAN_ISSUE,CLOSED
COMP024050,CUST034162,LOAN_ISSUE,CLOSED
COMP024051,CUST080048,FRAUD_ALERT,CLOSED
COMP024052,CUST028918,CARD_ISSUE,CLOSED
COMP024053,CUST086698,LOAN_ISSUE,CLOSED
COMP024054,CUST046360,LOAN_ISSUE,OPEN
COMP024055,CUST060477,UPI_ISSUE,OPEN
COMP024056,CUST025414,CARD_ISSUE,OPEN
COMP024057,CUST012634,UPI_ISSUE,OPEN
COMP024058,CUST026996,CARD_ISSUE,OPEN
COMP024059,CUST081266,CARD_ISSUE,CLOSED
COMP024060,CUST069659,CARD_ISSUE,OPEN
COMP024061,CUST063210,FRAUD_ALERT,OPEN
COMP024062,CUST010399,FRAUD_ALERT,OPEN
COMP024063,CUST085172,LOAN_ISSUE,OPEN
COMP024064,CUST050987,LOAN_ISSUE,OPEN
COMP024065,CUST074017,FRAUD_ALERT,OPEN
COMP024066,CUST090742,FRAUD_ALERT,OPEN
COMP024067,CUST016572,LOAN_ISSUE,OPEN
COMP024068,CUST012954,CARD_ISSUE,CLOSED
COMP024069,CUST042432,UPI_ISSUE,OPEN
COMP024070,CUST087293,CARD_ISSUE,OPEN
COMP024071,CUST094827,LOAN_ISSUE,OPEN
COMP024072,CUST063427,CARD_ISSUE,CLOSED
COMP024073,CUST058615,UPI_ISSUE,OPEN
COMP024074,CUST063227,CARD_ISSUE,CLOSED
COMP024075,CUST049586,FRAUD_ALERT,OPEN
COMP024076,CUST029749,CARD_ISSUE,CLOSED
COMP024077,CUST074365,CARD_ISSUE,OPEN
COMP024078,CUST027335,UPI_ISSUE,CLOSED
COMP024079,CUST095775,UPI_ISSUE,OPEN
COMP024080,CUST062564,CARD_ISSUE,CLOSED
COMP024081,CUST013870,CARD_ISSUE,OPEN
COMP024082,CUST078041,FRAUD_ALERT,CLOSED
COMP024083,CUST021315,LOAN_ISSUE,CLOSED
COMP024084,CUST056799,UPI_ISSUE,OPEN
COMP024085,CUST048050,LOAN_ISSUE,CLOSED
COMP024086,CUST020992,FRAUD_ALERT,OPEN
COMP024087,CUST057476,LOAN_ISSUE,OPEN
COMP024088,CUST065641,CARD_ISSUE,OPEN
COMP024089,CUST049882,LOAN_ISSUE,CLOSED
COMP024090,CUST084574,FRAUD_ALERT,OPEN
COMP024091,CUST056449,FRAUD_ALERT,OPEN
COMP024092,CUST044774,LOAN_ISSUE,CLOSED
COMP024093,CUST048740,LOAN_ISSUE,OPEN
COMP024094,CUST066775,UPI_ISSUE,CLOSED
COMP024095,CUST023015,LOAN_ISSUE,CLOSED
COMP024096,CUST029382,FRAUD_ALERT,CLOSED
COMP024097,CUST037717,FRAUD_ALERT,OPEN
COMP024098,CUST070148,UPI_ISSUE,OPEN
COMP024099,CUST042576,LOAN_ISSUE,OPEN
COMP024100,CUST095614,CARD_ISSUE,CLOSED
COMP024101,CUST087514,LOAN_ISSUE,OPEN
COMP024102,CUST081460,LOAN_ISSUE,OPEN
COMP024103,CUST054767,LOAN_ISSUE,CLOSED
COMP024104,CUST038395,FRAUD_ALERT,CLOSED
COMP024105,CUST019323,LOAN_ISSUE,OPEN
COMP024106,CUST070884,UPI_ISSUE,OPEN
COMP024107,CUST025571,LOAN_ISSUE,OPEN
COMP024108,CUST022474,FRAUD_ALERT,OPEN
COMP024109,CUST054432,FRAUD_ALERT,CLOSED
COMP024110,CUST013720,UPI_ISSUE,OPEN
COMP024111,CUST038900,UPI_ISSUE,CLOSED
COMP024112,CUST000550,FRAUD_ALERT,OPEN
COMP024113,CUST029359,FRAUD_ALERT,OPEN
COMP024114,CUST004492,CARD_ISSUE,CLOSED
COMP024115,CUST052674,CARD_ISSUE,OPEN
COMP024116,CUST075106,FRAUD_ALERT,OPEN
COMP024117,CUST058922,UPI_ISSUE,OPEN
COMP024118,CUST077676,FRAUD_ALERT,OPEN
COMP024119,CUST076835,UPI_ISSUE,CLOSED
COMP024120,CUST036585,CARD_ISSUE,CLOSED
COMP024121,CUST032733,CARD_ISSUE,CLOSED
COMP024122,CUST068324,LOAN_ISSUE,CLOSED
COMP024123,CUST094010,FRAUD_ALERT,OPEN
COMP024124,CUST068735,UPI_ISSUE,OPEN
COMP024125,CUST090825,FRAUD_ALERT,CLOSED
COMP024126,CUST095075,UPI_ISSUE,CLOSED
COMP024127,CUST049329,UPI_ISSUE,OPEN
COMP024128,CUST063200,CARD_ISSUE,CLOSED
COMP024129,CUST065010,LOAN_ISSUE,OPEN
COMP024130,CUST083727,UPI_ISSUE,OPEN
COMP024131,CUST082530,LOAN_ISSUE,OPEN
COMP024132,CUST045058,UPI_ISSUE,CLOSED
COMP024133,CUST030018,LOAN_ISSUE,OPEN
COMP024134,CUST084381,CARD_ISSUE,OPEN
COMP024135,CUST064545,CARD_ISSUE,OPEN
COMP024136,CUST018959,FRAUD_ALERT,OPEN
COMP024137,CUST070836,FRAUD_ALERT,CLOSED
COMP024138,CUST093778,LOAN_ISSUE,OPEN
COMP024139,CUST033655,UPI_ISSUE,OPEN
COMP024140,CUST069159,CARD_ISSUE,OPEN
COMP024141,CUST009838,UPI_ISSUE,CLOSED
COMP024142,CUST067080,CARD_ISSUE,CLOSED
COMP024143,CUST036797,FRAUD_ALERT,OPEN
COMP024144,CUST053253,CARD_ISSUE,OPEN
COMP024145,CUST077642,CARD_ISSUE,CLOSED
COMP024146,CUST086982,UPI_ISSUE,CLOSED
COMP024147,CUST037890,UPI_ISSUE,OPEN
COMP024148,CUST079144,FRAUD_ALERT,CLOSED
COMP024149,CUST031975,UPI_ISSUE,OPEN
COMP024150,CUST005298,LOAN_ISSUE,OPEN
COMP024151,CUST059248,UPI_ISSUE,CLOSED
COMP024152,CUST058950,LOAN_ISSUE,OPEN
COMP024153,CUST027181,UPI_ISSUE,CLOSED
COMP024154,CUST075390,UPI_ISSUE,OPEN
COMP024155,CUST044370,CARD_ISSUE,OPEN
COMP024156,CUST048497,LOAN_ISSUE,OPEN
COMP024157,CUST036712,LOAN_ISSUE,CLOSED
COMP024158,CUST013385,UPI_ISSUE,CLOSED
COMP024159,CUST037552,LOAN_ISSUE,CLOSED
COMP024160,CUST081555,CARD_ISSUE,CLOSED
COMP024161,CUST053222,CARD_ISSUE,CLOSED
COMP024162,CUST020804,FRAUD_ALERT,OPEN
COMP024163,CUST042423,LOAN_ISSUE,CLOSED
COMP024164,CUST038659,FRAUD_ALERT,CLOSED
COMP024165,CUST046371,CARD_ISSUE,CLOSED
COMP024166,CUST004038,FRAUD_ALERT,OPEN
COMP024167,CUST035295,LOAN_ISSUE,CLOSED
COMP024168,CUST050361,CARD_ISSUE,OPEN
COMP024169,CUST031156,CARD_ISSUE,CLOSED
COMP024170,CUST028102,FRAUD_ALERT,OPEN
COMP024171,CUST004574,UPI_ISSUE,CLOSED
COMP024172,CUST062811,UPI_ISSUE,OPEN
COMP024173,CUST030495,LOAN_ISSUE,CLOSED
COMP024174,CUST069407,FRAUD_ALERT,OPEN
COMP024175,CUST089001,CARD_ISSUE,OPEN
COMP024176,CUST066880,UPI_ISSUE,OPEN
COMP024177,CUST071572,LOAN_ISSUE,CLOSED
COMP024178,CUST072777,LOAN_ISSUE,OPEN
COMP024179,CUST065083,UPI_ISSUE,CLOSED
COMP024180,CUST050063,CARD_ISSUE,OPEN
COMP024181,CUST026970,CARD_ISSUE,CLOSED
COMP024182,CUST026028,FRAUD_ALERT,CLOSED
COMP024183,CUST061882,LOAN_ISSUE,OPEN
COMP024184,CUST081405,LOAN_ISSUE,CLOSED
COMP024185,CUST081959,CARD_ISSUE,CLOSED
COMP024186,CUST001851,CARD_ISSUE,CLOSED
COMP024187,CUST001486,FRAUD_ALERT,CLOSED
COMP024188,CUST027794,UPI_ISSUE,CLOSED
COMP024189,CUST069838,CARD_ISSUE,CLOSED
COMP024190,CUST079089,CARD_ISSUE,OPEN
COMP024191,CUST063934,LOAN_ISSUE,CLOSED
COMP024192,CUST059605,UPI_ISSUE,OPEN
COMP024193,CUST020458,LOAN_ISSUE,OPEN
COMP024194,CUST056181,CARD_ISSUE,OPEN
COMP024195,CUST068616,LOAN_ISSUE,OPEN
COMP024196,CUST066873,FRAUD_ALERT,OPEN
COMP024197,CUST010540,CARD_ISSUE,OPEN
COMP024198,CUST074900,CARD_ISSUE,OPEN
COMP024199,CUST040840,UPI_ISSUE,CLOSED
COMP024200,CUST032492,CARD_ISSUE,CLOSED
COMP024201,CUST060640,CARD_ISSUE,OPEN
COMP024202,CUST038435,UPI_ISSUE,OPEN
COMP024203,CUST090471,UPI_ISSUE,OPEN
COMP024204,CUST013994,CARD_ISSUE,OPEN
COMP024205,CUST003283,UPI_ISSUE,CLOSED
COMP024206,CUST049136,LOAN_ISSUE,OPEN
COMP024207,CUST010705,CARD_ISSUE,OPEN
COMP024208,CUST081294,LOAN_ISSUE,CLOSED
COMP024209,CUST007985,CARD_ISSUE,CLOSED
COMP024210,CUST036580,UPI_ISSUE,OPEN
COMP024211,CUST013427,FRAUD_ALERT,OPEN
COMP024212,CUST095371,LOAN_ISSUE,CLOSED
COMP024213,CUST073042,LOAN_ISSUE,CLOSED
COMP024214,CUST001241,CARD_ISSUE,CLOSED
COMP024215,CUST097667,FRAUD_ALERT,CLOSED
COMP024216,CUST026767,LOAN_ISSUE,OPEN
COMP024217,CUST017177,FRAUD_ALERT,OPEN
COMP024218,CUST036671,LOAN_ISSUE,OPEN
COMP024219,CUST099572,FRAUD_ALERT,CLOSED
COMP024220,CUST099547,UPI_ISSUE,OPEN
COMP024221,CUST011836,LOAN_ISSUE,CLOSED
COMP024222,CUST096007,FRAUD_ALERT,OPEN
COMP024223,CUST093959,CARD_ISSUE,OPEN
COMP024224,CUST054776,LOAN_ISSUE,OPEN
COMP024225,CUST036254,CARD_ISSUE,OPEN
COMP024226,CUST023958,LOAN_ISSUE,OPEN
COMP024227,CUST041878,CARD_ISSUE,OPEN
COMP024228,CUST056196,LOAN_ISSUE,CLOSED
COMP024229,CUST025521,LOAN_ISSUE,CLOSED
COMP024230,CUST090042,UPI_ISSUE,CLOSED
COMP024231,CUST063415,UPI_ISSUE,OPEN
COMP024232,CUST006164,FRAUD_ALERT,OPEN
COMP024233,CUST078190,FRAUD_ALERT,OPEN
COMP024234,CUST010787,CARD_ISSUE,OPEN
COMP024235,CUST070251,UPI_ISSUE,CLOSED
COMP024236,CUST057629,CARD_ISSUE,OPEN
COMP024237,CUST071246,LOAN_ISSUE,CLOSED
COMP024238,CUST070961,UPI_ISSUE,CLOSED
COMP024239,CUST007062,LOAN_ISSUE,CLOSED
COMP024240,CUST058069,LOAN_ISSUE,OPEN
COMP024241,CUST005263,UPI_ISSUE,CLOSED
COMP024242,CUST097160,FRAUD_ALERT,CLOSED
COMP024243,CUST015852,UPI_ISSUE,OPEN
COMP024244,CUST029631,FRAUD_ALERT,CLOSED
COMP024245,CUST086572,UPI_ISSUE,OPEN
COMP024246,CUST064862,UPI_ISSUE,OPEN
COMP024247,CUST081620,FRAUD_ALERT,OPEN
COMP024248,CUST053834,LOAN_ISSUE,OPEN
COMP024249,CUST024346,LOAN_ISSUE,OPEN
COMP024250,CUST029575,UPI_ISSUE,OPEN
COMP024251,CUST029735,FRAUD_ALERT,CLOSED
COMP024252,CUST072291,LOAN_ISSUE,CLOSED
COMP024253,CUST029280,UPI_ISSUE,CLOSED
COMP024254,CUST009294,LOAN_ISSUE,OPEN
COMP024255,CUST012509,LOAN_ISSUE,CLOSED
COMP024256,CUST020481,CARD_ISSUE,OPEN
COMP024257,CUST031241,FRAUD_ALERT,OPEN
COMP024258,CUST077228,LOAN_ISSUE,CLOSED
COMP024259,CUST096223,CARD_ISSUE,CLOSED
COMP024260,CUST054352,FRAUD_ALERT,OPEN
COMP024261,CUST092536,FRAUD_ALERT,CLOSED
COMP024262,CUST053060,UPI_ISSUE,CLOSED
COMP024263,CUST069653,UPI_ISSUE,CLOSED
COMP024264,CUST097349,LOAN_ISSUE,CLOSED
COMP024265,CUST020827,LOAN_ISSUE,CLOSED
COMP024266,CUST060048,FRAUD_ALERT,CLOSED
COMP024267,CUST003981,LOAN_ISSUE,OPEN
COMP024268,CUST060349,FRAUD_ALERT,OPEN
COMP024269,CUST044295,CARD_ISSUE,OPEN
COMP024270,CUST048829,FRAUD_ALERT,CLOSED
COMP024271,CUST076644,FRAUD_ALERT,OPEN
COMP024272,CUST045826,CARD_ISSUE,CLOSED
COMP024273,CUST039288,CARD_ISSUE,CLOSED
COMP024274,CUST006083,UPI_ISSUE,OPEN
COMP024275,CUST070490,CARD_ISSUE,CLOSED
COMP024276,CUST035989,CARD_ISSUE,OPEN
COMP024277,CUST099461,LOAN_ISSUE,OPEN
COMP024278,CUST078831,LOAN_ISSUE,CLOSED
COMP024279,CUST061428,LOAN_ISSUE,CLOSED
COMP024280,CUST011963,FRAUD_ALERT,OPEN
COMP024281,CUST085828,CARD_ISSUE,OPEN
COMP024282,CUST020609,LOAN_ISSUE,CLOSED
COMP024283,CUST078038,UPI_ISSUE,CLOSED
COMP024284,CUST094667,CARD_ISSUE,CLOSED
COMP024285,CUST096273,LOAN_ISSUE,OPEN
COMP024286,CUST006524,FRAUD_ALERT,OPEN
COMP024287,CUST021117,FRAUD_ALERT,OPEN
COMP024288,CUST020071,UPI_ISSUE,OPEN
COMP024289,CUST039478,FRAUD_ALERT,CLOSED
COMP024290,CUST028723,FRAUD_ALERT,CLOSED
COMP024291,CUST096199,UPI_ISSUE,CLOSED
COMP024292,CUST015264,FRAUD_ALERT,OPEN
COMP024293,CUST005617,LOAN_ISSUE,CLOSED
COMP024294,CUST073476,CARD_ISSUE,OPEN
COMP024295,CUST028129,FRAUD_ALERT,OPEN
COMP024296,CUST041811,UPI_ISSUE,OPEN
COMP024297,CUST015735,CARD_ISSUE,OPEN
COMP024298,CUST070912,UPI_ISSUE,CLOSED
COMP024299,CUST067417,LOAN_ISSUE,OPEN
COMP024300,CUST064661,CARD_ISSUE,OPEN
COMP024301,CUST024022,LOAN_ISSUE,CLOSED
COMP024302,CUST076693,LOAN_ISSUE,OPEN
COMP024303,CUST009329,CARD_ISSUE,CLOSED
COMP024304,CUST008164,FRAUD_ALERT,CLOSED
COMP024305,CUST030001,LOAN_ISSUE,CLOSED
COMP024306,CUST024133,UPI_ISSUE,OPEN
COMP024307,CUST051285,UPI_ISSUE,CLOSED
COMP024308,CUST039035,CARD_ISSUE,CLOSED
COMP024309,CUST095007,FRAUD_ALERT,CLOSED
COMP024310,CUST076034,CARD_ISSUE,OPEN
COMP024311,CUST064633,LOAN_ISSUE,CLOSED
COMP024312,CUST083558,FRAUD_ALERT,CLOSED
COMP024313,CUST018324,CARD_ISSUE,OPEN
COMP024314,CUST032188,LOAN_ISSUE,OPEN
COMP024315,CUST054582,UPI_ISSUE,CLOSED
COMP024316,CUST067657,FRAUD_ALERT,CLOSED
COMP024317,CUST017775,CARD_ISSUE,OPEN
COMP024318,CUST062887,CARD_ISSUE,OPEN
COMP024319,CUST027461,CARD_ISSUE,OPEN
COMP024320,CUST057398,UPI_ISSUE,CLOSED
COMP024321,CUST059055,CARD_ISSUE,CLOSED
COMP024322,CUST073960,UPI_ISSUE,OPEN
COMP024323,CUST034230,CARD_ISSUE,OPEN
COMP024324,CUST049145,CARD_ISSUE,OPEN
COMP024325,CUST031435,UPI_ISSUE,OPEN
COMP024326,CUST026236,LOAN_ISSUE,CLOSED
COMP024327,CUST016368,LOAN_ISSUE,CLOSED
COMP024328,CUST009457,CARD_ISSUE,OPEN
COMP024329,CUST028951,UPI_ISSUE,CLOSED
COMP024330,CUST073553,CARD_ISSUE,CLOSED
COMP024331,CUST061325,FRAUD_ALERT,CLOSED
COMP024332,CUST086261,CARD_ISSUE,OPEN
COMP024333,CUST098994,CARD_ISSUE,OPEN
COMP024334,CUST079272,LOAN_ISSUE,OPEN
COMP024335,CUST028649,CARD_ISSUE,CLOSED
COMP024336,CUST094492,LOAN_ISSUE,CLOSED
COMP024337,CUST039481,UPI_ISSUE,CLOSED
COMP024338,CUST019976,FRAUD_ALERT,OPEN
COMP024339,CUST095506,CARD_ISSUE,OPEN
COMP024340,CUST088195,UPI_ISSUE,CLOSED
COMP024341,CUST001186,UPI_ISSUE,OPEN
COMP024342,CUST098169,FRAUD_ALERT,CLOSED
COMP024343,CUST094194,LOAN_ISSUE,CLOSED
COMP024344,CUST076615,FRAUD_ALERT,OPEN
COMP024345,CUST081055,CARD_ISSUE,OPEN
COMP024346,CUST042710,FRAUD_ALERT,OPEN
COMP024347,CUST057852,LOAN_ISSUE,OPEN
COMP024348,CUST013033,FRAUD_ALERT,OPEN
COMP024349,CUST035364,CARD_ISSUE,CLOSED
COMP024350,CUST038536,LOAN_ISSUE,OPEN
COMP024351,CUST080808,CARD_ISSUE,OPEN
COMP024352,CUST060024,UPI_ISSUE,CLOSED
COMP024353,CUST067631,FRAUD_ALERT,OPEN
COMP024354,CUST039507,LOAN_ISSUE,CLOSED
COMP024355,CUST018684,UPI_ISSUE,CLOSED
COMP024356,CUST027504,FRAUD_ALERT,OPEN
COMP024357,CUST040155,LOAN_ISSUE,CLOSED
COMP024358,CUST073416,FRAUD_ALERT,OPEN
COMP024359,CUST083881,LOAN_ISSUE,CLOSED
COMP024360,CUST053139,LOAN_ISSUE,CLOSED
COMP024361,CUST042790,UPI_ISSUE,CLOSED
COMP024362,CUST089883,CARD_ISSUE,CLOSED
COMP024363,CUST099016,FRAUD_ALERT,OPEN
COMP024364,CUST017437,UPI_ISSUE,OPEN
COMP024365,CUST001654,CARD_ISSUE,CLOSED
COMP024366,CUST097568,UPI_ISSUE,CLOSED
COMP024367,CUST020034,LOAN_ISSUE,OPEN
COMP024368,CUST078831,LOAN_ISSUE,OPEN
COMP024369,CUST071405,FRAUD_ALERT,CLOSED
COMP024370,CUST055824,UPI_ISSUE,CLOSED
COMP024371,CUST049522,FRAUD_ALERT,CLOSED
COMP024372,CUST097813,UPI_ISSUE,CLOSED
COMP024373,CUST084967,UPI_ISSUE,CLOSED
COMP024374,CUST027830,CARD_ISSUE,CLOSED
COMP024375,CUST084157,CARD_ISSUE,OPEN
COMP024376,CUST008633,LOAN_ISSUE,OPEN
COMP024377,CUST063934,CARD_ISSUE,OPEN
COMP024378,CUST067572,CARD_ISSUE,OPEN
COMP024379,CUST041735,CARD_ISSUE,CLOSED
COMP024380,CUST036976,LOAN_ISSUE,OPEN
COMP024381,CUST000093,FRAUD_ALERT,CLOSED
COMP024382,CUST063613,LOAN_ISSUE,CLOSED
COMP024383,CUST030199,CARD_ISSUE,CLOSED
COMP024384,CUST073222,FRAUD_ALERT,CLOSED
COMP024385,CUST076088,CARD_ISSUE,CLOSED
COMP024386,CUST038652,CARD_ISSUE,CLOSED
COMP024387,CUST090727,LOAN_ISSUE,OPEN
COMP024388,CUST029569,UPI_ISSUE,OPEN
COMP024389,CUST027867,UPI_ISSUE,CLOSED
COMP024390,CUST018097,FRAUD_ALERT,CLOSED
COMP024391,CUST028584,CARD_ISSUE,OPEN
COMP024392,CUST049350,LOAN_ISSUE,CLOSED
COMP024393,CUST052312,FRAUD_ALERT,CLOSED
COMP024394,CUST053081,CARD_ISSUE,OPEN
COMP024395,CUST082955,FRAUD_ALERT,OPEN
COMP024396,CUST009753,CARD_ISSUE,OPEN
COMP024397,CUST010757,FRAUD_ALERT,OPEN
COMP024398,CUST052664,CARD_ISSUE,CLOSED
COMP024399,CUST080139,LOAN_ISSUE,OPEN
COMP024400,CUST066774,LOAN_ISSUE,OPEN
COMP024401,CUST072729,UPI_ISSUE,CLOSED
COMP024402,CUST088559,CARD_ISSUE,CLOSED
COMP024403,CUST074394,LOAN_ISSUE,CLOSED
COMP024404,CUST061993,FRAUD_ALERT,CLOSED
COMP024405,CUST097219,LOAN_ISSUE,CLOSED
COMP024406,CUST040652,CARD_ISSUE,CLOSED
COMP024407,CUST057277,LOAN_ISSUE,CLOSED
COMP024408,CUST015703,CARD_ISSUE,OPEN
COMP024409,CUST049675,LOAN_ISSUE,CLOSED
COMP024410,CUST041276,FRAUD_ALERT,CLOSED
COMP024411,CUST069573,LOAN_ISSUE,CLOSED
COMP024412,CUST061351,LOAN_ISSUE,OPEN
COMP024413,CUST007835,FRAUD_ALERT,OPEN
COMP024414,CUST041722,CARD_ISSUE,OPEN
COMP024415,CUST053036,LOAN_ISSUE,CLOSED
COMP024416,CUST071605,LOAN_ISSUE,CLOSED
COMP024417,CUST032880,CARD_ISSUE,OPEN
COMP024418,CUST025913,CARD_ISSUE,OPEN
COMP024419,CUST052964,UPI_ISSUE,OPEN
COMP024420,CUST044458,UPI_ISSUE,CLOSED
COMP024421,CUST034042,CARD_ISSUE,CLOSED
COMP024422,CUST019738,LOAN_ISSUE,CLOSED
COMP024423,CUST038462,CARD_ISSUE,CLOSED
COMP024424,CUST006275,UPI_ISSUE,CLOSED
COMP024425,CUST077129,UPI_ISSUE,CLOSED
COMP024426,CUST019434,CARD_ISSUE,OPEN
COMP024427,CUST020670,LOAN_ISSUE,OPEN
COMP024428,CUST039494,UPI_ISSUE,OPEN
COMP024429,CUST083382,FRAUD_ALERT,OPEN
COMP024430,CUST066606,FRAUD_ALERT,OPEN
COMP024431,CUST009715,FRAUD_ALERT,CLOSED
COMP024432,CUST040767,FRAUD_ALERT,OPEN
COMP024433,CUST091708,LOAN_ISSUE,OPEN
COMP024434,CUST055513,FRAUD_ALERT,CLOSED
COMP024435,CUST080859,LOAN_ISSUE,OPEN
COMP024436,CUST016835,FRAUD_ALERT,OPEN
COMP024437,CUST008061,CARD_ISSUE,CLOSED
COMP024438,CUST092823,CARD_ISSUE,OPEN
COMP024439,CUST005974,LOAN_ISSUE,OPEN
COMP024440,CUST069305,FRAUD_ALERT,CLOSED
COMP024441,CUST077193,FRAUD_ALERT,CLOSED
COMP024442,CUST045159,CARD_ISSUE,OPEN
COMP024443,CUST081927,CARD_ISSUE,CLOSED
COMP024444,CUST024513,UPI_ISSUE,CLOSED
COMP024445,CUST034705,FRAUD_ALERT,OPEN
COMP024446,CUST064315,LOAN_ISSUE,OPEN
COMP024447,CUST040579,CARD_ISSUE,CLOSED
COMP024448,CUST027822,UPI_ISSUE,CLOSED
COMP024449,CUST066467,LOAN_ISSUE,CLOSED
COMP024450,CUST068939,LOAN_ISSUE,CLOSED
COMP024451,CUST000960,FRAUD_ALERT,CLOSED
COMP024452,CUST041424,CARD_ISSUE,CLOSED
COMP024453,CUST038975,UPI_ISSUE,OPEN
COMP024454,CUST030665,FRAUD_ALERT,OPEN
COMP024455,CUST067253,CARD_ISSUE,OPEN
COMP024456,CUST012881,UPI_ISSUE,CLOSED
COMP024457,CUST034644,CARD_ISSUE,OPEN
COMP024458,CUST037170,CARD_ISSUE,CLOSED
COMP024459,CUST085855,UPI_ISSUE,CLOSED
COMP024460,CUST090196,LOAN_ISSUE,CLOSED
COMP024461,CUST020950,LOAN_ISSUE,OPEN
COMP024462,CUST048141,LOAN_ISSUE,OPEN
COMP024463,CUST097592,UPI_ISSUE,OPEN
COMP024464,CUST012028,LOAN_ISSUE,OPEN
COMP024465,CUST067024,FRAUD_ALERT,CLOSED
COMP024466,CUST060999,FRAUD_ALERT,CLOSED
COMP024467,CUST096426,FRAUD_ALERT,OPEN
COMP024468,CUST048432,CARD_ISSUE,CLOSED
COMP024469,CUST022133,CARD_ISSUE,OPEN
COMP024470,CUST069589,FRAUD_ALERT,CLOSED
COMP024471,CUST030679,UPI_ISSUE,OPEN
COMP024472,CUST007303,CARD_ISSUE,CLOSED
COMP024473,CUST053110,LOAN_ISSUE,CLOSED
COMP024474,CUST054385,CARD_ISSUE,OPEN
COMP024475,CUST007429,CARD_ISSUE,CLOSED
COMP024476,CUST046000,LOAN_ISSUE,CLOSED
COMP024477,CUST076770,LOAN_ISSUE,CLOSED
COMP024478,CUST097513,LOAN_ISSUE,OPEN
COMP024479,CUST019292,FRAUD_ALERT,OPEN
COMP024480,CUST074639,CARD_ISSUE,CLOSED
COMP024481,CUST082942,FRAUD_ALERT,CLOSED
COMP024482,CUST001487,UPI_ISSUE,OPEN
COMP024483,CUST048684,UPI_ISSUE,CLOSED
COMP024484,CUST004815,CARD_ISSUE,CLOSED
COMP024485,CUST016599,UPI_ISSUE,CLOSED
COMP024486,CUST017723,CARD_ISSUE,OPEN
COMP024487,CUST044323,CARD_ISSUE,OPEN
COMP024488,CUST092907,LOAN_ISSUE,CLOSED
COMP024489,CUST092870,LOAN_ISSUE,OPEN
COMP024490,CUST088621,UPI_ISSUE,CLOSED
COMP024491,CUST038866,FRAUD_ALERT,OPEN
COMP024492,CUST046590,LOAN_ISSUE,OPEN
COMP024493,CUST082079,CARD_ISSUE,CLOSED
COMP024494,CUST067914,FRAUD_ALERT,CLOSED
COMP024495,CUST099304,CARD_ISSUE,OPEN
COMP024496,CUST060642,UPI_ISSUE,CLOSED
COMP024497,CUST073967,CARD_ISSUE,OPEN
COMP024498,CUST018882,CARD_ISSUE,OPEN
COMP024499,CUST039299,UPI_ISSUE,CLOSED
COMP024500,CUST097549,UPI_ISSUE,OPEN
COMP024501,CUST028400,UPI_ISSUE,CLOSED
COMP024502,CUST060117,UPI_ISSUE,OPEN
COMP024503,CUST048932,CARD_ISSUE,OPEN
COMP024504,CUST090932,FRAUD_ALERT,OPEN
COMP024505,CUST007505,UPI_ISSUE,CLOSED
COMP024506,CUST079154,FRAUD_ALERT,CLOSED
COMP024507,CUST068559,CARD_ISSUE,CLOSED
COMP024508,CUST006496,LOAN_ISSUE,CLOSED
COMP024509,CUST039855,CARD_ISSUE,OPEN
COMP024510,CUST071529,LOAN_ISSUE,CLOSED
COMP024511,CUST056209,LOAN_ISSUE,OPEN
COMP024512,CUST011155,UPI_ISSUE,OPEN
COMP024513,CUST063797,UPI_ISSUE,OPEN
COMP024514,CUST075523,FRAUD_ALERT,OPEN
COMP024515,CUST027374,UPI_ISSUE,CLOSED
COMP024516,CUST082229,CARD_ISSUE,OPEN
COMP024517,CUST096729,FRAUD_ALERT,OPEN
COMP024518,CUST045565,CARD_ISSUE,OPEN
COMP024519,CUST084923,UPI_ISSUE,CLOSED
COMP024520,CUST061135,FRAUD_ALERT,CLOSED
COMP024521,CUST006766,FRAUD_ALERT,CLOSED
COMP024522,CUST095490,UPI_ISSUE,CLOSED
COMP024523,CUST072891,LOAN_ISSUE,OPEN
COMP024524,CUST032791,UPI_ISSUE,OPEN
COMP024525,CUST024722,UPI_ISSUE,OPEN
COMP024526,CUST036059,FRAUD_ALERT,CLOSED
COMP024527,CUST021398,FRAUD_ALERT,OPEN
COMP024528,CUST041316,LOAN_ISSUE,CLOSED
COMP024529,CUST085818,UPI_ISSUE,CLOSED
COMP024530,CUST017381,LOAN_ISSUE,OPEN
COMP024531,CUST058441,UPI_ISSUE,OPEN
COMP024532,CUST072011,CARD_ISSUE,OPEN
COMP024533,CUST077693,UPI_ISSUE,CLOSED
COMP024534,CUST076118,CARD_ISSUE,OPEN
COMP024535,CUST098908,CARD_ISSUE,CLOSED
COMP024536,CUST061348,CARD_ISSUE,OPEN
COMP024537,CUST003902,CARD_ISSUE,OPEN
COMP024538,CUST001320,CARD_ISSUE,CLOSED
COMP024539,CUST096030,CARD_ISSUE,CLOSED
COMP024540,CUST057169,FRAUD_ALERT,OPEN
COMP024541,CUST086811,FRAUD_ALERT,CLOSED
COMP024542,CUST018171,CARD_ISSUE,CLOSED
COMP024543,CUST018770,LOAN_ISSUE,CLOSED
COMP024544,CUST015866,LOAN_ISSUE,CLOSED
COMP024545,CUST073378,LOAN_ISSUE,CLOSED
COMP024546,CUST051337,CARD_ISSUE,CLOSED
COMP024547,CUST062934,UPI_ISSUE,CLOSED
COMP024548,CUST016354,UPI_ISSUE,OPEN
COMP024549,CUST031956,LOAN_ISSUE,OPEN
COMP024550,CUST031680,FRAUD_ALERT,OPEN
COMP024551,CUST085537,CARD_ISSUE,CLOSED
COMP024552,CUST002983,UPI_ISSUE,OPEN
COMP024553,CUST069633,CARD_ISSUE,CLOSED
COMP024554,CUST024217,CARD_ISSUE,CLOSED
COMP024555,CUST026835,FRAUD_ALERT,OPEN
COMP024556,CUST042694,UPI_ISSUE,CLOSED
COMP024557,CUST073623,CARD_ISSUE,OPEN
COMP024558,CUST049341,CARD_ISSUE,CLOSED
COMP024559,CUST040078,CARD_ISSUE,OPEN
COMP024560,CUST009082,LOAN_ISSUE,CLOSED
COMP024561,CUST010868,FRAUD_ALERT,CLOSED
COMP024562,CUST041765,LOAN_ISSUE,CLOSED
COMP024563,CUST015509,UPI_ISSUE,CLOSED
COMP024564,CUST080166,FRAUD_ALERT,OPEN
COMP024565,CUST091856,CARD_ISSUE,OPEN
COMP024566,CUST031851,FRAUD_ALERT,OPEN
COMP024567,CUST010254,CARD_ISSUE,OPEN
COMP024568,CUST039203,LOAN_ISSUE,CLOSED
COMP024569,CUST082330,FRAUD_ALERT,CLOSED
COMP024570,CUST070803,UPI_ISSUE,CLOSED
COMP024571,CUST074571,LOAN_ISSUE,OPEN
COMP024572,CUST076915,FRAUD_ALERT,CLOSED
COMP024573,CUST095196,FRAUD_ALERT,OPEN
COMP024574,CUST015321,FRAUD_ALERT,CLOSED
COMP024575,CUST036530,UPI_ISSUE,CLOSED
COMP024576,CUST015401,CARD_ISSUE,CLOSED
COMP024577,CUST094508,UPI_ISSUE,CLOSED
COMP024578,CUST002887,CARD_ISSUE,CLOSED
COMP024579,CUST050356,UPI_ISSUE,OPEN
COMP024580,CUST046402,UPI_ISSUE,OPEN
COMP024581,CUST001966,UPI_ISSUE,OPEN
COMP024582,CUST021223,FRAUD_ALERT,CLOSED
COMP024583,CUST087615,FRAUD_ALERT,OPEN
COMP024584,CUST030441,FRAUD_ALERT,CLOSED
COMP024585,CUST059139,LOAN_ISSUE,CLOSED
COMP024586,CUST075061,FRAUD_ALERT,OPEN
COMP024587,CUST090792,CARD_ISSUE,CLOSED
COMP024588,CUST042821,UPI_ISSUE,OPEN
COMP024589,CUST083477,UPI_ISSUE,CLOSED
COMP024590,CUST034486,UPI_ISSUE,OPEN
COMP024591,CUST028123,UPI_ISSUE,CLOSED
COMP024592,CUST099969,FRAUD_ALERT,CLOSED
COMP024593,CUST026468,CARD_ISSUE,CLOSED
COMP024594,CUST005305,LOAN_ISSUE,OPEN
COMP024595,CUST089635,LOAN_ISSUE,CLOSED
COMP024596,CUST026056,CARD_ISSUE,OPEN
COMP024597,CUST046272,LOAN_ISSUE,OPEN
COMP024598,CUST033317,FRAUD_ALERT,CLOSED
COMP024599,CUST028247,FRAUD_ALERT,OPEN
COMP024600,CUST022539,UPI_ISSUE,OPEN
COMP024601,CUST065602,LOAN_ISSUE,CLOSED
COMP024602,CUST043620,FRAUD_ALERT,CLOSED
COMP024603,CUST005071,FRAUD_ALERT,OPEN
COMP024604,CUST067956,FRAUD_ALERT,OPEN
COMP024605,CUST088219,LOAN_ISSUE,OPEN
COMP024606,CUST020718,FRAUD_ALERT,CLOSED
COMP024607,CUST076210,UPI_ISSUE,CLOSED
COMP024608,CUST042773,UPI_ISSUE,CLOSED
COMP024609,CUST001799,LOAN_ISSUE,OPEN
COMP024610,CUST040214,CARD_ISSUE,CLOSED
COMP024611,CUST073363,CARD_ISSUE,CLOSED
COMP024612,CUST045605,FRAUD_ALERT,CLOSED
COMP024613,CUST082365,FRAUD_ALERT,OPEN
COMP024614,CUST084258,LOAN_ISSUE,OPEN
COMP024615,CUST015224,CARD_ISSUE,OPEN
COMP024616,CUST051104,CARD_ISSUE,CLOSED
COMP024617,CUST027651,CARD_ISSUE,CLOSED
COMP024618,CUST079164,CARD_ISSUE,CLOSED
COMP024619,CUST029095,UPI_ISSUE,OPEN
COMP024620,CUST034338,CARD_ISSUE,OPEN
COMP024621,CUST069869,LOAN_ISSUE,OPEN
COMP024622,CUST031619,CARD_ISSUE,CLOSED
COMP024623,CUST030220,FRAUD_ALERT,CLOSED
COMP024624,CUST026515,CARD_ISSUE,CLOSED
COMP024625,CUST043142,LOAN_ISSUE,OPEN
COMP024626,CUST057389,FRAUD_ALERT,CLOSED
COMP024627,CUST094316,FRAUD_ALERT,CLOSED
COMP024628,CUST037370,CARD_ISSUE,OPEN
COMP024629,CUST026738,UPI_ISSUE,CLOSED
COMP024630,CUST056731,CARD_ISSUE,CLOSED
COMP024631,CUST058390,UPI_ISSUE,CLOSED
COMP024632,CUST053572,UPI_ISSUE,OPEN
COMP024633,CUST093624,UPI_ISSUE,CLOSED
COMP024634,CUST036650,CARD_ISSUE,OPEN
COMP024635,CUST061657,CARD_ISSUE,CLOSED
COMP024636,CUST066754,FRAUD_ALERT,OPEN
COMP024637,CUST049642,CARD_ISSUE,OPEN
COMP024638,CUST099522,CARD_ISSUE,CLOSED
COMP024639,CUST006593,UPI_ISSUE,OPEN
COMP024640,CUST021078,LOAN_ISSUE,CLOSED
COMP024641,CUST006849,UPI_ISSUE,CLOSED
COMP024642,CUST085648,LOAN_ISSUE,OPEN
COMP024643,CUST031476,LOAN_ISSUE,CLOSED
COMP024644,CUST078627,LOAN_ISSUE,OPEN
COMP024645,CUST029964,UPI_ISSUE,OPEN
COMP024646,CUST073541,LOAN_ISSUE,CLOSED
COMP024647,CUST051040,LOAN_ISSUE,CLOSED
COMP024648,CUST006771,CARD_ISSUE,OPEN
COMP024649,CUST076192,UPI_ISSUE,OPEN
COMP024650,CUST049556,UPI_ISSUE,CLOSED
COMP024651,CUST067884,LOAN_ISSUE,OPEN
COMP024652,CUST010087,CARD_ISSUE,CLOSED
COMP024653,CUST084357,FRAUD_ALERT,CLOSED
COMP024654,CUST079027,FRAUD_ALERT,OPEN
COMP024655,CUST053595,CARD_ISSUE,OPEN
COMP024656,CUST007594,CARD_ISSUE,OPEN
COMP024657,CUST032293,UPI_ISSUE,OPEN
COMP024658,CUST050903,FRAUD_ALERT,OPEN
COMP024659,CUST003599,UPI_ISSUE,CLOSED
COMP024660,CUST071309,LOAN_ISSUE,OPEN
COMP024661,CUST079144,LOAN_ISSUE,OPEN
COMP024662,CUST072756,CARD_ISSUE,OPEN
COMP024663,CUST026035,UPI_ISSUE,CLOSED
COMP024664,CUST085058,CARD_ISSUE,CLOSED
COMP024665,CUST097792,FRAUD_ALERT,CLOSED
COMP024666,CUST034991,FRAUD_ALERT,OPEN
COMP024667,CUST076156,LOAN_ISSUE,OPEN
COMP024668,CUST090225,LOAN_ISSUE,OPEN
COMP024669,CUST075934,UPI_ISSUE,OPEN
COMP024670,CUST079401,UPI_ISSUE,OPEN
COMP024671,CUST043052,CARD_ISSUE,CLOSED
COMP024672,CUST070644,UPI_ISSUE,OPEN
COMP024673,CUST095798,UPI_ISSUE,CLOSED
COMP024674,CUST024290,CARD_ISSUE,CLOSED
COMP024675,CUST027261,CARD_ISSUE,CLOSED
COMP024676,CUST007883,LOAN_ISSUE,CLOSED
COMP024677,CUST022177,CARD_ISSUE,CLOSED
COMP024678,CUST039640,UPI_ISSUE,CLOSED
COMP024679,CUST013833,FRAUD_ALERT,OPEN
COMP024680,CUST056661,LOAN_ISSUE,OPEN
COMP024681,CUST036801,CARD_ISSUE,CLOSED
COMP024682,CUST029560,LOAN_ISSUE,OPEN
COMP024683,CUST005655,FRAUD_ALERT,OPEN
COMP024684,CUST097129,LOAN_ISSUE,OPEN
COMP024685,CUST078203,LOAN_ISSUE,OPEN
COMP024686,CUST058524,UPI_ISSUE,CLOSED
COMP024687,CUST061009,UPI_ISSUE,CLOSED
COMP024688,CUST086403,FRAUD_ALERT,OPEN
COMP024689,CUST096612,FRAUD_ALERT,OPEN
COMP024690,CUST003059,FRAUD_ALERT,CLOSED
COMP024691,CUST039312,CARD_ISSUE,CLOSED
COMP024692,CUST001240,FRAUD_ALERT,CLOSED
COMP024693,CUST088942,UPI_ISSUE,CLOSED
COMP024694,CUST088689,CARD_ISSUE,CLOSED
COMP024695,CUST015819,FRAUD_ALERT,OPEN
COMP024696,CUST024846,CARD_ISSUE,OPEN
COMP024697,CUST073334,LOAN_ISSUE,OPEN
COMP024698,CUST096581,UPI_ISSUE,OPEN
COMP024699,CUST045280,UPI_ISSUE,OPEN
COMP024700,CUST027710,UPI_ISSUE,OPEN
COMP024701,CUST024914,FRAUD_ALERT,CLOSED
COMP024702,CUST017645,FRAUD_ALERT,CLOSED
COMP024703,CUST049834,LOAN_ISSUE,OPEN
COMP024704,CUST038561,UPI_ISSUE,CLOSED
COMP024705,CUST056017,CARD_ISSUE,OPEN
COMP024706,CUST071672,LOAN_ISSUE,CLOSED
COMP024707,CUST086748,FRAUD_ALERT,CLOSED
COMP024708,CUST036511,UPI_ISSUE,CLOSED
COMP024709,CUST082801,FRAUD_ALERT,OPEN
COMP024710,CUST093330,FRAUD_ALERT,CLOSED
COMP024711,CUST094645,CARD_ISSUE,OPEN
COMP024712,CUST079566,LOAN_ISSUE,OPEN
COMP024713,CUST095072,UPI_ISSUE,OPEN
COMP024714,CUST081131,LOAN_ISSUE,CLOSED
COMP024715,CUST079893,UPI_ISSUE,OPEN
COMP024716,CUST068774,UPI_ISSUE,OPEN
COMP024717,CUST013153,CARD_ISSUE,CLOSED
COMP024718,CUST094605,UPI_ISSUE,OPEN
COMP024719,CUST056366,LOAN_ISSUE,CLOSED
COMP024720,CUST034811,CARD_ISSUE,CLOSED
COMP024721,CUST092201,CARD_ISSUE,CLOSED
COMP024722,CUST086091,CARD_ISSUE,CLOSED
COMP024723,CUST028378,UPI_ISSUE,OPEN
COMP024724,CUST051076,CARD_ISSUE,OPEN
COMP024725,CUST029208,UPI_ISSUE,CLOSED
COMP024726,CUST096934,UPI_ISSUE,CLOSED
COMP024727,CUST071382,CARD_ISSUE,CLOSED
COMP024728,CUST030932,CARD_ISSUE,CLOSED
COMP024729,CUST097932,UPI_ISSUE,CLOSED
COMP024730,CUST002074,LOAN_ISSUE,CLOSED
COMP024731,CUST056007,LOAN_ISSUE,CLOSED
COMP024732,CUST037514,UPI_ISSUE,OPEN
COMP024733,CUST000899,FRAUD_ALERT,CLOSED
COMP024734,CUST027069,LOAN_ISSUE,CLOSED
COMP024735,CUST059018,LOAN_ISSUE,CLOSED
COMP024736,CUST039959,LOAN_ISSUE,OPEN
COMP024737,CUST014811,UPI_ISSUE,OPEN
COMP024738,CUST037723,UPI_ISSUE,CLOSED
COMP024739,CUST019154,CARD_ISSUE,OPEN
COMP024740,CUST062126,LOAN_ISSUE,OPEN
COMP024741,CUST021853,FRAUD_ALERT,CLOSED
COMP024742,CUST093064,FRAUD_ALERT,OPEN
COMP024743,CUST052429,UPI_ISSUE,CLOSED
COMP024744,CUST019916,FRAUD_ALERT,CLOSED
COMP024745,CUST018231,CARD_ISSUE,CLOSED
COMP024746,CUST007916,FRAUD_ALERT,OPEN
COMP024747,CUST047919,FRAUD_ALERT,CLOSED
COMP024748,CUST009673,FRAUD_ALERT,OPEN
COMP024749,CUST059702,LOAN_ISSUE,OPEN
COMP024750,CUST043817,CARD_ISSUE,CLOSED
COMP024751,CUST047320,LOAN_ISSUE,CLOSED
COMP024752,CUST063832,CARD_ISSUE,CLOSED
COMP024753,CUST098097,FRAUD_ALERT,OPEN
COMP024754,CUST018814,UPI_ISSUE,CLOSED
COMP024755,CUST093079,CARD_ISSUE,CLOSED
COMP024756,CUST072015,FRAUD_ALERT,OPEN
COMP024757,CUST032572,FRAUD_ALERT,OPEN
COMP024758,CUST019806,FRAUD_ALERT,OPEN
COMP024759,CUST002628,LOAN_ISSUE,OPEN
COMP024760,CUST052792,FRAUD_ALERT,OPEN
COMP024761,CUST010981,UPI_ISSUE,OPEN
COMP024762,CUST074933,FRAUD_ALERT,CLOSED
COMP024763,CUST005880,UPI_ISSUE,OPEN
COMP024764,CUST027881,UPI_ISSUE,CLOSED
COMP024765,CUST084237,UPI_ISSUE,OPEN
COMP024766,CUST042089,LOAN_ISSUE,CLOSED
COMP024767,CUST045322,UPI_ISSUE,OPEN
COMP024768,CUST003940,UPI_ISSUE,OPEN
COMP024769,CUST091568,UPI_ISSUE,OPEN
COMP024770,CUST017615,CARD_ISSUE,OPEN
COMP024771,CUST039767,LOAN_ISSUE,OPEN
COMP024772,CUST084491,CARD_ISSUE,OPEN
COMP024773,CUST059483,CARD_ISSUE,OPEN
COMP024774,CUST019660,FRAUD_ALERT,OPEN
COMP024775,CUST047946,LOAN_ISSUE,CLOSED
COMP024776,CUST046707,LOAN_ISSUE,CLOSED
COMP024777,CUST033462,CARD_ISSUE,OPEN
COMP024778,CUST000072,UPI_ISSUE,OPEN
COMP024779,CUST087899,UPI_ISSUE,OPEN
COMP024780,CUST014409,UPI_ISSUE,CLOSED
COMP024781,CUST097872,UPI_ISSUE,OPEN
COMP024782,CUST020889,UPI_ISSUE,OPEN
COMP024783,CUST073751,LOAN_ISSUE,OPEN
COMP024784,CUST096243,CARD_ISSUE,CLOSED
COMP024785,CUST072687,UPI_ISSUE,CLOSED
COMP024786,CUST008058,FRAUD_ALERT,OPEN
COMP024787,CUST019207,FRAUD_ALERT,OPEN
COMP024788,CUST084604,CARD_ISSUE,CLOSED
COMP024789,CUST073366,FRAUD_ALERT,CLOSED
COMP024790,CUST082401,CARD_ISSUE,CLOSED
COMP024791,CUST019091,UPI_ISSUE,OPEN
COMP024792,CUST003380,CARD_ISSUE,OPEN
COMP024793,CUST087799,UPI_ISSUE,CLOSED
COMP024794,CUST036547,FRAUD_ALERT,OPEN
COMP024795,CUST061721,CARD_ISSUE,OPEN
COMP024796,CUST014548,UPI_ISSUE,OPEN
COMP024797,CUST053625,LOAN_ISSUE,OPEN
COMP024798,CUST091472,FRAUD_ALERT,OPEN
COMP024799,CUST073822,CARD_ISSUE,OPEN
COMP024800,CUST029094,FRAUD_ALERT,OPEN
COMP024801,CUST075142,CARD_ISSUE,CLOSED
COMP024802,CUST066518,FRAUD_ALERT,CLOSED
COMP024803,CUST074079,FRAUD_ALERT,CLOSED
COMP024804,CUST029067,UPI_ISSUE,OPEN
COMP024805,CUST059932,LOAN_ISSUE,OPEN
COMP024806,CUST071483,LOAN_ISSUE,CLOSED
COMP024807,CUST090836,UPI_ISSUE,CLOSED
COMP024808,CUST080924,LOAN_ISSUE,CLOSED
COMP024809,CUST010680,CARD_ISSUE,OPEN
COMP024810,CUST015290,LOAN_ISSUE,OPEN
COMP024811,CUST084709,UPI_ISSUE,CLOSED
COMP024812,CUST031149,UPI_ISSUE,OPEN
COMP024813,CUST051873,LOAN_ISSUE,CLOSED
COMP024814,CUST000419,UPI_ISSUE,CLOSED
COMP024815,CUST003159,CARD_ISSUE,OPEN
COMP024816,CUST080005,CARD_ISSUE,OPEN
COMP024817,CUST000701,UPI_ISSUE,CLOSED
COMP024818,CUST044504,LOAN_ISSUE,CLOSED
COMP024819,CUST037821,CARD_ISSUE,CLOSED
COMP024820,CUST096464,LOAN_ISSUE,OPEN
COMP024821,CUST008829,LOAN_ISSUE,OPEN
COMP024822,CUST072724,CARD_ISSUE,CLOSED
COMP024823,CUST021507,FRAUD_ALERT,OPEN
COMP024824,CUST097853,CARD_ISSUE,CLOSED
COMP024825,CUST004960,FRAUD_ALERT,CLOSED
COMP024826,CUST083728,CARD_ISSUE,OPEN
COMP024827,CUST061402,LOAN_ISSUE,OPEN
COMP024828,CUST023180,CARD_ISSUE,CLOSED
COMP024829,CUST051362,UPI_ISSUE,OPEN
COMP024830,CUST055808,UPI_ISSUE,OPEN
COMP024831,CUST042260,CARD_ISSUE,OPEN
COMP024832,CUST007891,FRAUD_ALERT,CLOSED
COMP024833,CUST073428,CARD_ISSUE,CLOSED
COMP024834,CUST008869,CARD_ISSUE,OPEN
COMP024835,CUST011734,LOAN_ISSUE,OPEN
COMP024836,CUST055320,FRAUD_ALERT,OPEN
COMP024837,CUST014415,UPI_ISSUE,OPEN
COMP024838,CUST090313,CARD_ISSUE,OPEN
COMP024839,CUST026005,UPI_ISSUE,OPEN
COMP024840,CUST053319,LOAN_ISSUE,OPEN
COMP024841,CUST090579,CARD_ISSUE,CLOSED
COMP024842,CUST082970,CARD_ISSUE,OPEN
COMP024843,CUST093015,UPI_ISSUE,OPEN
COMP024844,CUST073954,FRAUD_ALERT,CLOSED
COMP024845,CUST032078,UPI_ISSUE,CLOSED
COMP024846,CUST039544,LOAN_ISSUE,OPEN
COMP024847,CUST066193,LOAN_ISSUE,CLOSED
COMP024848,CUST016642,FRAUD_ALERT,OPEN
COMP024849,CUST054218,UPI_ISSUE,CLOSED
COMP024850,CUST050824,CARD_ISSUE,OPEN
COMP024851,CUST075253,FRAUD_ALERT,OPEN
COMP024852,CUST067603,LOAN_ISSUE,OPEN
COMP024853,CUST039276,FRAUD_ALERT,OPEN
COMP024854,CUST069066,LOAN_ISSUE,CLOSED
COMP024855,CUST001125,LOAN_ISSUE,CLOSED
COMP024856,CUST027104,FRAUD_ALERT,CLOSED
COMP024857,CUST073438,CARD_ISSUE,CLOSED
COMP024858,CUST012525,CARD_ISSUE,CLOSED
COMP024859,CUST095094,FRAUD_ALERT,CLOSED
COMP024860,CUST013246,LOAN_ISSUE,CLOSED
COMP024861,CUST066179,LOAN_ISSUE,CLOSED
COMP024862,CUST056560,UPI_ISSUE,OPEN
COMP024863,CUST097899,LOAN_ISSUE,CLOSED
COMP024864,CUST011465,UPI_ISSUE,CLOSED
COMP024865,CUST024157,UPI_ISSUE,OPEN
COMP024866,CUST038401,CARD_ISSUE,OPEN
COMP024867,CUST037724,LOAN_ISSUE,CLOSED
COMP024868,CUST078078,UPI_ISSUE,CLOSED
COMP024869,CUST083007,CARD_ISSUE,OPEN
COMP024870,CUST037199,CARD_ISSUE,CLOSED
COMP024871,CUST028835,UPI_ISSUE,CLOSED
COMP024872,CUST017009,FRAUD_ALERT,OPEN
COMP024873,CUST069865,CARD_ISSUE,OPEN
COMP024874,CUST057103,UPI_ISSUE,OPEN
COMP024875,CUST088150,FRAUD_ALERT,CLOSED
COMP024876,CUST095777,LOAN_ISSUE,OPEN
COMP024877,CUST015144,CARD_ISSUE,CLOSED
COMP024878,CUST090900,CARD_ISSUE,CLOSED
COMP024879,CUST063557,FRAUD_ALERT,CLOSED
COMP024880,CUST094957,CARD_ISSUE,CLOSED
COMP024881,CUST072836,CARD_ISSUE,CLOSED
COMP024882,CUST095042,LOAN_ISSUE,OPEN
COMP024883,CUST072503,CARD_ISSUE,CLOSED
COMP024884,CUST094171,CARD_ISSUE,OPEN
COMP024885,CUST033173,CARD_ISSUE,CLOSED
COMP024886,CUST097430,FRAUD_ALERT,CLOSED
COMP024887,CUST008618,LOAN_ISSUE,CLOSED
COMP024888,CUST084484,CARD_ISSUE,CLOSED
COMP024889,CUST009280,CARD_ISSUE,OPEN
COMP024890,CUST030224,LOAN_ISSUE,OPEN
COMP024891,CUST052610,UPI_ISSUE,OPEN
COMP024892,CUST002483,LOAN_ISSUE,CLOSED
COMP024893,CUST028751,CARD_ISSUE,CLOSED
COMP024894,CUST061741,LOAN_ISSUE,OPEN
COMP024895,CUST071914,LOAN_ISSUE,CLOSED
COMP024896,CUST042955,FRAUD_ALERT,OPEN
COMP024897,CUST089856,FRAUD_ALERT,OPEN
COMP024898,CUST077688,LOAN_ISSUE,OPEN
COMP024899,CUST099121,LOAN_ISSUE,OPEN
COMP024900,CUST090846,UPI_ISSUE,CLOSED
COMP024901,CUST024519,FRAUD_ALERT,OPEN
COMP024902,CUST079645,FRAUD_ALERT,CLOSED
COMP024903,CUST025775,CARD_ISSUE,CLOSED
COMP024904,CUST009906,UPI_ISSUE,CLOSED
COMP024905,CUST039145,UPI_ISSUE,CLOSED
COMP024906,CUST041401,FRAUD_ALERT,CLOSED
COMP024907,CUST072214,LOAN_ISSUE,CLOSED
COMP024908,CUST006930,FRAUD_ALERT,CLOSED
COMP024909,CUST050545,UPI_ISSUE,CLOSED
COMP024910,CUST023567,LOAN_ISSUE,CLOSED
COMP024911,CUST058207,LOAN_ISSUE,CLOSED
COMP024912,CUST077512,FRAUD_ALERT,OPEN
COMP024913,CUST027504,CARD_ISSUE,CLOSED
COMP024914,CUST067181,LOAN_ISSUE,OPEN
COMP024915,CUST038643,CARD_ISSUE,CLOSED
COMP024916,CUST052306,UPI_ISSUE,OPEN
COMP024917,CUST058234,CARD_ISSUE,OPEN
COMP024918,CUST021592,FRAUD_ALERT,CLOSED
COMP024919,CUST051441,LOAN_ISSUE,OPEN
COMP024920,CUST081774,FRAUD_ALERT,OPEN
COMP024921,CUST053385,UPI_ISSUE,CLOSED
COMP024922,CUST080473,LOAN_ISSUE,OPEN
COMP024923,CUST026175,UPI_ISSUE,OPEN
COMP024924,CUST092424,UPI_ISSUE,CLOSED
COMP024925,CUST022967,CARD_ISSUE,OPEN
COMP024926,CUST094552,FRAUD_ALERT,OPEN
COMP024927,CUST010506,FRAUD_ALERT,OPEN
COMP024928,CUST068665,CARD_ISSUE,CLOSED
COMP024929,CUST062879,UPI_ISSUE,OPEN
COMP024930,CUST064420,LOAN_ISSUE,CLOSED
COMP024931,CUST071845,LOAN_ISSUE,CLOSED
COMP024932,CUST090120,FRAUD_ALERT,CLOSED
COMP024933,CUST081062,UPI_ISSUE,CLOSED
COMP024934,CUST001298,UPI_ISSUE,CLOSED
COMP024935,CUST051893,FRAUD_ALERT,CLOSED
COMP024936,CUST003010,UPI_ISSUE,CLOSED
COMP024937,CUST092571,UPI_ISSUE,CLOSED
COMP024938,CUST012326,FRAUD_ALERT,OPEN
COMP024939,CUST040934,CARD_ISSUE,CLOSED
COMP024940,CUST078600,FRAUD_ALERT,CLOSED
COMP024941,CUST092044,FRAUD_ALERT,OPEN
COMP024942,CUST040526,CARD_ISSUE,CLOSED
COMP024943,CUST027039,UPI_ISSUE,CLOSED
COMP024944,CUST045364,LOAN_ISSUE,OPEN
COMP024945,CUST078608,FRAUD_ALERT,CLOSED
COMP024946,CUST070348,LOAN_ISSUE,OPEN
COMP024947,CUST010232,FRAUD_ALERT,CLOSED
COMP024948,CUST077878,CARD_ISSUE,CLOSED
COMP024949,CUST045697,UPI_ISSUE,OPEN
COMP024950,CUST080866,UPI_ISSUE,OPEN
COMP024951,CUST000779,FRAUD_ALERT,OPEN
COMP024952,CUST052454,FRAUD_ALERT,CLOSED
COMP024953,CUST052670,UPI_ISSUE,OPEN
COMP024954,CUST057665,UPI_ISSUE,OPEN
COMP024955,CUST052027,CARD_ISSUE,OPEN
COMP024956,CUST056592,LOAN_ISSUE,OPEN
COMP024957,CUST035680,LOAN_ISSUE,OPEN
COMP024958,CUST072865,LOAN_ISSUE,OPEN
COMP024959,CUST046347,FRAUD_ALERT,OPEN
COMP024960,CUST009490,UPI_ISSUE,OPEN
COMP024961,CUST081178,CARD_ISSUE,OPEN
COMP024962,CUST011515,CARD_ISSUE,OPEN
COMP024963,CUST096285,CARD_ISSUE,OPEN
COMP024964,CUST029757,UPI_ISSUE,OPEN
COMP024965,CUST058069,UPI_ISSUE,OPEN
COMP024966,CUST065058,CARD_ISSUE,CLOSED
COMP024967,CUST040289,CARD_ISSUE,OPEN
COMP024968,CUST083955,FRAUD_ALERT,CLOSED
COMP024969,CUST005752,LOAN_ISSUE,CLOSED
COMP024970,CUST030396,LOAN_ISSUE,OPEN
COMP024971,CUST047660,UPI_ISSUE,OPEN
COMP024972,CUST030247,LOAN_ISSUE,OPEN
COMP024973,CUST093037,LOAN_ISSUE,OPEN
COMP024974,CUST013417,UPI_ISSUE,CLOSED
COMP024975,CUST032728,CARD_ISSUE,OPEN
COMP024976,CUST043528,UPI_ISSUE,OPEN
COMP024977,CUST052136,LOAN_ISSUE,CLOSED
COMP024978,CUST031663,LOAN_ISSUE,OPEN
COMP024979,CUST024441,CARD_ISSUE,CLOSED
COMP024980,CUST020787,CARD_ISSUE,OPEN
COMP024981,CUST027774,LOAN_ISSUE,OPEN
COMP024982,CUST077029,CARD_ISSUE,OPEN
COMP024983,CUST069239,UPI_ISSUE,CLOSED
COMP024984,CUST088258,LOAN_ISSUE,OPEN
COMP024985,CUST063134,LOAN_ISSUE,OPEN
COMP024986,CUST009964,CARD_ISSUE,CLOSED
COMP024987,CUST030398,UPI_ISSUE,OPEN
COMP024988,CUST057700,LOAN_ISSUE,OPEN
COMP024989,CUST005795,CARD_ISSUE,OPEN
COMP024990,CUST023345,LOAN_ISSUE,OPEN
COMP024991,CUST034976,CARD_ISSUE,OPEN
COMP024992,CUST021118,UPI_ISSUE,OPEN
COMP024993,CUST009896,CARD_ISSUE,OPEN
COMP024994,CUST037549,CARD_ISSUE,OPEN
COMP024995,CUST082506,FRAUD_ALERT,OPEN
COMP024996,CUST018686,CARD_ISSUE,OPEN
COMP024997,CUST078195,CARD_ISSUE,CLOSED
COMP024998,CUST021236,CARD_ISSUE,OPEN
COMP024999,CUST061665,UPI_ISSUE,CLOSED
COMP025000,CUST085708,LOAN_ISSUE,OPEN
